RADICADO,FECHA,HORA,DÍA DE LA SEMANA,CLASE DE VEHICULO,TIPO DE SERVICIO,TIPO DE VICTIMA,SEXO,ESTADO DE BEODEZ,RESULTADO DE BEODEZ,GRAVEDAD,CLASE DE ACCIDENTE,CAUSA,DIRECCIÓN,BARRIO,AREA,Coordenadas
2181420,05/29/2018,4:00 p.m.,martes,AUTOMOVIL,N/A,Conductor,Masculino,No,N/A,HERIDO,Choque,No mantener distancia de seguridad,Carrera 48 Calle 32 B Sur,LAS VEGAS,Urbana,"(6.176994311, -75.589841192)"
2181420,05/29/2018,4:00 p.m.,martes,AUTOMOVIL,N/A,Conductor,Masculino,No,N/A,HERIDO,Choque,No mantener distancia de seguridad,Carrera 48 Calle 32 B Sur,LAS VEGAS,Urbana,"(6.176994311, -75.589841192)"
2181433,05/29/2018,8:00 a.m.,martes,CAMIONETA,N/A,Conductor,Masculino,No,N/A,SOLO DAÑOS,Choque,No respetar prelacion,Calle 48 Carrera 48,LAS CASITAS,Urbana,
2181416,05/28/2018,5:40 p.m.,lunes,AUTOMOVIL,N/A,Conductor,Sin Registro,No,N/A,HERIDO,Choque,Desobedecer senales,Carrera 32 Calle 37  Sur,LOS NARANJOS,Urbana,"(6.1665774, -75.581163406)"
2181416,05/28/2018,5:40 p.m.,lunes,MOTOCICLETA,N/A,Motociclista,Masculino,No,N/A,HERIDO,Choque,Desobedecer senales,Carrera 32 Calle 37  Sur,LOS NARANJOS,Urbana,"(6.1665774, -75.581163406)"
2181417,05/28/2018,6:36 a.m.,lunes,AUTOMOVIL,N/A,Conductor,Femenino,No,N/A,HERIDO,Atropello,Exceso de velocidad,Carrera 28 Calle 34 D Sur,ALTO DE MISAEL,Urbana,"(6.17088169, -75.576600891)"
2181429,05/28/2018,3:30 p.m.,lunes,MOTOCICLETA,N/A,Motociclista,Sin Registro,No,N/A,SOLO DAÑOS,Choque,No mantener distancia de seguridad,Carrera 50 Calle 26  Sur,LAS VEGAS,Urbana,"(6.184812544, -75.586911093)"
2181429,05/28/2018,3:30 p.m.,lunes,AUTOMOVIL,N/A,Conductor,Femenino,No,N/A,SOLO DAÑOS,Choque,No mantener distancia de seguridad,Carrera 50 Calle 26  Sur,LAS VEGAS,Urbana,"(6.184812544, -75.586911093)"
2181428,05/28/2018,3:30 p.m.,lunes,AUTOMOVIL,N/A,Conductor,Masculino,No,N/A,SOLO DAÑOS,Choque,No mantener distancia de seguridad,Calle 37  Sur Carrera 50,LAS VEGAS,Urbana,
2181428,05/28/2018,3:30 p.m.,lunes,CAMION,N/A,Conductor,Masculino,No,N/A,SOLO DAÑOS,Choque,No mantener distancia de seguridad,Calle 37  Sur Carrera 50,LAS VEGAS,Urbana,
2181417,05/28/2018,6:36 a.m.,lunes,AUTOMOVIL,N/A,Conductor,Femenino,No,N/A,HERIDO,Atropello,Impericia en el manejo,Carrera 28 Calle 34 D Sur,ALTO DE MISAEL,Urbana,"(6.17088169, -75.576600891)"
2181414,05/28/2018,6:30 a.m.,lunes,MOTOCICLETA,N/A,Motociclista,Masculino,No,N/A,HERIDO,Caida Ocupante,Impericia en el manejo,Tramo 372 Kilometro  12,VEREDA PALMAS,Rural,
2181412,05/28/2018,10:25 a.m.,lunes,AUTOMOVIL,N/A,Conductor,Masculino,No,N/A,SOLO DAÑOS,Choque,Girar bruscamente,Calle 38  Sur Carrera 41,ZONA CENTRO,Urbana,"(6.169244976, -75.586588065)"
2181412,05/28/2018,10:25 a.m.,lunes,BUS,N/A,Conductor,Masculino,No,N/A,SOLO DAÑOS,Choque,Girar bruscamente,Calle 38  Sur Carrera 41,ZONA CENTRO,Urbana,"(6.169244976, -75.586588065)"
2181430,05/28/2018,3:20 p.m.,lunes,AUTOMOVIL,N/A,Conductor,Femenino,No,N/A,SOLO DAÑOS,Choque,Impericia en el manejo,Carrera 50 Calle 25  Sur,LAS VEGAS,Urbana,"(6.186515998, -75.585125414)"
2181430,05/28/2018,3:20 p.m.,lunes,AUTOMOVIL,N/A,Conductor,Femenino,No,N/A,SOLO DAÑOS,Choque,Impericia en el manejo,Carrera 50 Calle 25  Sur,LAS VEGAS,Urbana,"(6.186515998, -75.585125414)"
2181446,05/28/2018,2:10 p.m.,lunes,AUTOMOVIL,N/A,Conductor,Masculino,No,N/A,SOLO DAÑOS,Choque,Adelantar cerrando,Calle 25  Sur Carrera 41,EL ESMERALDAL,Urbana,"(6.179145147, -75.577476499)"
2181446,05/28/2018,2:10 p.m.,lunes,CAMIONETA,N/A,Conductor,Masculino,No,N/A,SOLO DAÑOS,Choque,Adelantar cerrando,Calle 25  Sur Carrera 41,EL ESMERALDAL,Urbana,"(6.179145147, -75.577476499)"
2181422,05/28/2018,10:00 p.m.,lunes,BICICLETA,N/A,Ciclista,Masculino,No,N/A,HERIDO,Choque,Transitar en contravia,Calle 40  Sur Carrera 47 A,ALCALA,Urbana,"(6.169781261, -75.594986017)"
2181422,05/28/2018,10:00 p.m.,lunes,MOTOCICLETA,N/A,Motociclista,Femenino,No,N/A,HERIDO,Choque,Transitar en contravia,Calle 40  Sur Carrera 47 A,ALCALA,Urbana,"(6.169781261, -75.594986017)"
2181437,05/28/2018,6:50 p.m.,lunes,AUTOMOVIL,N/A,Conductor,Masculino,No,N/A,HERIDO,Atropello,Impericia en el manejo,Diagonal 32 B Transversal 32  Sur,LA MAGNOLIA,Urbana,"(6.175921286, -75.583420855)"
2181380,05/27/2018,10:15 a.m.,domingo,MOTOCICLETA,N/A,Motociclista,Masculino,No,N/A,SOLO DAÑOS,Choque,Embriaguez o droga,Calle 46  Sur Carrera 46,PRIMAVERA,Urbana,"(6.164633401, -75.596689606)"
2181410,05/27/2018,1:50 p.m.,domingo,AUTOMOVIL,N/A,Conductor,Masculino,No,N/A,HERIDO,Choque,Impericia en el manejo,Carrera 43 A Calle 37  Sur,ZONA CENTRO,Urbana,"(6.171024704, -75.588164697)"
2181410,05/27/2018,1:50 p.m.,domingo,MOTOCICLETA,N/A,Motociclista,Masculino,No,N/A,HERIDO,Choque,Impericia en el manejo,Carrera 43 A Calle 37  Sur,ZONA CENTRO,Urbana,"(6.171024704, -75.588164697)"
2181405,05/27/2018,4:45 p.m.,domingo,MOTOCICLETA,N/A,Motociclista,Masculino,No,N/A,SOLO DAÑOS,Choque,Adelantar por la derecha,Calle 27 D Sur Carrera 27,LOMA DEL ATRAVEZADO,Urbana,"(6.169224506, -75.571738164)"
2181405,05/27/2018,4:45 p.m.,domingo,CAMPERO,N/A,Conductor,Masculino,No,N/A,SOLO DAÑOS,Choque,Adelantar por la derecha,Calle 27 D Sur Carrera 27,LOMA DEL ATRAVEZADO,Urbana,"(6.169224506, -75.571738164)"
2181427,05/27/2018,9:35 p.m.,domingo,AUTOMOVIL,N/A,Conductor,Masculino,No,N/A,SOLO DAÑOS,Choque,No respetar prelacion,Carrera 46 Calle 25  Sur,VILLA GRANDE,Urbana,"(6.182810585, -75.583034405)"
2181427,05/27/2018,9:35 p.m.,domingo,BUS,N/A,Conductor,Masculino,No,N/A,SOLO DAÑOS,Choque,No respetar prelacion,Carrera 46 Calle 25  Sur,VILLA GRANDE,Urbana,"(6.182810585, -75.583034405)"
2181408,05/27/2018,12:30 a.m.,domingo,AUTOMOVIL,N/A,Conductor,Masculino,No,N/A,SOLO DAÑOS,Choque,No mantener distancia de seguridad,Carrera 41 Calle 37  Sur,ZONA CENTRO,Urbana,"(6.169735041, -75.586166246)"
2181408,05/27/2018,12:30 a.m.,domingo,CAMIONETA,N/A,Conductor,Masculino,No,N/A,SOLO DAÑOS,Choque,No mantener distancia de seguridad,Carrera 41 Calle 37  Sur,ZONA CENTRO,Urbana,"(6.169735041, -75.586166246)"
2181413,05/27/2018,11:30 a.m.,domingo,CAMPERO,N/A,Conductor,Masculino,No,N/A,HERIDO,Choque,Desobedecer senales,Transversal 34 B Sur Diagonal 33,OBRERO,Urbana,"(6.171828759, -75.583590907)"
2181413,05/27/2018,11:30 a.m.,domingo,MOTOCICLETA,N/A,Motociclista,Masculino,No,N/A,HERIDO,Choque,Desobedecer senales,Transversal 34 B Sur Diagonal 33,OBRERO,Urbana,"(6.171828759, -75.583590907)"
2181398,05/27/2018,11:30 a.m.,domingo,MOTOCICLETA,N/A,Motociclista,Masculino,No,N/A,SOLO DAÑOS,Choque,Adelantar por la derecha,Calle 39  Sur Carrera 38,MESA,Urbana,"(6.166656476, -75.585553364)"
2181398,05/27/2018,11:30 a.m.,domingo,AUTOMOVIL,N/A,Conductor,Femenino,No,N/A,SOLO DAÑOS,Choque,Adelantar por la derecha,Calle 39  Sur Carrera 38,MESA,Urbana,"(6.166656476, -75.585553364)"
2181394,05/27/2018,12:20 a.m.,domingo,MOTOCICLETA,N/A,Motociclista,Femenino,No,N/A,SOLO DAÑOS,Choque,No respetar prelacion,Calle 46 D Sur Carrera 42 D,LOMA DEL BARRO,Urbana,"(6.161005965, -75.595094671)"
2181394,05/27/2018,12:20 a.m.,domingo,AUTOMOVIL,N/A,Conductor,Masculino,No,N/A,SOLO DAÑOS,Choque,No respetar prelacion,Calle 46 D Sur Carrera 42 D,LOMA DEL BARRO,Urbana,"(6.161005965, -75.595094671)"
2181447,05/27/2018,2:15 p.m.,domingo,AUTOMOVIL,N/A,Conductor,Masculino,No,N/A,SOLO DAÑOS,Choque,No mantener distancia de seguridad,Carrera 50 Calle 26  Sur,LAS VEGAS,Urbana,"(6.184812544, -75.586911093)"
2181447,05/27/2018,2:15 p.m.,domingo,CAMIONETA,N/A,Conductor,Masculino,No,N/A,SOLO DAÑOS,Choque,No mantener distancia de seguridad,Carrera 50 Calle 26  Sur,LAS VEGAS,Urbana,"(6.184812544, -75.586911093)"
2181380,05/27/2018,10:15 a.m.,domingo,AUTOMOVIL,N/A,Conductor,Masculino,Si,3,SOLO DAÑOS,Choque,Embriaguez o droga,Calle 46  Sur Carrera 46,PRIMAVERA,Urbana,"(6.164633401, -75.596689606)"
2181447,05/27/2018,2:15 p.m.,domingo,CAMPERO,N/A,Conductor,Masculino,No,N/A,SOLO DAÑOS,Choque,No mantener distancia de seguridad,Carrera 50 Calle 26  Sur,LAS VEGAS,Urbana,"(6.184812544, -75.586911093)"
2181392,05/27/2018,1:15 p.m.,domingo,AUTOMOVIL,N/A,Conductor,Sin Registro,No,N/A,SOLO DAÑOS,Choque,Adelantar invadiendo carril de sentido contrario,Diagonal 29 Transversal 26 A Sur,ALTO DE MISAEL,Urbana,"(6.177775992, -75.578564767)"
2181392,05/27/2018,1:15 p.m.,domingo,MOTOCICLETA,N/A,Motociclista,Masculino,No,N/A,SOLO DAÑOS,Choque,Adelantar invadiendo carril de sentido contrario,Diagonal 29 Transversal 26 A Sur,ALTO DE MISAEL,Urbana,"(6.177775992, -75.578564767)"
2181386,05/27/2018,11:10 a.m.,domingo,MOTOCICLETA,N/A,Motociclista,Masculino,No,N/A,SOLO DAÑOS,Choque,Desobedecer senales,Transversal 33 A Sur Diagonal 32,LA MAGNOLIA,Urbana,"(6.174161377, -75.58203799)"
2181386,05/27/2018,11:10 a.m.,domingo,AUTOMOVIL,N/A,Conductor,Masculino,No,N/A,SOLO DAÑOS,Choque,Desobedecer senales,Transversal 33 A Sur Diagonal 32,LA MAGNOLIA,Urbana,"(6.174161377, -75.58203799)"
2181421,05/27/2018,10:00 a.m.,domingo,MOTOCICLETA,N/A,Motociclista,Masculino,No,N/A,HERIDO,Choque,Adelantar cerrando,Tramo 373 Kilometro  7,VEREDA PALMAS,Rural,
2181421,05/27/2018,10:00 a.m.,domingo,CAMPERO,N/A,Conductor,Masculino,No,N/A,HERIDO,Choque,Adelantar cerrando,Tramo 373 Kilometro  7,VEREDA PALMAS,Rural,
2181409,05/26/2018,8:50 p.m.,sábado,BUS,N/A,Conductor,Masculino,No,N/A,SOLO DAÑOS,Choque,Impericia en el manejo,Calle 45 B Sur Carrera 42 B,LA PAZ,Urbana,"(6.163155121, -75.593708386)"
2181409,05/26/2018,8:50 p.m.,sábado,AUTOMOVIL,N/A,Conductor,Masculino,No,N/A,SOLO DAÑOS,Choque,Impericia en el manejo,Calle 45 B Sur Carrera 42 B,LA PAZ,Urbana,"(6.163155121, -75.593708386)"
2181403,05/26/2018,12:30 a.m.,sábado,MOTOCICLETA,N/A,Motociclista,Masculino,No,N/A,SOLO DAÑOS,Choque,No mantener distancia de seguridad,Carrera 48 Calle 46  Sur,LAS VEGAS,Urbana,"(6.166195386, -75.599285489)"
2181403,05/26/2018,12:30 a.m.,sábado,CAMIONETA,N/A,Conductor,Masculino,No,N/A,SOLO DAÑOS,Choque,No mantener distancia de seguridad,Carrera 48 Calle 46  Sur,LAS VEGAS,Urbana,"(6.166195386, -75.599285489)"
2181418,05/26/2018,10:30 a.m.,sábado,AUTOMOVIL,N/A,Conductor,Masculino,No,N/A,SOLO DAÑOS,Choque,Impericia en el manejo,Calle 41  Sur Carrera 42 A,EL DORADO,Urbana,"(6.166253993, -75.591376118)"
2181418,05/26/2018,10:30 a.m.,sábado,AUTOMOVIL,N/A,Conductor,Masculino,No,N/A,SOLO DAÑOS,Choque,Impericia en el manejo,Calle 41  Sur Carrera 42 A,EL DORADO,Urbana,"(6.166253993, -75.591376118)"
2181411,05/26/2018,8:50 p.m.,sábado,AUTOMOVIL,N/A,Conductor,Femenino,No,N/A,SOLO DAÑOS,Choque,Desobedecer senales,Calle 38 A Sur Carrera 39,MESA,Urbana,"(6.167679571, -75.585676277)"
2181396,05/26/2018,11:40 a.m.,sábado,AUTOMOVIL,N/A,Conductor,Sin Registro,No,N/A,SOLO DAÑOS,Choque,Impericia en el manejo,Carrera 35 Calle 37  Sur,MESA,Urbana,"(6.167581073, -75.582688557)"
2181396,05/26/2018,11:40 a.m.,sábado,AUTOMOVIL,N/A,Conductor,Femenino,No,N/A,SOLO DAÑOS,Choque,Impericia en el manejo,Carrera 35 Calle 37  Sur,MESA,Urbana,"(6.167581073, -75.582688557)"
2181400,05/26/2018,4:30 p.m.,sábado,AUTOMOVIL,N/A,Conductor,Masculino,No,N/A,SOLO DAÑOS,Choque,No mantener distancia de seguridad,Carrera 30 A Calle 40 C Sur,SAN JOSE,Urbana,"(6.161584221, -75.583475742)"
2181411,05/26/2018,8:50 p.m.,sábado,AUTOMOVIL,N/A,Conductor,Masculino,No,N/A,SOLO DAÑOS,Choque,Desobedecer senales,Calle 38 A Sur Carrera 39,MESA,Urbana,"(6.167679571, -75.585676277)"
2181400,05/26/2018,4:30 p.m.,sábado,MOTOCICLETA,N/A,Motociclista,Masculino,No,N/A,SOLO DAÑOS,Choque,No mantener distancia de seguridad,Carrera 30 A Calle 40 C Sur,SAN JOSE,Urbana,"(6.161584221, -75.583475742)"
2181388,05/26/2018,5:40 a.m.,sábado,AUTOMOVIL,N/A,Conductor,Masculino,No,N/A,SOLO DAÑOS,Choque,Impericia en el manejo,Calle 39  Sur Carrera 45,ALCALA,Urbana,"(6.169637616, -75.591023011)"
2181385,05/26/2018,2:30 p.m.,sábado,BUS,N/A,Conductor,Masculino,No,N/A,SOLO DAÑOS,Choque,No respetar prelacion,Tramo 373 Kilometro  11,VEREDA PALMAS,Rural,
2181385,05/26/2018,2:30 p.m.,sábado,CAMIONETA,N/A,Conductor,Masculino,No,N/A,SOLO DAÑOS,Choque,No respetar prelacion,Tramo 373 Kilometro  11,VEREDA PALMAS,Rural,
2181419,05/26/2018,12:25 a.m.,sábado,AUTOMOVIL,N/A,Conductor,Masculino,No,N/A,SOLO DAÑOS,Choque,Impericia en el manejo,Carrera 43 A Calle 31  Sur,SAN MARCOS,Urbana,"(6.176754685, -75.585468966)"
2181419,05/26/2018,12:25 a.m.,sábado,BUS,N/A,Conductor,Masculino,No,N/A,SOLO DAÑOS,Choque,Impericia en el manejo,Carrera 43 A Calle 31  Sur,SAN MARCOS,Urbana,"(6.176754685, -75.585468966)"
2181426,05/26/2018,12:20 a.m.,sábado,BUSETA,N/A,Conductor,Masculino,No,N/A,SOLO DAÑOS,Choque,Poner en marcha un vehiculo sin precauci,Calle 45 A Sur Carrera 39 B,LAS ANTILLAS,Urbana,"(6.160320892, -75.590005662)"
2181426,05/26/2018,12:20 a.m.,sábado,AUTOMOVIL,N/A,Conductor,Masculino,No,N/A,SOLO DAÑOS,Choque,Poner en marcha un vehiculo sin precauci,Calle 45 A Sur Carrera 39 B,LAS ANTILLAS,Urbana,"(6.160320892, -75.590005662)"
2181379,05/26/2018,3:15 a.m.,sábado,MOTOCICLETA,N/A,Motociclista,Masculino,Si,2,HERIDO,Choque,Desobedecer senales,Carrera 41 Calle 40 B Sur,EL DORADO,Urbana,"(6.166298108, -75.588219288)"
2181393,05/26/2018,1:10 a.m.,sábado,AUTOMOVIL,N/A,Conductor,Masculino,No,N/A,SOLO DAÑOS,Choque,Semaforo en rojo,Calle 25  Sur Carrera 48,LAS VEGAS,Urbana,
2181402,05/26/2018,12:15 a.m.,sábado,AUTOMOVIL,N/A,Conductor,Masculino,No,N/A,SOLO DAÑOS,Choque,No mantener distancia de seguridad,Calle 40  Sur Carrera 42,EL DORADO,Urbana,
2181402,05/26/2018,12:15 a.m.,sábado,AUTOMOVIL,N/A,Conductor,Femenino,No,N/A,SOLO DAÑOS,Choque,No mantener distancia de seguridad,Calle 40  Sur Carrera 42,EL DORADO,Urbana,
2181395,05/26/2018,12:15 a.m.,sábado,AUTOMOVIL,N/A,Conductor,Masculino,No,N/A,SOLO DAÑOS,Choque,Carga sobresaliente sin autorizacion,Calle 40  Sur Carrera 46  Sur,ALCALA,Urbana,"(6.169002847, -75.593900174)"
2181395,05/26/2018,12:15 a.m.,sábado,MOTOCICLETA,N/A,Motociclista,Masculino,No,N/A,SOLO DAÑOS,Choque,Carga sobresaliente sin autorizacion,Calle 40  Sur Carrera 46  Sur,ALCALA,Urbana,"(6.169002847, -75.593900174)"
2181379,05/26/2018,3:15 a.m.,sábado,MOTOCICLETA,N/A,Motociclista,Femenino,No,N/A,HERIDO,Choque,Embriaguez o droga,Carrera 41 Calle 40 B Sur,EL DORADO,Urbana,"(6.166298108, -75.588219288)"
2181379,05/26/2018,3:15 a.m.,sábado,MOTOCICLETA,N/A,Motociclista,Femenino,No,N/A,HERIDO,Choque,Desobedecer senales,Carrera 41 Calle 40 B Sur,EL DORADO,Urbana,"(6.166298108, -75.588219288)"
2181379,05/26/2018,3:15 a.m.,sábado,MOTOCICLETA,N/A,Motociclista,Masculino,Si,2,HERIDO,Choque,Embriaguez o droga,Carrera 41 Calle 40 B Sur,EL DORADO,Urbana,"(6.166298108, -75.588219288)"
2181393,05/26/2018,1:10 a.m.,sábado,CAMIONETA,N/A,Conductor,Masculino,No,N/A,SOLO DAÑOS,Choque,Semaforo en rojo,Calle 25  Sur Carrera 48,LAS VEGAS,Urbana,
2181424,05/26/2018,6:00 a.m.,sábado,MOTOCICLETA,N/A,Motociclista,Masculino,No,N/A,SOLO DAÑOS,Choque,Impericia en el manejo,Calle 50 B Sur Carrera 42 B,LAS CASITAS,Urbana,"(6.1598422, -75.602850872)"
2181424,05/26/2018,6:00 a.m.,sábado,AUTOMOVIL,N/A,Conductor,Sin Registro,No,N/A,SOLO DAÑOS,Choque,Impericia en el manejo,Calle 50 B Sur Carrera 42 B,LAS CASITAS,Urbana,"(6.1598422, -75.602850872)"
2181397,05/26/2018,10:00 p.m.,sábado,MOTOCICLETA,N/A,Motociclista,Masculino,No,N/A,SOLO DAÑOS,Choque,No mantener distancia de seguridad,Carrera 48 Calle 46  Sur,LAS VEGAS,Urbana,"(6.166195386, -75.599285489)"
2181397,05/26/2018,10:00 p.m.,sábado,MOTOCICLETA,N/A,Motociclista,Masculino,No,N/A,SOLO DAÑOS,Choque,No mantener distancia de seguridad,Carrera 48 Calle 46  Sur,LAS VEGAS,Urbana,"(6.166195386, -75.599285489)"
2181381,05/25/2018,7:40 a.m.,viernes,MOTOCICLETA,N/A,Motociclista,Masculino,No,N/A,SOLO DAÑOS,Choque,Impericia en el manejo,Carrera 48 Calle 46  Sur,LAS VEGAS,Urbana,"(6.166195386, -75.599285489)"
2181381,05/25/2018,7:40 a.m.,viernes,CAMIONETA,N/A,Conductor,Masculino,No,N/A,SOLO DAÑOS,Choque,Impericia en el manejo,Carrera 48 Calle 46  Sur,LAS VEGAS,Urbana,"(6.166195386, -75.599285489)"
2181401,05/25/2018,4:40 p.m.,viernes,MOTOCICLETA,N/A,Motociclista,Masculino,No,N/A,SOLO DAÑOS,Choque,Adelantar invadiendo carril de sentido contrario,Calle 48 FF Sur Carrera 42 D,LOMA DEL BARRO,Urbana,"(6.159085262, -75.599091764)"
2181401,05/25/2018,4:40 p.m.,viernes,BUS,N/A,Conductor,Masculino,No,N/A,SOLO DAÑOS,Choque,Adelantar invadiendo carril de sentido contrario,Calle 48 FF Sur Carrera 42 D,LOMA DEL BARRO,Urbana,"(6.159085262, -75.599091764)"
2181404,05/25/2018,9:15 a.m.,viernes,AUTOMOVIL,N/A,Conductor,Masculino,No,N/A,SOLO DAÑOS,Choque,Arrancar sin precaucion,Calle 25 A Sur Carrera 43 A,BOSQUES DE ZU├æIGA,Urbana,"(6.181689385, -75.582417986)"
2181404,05/25/2018,9:15 a.m.,viernes,BUS,N/A,Conductor,Masculino,No,N/A,SOLO DAÑOS,Choque,Arrancar sin precaucion,Calle 25 A Sur Carrera 43 A,BOSQUES DE ZU├æIGA,Urbana,"(6.181689385, -75.582417986)"
2181425,05/25/2018,7:00 a.m.,viernes,CAMIONETA,N/A,Conductor,Masculino,No,N/A,SOLO DAÑOS,Choque,No mantener distancia de seguridad,Calle 37  Sur Carrera 50,LAS VEGAS,Urbana,
2181425,05/25/2018,7:00 a.m.,viernes,BUS,N/A,Conductor,Masculino,No,N/A,SOLO DAÑOS,Choque,No mantener distancia de seguridad,Calle 37  Sur Carrera 50,LAS VEGAS,Urbana,
2181391,05/24/2018,2:30 p.m.,jueves,AUTOMOVIL,N/A,Conductor,Masculino,No,N/A,SOLO DAÑOS,Choque,Impericia en el manejo,Carrera 43 A Calle 27  Sur,PONTE VEDRA,Urbana,"(6.179697995, -75.583177217)"
2181399,05/24/2018,5:55 p.m.,jueves,MOTOCICLETA,N/A,Motociclista,Masculino,No,N/A,SOLO DAÑOS,Choque,Impericia en el manejo,Tramo 372 Kilometro  17,VEREDA PALMAS,Rural,
2181399,05/24/2018,5:55 p.m.,jueves,AUTOMOVIL,N/A,Conductor,Masculino,No,N/A,SOLO DAÑOS,Choque,Impericia en el manejo,Tramo 372 Kilometro  17,VEREDA PALMAS,Rural,
2181374,05/24/2018,7:50 a.m.,jueves,MOTOCICLETA,N/A,Motociclista,Femenino,No,N/A,HERIDO,Choque,Impericia en el manejo,Carrera 50 Calle 36  Sur,LAS VEGAS,Urbana,
2181374,05/24/2018,7:50 a.m.,jueves,CAMION,N/A,Conductor,Masculino,No,N/A,HERIDO,Choque,Impericia en el manejo,Carrera 50 Calle 36  Sur,LAS VEGAS,Urbana,
2181390,05/24/2018,6:45 a.m.,jueves,AUTOMOVIL,N/A,Conductor,Femenino,No,N/A,SOLO DAÑOS,Choque,Impericia en el manejo,Carrera 36 Calle 37  Sur,ZONA CENTRO,Urbana,"(6.1679263, -75.583212888)"
2181390,05/24/2018,6:45 a.m.,jueves,AUTOMOVIL,N/A,Conductor,Masculino,No,N/A,SOLO DAÑOS,Choque,Impericia en el manejo,Carrera 36 Calle 37  Sur,ZONA CENTRO,Urbana,"(6.1679263, -75.583212888)"
2181376,05/24/2018,6:45 a.m.,jueves,MOTOCICLETA,N/A,Motociclista,Masculino,No,N/A,HERIDO,Choque,No mantener distancia de seguridad,Carrera 50 Calle 19  Sur,LAS VEGAS,Urbana,
2181376,05/24/2018,6:45 a.m.,jueves,AUTOMOVIL,N/A,Conductor,Masculino,No,N/A,HERIDO,Choque,No mantener distancia de seguridad,Carrera 50 Calle 19  Sur,LAS VEGAS,Urbana,
2181375,05/24/2018,6:40 a.m.,jueves,MOTOCICLETA,N/A,Motociclista,Femenino,No,N/A,HERIDO,Choque,Girar bruscamente,Calle 39 B Sur Carrera 28,EL CHINGU├ì,Urbana,"(6.160875824, -75.581010283)"
2181375,05/24/2018,6:40 a.m.,jueves,AUTOMOVIL,N/A,Conductor,Masculino,No,N/A,HERIDO,Choque,Girar bruscamente,Calle 39 B Sur Carrera 28,EL CHINGU├ì,Urbana,"(6.160875824, -75.581010283)"
2181406,05/24/2018,2:20 p.m.,jueves,AUTOMOVIL,N/A,Conductor,Masculino,No,N/A,SOLO DAÑOS,Choque,No mantener distancia de seguridad,Tramo 373 Kilometro  10,VEREDA PALMAS,Rural,
2181406,05/24/2018,2:20 p.m.,jueves,AUTOMOVIL,N/A,Conductor,Masculino,No,N/A,SOLO DAÑOS,Choque,No mantener distancia de seguridad,Tramo 373 Kilometro  10,VEREDA PALMAS,Rural,
2181378,05/24/2018,1:15 p.m.,jueves,MOTOCICLETA,N/A,Motociclista,Masculino,No,N/A,HERIDO,Caida Ocupante,Impericia en el manejo,Calle 45 A Sur Carrera 42 B,LA PAZ,Urbana,"(6.164010693, -75.593952112)"
2181389,05/24/2018,9:15 a.m.,jueves,CAMION,N/A,Conductor,Masculino,No,N/A,SOLO DAÑOS,Choque,No mantener distancia de seguridad,Diagonal 31 Transversal 34 D,LA SEBASTIANA,Urbana,"(6.17201459, -75.579216112)"
2181389,05/24/2018,9:15 a.m.,jueves,AUTOMOVIL,N/A,Conductor,Masculino,No,N/A,SOLO DAÑOS,Choque,No mantener distancia de seguridad,Diagonal 31 Transversal 34 D,LA SEBASTIANA,Urbana,"(6.17201459, -75.579216112)"
2181377,05/24/2018,6:15 a.m.,jueves,MOTOCICLETA,N/A,Motociclista,Masculino,No,N/A,HERIDO,Choque,No mantener distancia de seguridad,Calle 38  Sur Carrera 34,MESA,Urbana,"(6.166700674, -75.58264033)"
2181377,05/24/2018,6:15 a.m.,jueves,BUS,N/A,Conductor,Masculino,No,N/A,HERIDO,Choque,No mantener distancia de seguridad,Calle 38  Sur Carrera 34,MESA,Urbana,"(6.166700674, -75.58264033)"
2181407,05/24/2018,11:00 a.m.,jueves,AUTOMOVIL,N/A,Conductor,Masculino,No,N/A,SOLO DAÑOS,Choque,Impericia en el manejo,Calle 26  Sur Carrera 48,LAS VEGAS,Urbana,"(6.183423583, -75.585428952)"
2181407,05/24/2018,11:00 a.m.,jueves,CAMION,N/A,Conductor,Masculino,No,N/A,SOLO DAÑOS,Choque,Impericia en el manejo,Calle 26  Sur Carrera 48,LAS VEGAS,Urbana,"(6.183423583, -75.585428952)"
2181382,05/24/2018,6:10 a.m.,jueves,MOTOCICLETA,N/A,Motociclista,Masculino,No,N/A,SOLO DAÑOS,Choque,No mantener distancia de seguridad,Calle 36 D Sur Carrera 27,VEREDA EL ESCOBERO,Urbana,"(6.162479576, -75.570222573)"
2181382,05/24/2018,6:10 a.m.,jueves,AUTOMOVIL,N/A,Conductor,Femenino,No,N/A,SOLO DAÑOS,Choque,No mantener distancia de seguridad,Calle 36 D Sur Carrera 27,VEREDA EL ESCOBERO,Urbana,"(6.162479576, -75.570222573)"
2181384,05/24/2018,9:00 a.m.,jueves,CAMIONETA,N/A,Conductor,Masculino,No,N/A,SOLO DAÑOS,Choque,No mantener distancia de seguridad,Carrera 48 Calle 39  Sur,LAS VEGAS,Urbana,"(6.17163722, -75.593649993)"
2181384,05/24/2018,9:00 a.m.,jueves,CAMIONETA,N/A,Conductor,Masculino,No,N/A,SOLO DAÑOS,Choque,No mantener distancia de seguridad,Carrera 48 Calle 39  Sur,LAS VEGAS,Urbana,"(6.17163722, -75.593649993)"