RADICADO,FECHA,HORA,DÍA DE LA SEMANA,CLASE DE VEHICULO,TIPO DE SERVICIO,TIPO DE VICTIMA,SEXO,ESTADO DE BEODEZ,RESULTADO DE BEODEZ,GRAVEDAD,CLASE DE ACCIDENTE,CAUSA,DIRECCIÓN,BARRIO,AREA,Coordenadas
2181391,05/24/2018,2:30 p.m.,jueves,CAMPERO,N/A,Conductor,Femenino,No,N/A,SOLO DAÑOS,Choque,Impericia en el manejo,Carrera 43 A Calle 27  Sur,PONTE VEDRA,Urbana,"(6.179697995, -75.583177217)"
2181387,05/23/2018,10:30 a.m.,miércoles,CAMION,N/A,Conductor,Masculino,No,N/A,SOLO DAÑOS,Choque,Impericia en el manejo,Diagonal 31 Transversal 36 A Sur,MANUEL URIBE ANGEL,Urbana,"(6.167967817, -75.580281768)"
2181368,05/23/2018,7:25 a.m.,miércoles,MOTOCICLETA,N/A,Motociclista,Femenino,No,N/A,HERIDO,Caida Ocupante,Impericia en el manejo,Diagonal 31 Transversal 32 D Sur,LAS FLORES,Urbana,"(6.17448507, -75.578695932)"
2181415,05/23/2018,7:10 a.m.,miércoles,MOTOCICLETA,N/A,Motociclista,Masculino,No,N/A,HERIDO,Choque,No mantener distancia de seguridad,Tramo 372 Kilometro  14,VEREDA PALMAS,Rural,
2181415,05/23/2018,7:10 a.m.,miércoles,CAMIONETA,N/A,Conductor,Masculino,No,N/A,HERIDO,Choque,No mantener distancia de seguridad,Tramo 372 Kilometro  14,VEREDA PALMAS,Rural,
2181415,05/23/2018,7:10 a.m.,miércoles,AUTOMOVIL,N/A,Conductor,Masculino,No,N/A,HERIDO,Choque,No mantener distancia de seguridad,Tramo 372 Kilometro  14,VEREDA PALMAS,Rural,
2181383,05/23/2018,8:05 a.m.,miércoles,MOTOCICLETA,N/A,Motociclista,Masculino,No,N/A,SOLO DAÑOS,Choque,No mantener distancia de seguridad,Tramo 372 Kilometro  16,VEREDA PALMAS,Rural,
2181383,05/23/2018,8:05 a.m.,miércoles,BUSETA,N/A,Conductor,Masculino,No,N/A,SOLO DAÑOS,Choque,No mantener distancia de seguridad,Tramo 372 Kilometro  16,VEREDA PALMAS,Rural,
2181369,05/23/2018,5:00 a.m.,miércoles,CAMIONETA,N/A,Conductor,Masculino,No,N/A,SOLO DAÑOS,Choque,Impericia en el manejo,Carrera 27 G Calle 36 D Sur,VEREDA EL ESCOBERO,Urbana,"(6.166212839, -75.576914109)"
2181369,05/23/2018,5:00 a.m.,miércoles,CAMIONETA,N/A,Conductor,Masculino,No,N/A,SOLO DAÑOS,Choque,Exceso de velocidad,Carrera 27 G Calle 36 D Sur,VEREDA EL ESCOBERO,Urbana,"(6.166212839, -75.576914109)"
2181372,05/23/2018,12:00 a.m.,miércoles,BICICLETA,N/A,Ciclista,Masculino,No,N/A,HERIDO,Choque,Adelantar en zona prohibida,Tramo 373 Kilometro  7,VEREDA PALMAS,Rural,
2181372,05/23/2018,12:00 a.m.,miércoles,MOTOCICLETA,N/A,Motociclista,Masculino,No,N/A,HERIDO,Choque,Adelantar en zona prohibida,Tramo 373 Kilometro  7,VEREDA PALMAS,Rural,
2181387,05/23/2018,10:30 a.m.,miércoles,CAMPERO,N/A,Conductor,Masculino,No,N/A,SOLO DAÑOS,Choque,Impericia en el manejo,Diagonal 31 Transversal 36 A Sur,MANUEL URIBE ANGEL,Urbana,"(6.167967817, -75.580281768)"
2181366,05/22/2018,8:55 a.m.,martes,MOTOCICLETA,N/A,Motociclista,Masculino,No,N/A,SOLO DAÑOS,Choque,Transitar entre vehiculos,Carrera 42 Calle 39  Sur,ZONA CENTRO,Urbana,"(6.168170129, -75.588141925)"
2181367,05/22/2018,4:05 p.m.,martes,BUS,N/A,Conductor,Masculino,No,N/A,SOLO DAÑOS,Choque,Impericia en el manejo,Carrera 43 Calle 32 A Sur,AVENIDA EL POBLADO,Urbana,"(6.174730521, -75.585215259)"
2181366,05/22/2018,8:55 a.m.,martes,CAMPERO,N/A,Conductor,Femenino,No,N/A,SOLO DAÑOS,Choque,Transitar entre vehiculos,Carrera 42 Calle 39  Sur,ZONA CENTRO,Urbana,"(6.168170129, -75.588141925)"
2181367,05/22/2018,4:05 p.m.,martes,BUS,N/A,Conductor,Masculino,No,N/A,SOLO DAÑOS,Choque,Exceso de velocidad,Carrera 43 Calle 32 A Sur,AVENIDA EL POBLADO,Urbana,"(6.174730521, -75.585215259)"
2181358,05/21/2018,7:30 p.m.,lunes,MOTOCICLETA,N/A,Motociclista,Masculino,No,N/A,HERIDO,Choque,Desobedecer senales,Calle 38  Sur Carrera 38,MESA,Urbana,"(6.16803936, -75.584694353)"
2181362,05/21/2018,7:56 p.m.,lunes,BICICLETA,N/A,Ciclista,Masculino,No,N/A,HERIDO,Choque,Impericia en el manejo,Carrera 32 B Calle 40 F Sur,EL DORADO,Urbana,"(6.162538385, -75.584717885)"
2181364,05/21/2018,6:50 a.m.,lunes,AUTOMOVIL,N/A,Conductor,Masculino,No,N/A,SOLO DAÑOS,Choque,No mantener distancia de seguridad,Calle 26 B Sur Carrera 42 B,LAS ORQUIDEAS,Urbana,"(6.176911315, -75.58005899)"
2181364,05/21/2018,6:50 a.m.,lunes,AUTOMOVIL,N/A,Conductor,Masculino,No,N/A,SOLO DAÑOS,Choque,No mantener distancia de seguridad,Calle 26 B Sur Carrera 42 B,LAS ORQUIDEAS,Urbana,"(6.176911315, -75.58005899)"
2181357,05/21/2018,5:40 p.m.,lunes,MOTOCICLETA,N/A,Motociclista,Masculino,No,N/A,SOLO DAÑOS,Choque,Adelantar cerrando,Calle 36 D Sur Carrera 27,VEREDA EL ESCOBERO,Urbana,"(6.162479576, -75.570222573)"
2181357,05/21/2018,5:40 p.m.,lunes,AUTOMOVIL,N/A,Conductor,Masculino,No,N/A,SOLO DAÑOS,Choque,Adelantar cerrando,Calle 36 D Sur Carrera 27,VEREDA EL ESCOBERO,Urbana,"(6.162479576, -75.570222573)"
2181358,05/21/2018,7:30 p.m.,lunes,AUTOMOVIL,N/A,Conductor,Masculino,No,N/A,HERIDO,Choque,Desobedecer senales,Calle 38  Sur Carrera 38,MESA,Urbana,"(6.16803936, -75.584694353)"
2181358,05/21/2018,7:30 p.m.,lunes,MOTOCICLETA,N/A,Motociclista,Masculino,No,N/A,HERIDO,Choque,No respetar pelacion de interseccion o giros,Calle 38  Sur Carrera 38,MESA,Urbana,"(6.16803936, -75.584694353)"
2181358,05/21/2018,7:30 p.m.,lunes,AUTOMOVIL,N/A,Conductor,Masculino,No,N/A,HERIDO,Choque,No respetar pelacion de interseccion o giros,Calle 38  Sur Carrera 38,MESA,Urbana,"(6.16803936, -75.584694353)"
2181355,05/21/2018,4:25 p.m.,lunes,AUTOMOVIL,N/A,Conductor,Masculino,No,N/A,SOLO DAÑOS,Choque,No mantener distancia de seguridad,Carrera 39 Calle 38  Sur,ZONA CENTRO,Urbana,"(6.168272399, -75.585220918)"
2181355,05/21/2018,4:25 p.m.,lunes,BUS,N/A,Conductor,Masculino,No,N/A,SOLO DAÑOS,Choque,No mantener distancia de seguridad,Carrera 39 Calle 38  Sur,ZONA CENTRO,Urbana,"(6.168272399, -75.585220918)"
2181354,05/21/2018,9:20 p.m.,lunes,CAMPERO,N/A,Conductor,Masculino,No,N/A,SOLO DAÑOS,Choque,No respetar prelacion,Carrera 42 D Calle 50  Sur,LA INMACULADA,Urbana,"(6.158953929, -75.601574442)"
2181354,05/21/2018,9:20 p.m.,lunes,MOTOCICLETA,N/A,Motociclista,Masculino,No,N/A,SOLO DAÑOS,Choque,No respetar prelacion,Carrera 42 D Calle 50  Sur,LA INMACULADA,Urbana,"(6.158953929, -75.601574442)"
2181356,05/21/2018,11:00 a.m.,lunes,MOTOCICLETA,N/A,Motociclista,Masculino,No,N/A,SOLO DAÑOS,Choque,Adelantar cerrando,Carrera 48 Calle 36 A Sur,LAS VEGAS,Urbana,"(6.173906662, -75.591875412)"
2181373,05/21/2018,2:00 p.m.,lunes,AUTOMOVIL,N/A,Conductor,Femenino,No,N/A,SOLO DAÑOS,Choque,Girar bruscamente,Diagonal 31 E Transversal 34  Sur,LAS FLORES,Urbana,"(6.172689669, -75.578827286)"
2181373,05/21/2018,2:00 p.m.,lunes,CAMION,N/A,Conductor,Masculino,No,N/A,SOLO DAÑOS,Choque,Girar bruscamente,Diagonal 31 E Transversal 34  Sur,LAS FLORES,Urbana,"(6.172689669, -75.578827286)"
2181356,05/21/2018,11:00 a.m.,lunes,CAMION,N/A,Conductor,Masculino,No,N/A,SOLO DAÑOS,Choque,Adelantar cerrando,Carrera 48 Calle 36 A Sur,LAS VEGAS,Urbana,"(6.173906662, -75.591875412)"
2181359,05/21/2018,7:00 p.m.,lunes,CAMIONETA,N/A,Conductor,Femenino,No,N/A,SOLO DAÑOS,Choque,Adelantar por la derecha,Carrera 48 Calle 25  Sur,LAS VEGAS,Urbana,"(6.185059174, -75.58329333)"
2181359,05/21/2018,7:00 p.m.,lunes,MOTOCICLETA,N/A,Motociclista,Masculino,No,N/A,SOLO DAÑOS,Choque,Adelantar por la derecha,Carrera 48 Calle 25  Sur,LAS VEGAS,Urbana,"(6.185059174, -75.58329333)"
2181330,05/20/2018,4:50 p.m.,domingo,AUTOMOVIL,N/A,Conductor,Masculino,No,N/A,SOLO DAÑOS,Choque,Obstaculos en la via,Tramo 372 Kilometro  16,VEREDA PALMAS,Rural,
2181338,05/20/2018,1:50 a.m.,domingo,AUTOMOVIL,N/A,Conductor,Masculino,No,N/A,SOLO DAÑOS,Choque,No mantener distancia de seguridad,Carrera 43 A Calle 25 A Sur,AVENIDA EL POBLADO,Urbana,"(6.181504184, -75.581741498)"
2181338,05/20/2018,1:50 a.m.,domingo,AUTOMOVIL,N/A,Conductor,Masculino,No,N/A,SOLO DAÑOS,Choque,No mantener distancia de seguridad,Carrera 43 A Calle 25 A Sur,AVENIDA EL POBLADO,Urbana,"(6.181504184, -75.581741498)"
2181338,05/20/2018,1:50 a.m.,domingo,CAMIONETA,N/A,Conductor,Masculino,No,N/A,SOLO DAÑOS,Choque,No mantener distancia de seguridad,Carrera 43 A Calle 25 A Sur,AVENIDA EL POBLADO,Urbana,"(6.181504184, -75.581741498)"
2181338,05/20/2018,1:50 a.m.,domingo,AUTOMOVIL,N/A,Conductor,Masculino,No,N/A,SOLO DAÑOS,Choque,No mantener distancia de seguridad,Carrera 43 A Calle 25 A Sur,AVENIDA EL POBLADO,Urbana,"(6.181504184, -75.581741498)"
2181331,05/20/2018,11:15 a.m.,domingo,MOTOCICLETA,N/A,Motociclista,Masculino,No,N/A,SOLO DAÑOS,Choque,Desobedecer senales,Tramo 372 Kilometro  16,VEREDA PALMAS,Rural,
2181331,05/20/2018,11:15 a.m.,domingo,BUS,N/A,Conductor,Masculino,No,N/A,SOLO DAÑOS,Choque,Desobedecer senales,Tramo 372 Kilometro  16,VEREDA PALMAS,Rural,
2181329,05/20/2018,2:00 p.m.,domingo,AUTOMOVIL,N/A,Conductor,Masculino,No,N/A,SOLO DAÑOS,Volcamiento,Superficie humeda,Tramo 372 Kilometro  15,VEREDA PALMAS,Rural,
2181361,05/20/2018,11:00 a.m.,domingo,AUTOMOVIL,N/A,Conductor,Masculino,No,N/A,SOLO DAÑOS,Choque,Impericia en el manejo,Calle 40 DD Sur Carrera 39,EL DORADO,Urbana,"(6.163340481, -75.588362463)"
2181353,05/20/2018,3:00 p.m.,domingo,AUTOMOVIL,N/A,Conductor,Masculino,No,N/A,SOLO DAÑOS,Choque,No mantener distancia de seguridad,Calle 40  Sur Carrera 46,ALCALA,Urbana,"(6.169002847, -75.593900174)"
2181353,05/20/2018,3:00 p.m.,domingo,AUTOMOVIL,N/A,Conductor,Masculino,No,N/A,SOLO DAÑOS,Choque,No mantener distancia de seguridad,Calle 40  Sur Carrera 46,ALCALA,Urbana,"(6.169002847, -75.593900174)"
2181352,05/19/2018,12:50 a.m.,sábado,CAMPERO,N/A,Conductor,Masculino,No,N/A,SOLO DAÑOS,Choque,No mantener distancia de seguridad,Carrera 27 Calle 23  Sur,LA INMACULADA,Urbana,"(6.176588834, -75.567445991)"
2181352,05/19/2018,12:50 a.m.,sábado,AUTOMOVIL,N/A,Conductor,Femenino,No,N/A,SOLO DAÑOS,Choque,No mantener distancia de seguridad,Carrera 27 Calle 23  Sur,LA INMACULADA,Urbana,"(6.176588834, -75.567445991)"
2181342,05/19/2018,4:20 p.m.,sábado,MOTOCICLETA,N/A,Motociclista,Femenino,No,N/A,HERIDO,Caida Ocupante,Impericia en el manejo,Calle 39  Sur Carrera 25 B,EL CHINGU├ì,Urbana,"(6.157563812, -75.579224131)"
2181346,05/19/2018,6:15 a.m.,sábado,BUS,N/A,Conductor,Masculino,No,N/A,SOLO DAÑOS,Choque,Embriaguez o droga,Carrera 41 Calle 40 D Sur,EL DORADO,Urbana,"(6.165952872, -75.588736538)"
2181346,05/19/2018,6:15 a.m.,sábado,MOTOCICLETA,N/A,Motociclista,Masculino,Si,2,SOLO DAÑOS,Choque,Desobedecer senales,Carrera 41 Calle 40 D Sur,EL DORADO,Urbana,"(6.165952872, -75.588736538)"
2181346,05/19/2018,6:15 a.m.,sábado,MOTOCICLETA,N/A,Motociclista,Masculino,Si,2,SOLO DAÑOS,Choque,Embriaguez o droga,Carrera 41 Calle 40 D Sur,EL DORADO,Urbana,"(6.165952872, -75.588736538)"
2181346,05/19/2018,6:15 a.m.,sábado,BUS,N/A,Conductor,Masculino,No,N/A,SOLO DAÑOS,Choque,Desobedecer senales,Carrera 41 Calle 40 D Sur,EL DORADO,Urbana,"(6.165952872, -75.588736538)"
2181351,05/19/2018,12:05 a.m.,sábado,MOTOCICLETA,N/A,Motociclista,Masculino,No,N/A,SOLO DAÑOS,Choque,Desobedecer senales,Carrera 48 Calle 48 C Sur,LAS VEGAS,Urbana,"(6.163662083, -75.60174973)"
2181351,05/19/2018,12:05 a.m.,sábado,MOTOCICLETA,N/A,Motociclista,Masculino,No,N/A,SOLO DAÑOS,Choque,Transitar entre vehiculos,Carrera 48 Calle 48 C Sur,LAS VEGAS,Urbana,"(6.163662083, -75.60174973)"
2181351,05/19/2018,12:05 a.m.,sábado,MOTOCICLETA,N/A,Motociclista,Masculino,No,N/A,SOLO DAÑOS,Choque,Desobedecer senales,Carrera 48 Calle 48 C Sur,LAS VEGAS,Urbana,"(6.163662083, -75.60174973)"
2181351,05/19/2018,12:05 a.m.,sábado,AUTOMOVIL,N/A,Conductor,Masculino,No,N/A,SOLO DAÑOS,Choque,Transitar entre vehiculos,Carrera 48 Calle 48 C Sur,LAS VEGAS,Urbana,"(6.163662083, -75.60174973)"
2181351,05/19/2018,12:05 a.m.,sábado,AUTOMOVIL,N/A,Conductor,Masculino,No,N/A,SOLO DAÑOS,Choque,Desobedecer senales,Carrera 48 Calle 48 C Sur,LAS VEGAS,Urbana,"(6.163662083, -75.60174973)"
2181344,05/19/2018,6:10 a.m.,sábado,MOTOCICLETA,N/A,Motociclista,Masculino,No,N/A,HERIDO,Choque,Semaforo en rojo,Calle 38  Sur Carrera 29 A,SAN JOSE,Urbana,"(6.165022576, -75.580713107)"
2181344,05/19/2018,6:10 a.m.,sábado,MOTOCICLETA,N/A,Motociclista,Masculino,No,N/A,HERIDO,Choque,Semaforo en rojo,Calle 38  Sur Carrera 29 A,SAN JOSE,Urbana,"(6.165022576, -75.580713107)"
2181351,05/19/2018,12:05 a.m.,sábado,MOTOCICLETA,N/A,Motociclista,Masculino,No,N/A,SOLO DAÑOS,Choque,Transitar entre vehiculos,Carrera 48 Calle 48 C Sur,LAS VEGAS,Urbana,"(6.163662083, -75.60174973)"
2181336,05/19/2018,12:00 a.m.,sábado,CAMIONETA,N/A,Conductor,Masculino,No,N/A,SOLO DAÑOS,Choque,No mantener distancia de seguridad,Carrera 50 Calle 27  Sur,LAS VEGAS,Urbana,
2181336,05/19/2018,12:00 a.m.,sábado,CAMIONETA,N/A,Conductor,Masculino,No,N/A,SOLO DAÑOS,Choque,No mantener distancia de seguridad,Carrera 50 Calle 27  Sur,LAS VEGAS,Urbana,
2181350,05/19/2018,10:00 a.m.,sábado,AUTOMOVIL,N/A,Conductor,Masculino,No,N/A,SOLO DAÑOS,Choque,Poner en marcha un vehiculo sin precauci,Calle 44  Sur Carrera 43 A,PRIMAVERA,Urbana,"(6.165598746, -75.594021133)"
2181350,05/19/2018,10:00 a.m.,sábado,AUTOMOVIL,N/A,Conductor,Femenino,No,N/A,SOLO DAÑOS,Choque,No respetar prelacion,Calle 44  Sur Carrera 43 A,PRIMAVERA,Urbana,"(6.165598746, -75.594021133)"
2181350,05/19/2018,10:00 a.m.,sábado,AUTOMOVIL,N/A,Conductor,Femenino,No,N/A,SOLO DAÑOS,Choque,Poner en marcha un vehiculo sin precauci,Calle 44  Sur Carrera 43 A,PRIMAVERA,Urbana,"(6.165598746, -75.594021133)"
2181350,05/19/2018,10:00 a.m.,sábado,AUTOMOVIL,N/A,Conductor,Masculino,No,N/A,SOLO DAÑOS,Choque,No respetar prelacion,Calle 44  Sur Carrera 43 A,PRIMAVERA,Urbana,"(6.165598746, -75.594021133)"
2181332,05/19/2018,10:00 a.m.,sábado,AUTOMOVIL,N/A,Conductor,Masculino,No,N/A,SOLO DAÑOS,Choque,Reverso imprudente,Carrera 39 Calle 36  Sur,ZONA CENTRO,Urbana,"(6.169632254, -75.584337732)"
2181332,05/19/2018,10:00 a.m.,sábado,AUTOMOVIL,N/A,Conductor,Masculino,No,N/A,SOLO DAÑOS,Choque,Reverso imprudente,Carrera 39 Calle 36  Sur,ZONA CENTRO,Urbana,"(6.169632254, -75.584337732)"
2181347,05/18/2018,9:45 a.m.,viernes,AUTOMOVIL,N/A,Conductor,Femenino,No,N/A,SOLO DAÑOS,Choque,Reverso imprudente,Carrera 42 Calle 35  Sur,ZONA CENTRO,Urbana,"(6.171623749, -75.586043385)"
2181347,05/18/2018,9:45 a.m.,viernes,AUTOMOVIL,N/A,Conductor,Masculino,No,N/A,SOLO DAÑOS,Choque,No mantener distancia de seguridad,Carrera 42 Calle 35  Sur,ZONA CENTRO,Urbana,"(6.171623749, -75.586043385)"
2181347,05/18/2018,9:45 a.m.,viernes,AUTOMOVIL,N/A,Conductor,Masculino,No,N/A,SOLO DAÑOS,Choque,Reverso imprudente,Carrera 42 Calle 35  Sur,ZONA CENTRO,Urbana,"(6.171623749, -75.586043385)"
2181347,05/18/2018,9:45 a.m.,viernes,AUTOMOVIL,N/A,Conductor,Femenino,No,N/A,SOLO DAÑOS,Choque,No mantener distancia de seguridad,Carrera 42 Calle 35  Sur,ZONA CENTRO,Urbana,"(6.171623749, -75.586043385)"
2181335,05/18/2018,8:25 p.m.,viernes,AUTOMOVIL,N/A,Conductor,Masculino,No,N/A,SOLO DAÑOS,Choque,Superficie humeda,Carrera 29 Calle 41  Sur,SAN RAFAEL,Urbana,"(6.15811326, -75.585215015)"
2181335,05/18/2018,8:25 p.m.,viernes,BUS,N/A,Conductor,Masculino,No,N/A,SOLO DAÑOS,Choque,Superficie humeda,Carrera 29 Calle 41  Sur,SAN RAFAEL,Urbana,"(6.15811326, -75.585215015)"
2181363,05/18/2018,1:30 p.m.,viernes,BUSETA,N/A,Conductor,Masculino,No,N/A,SOLO DAÑOS,Choque,No mantener distancia de seguridad,Tramo 373 Kilometro  11,VEREDA PALMAS,Rural,
2181363,05/18/2018,1:30 p.m.,viernes,CAMION,N/A,Conductor,Masculino,No,N/A,SOLO DAÑOS,Choque,No mantener distancia de seguridad,Tramo 373 Kilometro  11,VEREDA PALMAS,Rural,
2181337,05/18/2018,5:30 p.m.,viernes,AUTOMOVIL,N/A,Conductor,Femenino,No,N/A,HERIDO,Choque,No mantener distancia de seguridad,Calle 37  Sur Carrera 49,LAS VEGAS,Urbana,"(6.174789471, -75.594204243)"
2181337,05/18/2018,5:30 p.m.,viernes,MOTOCICLETA,N/A,Motociclista,Masculino,No,N/A,HERIDO,Choque,No mantener distancia de seguridad,Calle 37  Sur Carrera 49,LAS VEGAS,Urbana,"(6.174789471, -75.594204243)"
2181348,05/18/2018,5:20 p.m.,viernes,CAMIONETA,N/A,Conductor,Masculino,No,N/A,SOLO DAÑOS,Choque,No mantener distancia de seguridad,Calle 46  Sur Carrera 46,PRIMAVERA,Urbana,"(6.164633401, -75.596689606)"
2181348,05/18/2018,5:20 p.m.,viernes,CAMIONETA,N/A,Conductor,Masculino,No,N/A,SOLO DAÑOS,Choque,No mantener distancia de seguridad,Calle 46  Sur Carrera 46,PRIMAVERA,Urbana,"(6.164633401, -75.596689606)"
2181349,05/18/2018,3:20 p.m.,viernes,AUTOMOVIL,N/A,Conductor,Femenino,No,N/A,SOLO DAÑOS,Choque,Adelantar cerrando,Transversal 31  Sur Carrera 43,BUCAREST,Urbana,"(6.176823564, -75.585392151)"
2181349,05/18/2018,3:20 p.m.,viernes,CAMIONETA,N/A,Conductor,Femenino,No,N/A,SOLO DAÑOS,Choque,Girar bruscamente,Transversal 31  Sur Carrera 43,BUCAREST,Urbana,"(6.176823564, -75.585392151)"
2181349,05/18/2018,3:20 p.m.,viernes,CAMIONETA,N/A,Conductor,Femenino,No,N/A,SOLO DAÑOS,Choque,Adelantar cerrando,Transversal 31  Sur Carrera 43,BUCAREST,Urbana,"(6.176823564, -75.585392151)"
2181349,05/18/2018,3:20 p.m.,viernes,AUTOMOVIL,N/A,Conductor,Femenino,No,N/A,SOLO DAÑOS,Choque,Girar bruscamente,Transversal 31  Sur Carrera 43,BUCAREST,Urbana,"(6.176823564, -75.585392151)"
2181333,05/18/2018,6:20 p.m.,viernes,MOTOCICLETA,N/A,Motociclista,Masculino,No,N/A,SOLO DAÑOS,Choque,Girar bruscamente,Calle 39 B Sur Carrera 37,MESA,Urbana,"(6.165600011, -75.585497969)"
2181333,05/18/2018,6:20 p.m.,viernes,AUTOMOVIL,N/A,Conductor,Masculino,No,N/A,SOLO DAÑOS,Choque,Girar bruscamente,Calle 39 B Sur Carrera 37,MESA,Urbana,"(6.165600011, -75.585497969)"
2181334,05/18/2018,8:00 p.m.,viernes,MOTOCICLETA,N/A,Motociclista,Masculino,No,N/A,SOLO DAÑOS,Choque,Desobedecer senales,Tramo 373 Kilometro  7,VEREDA PALMAS,Rural,
2181334,05/18/2018,8:00 p.m.,viernes,CAMIONETA,N/A,Conductor,Masculino,No,N/A,SOLO DAÑOS,Choque,Desobedecer senales,Tramo 373 Kilometro  7,VEREDA PALMAS,Rural,
2181341,05/17/2018,2:50 p.m.,jueves,MOTOCICLETA,N/A,Motociclista,Masculino,No,N/A,HERIDO,Atropello,Cruzar sin observar,Diagonal 31 Transversal 36  Sur,LA SEBASTIANA,Urbana,"(6.168204377, -75.580205142)"
2181341,05/17/2018,2:50 p.m.,jueves,MOTOCICLETA,N/A,Motociclista,Masculino,No,N/A,HERIDO,Atropello,Exceso de velocidad,Diagonal 31 Transversal 36  Sur,LA SEBASTIANA,Urbana,"(6.168204377, -75.580205142)"
2181323,05/17/2018,6:45 a.m.,jueves,AUTOMOVIL,N/A,Conductor,Femenino,No,N/A,SOLO DAÑOS,Choque,No mantener distancia de seguridad,Carrera 48 Calle 39 A Sur,LAS VEGAS,Urbana,"(6.17097263, -75.594313255)"
2181323,05/17/2018,6:45 a.m.,jueves,AUTOMOVIL,N/A,Conductor,Femenino,No,N/A,SOLO DAÑOS,Choque,No mantener distancia de seguridad,Carrera 48 Calle 39 A Sur,LAS VEGAS,Urbana,"(6.17097263, -75.594313255)"
2181317,05/17/2018,3:45 p.m.,jueves,MOTOCICLETA,N/A,Motociclista,Masculino,No,N/A,HERIDO,Choque,No mantener distancia de seguridad,Carrera 50 Calle 26  Sur,LAS VEGAS,Urbana,"(6.184812544, -75.586911093)"
2181317,05/17/2018,3:45 p.m.,jueves,CAMIONETA,N/A,Conductor,Masculino,No,N/A,HERIDO,Choque,No mantener distancia de seguridad,Carrera 50 Calle 26  Sur,LAS VEGAS,Urbana,"(6.184812544, -75.586911093)"
2181319,05/17/2018,7:30 a.m.,jueves,MOTOCICLETA,N/A,Motociclista,Masculino,No,N/A,SOLO DAÑOS,Choque,No mantener distancia de seguridad,Tramo 372 Kilometro  13,VEREDA PALMAS,Rural,
2181319,05/17/2018,7:30 a.m.,jueves,CAMIONETA,N/A,Conductor,Femenino,No,N/A,SOLO DAÑOS,Choque,No mantener distancia de seguridad,Tramo 372 Kilometro  13,VEREDA PALMAS,Rural,
2181345,05/17/2018,6:30 a.m.,jueves,MOTOCICLETA,N/A,Motociclista,Femenino,No,N/A,HERIDO,Choque,No mantener distancia de seguridad,Carrera 50 Calle 37  Sur,LAS VEGAS,Urbana,
2181345,05/17/2018,6:30 a.m.,jueves,AUTOMOVIL,N/A,Conductor,Femenino,No,N/A,HERIDO,Choque,No mantener distancia de seguridad,Carrera 50 Calle 37  Sur,LAS VEGAS,Urbana,
2181339,05/17/2018,7:30 p.m.,jueves,AUTOMOVIL,N/A,Conductor,Sin Registro,No,N/A,HERIDO,Atropello,Exceso de velocidad,Carrera 48 Calle 19  Sur,ZU├æIGA,Urbana,"(6.187349001, -75.581535682)"
2181339,05/17/2018,7:30 p.m.,jueves,AUTOMOVIL,N/A,Conductor,Sin Registro,No,N/A,HERIDO,Atropello,Arrancar sin precaucion,Carrera 48 Calle 19  Sur,ZU├æIGA,Urbana,"(6.187349001, -75.581535682)"
2181343,05/17/2018,3:15 p.m.,jueves,MOTOCICLETA,N/A,Motociclista,Masculino,No,N/A,HERIDO,Choque,Transitar entre vehiculos,Carrera 50 Calle 26  Sur,LAS VEGAS,Urbana,"(6.184812544, -75.586911093)"
2181343,05/17/2018,3:15 p.m.,jueves,AUTOMOVIL,N/A,Conductor,Masculino,No,N/A,HERIDO,Choque,Transitar entre vehiculos,Carrera 50 Calle 26  Sur,LAS VEGAS,Urbana,"(6.184812544, -75.586911093)"
2181322,05/17/2018,9:10 a.m.,jueves,MOTOCICLETA,N/A,Motociclista,Masculino,No,N/A,SOLO DAÑOS,Choque,No mantener distancia de seguridad,Carrera 48 Calle 43  Sur,LAS VEGAS,Urbana,"(6.168335134, -75.597233576)"
2181322,05/17/2018,9:10 a.m.,jueves,CAMIONETA,N/A,Conductor,Femenino,No,N/A,SOLO DAÑOS,Choque,No mantener distancia de seguridad,Carrera 48 Calle 43  Sur,LAS VEGAS,Urbana,"(6.168335134, -75.597233576)"
2181365,05/17/2018,5:10 p.m.,jueves,AUTOMOVIL,N/A,Conductor,Femenino,No,N/A,SOLO DAÑOS,Choque,No respetar pelacion de interseccion o giros,Calle 37  Sur Carrera 48,LAS VEGAS,Urbana,"(6.17412211, -75.593061115)"
2181365,05/17/2018,5:10 p.m.,jueves,CAMIONETA,N/A,Conductor,Femenino,No,N/A,SOLO DAÑOS,Choque,No respetar pelacion de interseccion o giros,Calle 37  Sur Carrera 48,LAS VEGAS,Urbana,"(6.17412211, -75.593061115)"
2181327,05/17/2018,3:10 p.m.,jueves,MOTOCICLETA,N/A,Motociclista,Femenino,No,N/A,SOLO DAÑOS,Choque,Impericia en el manejo,Calle 39  Sur Carrera 39,ZONA CENTRO,Urbana,"(6.166978259, -75.586044922)"
2181327,05/17/2018,3:10 p.m.,jueves,AUTOMOVIL,N/A,Conductor,Femenino,No,N/A,SOLO DAÑOS,Choque,Impericia en el manejo,Calle 39  Sur Carrera 39,ZONA CENTRO,Urbana,"(6.166978259, -75.586044922)"