RADICADO,FECHA,HORA,DÍA DE LA SEMANA,CLASE DE VEHICULO,TIPO DE SERVICIO,TIPO DE VICTIMA,SEXO,ESTADO DE BEODEZ,RESULTADO DE BEODEZ,GRAVEDAD,CLASE DE ACCIDENTE,CAUSA,DIRECCIÓN,BARRIO,AREA,Coordenadas
2181340,05/17/2018,9:05 a.m.,jueves,BUS,N/A,Conductor,Masculino,No,N/A,SOLO DAÑOS,Choque,Adelantar invadiendo carril de sentido contrario,Calle 40  Sur Carrera 27 A,LA MINA,Urbana,"(6.158366235, -75.580807934)"
2181340,05/17/2018,9:05 a.m.,jueves,MOTOCICLETA,N/A,Motociclista,Masculino,No,N/A,SOLO DAÑOS,Choque,Adelantar invadiendo carril de sentido contrario,Calle 40  Sur Carrera 27 A,LA MINA,Urbana,"(6.158366235, -75.580807934)"
2181340,05/17/2018,9:05 a.m.,jueves,CAMION,N/A,Conductor,Masculino,No,N/A,SOLO DAÑOS,Choque,Adelantar invadiendo carril de sentido contrario,Calle 40  Sur Carrera 27 A,LA MINA,Urbana,"(6.158366235, -75.580807934)"
2181313,05/16/2018,9:50 p.m.,miércoles,AUTOMOVIL,N/A,Conductor,Masculino,No,N/A,SOLO DAÑOS,Choque,No respetar prelacion,Carrera 48 Calle 50  Sur,LAS VEGAS,Urbana,
2181313,05/16/2018,9:50 p.m.,miércoles,AUTOMOVIL,N/A,Conductor,Masculino,No,N/A,SOLO DAÑOS,Choque,No respetar prelacion,Carrera 48 Calle 50  Sur,LAS VEGAS,Urbana,
2181304,05/16/2018,9:45 p.m.,miércoles,MOTOCICLETA,N/A,Motociclista,Femenino,No,N/A,HERIDO,Choque,Semaforo en rojo,Carrera 43 A Calle 25  Sur,AVENIDA EL POBLADO,Urbana,"(6.181616833, -75.581857267)"
2181304,05/16/2018,9:45 p.m.,miércoles,MOTOCICLETA,N/A,Motociclista,Masculino,No,N/A,HERIDO,Choque,Semaforo en rojo,Carrera 43 A Calle 25  Sur,AVENIDA EL POBLADO,Urbana,"(6.181616833, -75.581857267)"
2181308,05/16/2018,10:40 a.m.,miércoles,CAMION,N/A,Conductor,Masculino,No,N/A,SOLO DAÑOS,Choque,Adelantar cerrando,Carrera 50 Calle 46 A Sur,LAS VEGAS,Urbana,"(6.16131219, -75.603198185)"
2181326,05/16/2018,7:40 a.m.,miércoles,AUTOMOVIL,N/A,Conductor,Masculino,No,N/A,SOLO DAÑOS,Choque,Reverso imprudente,Carrera 43 A Calle 40  Sur,ZONA CENTRO,Urbana,"(6.168044687, -75.59026877)"
2181326,05/16/2018,7:40 a.m.,miércoles,AUTOMOVIL,N/A,Conductor,Femenino,No,N/A,SOLO DAÑOS,Choque,Reverso imprudente,Carrera 43 A Calle 40  Sur,ZONA CENTRO,Urbana,"(6.168044687, -75.59026877)"
2181308,05/16/2018,10:40 a.m.,miércoles,AUTOMOVIL,N/A,Conductor,Femenino,No,N/A,SOLO DAÑOS,Choque,Adelantar cerrando,Carrera 50 Calle 46 A Sur,LAS VEGAS,Urbana,"(6.16131219, -75.603198185)"
2181307,05/16/2018,10:40 a.m.,miércoles,AUTOMOVIL,N/A,Conductor,Masculino,No,N/A,SOLO DAÑOS,Choque,No mantener distancia de seguridad,Carrera 50 Calle 43  Sur,LAS VEGAS,Urbana,
2181307,05/16/2018,10:40 a.m.,miércoles,MOTOCICLETA,N/A,Motociclista,Masculino,No,N/A,SOLO DAÑOS,Choque,No mantener distancia de seguridad,Carrera 50 Calle 43  Sur,LAS VEGAS,Urbana,
2181312,05/16/2018,9:30 p.m.,miércoles,AUTOMOVIL,N/A,Conductor,Masculino,No,N/A,SOLO DAÑOS,Choque,Impericia en el manejo,Calle 34 DD Sur Carrera 27 F,ALTO DE MISAEL,Urbana,"(6.1706621, -75.575772717)"
2181312,05/16/2018,9:30 p.m.,miércoles,AUTOMOVIL,N/A,Conductor,Masculino,No,N/A,SOLO DAÑOS,Choque,Impericia en el manejo,Calle 34 DD Sur Carrera 27 F,ALTO DE MISAEL,Urbana,"(6.1706621, -75.575772717)"
2181325,05/16/2018,10:30 a.m.,miércoles,AUTOMOVIL,N/A,Conductor,Femenino,No,N/A,SOLO DAÑOS,Choque,Desobedecer senales,Carrera 27 Calle 23  Sur,ZU├æIGA,Urbana,"(6.176588834, -75.567445991)"
2181325,05/16/2018,10:30 a.m.,miércoles,BUS,N/A,Conductor,Sin Registro,No,N/A,SOLO DAÑOS,Choque,Desobedecer senales,Carrera 27 Calle 23  Sur,ZU├æIGA,Urbana,"(6.176588834, -75.567445991)"
2181316,05/16/2018,2:05 p.m.,miércoles,MOTOCICLETA,N/A,Motociclista,Masculino,No,N/A,HERIDO,Otro,Impericia en el manejo,Calle 39  Sur Carrera 27 B,EL CHINGU├ì,Urbana,"(6.159217585, -75.578834618)"
2181324,05/16/2018,4:00 p.m.,miércoles,AUTOMOVIL,N/A,Conductor,Masculino,No,N/A,SOLO DAÑOS,Choque,Reverso imprudente,Calle 27  Sur Carrera 27,EL ESMERALDAL,Urbana,"(6.17243521, -75.567871917)"
2181324,05/16/2018,4:00 p.m.,miércoles,CAMION,N/A,Conductor,Masculino,No,N/A,SOLO DAÑOS,Choque,Reverso imprudente,Calle 27  Sur Carrera 27,EL ESMERALDAL,Urbana,"(6.17243521, -75.567871917)"
2181315,05/16/2018,4:00 p.m.,miércoles,MOTOCICLETA,N/A,Motociclista,Masculino,No,N/A,HERIDO,Choque,Impericia en el manejo,Calle 37  Sur Carrera 46 A,ALCALA,Urbana,"(6.173105489, -75.591260929)"
2181315,05/16/2018,4:00 p.m.,miércoles,CAMPERO,N/A,Conductor,Masculino,No,N/A,HERIDO,Choque,Impericia en el manejo,Calle 37  Sur Carrera 46 A,ALCALA,Urbana,"(6.173105489, -75.591260929)"
2181303,05/16/2018,3:00 p.m.,miércoles,MOTOCICLETA,N/A,Motociclista,Masculino,No,N/A,HERIDO,Choque,Adelantar invadiendo carril del mismo sentido en zigzag,Calle 38  Sur Carrera 40 A,ZONA CENTRO,Urbana,"(6.169040015, -75.586268246)"
2181303,05/16/2018,3:00 p.m.,miércoles,AUTOMOVIL,N/A,Conductor,Masculino,No,N/A,HERIDO,Choque,Adelantar invadiendo carril del mismo sentido en zigzag,Calle 38  Sur Carrera 40 A,ZONA CENTRO,Urbana,"(6.169040015, -75.586268246)"
2181314,05/16/2018,12:00 a.m.,miércoles,AUTOMOVIL,N/A,Conductor,Femenino,No,N/A,HERIDO,Choque,Desobedecer senales,Calle 41 AA Sur Carrera 29,SAN RAFAEL,Urbana,"(6.15839206, -75.584955646)"
2181314,05/16/2018,12:00 a.m.,miércoles,MOTOCICLETA,N/A,Motociclista,Masculino,No,N/A,HERIDO,Choque,Desobedecer senales,Calle 41 AA Sur Carrera 29,SAN RAFAEL,Urbana,"(6.15839206, -75.584955646)"
2181301,05/15/2018,10:50 a.m.,martes,CAMPERO,N/A,Conductor,Femenino,No,N/A,SOLO DAÑOS,Choque,Poner en marcha un vehiculo sin precauci,Calle 37  Sur Carrera 43,ZONA CENTRO,Urbana,"(6.170662973, -75.587448517)"
2181300,05/15/2018,6:20 a.m.,martes,AUTOMOVIL,N/A,Conductor,Masculino,No,N/A,SOLO DAÑOS,Choque,No respetar pelacion de interseccion o giros,Carrera 49 Calle 39 B Sur,LAS VEGAS,Urbana,"(6.173609359, -75.597070569)"
2181301,05/15/2018,10:50 a.m.,martes,AUTOMOVIL,N/A,Conductor,Masculino,No,N/A,SOLO DAÑOS,Choque,Poner en marcha un vehiculo sin precauci,Calle 37  Sur Carrera 43,ZONA CENTRO,Urbana,"(6.170662973, -75.587448517)"
2181300,05/15/2018,6:20 a.m.,martes,BUSETA,N/A,Conductor,Masculino,No,N/A,SOLO DAÑOS,Choque,No respetar pelacion de interseccion o giros,Carrera 49 Calle 39 B Sur,LAS VEGAS,Urbana,"(6.173609359, -75.597070569)"
2181320,05/15/2018,3:10 p.m.,martes,CAMIONETA,N/A,Conductor,Masculino,No,N/A,SOLO DAÑOS,Choque,Desobedecer senales,Tramo 372 Kilometro  16,VEREDA PALMAS,Rural,
2181320,05/15/2018,3:10 p.m.,martes,CAMION,N/A,Conductor,Masculino,No,N/A,SOLO DAÑOS,Choque,Desobedecer senales,Tramo 372 Kilometro  16,VEREDA PALMAS,Rural,
2181306,05/15/2018,6:08 p.m.,martes,MOTOCICLETA,N/A,Motociclista,Masculino,No,N/A,HERIDO,Choque,Adelantar en zona prohibida,Calle 26 B Sur Carrera 42 B,LAS ORQUIDEAS,Urbana,"(6.176911315, -75.58005899)"
2181306,05/15/2018,6:08 p.m.,martes,AUTOMOVIL,N/A,Conductor,Masculino,No,N/A,HERIDO,Choque,Adelantar en zona prohibida,Calle 26 B Sur Carrera 42 B,LAS ORQUIDEAS,Urbana,"(6.176911315, -75.58005899)"
2181302,05/15/2018,4:00 p.m.,martes,AUTOMOVIL,N/A,Conductor,Masculino,No,N/A,HERIDO,Choque,Exceso de velocidad,Carrera 27 A Calle 36 A Sur,LA INMACULADA,Urbana,"(6.162396832, -75.573231113)"
2181302,05/15/2018,4:00 p.m.,martes,CAMIONETA,N/A,Conductor,Masculino,No,N/A,HERIDO,Choque,Falta de precaucion niebla,,,,
2181302,05/15/2018,4:00 p.m.,martes,CAMIONETA,N/A,Conductor,Masculino,No,N/A,HERIDO,Choque,Exceso de velocidad,Carrera 27 A Calle 36 A Sur,LA INMACULADA,Urbana,"(6.162396832, -75.573231113)"
2181302,05/15/2018,4:00 p.m.,martes,AUTOMOVIL,N/A,Conductor,Masculino,No,N/A,HERIDO,Choque,Falta de precaucion niebla,,,,
2181299,05/15/2018,9:00 a.m.,martes,AUTOMOVIL,N/A,Conductor,Femenino,No,N/A,SOLO DAÑOS,Choque,No mantener distancia de seguridad,Carrera 48 Calle 50  Sur,LAS VEGAS,Urbana,
2181299,05/15/2018,9:00 a.m.,martes,AUTOMOVIL,N/A,Conductor,Masculino,No,N/A,SOLO DAÑOS,Choque,No mantener distancia de seguridad,Carrera 48 Calle 50  Sur,LAS VEGAS,Urbana,
2181328,05/15/2018,5:40 a.m.,martes,AUTOMOVIL,N/A,Conductor,Femenino,No,N/A,SOLO DAÑOS,Choque,No mantener distancia de seguridad,Calle 37  Sur Carrera 50,LAS VEGAS,Urbana,
2181311,05/15/2018,7:00 p.m.,martes,CAMIONETA,N/A,Conductor,Femenino,No,N/A,SOLO DAÑOS,Choque,No mantener distancia de seguridad,Calle 37 B Sur Carrera 27 D,LOMA DE LAS BRUJAS,Urbana,"(6.159428343, -75.573788689)"
2181311,05/15/2018,7:00 p.m.,martes,MOTOCICLETA,N/A,Motociclista,Sin Registro,No,N/A,SOLO DAÑOS,Choque,No mantener distancia de seguridad,Calle 37 B Sur Carrera 27 D,LOMA DE LAS BRUJAS,Urbana,"(6.159428343, -75.573788689)"
2181309,05/15/2018,10:00 a.m.,martes,CAMIONETA,N/A,Conductor,Femenino,No,N/A,SOLO DAÑOS,Choque,Reverso imprudente,Calle 37  Sur Carrera 37,ZONA CENTRO,Urbana,"(6.168351775, -75.583769107)"
2181309,05/15/2018,10:00 a.m.,martes,MOTOCICLETA,N/A,Motociclista,Masculino,No,N/A,SOLO DAÑOS,Choque,Reverso imprudente,Calle 37  Sur Carrera 37,ZONA CENTRO,Urbana,"(6.168351775, -75.583769107)"
2181321,05/15/2018,6:20 p.m.,martes,AUTOMOVIL,N/A,Conductor,Masculino,No,N/A,SOLO DAÑOS,Choque,Adelantar en zona prohibida,Carrera 27 Calle 27  Sur,LA INMACULADA,Urbana,"(6.172298689, -75.56780953)"
2181328,05/15/2018,5:40 a.m.,martes,CAMION,N/A,Conductor,Masculino,No,N/A,SOLO DAÑOS,Choque,No mantener distancia de seguridad,Calle 37  Sur Carrera 50,LAS VEGAS,Urbana,
2181321,05/15/2018,6:20 p.m.,martes,BUS,N/A,Conductor,Masculino,No,N/A,SOLO DAÑOS,Choque,Adelantar en zona prohibida,Carrera 27 Calle 27  Sur,LA INMACULADA,Urbana,"(6.172298689, -75.56780953)"
2181291,05/14/2018,1:45 p.m.,lunes,BICICLETA,N/A,Ciclista,Masculino,No,N/A,HERIDO,Choque,Exceso de velocidad,Calle 39  Sur Carrera 27 D,EL CHINGU├ì,Urbana,"(6.160515341, -75.579104423)"
2181293,05/14/2018,2:50 p.m.,lunes,AUTOMOVIL,N/A,Conductor,Femenino,No,N/A,SOLO DAÑOS,Choque,No mantener distancia de seguridad,Diagonal 31 Transversal 32 A Sur,LA MAGNOLIA,Urbana,"(6.174681134, -75.578471041)"
2181293,05/14/2018,2:50 p.m.,lunes,CAMPERO,N/A,Conductor,Femenino,No,N/A,SOLO DAÑOS,Choque,No mantener distancia de seguridad,Diagonal 31 Transversal 32 A Sur,LA MAGNOLIA,Urbana,"(6.174681134, -75.578471041)"
2181291,05/14/2018,1:45 p.m.,lunes,AUTOMOVIL,N/A,Conductor,Masculino,No,N/A,HERIDO,Choque,No mantener distancia de seguridad,Calle 39  Sur Carrera 27 D,EL CHINGU├ì,Urbana,"(6.160515341, -75.579104423)"
2181291,05/14/2018,1:45 p.m.,lunes,BICICLETA,N/A,Ciclista,Masculino,No,N/A,HERIDO,Choque,No mantener distancia de seguridad,Calle 39  Sur Carrera 27 D,EL CHINGU├ì,Urbana,"(6.160515341, -75.579104423)"
2181287,05/14/2018,7:40 a.m.,lunes,MOTOCICLETA,PARTICULAR,Motociclista,Masculino,Si,2,HERIDO,Caida Ocupante,Impericia en el manejo,Tramo 371 Kilometro  3,VEREDA EL ESCOBERO,Rural,
2181287,05/14/2018,7:40 a.m.,lunes,MOTOCICLETA,PARTICULAR,Motociclista,Masculino,Si,2,HERIDO,Caida Ocupante,Embriaguez o droga,Tramo 371 Kilometro  3,VEREDA EL ESCOBERO,Rural,
2181275,05/14/2018,8:10 p.m.,lunes,AUTOMOVIL,N/A,Conductor,Masculino,No,N/A,SOLO DAÑOS,Choque,Desobedecer senales,Calle 45 B Sur Carrera 43,LA PAZ,Urbana,"(6.164485785, -75.594678415)"
2181291,05/14/2018,1:45 p.m.,lunes,AUTOMOVIL,PARTICULAR,Conductor,Masculino,No,N/A,HERIDO,Choque,Exceso de velocidad,Calle 39  Sur Carrera 27 D,EL CHINGU├ì,Urbana,"(6.160515341, -75.579104423)"
2181292,05/14/2018,9:30 a.m.,lunes,AUTOMOVIL,PARTICULAR,Conductor,Masculino,No,N/A,SOLO DAÑOS,Choque,No respetar pelacion de interseccion o giros,Calle 39  Sur Carrera 48,LAS VEGAS,Urbana,"(6.17373153, -75.596883967)"
2181292,05/14/2018,9:30 a.m.,lunes,MOTOCICLETA,PARTICULAR,Motociclista,Masculino,Si,2,SOLO DAÑOS,Choque,Embriaguez o droga,Calle 39  Sur Carrera 48,LAS VEGAS,Urbana,"(6.17373153, -75.596883967)"
2181292,05/14/2018,9:30 a.m.,lunes,MOTOCICLETA,PARTICULAR,Motociclista,Masculino,Si,2,SOLO DAÑOS,Choque,No respetar pelacion de interseccion o giros,Calle 39  Sur Carrera 48,LAS VEGAS,Urbana,"(6.17373153, -75.596883967)"
2181292,05/14/2018,9:30 a.m.,lunes,AUTOMOVIL,PARTICULAR,Conductor,Masculino,No,N/A,SOLO DAÑOS,Choque,Embriaguez o droga,Calle 39  Sur Carrera 48,LAS VEGAS,Urbana,"(6.17373153, -75.596883967)"
2181275,05/14/2018,8:10 p.m.,lunes,AUTOMOVIL,N/A,Conductor,Femenino,No,N/A,SOLO DAÑOS,Choque,Desobedecer senales,Calle 45 B Sur Carrera 43,LA PAZ,Urbana,"(6.164485785, -75.594678415)"
2181281,05/14/2018,2:06 p.m.,lunes,AUTOMOVIL,N/A,Conductor,Masculino,No,N/A,SOLO DAÑOS,Choque,Impericia en el manejo,Calle 37  Sur Carrera 28,VEREDA EL ESCOBERO,Urbana,"(6.165679454, -75.578340422)"
2181318,05/13/2018,2:40 a.m.,domingo,AUTOMOVIL,PUBLICO,Conductor,Masculino,No,N/A,SOLO DAÑOS,Choque,No mantener distancia de seguridad,Carrera 43 A Calle 52  Sur,AVENIDA EL POBLADO,Urbana,"(6.160125495, -75.602078994)"
2181296,05/13/2018,8:45 p.m.,domingo,MOTOCICLETA,PARTICULAR,Motociclista,Masculino,No,N/A,SOLO DAÑOS,Choque,Adelantar por la derecha,Calle 38  Sur Carrera 42,ZONA CENTRO,Urbana,"(6.16961293, -75.587384695)"
2181296,05/13/2018,8:45 p.m.,domingo,AUTOMOVIL,PARTICULAR,Conductor,Masculino,No,N/A,SOLO DAÑOS,Choque,Adelantar por la derecha,Calle 38  Sur Carrera 42,ZONA CENTRO,Urbana,"(6.16961293, -75.587384695)"
2181310,05/13/2018,12:30 a.m.,domingo,CAMIONETA,PARTICULAR,Conductor,Femenino,No,N/A,SOLO DAÑOS,Choque,No mantener distancia de seguridad,Carrera 27 Calle 36  Sur,LA INMACULADA,Urbana,"(6.167009975, -75.569278076)"
2181310,05/13/2018,12:30 a.m.,domingo,AUTOMOVIL,PARTICULAR,Conductor,Masculino,No,N/A,SOLO DAÑOS,Choque,No mantener distancia de seguridad,Carrera 27 Calle 36  Sur,LA INMACULADA,Urbana,"(6.167009975, -75.569278076)"
2181280,05/13/2018,1:20 p.m.,domingo,MOTOCICLETA,PARTICULAR,Motociclista,Masculino,No,N/A,SOLO DAÑOS,Choque,Transitar entre vehiculos,Calle 40 F Sur Carrera 39,EL DORADO,Urbana,"(6.163941436, -75.588855172)"
2181280,05/13/2018,1:20 p.m.,domingo,AUTOMOVIL,PARTICULAR,Conductor,Masculino,No,N/A,SOLO DAÑOS,Choque,Transitar entre vehiculos,Calle 40 F Sur Carrera 39,EL DORADO,Urbana,"(6.163941436, -75.588855172)"
2181318,05/13/2018,2:40 a.m.,domingo,MOTOCICLETA,PARTICULAR,Motociclista,Masculino,No,N/A,SOLO DAÑOS,Choque,No mantener distancia de seguridad,Carrera 43 A Calle 52  Sur,AVENIDA EL POBLADO,Urbana,"(6.160125495, -75.602078994)"
2181294,05/12/2018,3:55 p.m.,sábado,MOTOCICLETA,PARTICULAR,Motociclista,Masculino,No,N/A,SOLO DAÑOS,Choque,No mantener distancia de seguridad,Calle 38  Sur Carrera 47 A,ALCALA,Urbana,"(6.172609491, -75.592299613)"
2181279,05/12/2018,10:45 p.m.,sábado,AUTOMOVIL,PARTICULAR,Conductor,Sin Registro,No,N/A,SOLO DAÑOS,Choque,No mantener distancia de seguridad,Carrera 42 Calle 38 A Sur,ZONA CENTRO,Urbana,"(6.168903475, -75.587695784)"
2181279,05/12/2018,10:45 p.m.,sábado,AUTOMOVIL,PARTICULAR,Conductor,Masculino,No,N/A,SOLO DAÑOS,Choque,No mantener distancia de seguridad,Carrera 42 Calle 38 A Sur,ZONA CENTRO,Urbana,"(6.168903475, -75.587695784)"
2181272,05/12/2018,9:50 p.m.,sábado,MOTOCICLETA,PARTICULAR,Motociclista,Sin Registro,No,N/A,HERIDO,Atropello,Semaforo en rojo,Carrera 41 Calle 37  Sur,ZONA CENTRO,Urbana,"(6.169735041, -75.586166246)"
2181295,05/12/2018,12:30 a.m.,sábado,AUTOMOVIL,PARTICULAR,Conductor,Masculino,No,N/A,SOLO DAÑOS,Choque,No mantener distancia de seguridad,Carrera 49 Calle 42  Sur,LAS VEGAS,Urbana,
2181295,05/12/2018,12:30 a.m.,sábado,AUTOMOVIL,PUBLICO,Conductor,Masculino,No,N/A,SOLO DAÑOS,Choque,No mantener distancia de seguridad,Carrera 49 Calle 42  Sur,LAS VEGAS,Urbana,
2181268,05/12/2018,12:30 a.m.,sábado,CAMPERO,PARTICULAR,Conductor,Masculino,No,N/A,SOLO DAÑOS,Choque,Impericia en el manejo,Calle 37 B Sur Carrera 27 B,LOMA DE LAS BRUJAS,Urbana,"(6.161472845, -75.576107866)"
2181268,05/12/2018,12:30 a.m.,sábado,CAMPERO,PARTICULAR,Conductor,Masculino,No,N/A,SOLO DAÑOS,Choque,Impericia en el manejo,Calle 37 B Sur Carrera 27 B,LOMA DE LAS BRUJAS,Urbana,"(6.161472845, -75.576107866)"
2181284,05/12/2018,8:30 p.m.,sábado,MOTOCICLETA,PARTICULAR,Motociclista,Masculino,No,N/A,HERIDO,Caida Ocupante,Impericia en el manejo,Transversal 32 A Sur Diagonal 29,ALTO DE MISAEL,Urbana,"(6.175131647, -75.577848475)"
2181289,05/12/2018,2:20 p.m.,sábado,MOTOCICLETA,PARTICULAR,Motociclista,Femenino,No,N/A,HERIDO,Caida Ocupante,Impericia en el manejo,Diagonal 31 Transversal 35  Sur,LA SEBASTIANA,Urbana,"(6.170095297, -75.579612082)"
2181290,05/12/2018,5:00 p.m.,sábado,AUTOMOVIL,PARTICULAR,Conductor,Masculino,No,N/A,HERIDO,Otro,Impericia en el manejo,Carrera 27 Calle 36  Sur,VEREDA EL ESCOBERO,Urbana,"(6.167009975, -75.569278076)"
2181277,05/12/2018,5:00 p.m.,sábado,MOTOCICLETA,PARTICULAR,Motociclista,Masculino,No,N/A,HERIDO,Choque,Exceso de velocidad,Diagonal 31 Transversal 36 A Sur,LA SEBASTIANA,Urbana,"(6.167967817, -75.580281768)"
2181282,05/12/2018,9:05 p.m.,sábado,AUTOMOVIL,PARTICULAR,Conductor,Femenino,No,N/A,SOLO DAÑOS,Choque,Impericia en el manejo,Carrera 27 A Calle 36  Sur,EL CHOCHO,Urbana,"(6.162396832, -75.573231113)"
2181282,05/12/2018,9:05 p.m.,sábado,MOTOCICLETA,PARTICULAR,Motociclista,Masculino,No,N/A,SOLO DAÑOS,Choque,Impericia en el manejo,Carrera 27 A Calle 36  Sur,EL CHOCHO,Urbana,"(6.162396832, -75.573231113)"
2181277,05/12/2018,5:00 p.m.,sábado,MOTOCICLETA,PARTICULAR,Motociclista,Masculino,No,N/A,HERIDO,Choque,Impericia en el manejo,Diagonal 31 Transversal 36 A Sur,LA SEBASTIANA,Urbana,"(6.167967817, -75.580281768)"
2181277,05/12/2018,5:00 p.m.,sábado,MOTOCICLETA,PARTICULAR,Motociclista,Masculino,No,N/A,HERIDO,Choque,Exceso de velocidad,Diagonal 31 Transversal 36 A Sur,LA SEBASTIANA,Urbana,"(6.167967817, -75.580281768)"
2181277,05/12/2018,5:00 p.m.,sábado,MOTOCICLETA,PARTICULAR,Motociclista,Masculino,No,N/A,HERIDO,Choque,Impericia en el manejo,Diagonal 31 Transversal 36 A Sur,LA SEBASTIANA,Urbana,"(6.167967817, -75.580281768)"
2181294,05/12/2018,3:55 p.m.,sábado,CAMIONETA,PARTICULAR,Conductor,Masculino,No,N/A,SOLO DAÑOS,Choque,No mantener distancia de seguridad,Calle 38  Sur Carrera 47 A,ALCALA,Urbana,"(6.172609491, -75.592299613)"
2181572,05/11/2018,10:50 a.m.,viernes,AUTOMOVIL,PARTICULAR,Conductor,Femenino,No,N/A,SOLO DAÑOS,Choque,Desobedecer senales,Carrera 48 Calle 30  Sur,LAS VEGAS,Urbana,"(6.179366643, -75.588084104)"
2181572,05/11/2018,10:50 a.m.,viernes,AUTOMOVIL,PARTICULAR,Conductor,Sin Registro,No,N/A,SOLO DAÑOS,Choque,Desobedecer senales,Carrera 48 Calle 30  Sur,LAS VEGAS,Urbana,"(6.179366643, -75.588084104)"
2181271,05/11/2018,3:50 p.m.,viernes,AUTOMOVIL,PUBLICO,Conductor,Masculino,No,N/A,SOLO DAÑOS,Choque,Desobedecer senales,Calle 44  Sur Carrera 41,EL DORADO,Urbana,"(6.164161335, -75.5915997)"
2181271,05/11/2018,3:50 p.m.,viernes,CAMPERO,PARTICULAR,Conductor,Masculino,No,N/A,SOLO DAÑOS,Choque,Desobedecer senales,Calle 44  Sur Carrera 41,EL DORADO,Urbana,"(6.164161335, -75.5915997)"
2181286,05/11/2018,11:40 p.m.,viernes,MOTOCICLETA,PARTICULAR,Motociclista,Masculino,No,N/A,HERIDO,Choque,No respetar pelacion de interseccion o giros,Calle 32 B Sur Carrera 48,LAS VEGAS,Urbana,"(6.177255701, -75.590031365)"
2181286,05/11/2018,11:40 p.m.,viernes,AUTOMOVIL,PARTICULAR,Conductor,Masculino,No,N/A,HERIDO,Choque,No respetar prelacion,Calle 32 B Sur Carrera 48,LAS VEGAS,Urbana,"(6.177255701, -75.590031365)"
2181286,05/11/2018,11:40 p.m.,viernes,AUTOMOVIL,PARTICULAR,Conductor,Masculino,No,N/A,HERIDO,Choque,No respetar pelacion de interseccion o giros,Calle 32 B Sur Carrera 48,LAS VEGAS,Urbana,"(6.177255701, -75.590031365)"
2181286,05/11/2018,11:40 p.m.,viernes,CAMIONETA,PARTICULAR,Conductor,Masculino,No,N/A,HERIDO,Choque,No respetar prelacion,Calle 32 B Sur Carrera 48,LAS VEGAS,Urbana,"(6.177255701, -75.590031365)"
2181286,05/11/2018,11:40 p.m.,viernes,CAMIONETA,PARTICULAR,Conductor,Masculino,No,N/A,HERIDO,Choque,No respetar pelacion de interseccion o giros,Calle 32 B Sur Carrera 48,LAS VEGAS,Urbana,"(6.177255701, -75.590031365)"
2181286,05/11/2018,11:40 p.m.,viernes,MOTOCICLETA,PARTICULAR,Motociclista,Masculino,No,N/A,HERIDO,Choque,No respetar prelacion,Calle 32 B Sur Carrera 48,LAS VEGAS,Urbana,"(6.177255701, -75.590031365)"
2181266,05/11/2018,12:30 a.m.,viernes,CAMION,PUBLICO,Conductor,Masculino,No,N/A,SOLO DAÑOS,Choque,Impericia en el manejo,Carrera 46 A Calle 36 A Sur,EL PORTAL,Urbana,"(6.173322458, -75.591016636)"
2181266,05/11/2018,12:30 a.m.,viernes,CAMIONETA,PARTICULAR,Conductor,Femenino,No,N/A,SOLO DAÑOS,Choque,Impericia en el manejo,Carrera 46 A Calle 36 A Sur,EL PORTAL,Urbana,"(6.173322458, -75.591016636)"
2181267,05/11/2018,3:30 p.m.,viernes,MOTOCICLETA,PARTICULAR,Motociclista,Masculino,No,N/A,SOLO DAÑOS,Choque,Transitar entre vehiculos,Calle 38  Sur Carrera 44,ZONA CENTRO,Urbana,"(6.170783841, -75.589258782)"
2181267,05/11/2018,3:30 p.m.,viernes,AUTOMOVIL,PARTICULAR,Conductor,Femenino,No,N/A,SOLO DAÑOS,Choque,Transitar entre vehiculos,Calle 38  Sur Carrera 44,ZONA CENTRO,Urbana,"(6.170783841, -75.589258782)"
2181298,05/11/2018,7:30 a.m.,viernes,CAMPERO,PARTICULAR,Conductor,Masculino,No,N/A,SOLO DAÑOS,Choque,Impericia en el manejo,Calle 37  Sur Carrera 46 A,EL PORTAL,Urbana,"(6.173105489, -75.591260929)"
2181288,05/11/2018,6:30 p.m.,viernes,MOTOCICLETA,PARTICULAR,Motociclista,Masculino,No,N/A,HERIDO,Choque,No mantener distancia de seguridad,Carrera 50 Calle 36  Sur,LAS VEGAS,Urbana,
2181298,05/11/2018,7:30 a.m.,viernes,MOTOCICLETA,PARTICULAR,Motociclista,Sin Registro,No,N/A,SOLO DAÑOS,Choque,Impericia en el manejo,Calle 37  Sur Carrera 46 A,EL PORTAL,Urbana,"(6.173105489, -75.591260929)"
2181288,05/11/2018,6:30 p.m.,viernes,AUTOMOVIL,PARTICULAR,Conductor,Femenino,No,N/A,HERIDO,Choque,No mantener distancia de seguridad,Carrera 50 Calle 36  Sur,LAS VEGAS,Urbana,
2181270,05/11/2018,6:30 a.m.,viernes,AUTOMOVIL,PARTICULAR,Conductor,Masculino,No,N/A,SOLO DAÑOS,Choque,Adelantar en zona prohibida,Calle 36  Sur Carrera 25,EL CHOCHO,Urbana,"(6.167194335, -75.564826277)"