RADICADO,FECHA,HORA,DÍA DE LA SEMANA,CLASE DE VEHICULO,TIPO DE SERVICIO,TIPO DE VICTIMA,SEXO,ESTADO DE BEODEZ,RESULTADO DE BEODEZ,GRAVEDAD,CLASE DE ACCIDENTE,CAUSA,DIRECCIÓN,BARRIO,AREA,Coordenadas
2181132,04/26/2018,8:05 p.m.,jueves,AUTOMOVIL,PUBLICO,Conductor,Masculino,No,N/A,SOLO DAÑOS,Choque,No mantener distancia de seguridad,Carrera 43 A Calle 48 C Sur,AVENIDA EL POBLADO,Urbana,"(6.162218777, -75.597644457)"
2181130,04/26/2018,6:50 p.m.,jueves,MOTOCICLETA,PARTICULAR,Motociclista,Masculino,No,N/A,SOLO DAÑOS,Choque,Adelantar invadiendo carril del mismo sentido en zigzag,Calle 41 A Sur Carrera 29 B,SAN JOSE,Urbana,"(6.159008162, -75.585413261)"
2181125,04/26/2018,9:00 a.m.,jueves,AUTOMOVIL,PUBLICO,Conductor,Masculino,No,N/A,SOLO DAÑOS,Choque,No mantener distancia de seguridad,Carrera 48 Calle 19  Sur,LAS VEGAS,Urbana,"(6.187349001, -75.581535682)"
2181125,04/26/2018,9:00 a.m.,jueves,CAMPERO,PARTICULAR,Conductor,Masculino,No,N/A,SOLO DAÑOS,Choque,No mantener distancia de seguridad,Carrera 48 Calle 19  Sur,LAS VEGAS,Urbana,"(6.187349001, -75.581535682)"
2181106,04/26/2018,6:00 a.m.,jueves,MOTOCICLETA,PARTICULAR,Motociclista,Femenino,No,N/A,HERIDO,Caida Ocupante,Impericia en el manejo,Carrera 43 A Calle 25  Sur,VILLA GRANDE,Urbana,"(6.181616833, -75.581857267)"
2181106,04/26/2018,6:00 a.m.,jueves,MOTOCICLETA,PARTICULAR,Motociclista,Femenino,No,N/A,HERIDO,Caida Ocupante,Obstaculos en la via,Carrera 43 A Calle 25  Sur,VILLA GRANDE,Urbana,"(6.181616833, -75.581857267)"
2181128,04/26/2018,10:45 a.m.,jueves,BICICLETA,N/A,Ciclista,Masculino,No,N/A,SOLO DAÑOS,Choque,No mantener distancia de seguridad,Calle 39  Sur Carrera 27 D,EL CHINGU├ì,Urbana,"(6.160515341, -75.579104423)"
2181130,04/26/2018,6:50 p.m.,jueves,BUS,PUBLICO,Conductor,Masculino,No,N/A,SOLO DAÑOS,Choque,Adelantar invadiendo carril del mismo sentido en zigzag,Calle 41 A Sur Carrera 29 B,SAN JOSE,Urbana,"(6.159008162, -75.585413261)"
2181128,04/26/2018,10:45 a.m.,jueves,AUTOMOVIL,PARTICULAR,Conductor,Masculino,No,N/A,SOLO DAÑOS,Choque,No mantener distancia de seguridad,Calle 39  Sur Carrera 27 D,EL CHINGU├ì,Urbana,"(6.160515341, -75.579104423)"
2181130,04/26/2018,6:50 p.m.,jueves,BUS,PUBLICO,Conductor,Masculino,No,N/A,SOLO DAÑOS,Choque,No respetar prelacion,Calle 41 A Sur Carrera 29 B,SAN JOSE,Urbana,"(6.159008162, -75.585413261)"
2181129,04/26/2018,12:40 a.m.,jueves,MOTOCICLETA,PARTICULAR,Motociclista,Masculino,No,N/A,SOLO DAÑOS,Choque,Semaforo en rojo,Carrera 43 Transversal 32  Sur,LA MAGNOLIA,Urbana,"(6.175345679, -75.585125064)"
2181129,04/26/2018,12:40 a.m.,jueves,MOTOCICLETA,PARTICULAR,Motociclista,Masculino,No,N/A,SOLO DAÑOS,Choque,Semaforo en rojo,Carrera 43 Transversal 32  Sur,LA MAGNOLIA,Urbana,"(6.175345679, -75.585125064)"
2181109,04/26/2018,2:35 p.m.,jueves,MOTOCICLETA,PARTICULAR,Motociclista,Masculino,No,N/A,HERIDO,Choque,Semaforo en rojo,Carrera 43 A Calle 25  Sur,ZU├æIGA,Urbana,"(6.181616833, -75.581857267)"
2181109,04/26/2018,2:35 p.m.,jueves,AUTOMOVIL,PUBLICO,Conductor,Masculino,No,N/A,HERIDO,Choque,Semaforo en rojo,Carrera 43 A Calle 25  Sur,ZU├æIGA,Urbana,"(6.181616833, -75.581857267)"
2181107,04/26/2018,2:50 p.m.,jueves,BUS,PUBLICO,Conductor,Masculino,No,N/A,HERIDO,Choque,No mantener distancia de seguridad,Carrera 50 Calle 37  Sur,LAS VEGAS,Urbana,
2181126,04/26/2018,8:30 a.m.,jueves,MOTOCICLETA,PARTICULAR,Motociclista,Masculino,No,N/A,SOLO DAÑOS,Choque,Adelantar cerrando,Tramo 372 Kilometro  15,VEREDA PALMAS,Rural,
2181126,04/26/2018,8:30 a.m.,jueves,AUTOMOVIL,PARTICULAR,Conductor,Masculino,No,N/A,SOLO DAÑOS,Choque,Adelantar cerrando,Tramo 372 Kilometro  15,VEREDA PALMAS,Rural,
2181130,04/26/2018,6:50 p.m.,jueves,MOTOCICLETA,PARTICULAR,Motociclista,Masculino,No,N/A,SOLO DAÑOS,Choque,No respetar prelacion,Calle 41 A Sur Carrera 29 B,SAN JOSE,Urbana,"(6.159008162, -75.585413261)"
2181107,04/26/2018,2:50 p.m.,jueves,MOTOCICLETA,PARTICULAR,Motociclista,Masculino,No,N/A,HERIDO,Choque,No mantener distancia de seguridad,Carrera 50 Calle 37  Sur,LAS VEGAS,Urbana,
2181108,04/25/2018,8:15 p.m.,miércoles,MOTOCICLETA,PARTICULAR,Motociclista,Masculino,No,N/A,HERIDO,Caida Ocupante,No respetar pelacion de interseccion o giros,Calle 39  Sur Carrera 47,ALCALA,Urbana,"(6.171161348, -75.593047269)"
2181100,04/25/2018,10:28 a.m.,miércoles,CAMIONETA,PUBLICO,Conductor,Masculino,No,N/A,HERIDO,Atropello,Poner en marcha un vehiculo sin precauci,Calle 36 D Sur Carrera 27 D,VEREDA EL ESCOBERO,Urbana,"(6.164970853, -75.574637268)"
2181114,04/25/2018,10:15 a.m.,miércoles,AUTOMOVIL,PARTICULAR,Conductor,Masculino,No,N/A,SOLO DAÑOS,Choque,No mantener distancia de seguridad,Carrera 48 Calle 36  Sur,LAS VEGAS,Urbana,"(6.173906662, -75.591875412)"
2181114,04/25/2018,10:15 a.m.,miércoles,MOTOCICLETA,PARTICULAR,Motociclista,Masculino,No,N/A,SOLO DAÑOS,Choque,No mantener distancia de seguridad,Carrera 48 Calle 36  Sur,LAS VEGAS,Urbana,"(6.173906662, -75.591875412)"
2181104,04/25/2018,6:20 a.m.,miércoles,AUTOMOVIL,PARTICULAR,Conductor,Femenino,No,N/A,SOLO DAÑOS,Choque,Transitar entre vehiculos,Calle 36 D Sur Carrera 27,LA MAGNOLIA,Urbana,"(6.162479576, -75.570222573)"
2181115,04/25/2018,4:00 p.m.,miércoles,BUS,PUBLICO,Conductor,Masculino,No,N/A,SOLO DAÑOS,Choque,Impericia en el manejo,Diagonal 32 D Transversal 34 D Sur,LOS NARANJOS,Urbana,"(6.172908151, -75.583144415)"
2181115,04/25/2018,4:00 p.m.,miércoles,AUTOMOVIL,PARTICULAR,Conductor,Masculino,No,N/A,SOLO DAÑOS,Choque,Impericia en el manejo,Diagonal 32 D Transversal 34 D Sur,LOS NARANJOS,Urbana,"(6.172908151, -75.583144415)"
2181104,04/25/2018,6:20 a.m.,miércoles,MOTOCICLETA,PARTICULAR,Motociclista,Masculino,No,N/A,SOLO DAÑOS,Choque,Transitar entre vehiculos,Calle 36 D Sur Carrera 27,LA MAGNOLIA,Urbana,"(6.162479576, -75.570222573)"
2181116,04/25/2018,5:50 p.m.,miércoles,AUTOMOVIL,PARTICULAR,Conductor,Femenino,No,N/A,SOLO DAÑOS,Choque,Impericia en el manejo,Carrera 40 A Calle 46 D Sur,EL TRIANON,Urbana,"(6.160223373, -75.592823994)"
2181116,04/25/2018,5:50 p.m.,miércoles,AUTOMOVIL,PARTICULAR,Conductor,Masculino,No,N/A,SOLO DAÑOS,Choque,Impericia en el manejo,Carrera 40 A Calle 46 D Sur,EL TRIANON,Urbana,"(6.160223373, -75.592823994)"
2181105,04/25/2018,7:50 p.m.,miércoles,AUTOMOVIL,PARTICULAR,Conductor,Masculino,No,N/A,SOLO DAÑOS,Choque,No mantener distancia de seguridad,Calle 39 B Sur Carrera 30,SAN JOSE,Urbana,"(6.16327841, -75.581916425)"
2181105,04/25/2018,7:50 p.m.,miércoles,MOTOCICLETA,PARTICULAR,Motociclista,Masculino,Si,2,SOLO DAÑOS,Choque,No mantener distancia de seguridad,Calle 39 B Sur Carrera 30,SAN JOSE,Urbana,"(6.16327841, -75.581916425)"
2181124,04/25/2018,1:50 p.m.,miércoles,AUTOMOVIL,PUBLICO,Conductor,Masculino,No,N/A,SOLO DAÑOS,Choque,Adelantar en zona prohibida,Calle 40 C Sur Carrera 28,LA MINA,Urbana,"(6.15995956, -75.581966189)"
2181124,04/25/2018,1:50 p.m.,miércoles,AUTOMOVIL,PARTICULAR,Conductor,Masculino,No,N/A,SOLO DAÑOS,Choque,Adelantar en zona prohibida,Calle 40 C Sur Carrera 28,LA MINA,Urbana,"(6.15995956, -75.581966189)"
2181113,04/25/2018,8:40 a.m.,miércoles,CAMION,PUBLICO,Conductor,Masculino,No,N/A,HERIDO,Choque,Transitar entre vehiculos,Carrera 50 Calle 30  Sur,LAS VEGAS,Urbana,
2181113,04/25/2018,8:40 a.m.,miércoles,MOTOCICLETA,PARTICULAR,Motociclista,Masculino,No,N/A,HERIDO,Choque,Impericia en el manejo,Carrera 50 Calle 30  Sur,LAS VEGAS,Urbana,
2181113,04/25/2018,8:40 a.m.,miércoles,MOTOCICLETA,PARTICULAR,Motociclista,Masculino,No,N/A,HERIDO,Choque,Transitar entre vehiculos,Carrera 50 Calle 30  Sur,LAS VEGAS,Urbana,
2181113,04/25/2018,8:40 a.m.,miércoles,CAMIONETA,PUBLICO,Conductor,Masculino,No,N/A,HERIDO,Choque,Impericia en el manejo,Carrera 50 Calle 30  Sur,LAS VEGAS,Urbana,
2181113,04/25/2018,8:40 a.m.,miércoles,CAMIONETA,PUBLICO,Conductor,Masculino,No,N/A,HERIDO,Choque,Transitar entre vehiculos,Carrera 50 Calle 30  Sur,LAS VEGAS,Urbana,
2181113,04/25/2018,8:40 a.m.,miércoles,CAMION,PUBLICO,Conductor,Masculino,No,N/A,HERIDO,Choque,Impericia en el manejo,Carrera 50 Calle 30  Sur,LAS VEGAS,Urbana,
2181102,04/25/2018,4:39 p.m.,miércoles,AUTOMOVIL,PARTICULAR,Conductor,Femenino,No,N/A,SOLO DAÑOS,Choque,Desobedecer senales,Calle 36 D Sur Carrera 27,VEREDA EL ESCOBERO,Urbana,"(6.162479576, -75.570222573)"
2181123,04/25/2018,8:35 p.m.,miércoles,AUTOMOVIL,PARTICULAR,Conductor,Femenino,No,N/A,SOLO DAÑOS,Choque,No mantener distancia de seguridad,Tramo 372 Kilometro  15,VEREDA PALMAS,Rural,
2181123,04/25/2018,8:35 p.m.,miércoles,CAMIONETA,PARTICULAR,Conductor,Femenino,No,N/A,SOLO DAÑOS,Choque,No mantener distancia de seguridad,Tramo 372 Kilometro  15,VEREDA PALMAS,Rural,
2181122,04/25/2018,10:30 a.m.,miércoles,AUTOMOVIL,PARTICULAR,Conductor,Femenino,No,N/A,SOLO DAÑOS,Choque,Reverso imprudente,Calle 36 A Sur Carrera 47,EL PORTAL,Urbana,"(6.173604362, -75.591284932)"
2181122,04/25/2018,10:30 a.m.,miércoles,AUTOMOVIL,PARTICULAR,Conductor,Femenino,No,N/A,SOLO DAÑOS,Choque,Reverso imprudente,Calle 36 A Sur Carrera 47,EL PORTAL,Urbana,"(6.173604362, -75.591284932)"
2181103,04/25/2018,8:30 a.m.,miércoles,MOTOCICLETA,PARTICULAR,Motociclista,Masculino,No,N/A,SOLO DAÑOS,Choque,No mantener distancia de seguridad,Carrera 43 B Calle 34  Sur,EL PORTAL,Urbana,"(6.173191089, -75.587420229)"
2181103,04/25/2018,8:30 a.m.,miércoles,CAMIONETA,PARTICULAR,Conductor,Masculino,No,N/A,SOLO DAÑOS,Choque,No mantener distancia de seguridad,Carrera 43 B Calle 34  Sur,EL PORTAL,Urbana,"(6.173191089, -75.587420229)"
2181108,04/25/2018,8:15 p.m.,miércoles,MOTOCICLETA,PARTICULAR,Motociclista,Masculino,No,N/A,HERIDO,Caida Ocupante,Impericia en el manejo,Calle 39  Sur Carrera 47,ALCALA,Urbana,"(6.171161348, -75.593047269)"
2181108,04/25/2018,8:15 p.m.,miércoles,AUTOMOVIL,PARTICULAR,Conductor,Masculino,No,N/A,HERIDO,Caida Ocupante,No respetar pelacion de interseccion o giros,Calle 39  Sur Carrera 47,ALCALA,Urbana,"(6.171161348, -75.593047269)"
2181108,04/25/2018,8:15 p.m.,miércoles,AUTOMOVIL,PARTICULAR,Conductor,Masculino,No,N/A,HERIDO,Caida Ocupante,Impericia en el manejo,Calle 39  Sur Carrera 47,ALCALA,Urbana,"(6.171161348, -75.593047269)"
2181102,04/25/2018,4:39 p.m.,miércoles,AUTOMOVIL,PARTICULAR,Conductor,Masculino,No,N/A,SOLO DAÑOS,Choque,Desobedecer senales,Calle 36 D Sur Carrera 27,VEREDA EL ESCOBERO,Urbana,"(6.162479576, -75.570222573)"
2181101,04/24/2018,7:30 a.m.,martes,BUS,PUBLICO,Conductor,Masculino,No,N/A,HERIDO,Atropello,Cruzar sin observar,Carrera 48 Calle 50  Sur,LAS CASITAS,Urbana,
2181112,04/24/2018,8:20 p.m.,martes,AUTOMOVIL,PARTICULAR,Conductor,Masculino,No,N/A,SOLO DAÑOS,Choque,Exceso de velocidad,Carrera 43 A Calle 45 B Sur,LA PAZ,Urbana,"(6.164786739, -75.594935267)"
2181112,04/24/2018,8:20 p.m.,martes,AUTOMOVIL,PARTICULAR,Conductor,Sin Registro,No,N/A,SOLO DAÑOS,Choque,No mantener distancia de seguridad,Carrera 43 A Calle 45 B Sur,LA PAZ,Urbana,"(6.164786739, -75.594935267)"
2181112,04/24/2018,8:20 p.m.,martes,AUTOMOVIL,PARTICULAR,Conductor,Sin Registro,No,N/A,SOLO DAÑOS,Choque,Exceso de velocidad,Carrera 43 A Calle 45 B Sur,LA PAZ,Urbana,"(6.164786739, -75.594935267)"
2181112,04/24/2018,8:20 p.m.,martes,CAMPERO,PARTICULAR,Conductor,Masculino,No,N/A,SOLO DAÑOS,Choque,No mantener distancia de seguridad,Carrera 43 A Calle 45 B Sur,LA PAZ,Urbana,"(6.164786739, -75.594935267)"
2181098,04/24/2018,3:20 p.m.,martes,MOTOCICLETA,PARTICULAR,Motociclista,Masculino,No,N/A,HERIDO,Atropello,Exceso de velocidad,Calle 38  Sur Carrera 41,ZONA CENTRO,Urbana,"(6.169244976, -75.586588065)"
2181098,04/24/2018,3:20 p.m.,martes,MOTOCICLETA,PARTICULAR,Motociclista,Masculino,No,N/A,HERIDO,Atropello,Cruzar sin observar,Calle 38  Sur Carrera 41,ZONA CENTRO,Urbana,"(6.169244976, -75.586588065)"
2181099,04/24/2018,11:00 p.m.,martes,AUTOMOVIL,PARTICULAR,Conductor,Masculino,No,N/A,SOLO DAÑOS,Choque,Adelantar invadiendo carril del mismo sentido en zigzag,Carrera 43 A Calle 39  Sur,AVENIDA EL POBLADO,Urbana,"(6.169011071, -75.589484903)"
2181099,04/24/2018,11:00 p.m.,martes,MOTOCICLETA,PARTICULAR,Motociclista,Masculino,No,N/A,SOLO DAÑOS,Choque,Adelantar invadiendo carril del mismo sentido en zigzag,Carrera 43 A Calle 39  Sur,AVENIDA EL POBLADO,Urbana,"(6.169011071, -75.589484903)"
2181112,04/24/2018,8:20 p.m.,martes,CAMPERO,PARTICULAR,Conductor,Masculino,No,N/A,SOLO DAÑOS,Choque,Exceso de velocidad,Carrera 43 A Calle 45 B Sur,LA PAZ,Urbana,"(6.164786739, -75.594935267)"
2181112,04/24/2018,8:20 p.m.,martes,AUTOMOVIL,PARTICULAR,Conductor,Masculino,No,N/A,SOLO DAÑOS,Choque,No mantener distancia de seguridad,Carrera 43 A Calle 45 B Sur,LA PAZ,Urbana,"(6.164786739, -75.594935267)"
2181097,04/23/2018,3:40 p.m.,lunes,AUTOMOVIL,PARTICULAR,Conductor,Masculino,No,N/A,SOLO DAÑOS,Choque,No respetar prelacion,Calle 30  Sur Carrera 48,LAS VEGAS,Urbana,"(6.180376127, -75.590288049)"
2181089,04/23/2018,10:50 a.m.,lunes,MOTOCICLETA,PARTICULAR,Motociclista,Femenino,No,N/A,SOLO DAÑOS,Choque,Semaforo en rojo,Carrera 43 A Calle 27 A Sur,AVENIDA EL POBLADO,Urbana,"(6.178993539, -75.583605914)"
2181089,04/23/2018,10:50 a.m.,lunes,AUTOMOVIL,PARTICULAR,Conductor,Femenino,No,N/A,SOLO DAÑOS,Choque,Semaforo en rojo,Carrera 43 A Calle 27 A Sur,AVENIDA EL POBLADO,Urbana,"(6.178993539, -75.583605914)"
2181097,04/23/2018,3:40 p.m.,lunes,AUTOMOVIL,PARTICULAR,Conductor,Masculino,No,N/A,SOLO DAÑOS,Choque,No respetar prelacion,Calle 30  Sur Carrera 48,LAS VEGAS,Urbana,"(6.180376127, -75.590288049)"
2181080,04/23/2018,6:35 a.m.,lunes,AUTOMOVIL,PARTICULAR,Conductor,Femenino,No,N/A,SOLO DAÑOS,Choque,No mantener distancia de seguridad,Carrera 43 A Calle 40  Sur,EL DORADO,Urbana,"(6.168044687, -75.59026877)"
2181080,04/23/2018,6:35 a.m.,lunes,CAMIONETA,PARTICULAR,Conductor,Masculino,No,N/A,SOLO DAÑOS,Choque,No mantener distancia de seguridad,Carrera 43 A Calle 40  Sur,EL DORADO,Urbana,"(6.168044687, -75.59026877)"
2181077,04/23/2018,7:30 a.m.,lunes,AUTOMOVIL,PUBLICO,Conductor,Masculino,No,N/A,HERIDO,Choque,No mantener distancia de seguridad,Carrera 43 A Calle 49 D Sur,AVENIDA EL POBLADO,Urbana,"(6.160795834, -75.600647982)"
2181077,04/23/2018,7:30 a.m.,lunes,MOTOCICLETA,PARTICULAR,Motociclista,Masculino,No,N/A,HERIDO,Choque,No mantener distancia de seguridad,Carrera 43 A Calle 49 D Sur,AVENIDA EL POBLADO,Urbana,"(6.160795834, -75.600647982)"
2181095,04/23/2018,1:30 p.m.,lunes,AUTOMOVIL,PUBLICO,Conductor,Masculino,No,N/A,SOLO DAÑOS,Choque,Desobedecer senales,Carrera 42 Calle 33 B Sur,ZONA CENTRO,Urbana,"(6.172431982, -75.585528606)"
2181095,04/23/2018,1:30 p.m.,lunes,BUS,PUBLICO,Conductor,Masculino,No,N/A,SOLO DAÑOS,Choque,Desobedecer senales,Carrera 42 Calle 33 B Sur,ZONA CENTRO,Urbana,"(6.172431982, -75.585528606)"
2181082,04/23/2018,8:30 a.m.,lunes,CAMPERO,PARTICULAR,Conductor,Masculino,No,N/A,HERIDO,Atropello,Exceso de velocidad,Carrera 48 Calle 50  Sur,LAS CASITAS,Urbana,
2181082,04/23/2018,8:30 a.m.,lunes,CAMPERO,PARTICULAR,Conductor,Masculino,No,N/A,HERIDO,Atropello,No respetar prelacion,Carrera 48 Calle 50  Sur,LAS CASITAS,Urbana,
2181078,04/23/2018,11:39 a.m.,lunes,CAMPERO,PARTICULAR,Conductor,Masculino,No,N/A,SOLO DAÑOS,Choque,Desobedecer senales,Carrera 27 Calle 35  Sur,LA INMACULADA,Urbana,
2181078,04/23/2018,11:39 a.m.,lunes,MOTOCICLETA,PARTICULAR,Motociclista,Masculino,No,N/A,SOLO DAÑOS,Choque,Desobedecer senales,Carrera 27 Calle 35  Sur,LA INMACULADA,Urbana,
2181094,04/23/2018,1:20 p.m.,lunes,MOTOCICLETA,PARTICULAR,Motociclista,Masculino,No,N/A,SOLO DAÑOS,Choque,Transitar entre vehiculos,Diagonal 31 A Transversal 33 A Sur,LA MAGNOLIA,Urbana,"(6.170168647, -75.580052254)"
2181094,04/23/2018,1:20 p.m.,lunes,AUTOMOVIL,PARTICULAR,Conductor,Femenino,No,N/A,SOLO DAÑOS,Choque,Transitar entre vehiculos,Diagonal 31 A Transversal 33 A Sur,LA MAGNOLIA,Urbana,"(6.170168647, -75.580052254)"
2181091,04/23/2018,1:15 p.m.,lunes,AUTOMOVIL,PARTICULAR,Conductor,Masculino,No,N/A,SOLO DAÑOS,Choque,Transitar entre vehiculos,Diagonal 31 E Transversal 34  Sur,LA MAGNOLIA,Urbana,"(6.172689669, -75.578827286)"
2181091,04/23/2018,1:15 p.m.,lunes,MOTOCICLETA,PARTICULAR,Motociclista,Masculino,No,N/A,SOLO DAÑOS,Choque,No mantener distancia de seguridad,Diagonal 31 E Transversal 34  Sur,LA MAGNOLIA,Urbana,"(6.172689669, -75.578827286)"
2181091,04/23/2018,1:15 p.m.,lunes,MOTOCICLETA,PARTICULAR,Motociclista,Masculino,No,N/A,SOLO DAÑOS,Choque,Transitar entre vehiculos,Diagonal 31 E Transversal 34  Sur,LA MAGNOLIA,Urbana,"(6.172689669, -75.578827286)"
2181091,04/23/2018,1:15 p.m.,lunes,MOTOCICLETA,PARTICULAR,Motociclista,Masculino,No,N/A,SOLO DAÑOS,Choque,No mantener distancia de seguridad,Diagonal 31 E Transversal 34  Sur,LA MAGNOLIA,Urbana,"(6.172689669, -75.578827286)"
2181091,04/23/2018,1:15 p.m.,lunes,MOTOCICLETA,PARTICULAR,Motociclista,Masculino,No,N/A,SOLO DAÑOS,Choque,Transitar entre vehiculos,Diagonal 31 E Transversal 34  Sur,LA MAGNOLIA,Urbana,"(6.172689669, -75.578827286)"
2181091,04/23/2018,1:15 p.m.,lunes,AUTOMOVIL,PARTICULAR,Conductor,Masculino,No,N/A,SOLO DAÑOS,Choque,No mantener distancia de seguridad,Diagonal 31 E Transversal 34  Sur,LA MAGNOLIA,Urbana,"(6.172689669, -75.578827286)"
2181084,04/23/2018,5:10 p.m.,lunes,CAMPERO,PARTICULAR,Conductor,Masculino,No,N/A,SOLO DAÑOS,Choque,Reverso imprudente,Calle 36 D Sur Carrera 25 A,VEREDA EL ESCOBERO,Urbana,"(6.158809572, -75.566637544)"
2181084,04/23/2018,5:10 p.m.,lunes,CAMPERO,PARTICULAR,Conductor,Masculino,No,N/A,SOLO DAÑOS,Choque,Reverso imprudente,Calle 36 D Sur Carrera 25 A,VEREDA EL ESCOBERO,Urbana,"(6.158809572, -75.566637544)"
2181083,04/23/2018,12:10 a.m.,lunes,CAMIONETA,PARTICULAR,Conductor,Masculino,No,N/A,SOLO DAÑOS,Choque,No respetar pelacion de interseccion o giros,Transversal 34 D Sur Diagonal 33,LOS NARANJOS,Urbana,"(6.170932416, -75.5832469)"
2181083,04/23/2018,12:10 a.m.,lunes,AUTOMOVIL,PARTICULAR,Conductor,Masculino,No,N/A,SOLO DAÑOS,Choque,Adelantar cerrando,Transversal 34 D Sur Diagonal 33,LOS NARANJOS,Urbana,"(6.170932416, -75.5832469)"
2181083,04/23/2018,12:10 a.m.,lunes,AUTOMOVIL,PARTICULAR,Conductor,Masculino,No,N/A,SOLO DAÑOS,Choque,No respetar pelacion de interseccion o giros,Transversal 34 D Sur Diagonal 33,LOS NARANJOS,Urbana,"(6.170932416, -75.5832469)"
2181083,04/23/2018,12:10 a.m.,lunes,CAMIONETA,PARTICULAR,Conductor,Masculino,No,N/A,SOLO DAÑOS,Choque,Adelantar cerrando,Transversal 34 D Sur Diagonal 33,LOS NARANJOS,Urbana,"(6.170932416, -75.5832469)"
2181086,04/23/2018,6:00 a.m.,lunes,BUSETA,PUBLICO,Conductor,Masculino,No,N/A,SOLO DAÑOS,Choque,No mantener distancia de seguridad,Carrera 50 Calle 32  Sur,LAS VEGAS,Urbana,"(6.178248378, -75.591688281)"
2181086,04/23/2018,6:00 a.m.,lunes,CAMPERO,PARTICULAR,Conductor,Femenino,No,N/A,SOLO DAÑOS,Choque,No mantener distancia de seguridad,Carrera 50 Calle 32  Sur,LAS VEGAS,Urbana,"(6.178248378, -75.591688281)"
2181054,04/22/2018,10:24 p.m.,domingo,AUTOMOVIL,PUBLICO,Conductor,Masculino,No,N/A,SOLO DAÑOS,Choque,No mantener distancia de seguridad,Calle 41 A Sur Carrera 28 B,SAN RAFAEL,Urbana,"(6.159008162, -75.585413261)"
2181054,04/22/2018,10:24 p.m.,domingo,AUTOMOVIL,PARTICULAR,Conductor,Masculino,No,N/A,SOLO DAÑOS,Choque,No mantener distancia de seguridad,Calle 41 A Sur Carrera 28 B,SAN RAFAEL,Urbana,"(6.159008162, -75.585413261)"
2181061,04/22/2018,4:40 a.m.,domingo,AUTOMOVIL,PUBLICO,Conductor,Masculino,No,N/A,SOLO DAÑOS,Choque,Semaforo en rojo,Calle 25 A Sur Carrera 43 A,LAS ORQUIDEAS,Urbana,"(6.181689385, -75.582417986)"
2181073,04/22/2018,10:30 p.m.,domingo,AUTOMOVIL,PARTICULAR,Conductor,Femenino,No,N/A,HERIDO,Choque,Exceso de velocidad,Calle 23  Sur Carrera 27,ZU├æIGA,Urbana,"(6.176668041, -75.567525633)"
2181061,04/22/2018,4:40 a.m.,domingo,CAMPERO,PARTICULAR,Conductor,Femenino,No,N/A,SOLO DAÑOS,Choque,Semaforo en rojo,Calle 25 A Sur Carrera 43 A,LAS ORQUIDEAS,Urbana,"(6.181689385, -75.582417986)"
2181073,04/22/2018,10:30 p.m.,domingo,AUTOMOVIL,PARTICULAR,Conductor,Femenino,No,N/A,HERIDO,Choque,Impericia en el manejo,Calle 23  Sur Carrera 27,ZU├æIGA,Urbana,"(6.176668041, -75.567525633)"
2181092,04/22/2018,5:00 p.m.,domingo,AUTOMOVIL,PARTICULAR,Conductor,Masculino,No,N/A,SOLO DAÑOS,Choque,No mantener distancia de seguridad,Calle 46  Sur Carrera 44,PRIMAVERA,Urbana,"(6.164371719, -75.596317156)"
2181092,04/22/2018,5:00 p.m.,domingo,AUTOMOVIL,PARTICULAR,Conductor,Masculino,No,N/A,SOLO DAÑOS,Choque,No mantener distancia de seguridad,Calle 46  Sur Carrera 44,PRIMAVERA,Urbana,"(6.164371719, -75.596317156)"
2181064,04/22/2018,4:40 a.m.,domingo,AUTOMOVIL,PARTICULAR,Conductor,Femenino,No,N/A,SOLO DAÑOS,Choque,Exceso de velocidad,Diagonal 31 E Transversal 34  Sur,LAS FLORES,Urbana,"(6.172689669, -75.578827286)"
2181064,04/22/2018,4:40 a.m.,domingo,AUTOMOVIL,PARTICULAR,Conductor,Sin Registro,No,N/A,SOLO DAÑOS,Choque,Impericia en el manejo,Diagonal 31 E Transversal 34  Sur,LAS FLORES,Urbana,"(6.172689669, -75.578827286)"
2181064,04/22/2018,4:40 a.m.,domingo,AUTOMOVIL,PARTICULAR,Conductor,Sin Registro,No,N/A,SOLO DAÑOS,Choque,Exceso de velocidad,Diagonal 31 E Transversal 34  Sur,LAS FLORES,Urbana,"(6.172689669, -75.578827286)"
2181065,04/22/2018,6:30 p.m.,domingo,BUS,PUBLICO,Conductor,Masculino,No,N/A,SOLO DAÑOS,Choque,Adelantar cerrando,Carrera 43 A Calle 38 A Sur,ZONA CENTRO,Urbana,"(6.169698887, -75.589058765)"
2181064,04/22/2018,4:40 a.m.,domingo,AUTOMOVIL,PARTICULAR,Conductor,Femenino,No,N/A,SOLO DAÑOS,Choque,Impericia en el manejo,Diagonal 31 E Transversal 34  Sur,LAS FLORES,Urbana,"(6.172689669, -75.578827286)"
2181065,04/22/2018,6:30 p.m.,domingo,AUTOMOVIL,PARTICULAR,Conductor,Masculino,No,N/A,SOLO DAÑOS,Choque,Adelantar cerrando,Carrera 43 A Calle 38 A Sur,ZONA CENTRO,Urbana,"(6.169698887, -75.589058765)"