RADICADO,FECHA,HORA,DÍA DE LA SEMANA,CLASE DE VEHICULO,TIPO DE SERVICIO,TIPO DE VICTIMA,SEXO,ESTADO DE BEODEZ,RESULTADO DE BEODEZ,GRAVEDAD,CLASE DE ACCIDENTE,CAUSA,DIRECCIÓN,BARRIO,AREA,Coordenadas
2180962,04/12/2018,3:20 p.m.,jueves,AUTOMOVIL,PARTICULAR,Conductor,Femenino,No,N/A,SOLO DAÑOS,Choque,Adelantar invadiendo carril del mismo sentido en zigzag,Diagonal 31 Transversal 32  Sur,LA MAGNOLIA,Urbana,"(6.174681134, -75.578471041)"
2180977,04/12/2018,4:16 p.m.,jueves,AUTOMOVIL,PUBLICO,Conductor,Masculino,No,N/A,SOLO DAÑOS,Choque,Desobedecer senales,Calle 39  Sur Carrera 37,MESA,Urbana,"(6.166324664, -75.585039754)"
2180977,04/12/2018,4:16 p.m.,jueves,AUTOMOVIL,PARTICULAR,Conductor,Masculino,No,N/A,SOLO DAÑOS,Choque,Desobedecer senales,Calle 39  Sur Carrera 37,MESA,Urbana,"(6.166324664, -75.585039754)"
2180971,04/12/2018,7:15 p.m.,jueves,AUTOMOVIL,PARTICULAR,Conductor,Masculino,No,N/A,SOLO DAÑOS,Choque,No mantener distancia de seguridad,Carrera 46 A Calle 29  Sur,JARDINES,Urbana,"(6.182601048, -75.58362588)"
2180971,04/12/2018,7:15 p.m.,jueves,CAMIONETA,PARTICULAR,Conductor,Femenino,No,N/A,SOLO DAÑOS,Choque,No mantener distancia de seguridad,Carrera 46 A Calle 29  Sur,JARDINES,Urbana,"(6.182601048, -75.58362588)"
2181360,04/11/2018,2:50 p.m.,miércoles,AUTOMOVIL,PARTICULAR,Conductor,Masculino,No,N/A,SOLO DAÑOS,Choque,Adelantar invadiendo carril del mismo sentido en zigzag,Carrera 49 Calle 46 A Sur,LAS VEGAS,Urbana,"(6.166966077, -75.600888173)"
2181360,04/11/2018,2:50 p.m.,miércoles,MOTOCICLETA,PARTICULAR,Motociclista,Masculino,No,N/A,SOLO DAÑOS,Choque,Adelantar invadiendo carril del mismo sentido en zigzag,Carrera 49 Calle 46 A Sur,LAS VEGAS,Urbana,"(6.166966077, -75.600888173)"
2180964,04/11/2018,5:45 a.m.,miércoles,AUTOMOVIL,PUBLICO,Conductor,Masculino,No,N/A,SOLO DAÑOS,Choque,Impericia en el manejo,Carrera 49 Calle 37  Sur,LAS VEGAS,Urbana,
2180964,04/11/2018,5:45 a.m.,miércoles,BUS,PUBLICO,Conductor,Masculino,No,N/A,SOLO DAÑOS,Choque,Impericia en el manejo,Carrera 49 Calle 37  Sur,LAS VEGAS,Urbana,
2180967,04/11/2018,2:40 p.m.,miércoles,BICICLETA,N/A,Ciclista,Masculino,No,N/A,HERIDO,Choque,Circular por calzadas o carriles destina,Calle 26 B Sur Carrera 42 B,ZU├æIGA,Urbana,"(6.176911315, -75.58005899)"
2180967,04/11/2018,2:40 p.m.,miércoles,BUS,PUBLICO,Conductor,Masculino,No,N/A,HERIDO,Choque,Circular por calzadas o carriles destina,Calle 26 B Sur Carrera 42 B,ZU├æIGA,Urbana,"(6.176911315, -75.58005899)"
2180958,04/11/2018,10:30 a.m.,miércoles,CAMPERO,PARTICULAR,Conductor,Masculino,No,N/A,SOLO DAÑOS,Choque,No mantener distancia de seguridad,Carrera 50 Calle 43  Sur,LAS VEGAS,Urbana,
2180958,04/11/2018,10:30 a.m.,miércoles,AUTOMOVIL,PARTICULAR,Conductor,Femenino,No,N/A,SOLO DAÑOS,Choque,No mantener distancia de seguridad,Carrera 50 Calle 43  Sur,LAS VEGAS,Urbana,
2180960,04/11/2018,6:30 p.m.,miércoles,MOTOCICLETA,PARTICULAR,Motociclista,Femenino,No,N/A,SOLO DAÑOS,Choque,Desobedecer senales,Carrera 42 Calle 33 B Sur,ZONA CENTRO,Urbana,"(6.172431982, -75.585528606)"
2180960,04/11/2018,6:30 p.m.,miércoles,AUTOMOVIL,PARTICULAR,Conductor,Masculino,No,N/A,SOLO DAÑOS,Choque,Desobedecer senales,Carrera 42 Calle 33 B Sur,ZONA CENTRO,Urbana,"(6.172431982, -75.585528606)"
2180976,04/11/2018,7:30 a.m.,miércoles,AUTOMOVIL,PUBLICO,Conductor,Masculino,No,N/A,SOLO DAÑOS,Choque,No mantener distancia de seguridad,Carrera 48 Calle 25 A Sur,LAS VEGAS,Urbana,"(6.184740152, -75.583657425)"
2180973,04/11/2018,5:30 p.m.,miércoles,AUTOMOVIL,PARTICULAR,Conductor,Masculino,No,N/A,SOLO DAÑOS,Choque,Reverso imprudente,Carrera 42 A Calle 40 C Sur,EL DORADO,Urbana,"(6.167103716, -75.589490904)"
2180973,04/11/2018,5:30 p.m.,miércoles,CAMPERO,PARTICULAR,Conductor,Masculino,No,N/A,SOLO DAÑOS,Choque,Reverso imprudente,Carrera 42 A Calle 40 C Sur,EL DORADO,Urbana,"(6.167103716, -75.589490904)"
2180976,04/11/2018,7:30 a.m.,miércoles,CAMIONETA,PARTICULAR,Conductor,Masculino,No,N/A,SOLO DAÑOS,Choque,No mantener distancia de seguridad,Carrera 48 Calle 25 A Sur,LAS VEGAS,Urbana,"(6.184740152, -75.583657425)"
2180957,04/11/2018,6:30 a.m.,miércoles,AUTOMOVIL,PUBLICO,Conductor,Masculino,No,N/A,SOLO DAÑOS,Choque,Adelantar cerrando,Calle 40 H Sur Carrera 41,EL DORADO,Urbana,"(6.164634475, -75.590462131)"
2180957,04/11/2018,6:30 a.m.,miércoles,BUS,PUBLICO,Conductor,Masculino,No,N/A,SOLO DAÑOS,Choque,Adelantar cerrando,Calle 40 H Sur Carrera 41,EL DORADO,Urbana,"(6.164634475, -75.590462131)"
2180963,04/11/2018,11:10 a.m.,miércoles,CAMPERO,PARTICULAR,Conductor,Masculino,No,N/A,SOLO DAÑOS,Choque,No mantener distancia de seguridad,Calle 37  Sur Carrera 50,LAS VEGAS,Urbana,
2180963,04/11/2018,11:10 a.m.,miércoles,AUTOMOVIL,PARTICULAR,Conductor,Masculino,No,N/A,SOLO DAÑOS,Choque,No mantener distancia de seguridad,Calle 37  Sur Carrera 50,LAS VEGAS,Urbana,
2180972,04/11/2018,8:15 a.m.,miércoles,AUTOMOVIL,PARTICULAR,Conductor,Sin Registro,No,N/A,SOLO DAÑOS,Choque,No mantener distancia de seguridad,Carrera 50 Calle 37  Sur,LAS VEGAS,Urbana,
2180972,04/11/2018,8:15 a.m.,miércoles,AUTOMOVIL,PARTICULAR,Conductor,Masculino,No,N/A,SOLO DAÑOS,Choque,No mantener distancia de seguridad,Carrera 50 Calle 37  Sur,LAS VEGAS,Urbana,
2180966,04/11/2018,12:00 a.m.,miércoles,BUS,PUBLICO,Conductor,Masculino,No,N/A,SOLO DAÑOS,Choque,No mantener distancia de seguridad,Carrera 50 Calle 39 A Sur,LAS VEGAS,Urbana,
2180959,04/11/2018,3:05 p.m.,miércoles,BUS,PUBLICO,Conductor,Masculino,No,N/A,SOLO DAÑOS,Choque,Obstaculos en la via,Carrera 45 F Calle 40  Sur,AVENIDA EL POBLADO,Urbana,"(6.168610036, -75.592935563)"
2180965,04/11/2018,4:00 p.m.,miércoles,CAMIONETA,PUBLICO,Conductor,Masculino,No,N/A,SOLO DAÑOS,Choque,Impericia en el manejo,Calle 37  Sur Carrera 40,ZONA CENTRO,Urbana,"(6.169435767, -75.585507247)"
2180966,04/11/2018,12:00 a.m.,miércoles,CAMION,PUBLICO,Conductor,Masculino,No,N/A,SOLO DAÑOS,Choque,No mantener distancia de seguridad,Carrera 50 Calle 39 A Sur,LAS VEGAS,Urbana,
2180966,04/11/2018,12:00 a.m.,miércoles,CAMIONETA,PARTICULAR,Conductor,Masculino,No,N/A,SOLO DAÑOS,Choque,No mantener distancia de seguridad,Carrera 50 Calle 39 A Sur,LAS VEGAS,Urbana,
2180966,04/11/2018,12:00 a.m.,miércoles,TRACTOCAMION,PUBLICO,Conductor,Masculino,No,N/A,SOLO DAÑOS,Choque,No mantener distancia de seguridad,Carrera 50 Calle 39 A Sur,LAS VEGAS,Urbana,
2180947,04/10/2018,7:15 a.m.,martes,AUTOMOVIL,PARTICULAR,Conductor,Femenino,No,N/A,SOLO DAÑOS,Choque,Transitar entre vehiculos,Carrera 48 Calle 26  Sur,LAS VEGAS,Urbana,"(6.183318111, -75.585537184)"
2180941,04/10/2018,8:15 a.m.,martes,CAMION,PUBLICO,Conductor,Masculino,No,N/A,MUERTO,Choque,Transitar entre vehiculos,Carrera 50 Calle 36  Sur,LAS VEGAS,Urbana,
2180941,04/10/2018,8:15 a.m.,martes,MOTOCICLETA,PARTICULAR,Motociclista,Masculino,No,N/A,MUERTO,Choque,Transitar entre vehiculos,Carrera 50 Calle 36  Sur,LAS VEGAS,Urbana,
2180938,04/10/2018,12:15 a.m.,martes,MOTOCICLETA,PARTICULAR,Motociclista,Masculino,No,N/A,HERIDO,Atropello,Cruzar sin observar,Calle 40  Sur Carrera 27,SAN JOSE,Urbana,"(6.158366235, -75.580807934)"
2180956,04/10/2018,12:20 a.m.,martes,AUTOMOVIL,PARTICULAR,Conductor,Femenino,No,N/A,SOLO DAÑOS,Choque,No mantener distancia de seguridad,Carrera 48 Calle 25 A Sur,LAS VEGAS,Urbana,"(6.184740152, -75.583657425)"
2180956,04/10/2018,12:20 a.m.,martes,CAMIONETA,PUBLICO,Conductor,Masculino,No,N/A,SOLO DAÑOS,Choque,No mantener distancia de seguridad,Carrera 48 Calle 25 A Sur,LAS VEGAS,Urbana,"(6.184740152, -75.583657425)"
2180947,04/10/2018,7:15 a.m.,martes,MOTOCICLETA,PARTICULAR,Motociclista,Masculino,No,N/A,SOLO DAÑOS,Choque,Transitar entre vehiculos,Carrera 48 Calle 26  Sur,LAS VEGAS,Urbana,"(6.183318111, -75.585537184)"
2180950,04/10/2018,10:20 a.m.,martes,AUTOMOVIL,PARTICULAR,Conductor,Femenino,No,N/A,SOLO DAÑOS,Choque,Reverso imprudente,Carrera 49 Calle 30  Sur,LAS VEGAS,Urbana,"(6.180311437, -75.590333029)"
2180950,04/10/2018,10:20 a.m.,martes,CAMION,PUBLICO,Conductor,Masculino,No,N/A,SOLO DAÑOS,Choque,Reverso imprudente,Carrera 49 Calle 30  Sur,LAS VEGAS,Urbana,"(6.180311437, -75.590333029)"
2180944,04/10/2018,9:30 a.m.,martes,BUS,PUBLICO,Conductor,Masculino,No,N/A,SOLO DAÑOS,Choque,No respetar prelacion,Carrera 48 Calle 25 A Sur,LAS VEGAS,Urbana,"(6.184740152, -75.583657425)"
2180944,04/10/2018,9:30 a.m.,martes,AUTOMOVIL,PARTICULAR,Conductor,Femenino,No,N/A,SOLO DAÑOS,Choque,No respetar prelacion,Carrera 48 Calle 25 A Sur,LAS VEGAS,Urbana,"(6.184740152, -75.583657425)"
2180955,04/10/2018,11:40 a.m.,martes,BUS,PUBLICO,Conductor,Masculino,No,N/A,SOLO DAÑOS,Choque,Adelantar cerrando,Calle 40 A Sur Carrera 44 A,EL PORTAL,Urbana,"(6.168801152, -75.594449013)"
2180955,04/10/2018,11:40 a.m.,martes,BUS,PUBLICO,Conductor,Masculino,No,N/A,SOLO DAÑOS,Choque,Adelantar cerrando,Calle 40 A Sur Carrera 44 A,EL PORTAL,Urbana,"(6.168801152, -75.594449013)"
2180953,04/10/2018,7:40 a.m.,martes,AUTOMOVIL,PARTICULAR,Conductor,Femenino,No,N/A,SOLO DAÑOS,Choque,No mantener distancia de seguridad,Carrera 43 A Calle 21  Sur,AVENIDA EL POBLADO,Urbana,"(6.183599544, -75.579409862)"
2180953,04/10/2018,7:40 a.m.,martes,AUTOMOVIL,PUBLICO,Conductor,Masculino,No,N/A,SOLO DAÑOS,Choque,No mantener distancia de seguridad,Carrera 43 A Calle 21  Sur,AVENIDA EL POBLADO,Urbana,"(6.183599544, -75.579409862)"
2180974,04/10/2018,3:50 p.m.,martes,BUS,PUBLICO,Conductor,Masculino,No,N/A,SOLO DAÑOS,Choque,No respetar prelacion,Carrera 48 Calle 40  Sur,LAS VEGAS,Urbana,"(6.168855316, -75.596887667)"
2180974,04/10/2018,3:50 p.m.,martes,AUTOMOVIL,PARTICULAR,Conductor,Sin Registro,No,N/A,SOLO DAÑOS,Choque,No respetar prelacion,Carrera 48 Calle 40  Sur,LAS VEGAS,Urbana,"(6.168855316, -75.596887667)"
2180951,04/09/2018,9:00 a.m.,lunes,AUTOMOVIL,PUBLICO,Conductor,Masculino,No,N/A,SOLO DAÑOS,Choque,No mantener distancia de seguridad,Calle 25 A Sur Carrera 42 B,ZU├æIGA,Urbana,"(6.181402463, -75.58167941)"
2180940,04/09/2018,10:20 a.m.,lunes,CAMION,PUBLICO,Conductor,Masculino,No,N/A,SOLO DAÑOS,Choque,No mantener distancia de seguridad,Carrera 50 Calle 25 A Sur,LAS VEGAS,Urbana,"(6.186515998, -75.585125414)"
2180939,04/09/2018,7:15 a.m.,lunes,BUS,PUBLICO,Conductor,Masculino,No,N/A,SOLO DAÑOS,Choque,No respetar pelacion de interseccion o giros,Carrera 49 Calle 37  Sur,LAS VEGAS,Urbana,
2180939,04/09/2018,7:15 a.m.,lunes,AUTOMOVIL,PARTICULAR,Conductor,Femenino,No,N/A,SOLO DAÑOS,Choque,No respetar pelacion de interseccion o giros,Carrera 49 Calle 37  Sur,LAS VEGAS,Urbana,
2180940,04/09/2018,10:20 a.m.,lunes,AUTOMOVIL,PARTICULAR,Conductor,Femenino,No,N/A,SOLO DAÑOS,Choque,No mantener distancia de seguridad,Carrera 50 Calle 25 A Sur,LAS VEGAS,Urbana,"(6.186515998, -75.585125414)"
2180952,04/09/2018,10:10 p.m.,lunes,AUTOMOVIL,PARTICULAR,Conductor,Masculino,No,N/A,SOLO DAÑOS,Choque,Impericia en el manejo,Carrera 49 Calle 43  Sur,LAS VEGAS,Urbana,"(6.160925818, -75.599980088)"
2181371,04/09/2018,1:25 p.m.,lunes,AUTOMOVIL,PARTICULAR,Conductor,Femenino,No,N/A,SOLO DAÑOS,Choque,Reverso imprudente,Carrera 49 A Calle 48  Sur,LAS VEGAS,Urbana,"(6.166214846, -75.602406539)"
2181371,04/09/2018,1:25 p.m.,lunes,CAMIONETA,PARTICULAR,Conductor,Masculino,No,N/A,SOLO DAÑOS,Choque,Reverso imprudente,Carrera 49 A Calle 48  Sur,LAS VEGAS,Urbana,"(6.166214846, -75.602406539)"
2180937,04/09/2018,9:20 a.m.,lunes,TRACTOCAMION,PUBLICO,Conductor,Masculino,No,N/A,SOLO DAÑOS,Choque,Impericia en el manejo,Carrera 48 Calle 48  Sur,LAS VEGAS,Urbana,"(6.164595282, -75.601380414)"
2180952,04/09/2018,10:10 p.m.,lunes,BUS,PUBLICO,Conductor,Masculino,No,N/A,SOLO DAÑOS,Choque,Impericia en el manejo,Carrera 49 Calle 43  Sur,LAS VEGAS,Urbana,"(6.160925818, -75.599980088)"
2180942,04/09/2018,11:00 a.m.,lunes,CAMION,PUBLICO,Conductor,Masculino,No,N/A,SOLO DAÑOS,Choque,No mantener distancia de seguridad,Calle 37  Sur Carrera 49,LAS VEGAS,Urbana,"(6.174789471, -75.594204243)"
2180942,04/09/2018,11:00 a.m.,lunes,CAMIONETA,PARTICULAR,Conductor,Masculino,No,N/A,SOLO DAÑOS,Choque,No mantener distancia de seguridad,Calle 37  Sur Carrera 49,LAS VEGAS,Urbana,"(6.174789471, -75.594204243)"
2180951,04/09/2018,9:00 a.m.,lunes,AUTOMOVIL,PARTICULAR,Conductor,Femenino,No,N/A,SOLO DAÑOS,Choque,No mantener distancia de seguridad,Calle 25 A Sur Carrera 42 B,ZU├æIGA,Urbana,"(6.181402463, -75.58167941)"
2180934,04/08/2018,1:00 p.m.,domingo,MOTOCICLETA,PARTICULAR,Motociclista,Masculino,No,N/A,HERIDO,Atropello,Exceso de velocidad,Carrera 43 A Calle 39  Sur,ZONA CENTRO,Urbana,"(6.169011071, -75.589484903)"
2180929,04/08/2018,2:45 p.m.,domingo,CAMIONETA,PARTICULAR,Conductor,Masculino,No,N/A,SOLO DAÑOS,Choque,Desobedecer senales,Calle 45 B Sur Carrera 43,LA PAZ,Urbana,"(6.164485785, -75.594678415)"
2180929,04/08/2018,2:45 p.m.,domingo,AUTOMOVIL,DIPLOMATICO,Conductor,Masculino,No,N/A,SOLO DAÑOS,Choque,Desobedecer senales,Calle 45 B Sur Carrera 43,LA PAZ,Urbana,"(6.164485785, -75.594678415)"
2180917,04/08/2018,10:30 p.m.,domingo,AUTOMOVIL,PARTICULAR,Conductor,Masculino,No,N/A,HERIDO,Volcamiento,Impericia en el manejo,Tramo 375 Kilometro  7,VEREDA PALMAS,Rural,
2180917,04/08/2018,10:30 p.m.,domingo,AUTOMOVIL,PARTICULAR,Conductor,Masculino,No,N/A,HERIDO,Volcamiento,Exceso de velocidad,Tramo 375 Kilometro  7,VEREDA PALMAS,Rural,
2180934,04/08/2018,1:00 p.m.,domingo,MOTOCICLETA,PARTICULAR,Motociclista,Masculino,No,N/A,HERIDO,Atropello,Transitar entre vehiculos,Carrera 43 A Calle 39  Sur,ZONA CENTRO,Urbana,"(6.169011071, -75.589484903)"
2180922,04/07/2018,9:50 a.m.,sábado,MOTOCICLETA,PARTICULAR,Motociclista,Masculino,No,N/A,HERIDO,Choque,Adelantar cerrando,Carrera 48 Calle 30  Sur,LAS VEGAS,Urbana,"(6.179366643, -75.588084104)"
2180949,04/07/2018,4:50 p.m.,sábado,MOTOCICLETA,PARTICULAR,Motociclista,Masculino,No,N/A,SOLO DAÑOS,Choque,No mantener distancia de seguridad,Calle 37  Sur Carrera 38,ZONA CENTRO,Urbana,"(6.168685416, -75.584291241)"
2180949,04/07/2018,4:50 p.m.,sábado,CAMIONETA,PARTICULAR,Conductor,Masculino,No,N/A,SOLO DAÑOS,Choque,No mantener distancia de seguridad,Calle 37  Sur Carrera 38,ZONA CENTRO,Urbana,"(6.168685416, -75.584291241)"
2180926,04/07/2018,7:50 p.m.,sábado,CAMIONETA,PARTICULAR,Conductor,Masculino,No,N/A,SOLO DAÑOS,Choque,No respetar prelacion,Carrera 43 A Calle 38 A Sur,ZONA CENTRO,Urbana,"(6.169698887, -75.589058765)"
2180945,04/07/2018,5:50 p.m.,sábado,MOTOCICLETA,PARTICULAR,Motociclista,Masculino,No,N/A,SOLO DAÑOS,Choque,Adelantar invadiendo carril del mismo sentido en zigzag,Carrera 50 Calle 37  Sur,LAS VEGAS,Urbana,
2180945,04/07/2018,5:50 p.m.,sábado,AUTOMOVIL,PARTICULAR,Conductor,Femenino,No,N/A,SOLO DAÑOS,Choque,Adelantar invadiendo carril del mismo sentido en zigzag,Carrera 50 Calle 37  Sur,LAS VEGAS,Urbana,
2180926,04/07/2018,7:50 p.m.,sábado,BUS,PUBLICO,Conductor,Masculino,No,N/A,SOLO DAÑOS,Choque,No respetar prelacion,Carrera 43 A Calle 38 A Sur,ZONA CENTRO,Urbana,"(6.169698887, -75.589058765)"
2180922,04/07/2018,9:50 a.m.,sábado,AUTOMOVIL,PUBLICO,Conductor,Masculino,No,N/A,HERIDO,Choque,Adelantar cerrando,Carrera 48 Calle 30  Sur,LAS VEGAS,Urbana,"(6.179366643, -75.588084104)"
2180914,04/07/2018,3:35 p.m.,sábado,AUTOMOVIL,PARTICULAR,Conductor,Masculino,No,N/A,SOLO DAÑOS,Choque,Adelantar cerrando,Calle 37  Sur Carrera 41,ZONA CENTRO,Urbana,"(6.169855492, -75.586196006)"
2180914,04/07/2018,3:35 p.m.,sábado,BUS,PUBLICO,Conductor,Masculino,No,N/A,SOLO DAÑOS,Choque,Adelantar cerrando,Calle 37  Sur Carrera 41,ZONA CENTRO,Urbana,"(6.169855492, -75.586196006)"
2180933,04/07/2018,11:20 p.m.,sábado,AUTOMOVIL,PUBLICO,Conductor,Masculino,No,N/A,HERIDO,Choque,No respetar prelacion,Carrera 39 Calle 37  Sur,ZONA CENTRO,Urbana,"(6.16891714, -75.584818728)"
2180933,04/07/2018,11:20 p.m.,sábado,MOTOCICLETA,PARTICULAR,Motociclista,Masculino,No,N/A,HERIDO,Choque,No respetar pelacion de interseccion o giros,Carrera 39 Calle 37  Sur,ZONA CENTRO,Urbana,"(6.16891714, -75.584818728)"
2180933,04/07/2018,11:20 p.m.,sábado,MOTOCICLETA,PARTICULAR,Motociclista,Masculino,No,N/A,HERIDO,Choque,No respetar prelacion,Carrera 39 Calle 37  Sur,ZONA CENTRO,Urbana,"(6.16891714, -75.584818728)"
2180933,04/07/2018,11:20 p.m.,sábado,AUTOMOVIL,PUBLICO,Conductor,Masculino,No,N/A,HERIDO,Choque,No respetar pelacion de interseccion o giros,Carrera 39 Calle 37  Sur,ZONA CENTRO,Urbana,"(6.16891714, -75.584818728)"
2180936,04/07/2018,12:25 a.m.,sábado,AUTOMOVIL,PARTICULAR,Conductor,Masculino,No,N/A,SOLO DAÑOS,Choque,No mantener distancia de seguridad,Calle 46  Sur Carrera 43 A,PRIMAVERA,Urbana,"(6.164149951, -75.595997505)"
2180936,04/07/2018,12:25 a.m.,sábado,CAMIONETA,PARTICULAR,Conductor,Masculino,No,N/A,SOLO DAÑOS,Choque,No mantener distancia de seguridad,Calle 46  Sur Carrera 43 A,PRIMAVERA,Urbana,"(6.164149951, -75.595997505)"
2180936,04/07/2018,12:25 a.m.,sábado,AUTOMOVIL,PARTICULAR,Conductor,Masculino,No,N/A,SOLO DAÑOS,Choque,No mantener distancia de seguridad,Calle 46  Sur Carrera 43 A,PRIMAVERA,Urbana,"(6.164149951, -75.595997505)"
2180936,04/07/2018,12:25 a.m.,sábado,AUTOMOVIL,PARTICULAR,Conductor,Masculino,No,N/A,SOLO DAÑOS,Choque,No mantener distancia de seguridad,Calle 46  Sur Carrera 43 A,PRIMAVERA,Urbana,"(6.164149951, -75.595997505)"
2180916,04/07/2018,11:20 a.m.,sábado,AUTOMOVIL,PARTICULAR,Conductor,Femenino,No,N/A,SOLO DAÑOS,Choque,No mantener distancia de seguridad,Carrera 43 A Calle 36  Sur,ZONA CENTRO,Urbana,"(6.171753325, -75.587727675)"
2180916,04/07/2018,11:20 a.m.,sábado,CAMIONETA,PARTICULAR,Conductor,Femenino,No,N/A,SOLO DAÑOS,Choque,No mantener distancia de seguridad,Carrera 43 A Calle 36  Sur,ZONA CENTRO,Urbana,"(6.171753325, -75.587727675)"
2181370,04/07/2018,1:16 p.m.,sábado,MOTOCICLETA,PARTICULAR,Motociclista,Sin Registro,No,N/A,SOLO DAÑOS,Choque,Desobedecer senales,Carrera 48 Calle 30  Sur,LAS VEGAS,Urbana,"(6.179366643, -75.588084104)"
2181370,04/07/2018,1:16 p.m.,sábado,CAMPERO,PARTICULAR,Conductor,Masculino,No,N/A,SOLO DAÑOS,Choque,Desobedecer senales,Carrera 48 Calle 30  Sur,LAS VEGAS,Urbana,"(6.179366643, -75.588084104)"
2180943,04/07/2018,5:15 p.m.,sábado,MOTOCICLETA,PARTICULAR,Motociclista,Masculino,No,N/A,SOLO DAÑOS,Choque,No mantener distancia de seguridad,Carrera 50 Calle 37  Sur,LAS VEGAS,Urbana,
2180943,04/07/2018,5:15 p.m.,sábado,CAMIONETA,PARTICULAR,Conductor,Masculino,No,N/A,SOLO DAÑOS,Choque,No mantener distancia de seguridad,Carrera 50 Calle 37  Sur,LAS VEGAS,Urbana,
2180927,04/07/2018,1:10 p.m.,sábado,MOTOCICLETA,PARTICULAR,Motociclista,Masculino,No,N/A,SOLO DAÑOS,Choque,No mantener distancia de seguridad,Carrera 43 A Calle 21  Sur,AVENIDA EL POBLADO,Urbana,"(6.183599544, -75.579409862)"
2180927,04/07/2018,1:10 p.m.,sábado,AUTOMOVIL,PARTICULAR,Conductor,Masculino,No,N/A,SOLO DAÑOS,Choque,No mantener distancia de seguridad,Carrera 43 A Calle 21  Sur,AVENIDA EL POBLADO,Urbana,"(6.183599544, -75.579409862)"
2180946,04/07/2018,10:10 a.m.,sábado,CAMIONETA,PARTICULAR,Conductor,Masculino,No,N/A,SOLO DAÑOS,Choque,Impericia en el manejo,Calle 40  Sur Carrera 29 A,SAN JOSE,Urbana,"(6.162116724, -75.582120043)"
2180932,04/07/2018,7:10 p.m.,sábado,AUTOMOVIL,PUBLICO,Conductor,Masculino,No,N/A,SOLO DAÑOS,Choque,Desobedecer senales,Calle 41 AA Sur Carrera 29 A,SAN RAFAEL,Urbana,"(6.158466841, -75.585220597)"
2180932,04/07/2018,7:10 p.m.,sábado,AUTOMOVIL,PARTICULAR,Conductor,Femenino,No,N/A,SOLO DAÑOS,Choque,Desobedecer senales,Calle 41 AA Sur Carrera 29 A,SAN RAFAEL,Urbana,"(6.158466841, -75.585220597)"
2180913,04/06/2018,3:50 p.m.,viernes,CAMIONETA,PARTICULAR,Conductor,Masculino,No,N/A,SOLO DAÑOS,Choque,No mantener distancia de seguridad,Calle 21  Sur Carrera 41 AA,ZU├æIGA,Urbana,"(6.182549881, -75.577500332)"
2180913,04/06/2018,3:50 p.m.,viernes,MOTOCICLETA,PARTICULAR,Motociclista,Masculino,No,N/A,SOLO DAÑOS,Choque,No mantener distancia de seguridad,Calle 21  Sur Carrera 41 AA,ZU├æIGA,Urbana,"(6.182549881, -75.577500332)"
2180921,04/06/2018,11:00 a.m.,viernes,MOTOCICLETA,PARTICULAR,Motociclista,Masculino,No,N/A,HERIDO,Caida Ocupante,Falla en luces de freno,Tramo 192 Kilometro  3,VEREDA EL ESCOBERO,Rural,
2180915,04/06/2018,7:30 a.m.,viernes,MOTOCICLETA,PARTICULAR,Motociclista,Femenino,No,N/A,SOLO DAÑOS,Choque,Impericia en el manejo,Carrera 43 A Calle 48 C Sur,AVENIDA EL POBLADO,Urbana,"(6.162218777, -75.597644457)"
2180915,04/06/2018,7:30 a.m.,viernes,AUTOMOVIL,PARTICULAR,Conductor,Masculino,No,N/A,SOLO DAÑOS,Choque,Impericia en el manejo,Carrera 43 A Calle 48 C Sur,AVENIDA EL POBLADO,Urbana,"(6.162218777, -75.597644457)"
2180930,04/06/2018,2:30 p.m.,viernes,CAMIONETA,OFICIAL,Conductor,Masculino,No,N/A,SOLO DAÑOS,Choque,Reverso imprudente,Transversal 27 A Sur Carrera 42 B,AVENIDA EL POBLADO,Urbana,"(6.158218327, -75.58174111)"
2180930,04/06/2018,2:30 p.m.,viernes,BUS,PUBLICO,Conductor,Masculino,No,N/A,SOLO DAÑOS,Choque,Reverso imprudente,Transversal 27 A Sur Carrera 42 B,AVENIDA EL POBLADO,Urbana,"(6.158218327, -75.58174111)"
2180928,04/06/2018,6:30 a.m.,viernes,AUTOMOVIL,PARTICULAR,Conductor,Masculino,No,N/A,HERIDO,Choque,No mantener distancia de seguridad,Calle 37  Sur Carrera 50,LAS VEGAS,Urbana,
2180928,04/06/2018,6:30 a.m.,viernes,MOTOCICLETA,PARTICULAR,Motociclista,Femenino,No,N/A,HERIDO,Choque,No mantener distancia de seguridad,Calle 37  Sur Carrera 50,LAS VEGAS,Urbana,
2180923,04/06/2018,5:26 p.m.,viernes,AUTOMOVIL,PUBLICO,Conductor,Masculino,No,N/A,HERIDO,Choque,Desobedecer senales,Carrera 27 B Calle 39  Sur,EL CHINGU├ì,Urbana,"(6.159176964, -75.578911066)"
2180923,04/06/2018,5:26 p.m.,viernes,MOTOCICLETA,PARTICULAR,Motociclista,Femenino,No,N/A,HERIDO,Choque,Desobedecer senales,Carrera 27 B Calle 39  Sur,EL CHINGU├ì,Urbana,"(6.159176964, -75.578911066)"