RADICADO,FECHA,HORA,DÍA DE LA SEMANA,CLASE DE VEHICULO,TIPO DE SERVICIO,TIPO DE VICTIMA,SEXO,ESTADO DE BEODEZ,RESULTADO DE BEODEZ,GRAVEDAD,CLASE DE ACCIDENTE,CAUSA,DIRECCIÓN,BARRIO,AREA,Coordenadas
2180862,03/28/2018,8:00 p.m.,miércoles,CAMPERO,PARTICULAR,Conductor,Femenino,No,N/A,SOLO DAÑOS,Choque,No mantener distancia de seguridad,Calle 38  Sur Carrera 44,ZONA CENTRO,Urbana,"(6.170783841, -75.589258782)"
2180874,03/28/2018,9:40 a.m.,miércoles,MOTOCICLETA,PARTICULAR,Motociclista,Masculino,No,N/A,HERIDO,Caida Ocupante,Impericia en el manejo,Tramo 376 Kilometro  4,VEREDA PALMAS,Rural,
2180864,03/28/2018,1:20 p.m.,miércoles,MOTOCICLETA,DIPLOMATICO,Motociclista,Masculino,No,N/A,SOLO DAÑOS,Choque,Desobedecer senales,Carrera 43 A Calle 45 B Sur,PRIMAVERA,Urbana,"(6.164786739, -75.594935267)"
2180854,03/27/2018,1:55 p.m.,martes,AUTOMOVIL,PUBLICO,Conductor,Femenino,No,N/A,HERIDO,Choque,Adelantar por la derecha,Carrera 48 Calle 39  Sur,LAS VEGAS,Urbana,"(6.17163722, -75.593649993)"
2180879,03/27/2018,10:00 a.m.,martes,CAMIONETA,PARTICULAR,Conductor,Masculino,No,N/A,SOLO DAÑOS,Choque,Reverso imprudente,Carrera 49 Calle 46 A Sur,LAS VEGAS,Urbana,"(6.166966077, -75.600888173)"
2180879,03/27/2018,10:00 a.m.,martes,CAMIONETA,PARTICULAR,Conductor,Masculino,No,N/A,SOLO DAÑOS,Choque,Reverso imprudente,Carrera 49 Calle 46 A Sur,LAS VEGAS,Urbana,"(6.166966077, -75.600888173)"
2180855,03/27/2018,11:00 a.m.,martes,AUTOMOVIL,PARTICULAR,Conductor,Masculino,No,N/A,SOLO DAÑOS,Choque,No mantener distancia de seguridad,Diagonal 33 Transversal 32  Sur,LA MAGNOLIA,Urbana,"(6.175436587, -75.584839246)"
2180855,03/27/2018,11:00 a.m.,martes,BICICLETA,N/A,Ciclista,Masculino,No,N/A,SOLO DAÑOS,Choque,No mantener distancia de seguridad,Diagonal 33 Transversal 32  Sur,LA MAGNOLIA,Urbana,"(6.175436587, -75.584839246)"
2180857,03/27/2018,1:00 a.m.,martes,AUTOMOVIL,PUBLICO,Conductor,Masculino,No,N/A,SOLO DAÑOS,Choque,Exceso de velocidad,Tramo 372 Kilometro  15,VEREDA PALMAS,Rural,
2180856,03/27/2018,9:05 a.m.,martes,AUTOMOVIL,PARTICULAR,Conductor,Femenino,No,N/A,SOLO DAÑOS,Choque,Desobedecer senales,Calle 45 B Sur Carrera 43,LA PAZ,Urbana,"(6.164485785, -75.594678415)"
2180856,03/27/2018,9:05 a.m.,martes,AUTOMOVIL,PUBLICO,Conductor,Masculino,No,N/A,SOLO DAÑOS,Choque,Desobedecer senales,Calle 45 B Sur Carrera 43,LA PAZ,Urbana,"(6.164485785, -75.594678415)"
2180858,03/27/2018,9:20 p.m.,martes,AUTOMOVIL,PARTICULAR,Conductor,Masculino,No,N/A,SOLO DAÑOS,Choque,Adelantar en zona prohibida,Calle 45 A Sur Carrera 39 DD,LAS ANTILLAS,Urbana,"(6.161984106, -75.592196776)"
2180858,03/27/2018,9:20 p.m.,martes,AUTOMOVIL,PARTICULAR,Conductor,Sin Registro,No,N/A,SOLO DAÑOS,Choque,Adelantar en zona prohibida,Calle 45 A Sur Carrera 39 DD,LAS ANTILLAS,Urbana,"(6.161984106, -75.592196776)"
2180876,03/27/2018,2:20 p.m.,martes,CAMIONETA,OFICIAL,Conductor,Masculino,No,N/A,HERIDO,Choque,No mantener distancia de seguridad,Carrera 48 Calle 38  Sur,ALCALA,Urbana,"(6.172747818, -75.592698171)"
2180876,03/27/2018,2:20 p.m.,martes,AUTOMOVIL,PARTICULAR,Conductor,Femenino,No,N/A,HERIDO,Choque,No mantener distancia de seguridad,Carrera 48 Calle 38  Sur,ALCALA,Urbana,"(6.172747818, -75.592698171)"
2180876,03/27/2018,2:20 p.m.,martes,AUTOMOVIL,PARTICULAR,Conductor,Femenino,No,N/A,HERIDO,Choque,No mantener distancia de seguridad,Carrera 48 Calle 38  Sur,ALCALA,Urbana,"(6.172747818, -75.592698171)"
2180853,03/27/2018,5:25 p.m.,martes,CAMPERO,PARTICULAR,Conductor,Masculino,No,N/A,SOLO DAÑOS,Choque,Superficie humeda,Calle 32  Sur Carrera 45,EL PORTAL,Urbana,"(6.17690285, -75.588461995)"
2180853,03/27/2018,5:25 p.m.,martes,AUTOMOVIL,PARTICULAR,Conductor,Masculino,No,N/A,SOLO DAÑOS,Choque,Superficie humeda,Calle 32  Sur Carrera 45,EL PORTAL,Urbana,"(6.17690285, -75.588461995)"
2180849,03/27/2018,6:40 a.m.,martes,AUTOMOVIL,PUBLICO,Conductor,Masculino,No,N/A,SOLO DAÑOS,Choque,Impericia en el manejo,Carrera 50 Calle 50  Sur,LAS VEGAS,Urbana,
2180849,03/27/2018,6:40 a.m.,martes,AUTOMOVIL,PARTICULAR,Conductor,Masculino,No,N/A,SOLO DAÑOS,Choque,Impericia en el manejo,Carrera 50 Calle 50  Sur,LAS VEGAS,Urbana,
2180860,03/27/2018,12:40 a.m.,martes,AUTOMOVIL,PARTICULAR,Conductor,Masculino,No,N/A,SOLO DAÑOS,Choque,No mantener distancia de seguridad,Diagonal 32 Transversal 35 A Sur,LOS NARANJOS,Urbana,"(6.169858515, -75.580973363)"
2180860,03/27/2018,12:40 a.m.,martes,AUTOMOVIL,PARTICULAR,Conductor,Masculino,No,N/A,SOLO DAÑOS,Choque,No mantener distancia de seguridad,Diagonal 32 Transversal 35 A Sur,LOS NARANJOS,Urbana,"(6.169858515, -75.580973363)"
2180850,03/27/2018,2:45 a.m.,martes,AUTOMOVIL,PARTICULAR,Conductor,Masculino,No,N/A,SOLO DAÑOS,Choque,Impericia en el manejo,Tramo 373 Kilometro  7,VEREDA PALMAS,Rural,
2180859,03/27/2018,8:50 a.m.,martes,AUTOMOVIL,PARTICULAR,Conductor,Femenino,No,N/A,SOLO DAÑOS,Choque,Poner en marcha un vehiculo sin precauci,Calle 25  Sur Carrera 48,LAS VEGAS,Urbana,
2180859,03/27/2018,8:50 a.m.,martes,CAMIONETA,PUBLICO,Conductor,Masculino,No,N/A,SOLO DAÑOS,Choque,Poner en marcha un vehiculo sin precauci,Calle 25  Sur Carrera 48,LAS VEGAS,Urbana,
2180891,03/27/2018,6:50 p.m.,martes,AUTOMOVIL,PARTICULAR,Conductor,Masculino,No,N/A,SOLO DAÑOS,Choque,Desobedecer senales,Carrera 48 Calle 31  Sur,LAS VEGAS,Urbana,"(6.178537792, -75.588851894)"
2180891,03/27/2018,6:50 p.m.,martes,MOTOCICLETA,PARTICULAR,Motociclista,Masculino,No,N/A,SOLO DAÑOS,Choque,Desobedecer senales,Carrera 48 Calle 31  Sur,LAS VEGAS,Urbana,"(6.178537792, -75.588851894)"
2180850,03/27/2018,2:45 a.m.,martes,AUTOMOVIL,PUBLICO,Conductor,Masculino,No,N/A,SOLO DAÑOS,Choque,Impericia en el manejo,Tramo 373 Kilometro  7,VEREDA PALMAS,Rural,
2180854,03/27/2018,1:55 p.m.,martes,MOTOCICLETA,PARTICULAR,Motociclista,Masculino,No,N/A,HERIDO,Choque,Adelantar por la derecha,Carrera 48 Calle 39  Sur,LAS VEGAS,Urbana,"(6.17163722, -75.593649993)"
2180843,03/26/2018,7:45 p.m.,lunes,AUTOMOVIL,PARTICULAR,Conductor,Masculino,No,N/A,SOLO DAÑOS,Choque,No mantener distancia de seguridad,Calle 38 A Sur Carrera 43,ZONA CENTRO,Urbana,"(6.169370628, -75.588315099)"
2180843,03/26/2018,7:45 p.m.,lunes,AUTOMOVIL,PARTICULAR,Conductor,Masculino,No,N/A,SOLO DAÑOS,Choque,No mantener distancia de seguridad,Calle 38 A Sur Carrera 43,ZONA CENTRO,Urbana,"(6.169370628, -75.588315099)"
2180847,03/26/2018,3:50 p.m.,lunes,CAMION,PUBLICO,Conductor,Masculino,No,N/A,SOLO DAÑOS,Choque,Impericia en el manejo,Diagonal 30 Transversal 35  Sur,LA SEBASTIANA,Urbana,"(6.16965492, -75.578529294)"
2180890,03/26/2018,5:50 a.m.,lunes,BICICLETA,N/A,Ciclista,Masculino,No,N/A,HERIDO,Choque,Transitar uno al lado del otro,Calle 37  Sur Carrera 48,GLORIETA EXITO,Urbana,"(6.17412211, -75.593061115)"
2180890,03/26/2018,5:50 a.m.,lunes,MOTOCICLETA,PARTICULAR,Motociclista,Masculino,No,N/A,HERIDO,Choque,Transitar uno al lado del otro,Calle 37  Sur Carrera 48,GLORIETA EXITO,Urbana,"(6.17412211, -75.593061115)"
2180848,03/26/2018,8:00 p.m.,lunes,MOTOCICLETA,PARTICULAR,Motociclista,Femenino,No,N/A,SOLO DAÑOS,Choque,Impericia en el manejo,Calle 37  Sur Carrera 31,MANUEL URIBE ANGEL,Urbana,"(6.166120684, -75.580740605)"
2180848,03/26/2018,8:00 p.m.,lunes,CAMIONETA,PARTICULAR,Conductor,Masculino,No,N/A,SOLO DAÑOS,Choque,Impericia en el manejo,Calle 37  Sur Carrera 31,MANUEL URIBE ANGEL,Urbana,"(6.166120684, -75.580740605)"
2180846,03/26/2018,2:00 p.m.,lunes,CAMIONETA,PARTICULAR,Conductor,Masculino,No,N/A,SOLO DAÑOS,Choque,Arrancar sin precaucion,Tramo 372 Kilometro  17,VEREDA PALMAS,Rural,
2180846,03/26/2018,2:00 p.m.,lunes,CAMIONETA,PARTICULAR,Conductor,Masculino,No,N/A,SOLO DAÑOS,Choque,Arrancar sin precaucion,Tramo 372 Kilometro  17,VEREDA PALMAS,Rural,
2180852,03/26/2018,7:30 p.m.,lunes,AUTOMOVIL,PARTICULAR,Conductor,Femenino,No,N/A,SOLO DAÑOS,Choque,No respetar prelacion,Carrera 48 Calle 50  Sur,LAS VEGAS,Urbana,
2180852,03/26/2018,7:30 p.m.,lunes,AUTOMOVIL,PARTICULAR,Conductor,Femenino,No,N/A,SOLO DAÑOS,Choque,No respetar prelacion,Carrera 48 Calle 50  Sur,LAS VEGAS,Urbana,
2180851,03/26/2018,8:15 p.m.,lunes,AUTOMOVIL,PARTICULAR,Conductor,Masculino,No,N/A,HERIDO,Atropello,Impericia en el manejo,Calle 49 D Sur Carrera 39 B,LA INMACULADA,Urbana,"(6.153131486, -75.598494119)"
2180838,03/26/2018,5:45 a.m.,lunes,CAMPERO,PARTICULAR,Conductor,Masculino,No,N/A,SOLO DAÑOS,Choque,No respetar pelacion de interseccion o giros,Carrera 43 A Calle 21  Sur,ZU├æIGA,Urbana,"(6.183599544, -75.579409862)"
2180838,03/26/2018,5:45 a.m.,lunes,MOTOCICLETA,PARTICULAR,Motociclista,Masculino,No,N/A,SOLO DAÑOS,Choque,No respetar pelacion de interseccion o giros,Carrera 43 A Calle 21  Sur,ZU├æIGA,Urbana,"(6.183599544, -75.579409862)"
2180842,03/26/2018,5:40 p.m.,lunes,AUTOMOVIL,PARTICULAR,Conductor,Femenino,No,N/A,SOLO DAÑOS,Choque,No mantener distancia de seguridad,Carrera 50 Calle 39 A Sur,LAS VEGAS,Urbana,
2180842,03/26/2018,5:40 p.m.,lunes,CAMIONETA,PARTICULAR,Conductor,Masculino,No,N/A,SOLO DAÑOS,Choque,No mantener distancia de seguridad,Carrera 50 Calle 39 A Sur,LAS VEGAS,Urbana,
2180847,03/26/2018,3:50 p.m.,lunes,AUTOMOVIL,PARTICULAR,Conductor,Masculino,No,N/A,SOLO DAÑOS,Choque,Impericia en el manejo,Diagonal 30 Transversal 35  Sur,LA SEBASTIANA,Urbana,"(6.16965492, -75.578529294)"
2180839,03/25/2018,1:00 p.m.,domingo,AUTOMOVIL,PARTICULAR,Conductor,Masculino,No,N/A,HERIDO,Choque,Desobedecer senales,Calle 45  Sur Carrera 43 A,LA PAZ,Urbana,"(6.165246116, -75.594494166)"
2180840,03/25/2018,12:30 a.m.,domingo,AUTOMOVIL,PARTICULAR,Conductor,Femenino,No,N/A,SOLO DAÑOS,Choque,Impericia en el manejo,Tramo 372 Kilometro  15,VEREDA PALMAS,Rural,
2180840,03/25/2018,12:30 a.m.,domingo,CAMIONETA,PARTICULAR,Conductor,Femenino,No,N/A,SOLO DAÑOS,Choque,Impericia en el manejo,Tramo 372 Kilometro  15,VEREDA PALMAS,Rural,
2180830,03/25/2018,5:50 p.m.,domingo,CAMPERO,PARTICULAR,Conductor,Masculino,No,N/A,SOLO DAÑOS,Choque,Impericia en el manejo,Tramo 371 Kilometro  2,VEREDA EL ESCOBERO,Rural,
2180830,03/25/2018,5:50 p.m.,domingo,AUTOMOVIL,PARTICULAR,Conductor,Masculino,No,N/A,SOLO DAÑOS,Choque,Impericia en el manejo,Tramo 371 Kilometro  2,VEREDA EL ESCOBERO,Rural,
2180839,03/25/2018,1:00 p.m.,domingo,MOTOCICLETA,PARTICULAR,Motociclista,Femenino,No,N/A,HERIDO,Choque,Desobedecer senales,Calle 45  Sur Carrera 43 A,LA PAZ,Urbana,"(6.165246116, -75.594494166)"
2180826,03/24/2018,11:45 a.m.,sábado,CAMION,PUBLICO,Conductor,Masculino,No,N/A,SOLO DAÑOS,Choque,No respetar prelacion,Carrera 48 Calle 50  Sur,LAS VEGAS,Urbana,
2180836,03/24/2018,1:25 p.m.,sábado,CAMPERO,PARTICULAR,Conductor,Masculino,No,N/A,HERIDO,Atropello,Poner en marcha un vehiculo sin precauci,Transversal 32 A Sur Diagonal 33,LA MAGNOLIA,Urbana,"(6.174957688, -75.584745217)"
2180825,03/24/2018,4:20 p.m.,sábado,CAMPERO,PARTICULAR,Conductor,Masculino,No,N/A,SOLO DAÑOS,Choque,Transporte de carga sin seguridad,Carrera 40 A Calle 40 F Sur,EL DORADO,Urbana,"(6.164685452, -75.589594868)"
2181239,03/24/2018,7:10 a.m.,sábado,MOTOCICLETA,PARTICULAR,Motociclista,Masculino,No,N/A,SOLO DAÑOS,Choque,No mantener distancia de seguridad,Tramo 372 Kilometro  16,VEREDA PALMAS,Rural,
2181239,03/24/2018,7:10 a.m.,sábado,AUTOMOVIL,PARTICULAR,Conductor,Masculino,No,N/A,SOLO DAÑOS,Choque,No mantener distancia de seguridad,Tramo 372 Kilometro  16,VEREDA PALMAS,Rural,
2180825,03/24/2018,4:20 p.m.,sábado,CAMION,OFICIAL,Conductor,Masculino,No,N/A,SOLO DAÑOS,Choque,Transporte de carga sin seguridad,Carrera 40 A Calle 40 F Sur,EL DORADO,Urbana,"(6.164685452, -75.589594868)"
2180829,03/24/2018,10:10 p.m.,sábado,AUTOMOVIL,PARTICULAR,Conductor,Masculino,No,N/A,SOLO DAÑOS,Choque,No mantener distancia de seguridad,Carrera 43 A Calle 25 B Sur,AVENIDA EL POBLADO,Urbana,"(6.180259996, -75.582940198)"
2180829,03/24/2018,10:10 p.m.,sábado,MOTOCICLETA,PARTICULAR,Motociclista,Masculino,No,N/A,SOLO DAÑOS,Choque,No mantener distancia de seguridad,Carrera 43 A Calle 25 B Sur,AVENIDA EL POBLADO,Urbana,"(6.180259996, -75.582940198)"
2180824,03/24/2018,1:00 p.m.,sábado,MOTOCICLETA,PARTICULAR,Motociclista,Masculino,No,N/A,SOLO DAÑOS,Choque,No mantener distancia de seguridad,Carrera 50 Calle 32 B Sur,LAS VEGAS,Urbana,"(6.178248378, -75.591688281)"
2180835,03/24/2018,8:40 p.m.,sábado,AUTOMOVIL,PUBLICO,Conductor,Masculino,No,N/A,SOLO DAÑOS,Choque,Adelantar cerrando,Carrera 48 Calle 43  Sur,LAS VEGAS,Urbana,"(6.168335134, -75.597233576)"
2180824,03/24/2018,1:00 p.m.,sábado,AUTOMOVIL,PARTICULAR,Conductor,Femenino,No,N/A,SOLO DAÑOS,Choque,No mantener distancia de seguridad,Carrera 50 Calle 32 B Sur,LAS VEGAS,Urbana,"(6.178248378, -75.591688281)"
2180835,03/24/2018,8:40 p.m.,sábado,BUS,PUBLICO,Conductor,Masculino,No,N/A,SOLO DAÑOS,Choque,Adelantar cerrando,Carrera 48 Calle 43  Sur,LAS VEGAS,Urbana,"(6.168335134, -75.597233576)"
2180841,03/24/2018,3:35 p.m.,sábado,AUTOMOVIL,PARTICULAR,Conductor,Femenino,No,N/A,SOLO DAÑOS,Choque,Adelantar cerrando,Diagonal 31 Transversal 32  Sur,LA MAGNOLIA,Urbana,"(6.174681134, -75.578471041)"
2180841,03/24/2018,3:35 p.m.,sábado,CAMPERO,PARTICULAR,Conductor,Masculino,No,N/A,SOLO DAÑOS,Choque,Adelantar cerrando,Diagonal 31 Transversal 32  Sur,LA MAGNOLIA,Urbana,"(6.174681134, -75.578471041)"
2180828,03/24/2018,12:30 a.m.,sábado,CAMION,PUBLICO,Conductor,Masculino,No,N/A,SOLO DAÑOS,Choque,Desobedecer senales,Carrera 50 Calle 32 D Sur,LAS VEGAS,Urbana,"(6.178248378, -75.591688281)"
2180828,03/24/2018,12:30 a.m.,sábado,CAMION,PUBLICO,Conductor,Masculino,No,N/A,SOLO DAÑOS,Choque,Desobedecer senales,Carrera 50 Calle 32 D Sur,LAS VEGAS,Urbana,"(6.178248378, -75.591688281)"
2180827,03/24/2018,12:20 a.m.,sábado,CAMPERO,PARTICULAR,Conductor,Femenino,No,N/A,SOLO DAÑOS,Choque,Impericia en el manejo,Tramo 371 Kilometro  4,VEREDA EL ESCOBERO,Rural,
2180837,03/24/2018,11:30 p.m.,sábado,MOTOCICLETA,PARTICULAR,Motociclista,Masculino,No,N/A,HERIDO,Choque,No respetar pelacion de interseccion o giros,Diagonal 31 Transversal 35 B Sur,LA SEBASTIANA,Urbana,"(6.169485787, -75.579745011)"
2180837,03/24/2018,11:30 p.m.,sábado,AUTOMOVIL,PUBLICO,Conductor,Sin Registro,No,N/A,HERIDO,Choque,No respetar pelacion de interseccion o giros,Diagonal 31 Transversal 35 B Sur,LA SEBASTIANA,Urbana,"(6.169485787, -75.579745011)"
2180826,03/24/2018,11:45 a.m.,sábado,CAMION,PARTICULAR,Conductor,Masculino,No,N/A,SOLO DAÑOS,Choque,No respetar prelacion,Carrera 48 Calle 50  Sur,LAS VEGAS,Urbana,
2180845,03/23/2018,5:30 p.m.,viernes,AUTOMOVIL,PARTICULAR,Conductor,Masculino,No,N/A,SOLO DAÑOS,Choque,Impericia en el manejo,Carrera 48 Calle 38  Sur,ALCALA,Urbana,"(6.172747818, -75.592698171)"
2180819,03/23/2018,12:00 a.m.,viernes,AUTOMOVIL,PARTICULAR,Conductor,Masculino,No,N/A,SOLO DAÑOS,Choque,Reverso imprudente,Calle 40 F Sur Carrera 39 A,EL DORADO,Urbana,"(6.164329543, -75.589160063)"
2180819,03/23/2018,12:00 a.m.,viernes,AUTOMOVIL,PARTICULAR,Conductor,Femenino,No,N/A,SOLO DAÑOS,Choque,Reverso imprudente,Calle 40 F Sur Carrera 39 A,EL DORADO,Urbana,"(6.164329543, -75.589160063)"
2180813,03/23/2018,5:00 p.m.,viernes,BUS,PUBLICO,Conductor,Masculino,No,N/A,SOLO DAÑOS,Choque,Adelantar cerrando,Calle 27  Sur Carrera 28,EL ESMERALDAL,Urbana,"(6.175346318, -75.574583402)"
2180834,03/23/2018,6:05 a.m.,viernes,MOTOCICLETA,PARTICULAR,Motociclista,Femenino,No,N/A,HERIDO,Caida Ocupante,Superficie lisa,Carrera 27 B Calle 27 D Sur,EL ESMERALDAL,Urbana,"(6.169317472, -75.572212264)"
2180813,03/23/2018,5:00 p.m.,viernes,CAMIONETA,PARTICULAR,Conductor,Masculino,Si,2,SOLO DAÑOS,Choque,Adelantar cerrando,Calle 27  Sur Carrera 28,EL ESMERALDAL,Urbana,"(6.175346318, -75.574583402)"
2180820,03/23/2018,5:30 a.m.,viernes,CAMPERO,PARTICULAR,Conductor,Masculino,No,N/A,SOLO DAÑOS,Volcamiento,Impericia en el manejo,Tramo 372 Kilometro  15,VEREDA PALMAS,Rural,
2180821,03/23/2018,2:20 p.m.,viernes,CAMIONETA,PARTICULAR,Conductor,Masculino,No,N/A,SOLO DAÑOS,Choque,Adelantar cerrando,Tramo 372 Kilometro  16,VEREDA PALMAS,Rural,
2180821,03/23/2018,2:20 p.m.,viernes,VOLQUETA,N/A,Conductor,Sin Registro,No,N/A,SOLO DAÑOS,Choque,Adelantar cerrando,Tramo 372 Kilometro  16,VEREDA PALMAS,Rural,
2180814,03/23/2018,1:20 p.m.,viernes,CAMION,PUBLICO,Conductor,Masculino,No,N/A,MUERTO,Choque,Transitar entre vehiculos,Carrera 50 Calle 19  Sur,LAS VEGAS,Urbana,
2180814,03/23/2018,1:20 p.m.,viernes,MOTOCICLETA,PARTICULAR,Motociclista,Masculino,No,N/A,MUERTO,Choque,Transitar entre vehiculos,Carrera 50 Calle 19  Sur,LAS VEGAS,Urbana,
2180845,03/23/2018,5:30 p.m.,viernes,MOTOCICLETA,PARTICULAR,Motociclista,Masculino,No,N/A,SOLO DAÑOS,Choque,Impericia en el manejo,Carrera 48 Calle 38  Sur,ALCALA,Urbana,"(6.172747818, -75.592698171)"
2180845,03/23/2018,5:30 p.m.,viernes,CAMPERO,PARTICULAR,Conductor,Masculino,No,N/A,SOLO DAÑOS,Choque,Impericia en el manejo,Carrera 48 Calle 38  Sur,ALCALA,Urbana,"(6.172747818, -75.592698171)"
2180822,03/23/2018,9:30 p.m.,viernes,AUTOMOVIL,PARTICULAR,Conductor,Masculino,No,N/A,SOLO DAÑOS,Choque,Realizar giro en U,Tramo 372 Kilometro  12,VEREDA PALMAS,Rural,
2180822,03/23/2018,9:30 p.m.,viernes,AUTOMOVIL,PARTICULAR,Conductor,Masculino,No,N/A,SOLO DAÑOS,Choque,Realizar giro en U,Tramo 372 Kilometro  12,VEREDA PALMAS,Rural,
2180833,03/23/2018,3:50 p.m.,viernes,CAMPERO,PARTICULAR,Conductor,Femenino,No,N/A,HERIDO,Choque,No mantener distancia de seguridad,Carrera 43 A Calle 46  Sur,PRIMAVERA,Urbana,"(6.164030981, -75.595992633)"
2180833,03/23/2018,3:50 p.m.,viernes,MOTOCICLETA,PARTICULAR,Motociclista,Masculino,No,N/A,HERIDO,Choque,No mantener distancia de seguridad,Carrera 43 A Calle 46  Sur,PRIMAVERA,Urbana,"(6.164030981, -75.595992633)"
2180832,03/23/2018,9:50 p.m.,viernes,BUSETA,PUBLICO,Conductor,Masculino,No,N/A,HERIDO,Atropello,Dejar/recoger pasajeros sitio no demarca,Calle 38  Sur Carrera 43 A,ZONA CENTRO,Urbana,"(6.170537577, -75.588625139)"
2180832,03/23/2018,9:50 p.m.,viernes,MOTOCICLETA,PARTICULAR,Motociclista,Masculino,No,N/A,HERIDO,Atropello,Dejar/recoger pasajeros sitio no demarca,Calle 38  Sur Carrera 43 A,ZONA CENTRO,Urbana,"(6.170537577, -75.588625139)"
2180823,03/23/2018,5:55 a.m.,viernes,BUS,PUBLICO,Conductor,Masculino,No,N/A,SOLO DAÑOS,Choque,Superficie humeda,Carrera 27 B Calle 27 D Sur,EL ESMERALDAL,Urbana,"(6.169317472, -75.572212264)"
2180823,03/23/2018,5:55 a.m.,viernes,BUS,PUBLICO,Conductor,Masculino,No,N/A,SOLO DAÑOS,Choque,Superficie humeda,Carrera 27 B Calle 27 D Sur,EL ESMERALDAL,Urbana,"(6.169317472, -75.572212264)"
2180816,03/22/2018,4:40 p.m.,jueves,AUTOMOVIL,PARTICULAR,Conductor,Femenino,No,N/A,SOLO DAÑOS,Choque,No respetar prelacion,Carrera 49 Calle 37  Sur,LAS VEGAS,Urbana,
2180816,03/22/2018,4:40 p.m.,jueves,CAMION,PUBLICO,Conductor,Masculino,No,N/A,SOLO DAÑOS,Choque,No respetar prelacion,Carrera 49 Calle 37  Sur,LAS VEGAS,Urbana,
2180810,03/22/2018,3:28 p.m.,jueves,CAMION,PARTICULAR,Conductor,Masculino,No,N/A,SOLO DAÑOS,Choque,Estacionar sin seguridad,Carrera 27 B Calle 23  Sur,ZU├æIGA,Urbana,"(6.169317472, -75.572212264)"
2180810,03/22/2018,3:28 p.m.,jueves,CAMION,PUBLICO,Conductor,Masculino,No,N/A,SOLO DAÑOS,Choque,Estacionar sin seguridad,Carrera 27 B Calle 23  Sur,ZU├æIGA,Urbana,"(6.169317472, -75.572212264)"
2180807,03/22/2018,10:10 p.m.,jueves,MOTOCICLETA,PARTICULAR,Motociclista,Masculino,No,N/A,HERIDO,Caida Ocupante,Impericia en el manejo,Carrera 50 Calle 46 A Sur,LAS VEGAS,Urbana,"(6.16131219, -75.603198185)"
2180809,03/22/2018,1:50 p.m.,jueves,AUTOMOVIL,PARTICULAR,Conductor,Femenino,No,N/A,SOLO DAÑOS,Choque,Reverso imprudente,Diagonal 33 Transversal 32 A Sur,LA MAGNOLIA,Urbana,"(6.174904994, -75.584648578)"
2180844,03/22/2018,11:50 a.m.,jueves,AUTOMOVIL,PARTICULAR,Conductor,Femenino,No,N/A,SOLO DAÑOS,Choque,No mantener distancia de seguridad,Calle 36 D Sur Carrera 27,VEREDA EL ESCOBERO,Urbana,"(6.162479576, -75.570222573)"
2180809,03/22/2018,1:50 p.m.,jueves,AUTOMOVIL,PARTICULAR,Conductor,Femenino,No,N/A,SOLO DAÑOS,Choque,Vehiculo mal estacionado,Diagonal 33 Transversal 32 A Sur,LA MAGNOLIA,Urbana,"(6.174904994, -75.584648578)"
2180809,03/22/2018,1:50 p.m.,jueves,CAMIONETA,PUBLICO,Conductor,Masculino,No,N/A,SOLO DAÑOS,Choque,Reverso imprudente,Diagonal 33 Transversal 32 A Sur,LA MAGNOLIA,Urbana,"(6.174904994, -75.584648578)"
2180815,03/22/2018,10:45 p.m.,jueves,AUTOMOVIL,PUBLICO,Conductor,Masculino,No,N/A,SOLO DAÑOS,Choque,No mantener distancia de seguridad,Carrera 50 Calle 49  Sur,LAS VEGAS,Urbana,
2180817,03/22/2018,12:45 a.m.,jueves,MOTOCICLETA,OFICIAL,Motociclista,Masculino,No,N/A,SOLO DAÑOS,Choque,Adelantar en zona prohibida,Calle 36 D Sur Carrera 27 D,VEREDA EL ESCOBERO,Urbana,"(6.164970853, -75.574637268)"
2180817,03/22/2018,12:45 a.m.,jueves,AUTOMOVIL,PARTICULAR,Conductor,Femenino,No,N/A,SOLO DAÑOS,Choque,Adelantar en zona prohibida,Calle 36 D Sur Carrera 27 D,VEREDA EL ESCOBERO,Urbana,"(6.164970853, -75.574637268)"
2180815,03/22/2018,10:45 p.m.,jueves,MOTOCICLETA,PARTICULAR,Motociclista,Masculino,No,N/A,SOLO DAÑOS,Choque,No mantener distancia de seguridad,Carrera 50 Calle 49  Sur,LAS VEGAS,Urbana,
2180818,03/22/2018,6:50 a.m.,jueves,CAMPERO,PARTICULAR,Conductor,Masculino,No,N/A,SOLO DAÑOS,Choque,No mantener distancia de seguridad,Carrera 48 Calle 50  Sur,LAS CASITAS,Urbana,
2180818,03/22/2018,6:50 a.m.,jueves,CAMPERO,PARTICULAR,Conductor,Femenino,No,N/A,SOLO DAÑOS,Choque,No mantener distancia de seguridad,Carrera 48 Calle 50  Sur,LAS CASITAS,Urbana,
2180844,03/22/2018,11:50 a.m.,jueves,MOTOCICLETA,PARTICULAR,Motociclista,Sin Registro,No,N/A,SOLO DAÑOS,Choque,No mantener distancia de seguridad,Calle 36 D Sur Carrera 27,VEREDA EL ESCOBERO,Urbana,"(6.162479576, -75.570222573)"