RADICADO,FECHA,HORA,DÍA DE LA SEMANA,CLASE DE VEHICULO,TIPO DE SERVICIO,TIPO DE VICTIMA,SEXO,ESTADO DE BEODEZ,RESULTADO DE BEODEZ,GRAVEDAD,CLASE DE ACCIDENTE,CAUSA,DIRECCIÓN,BARRIO,AREA,Coordenadas
2180748,03/16/2018,4:00 p.m.,viernes,CAMIONETA,PARTICULAR,Conductor,Femenino,No,N/A,SOLO DAÑOS,Choque,No respetar prelacion,Calle 36  Sur Carrera 27 D,LA INMACULADA,Urbana,"(6.167512089, -75.574149427)"
2180766,03/16/2018,7:00 a.m.,viernes,AUTOMOVIL,PARTICULAR,Conductor,Masculino,No,N/A,SOLO DAÑOS,Choque,Transitar entre vehiculos,Calle 37  Sur Carrera 46,EL PORTAL,Urbana,"(6.172613713, -75.590909108)"
2180774,03/16/2018,7:50 a.m.,viernes,MOTOCICLETA,PARTICULAR,Motociclista,Masculino,No,N/A,SOLO DAÑOS,Choque,No mantener distancia de seguridad,Carrera 48 Calle 46  Sur,LAS VEGAS,Urbana,"(6.166195386, -75.599285489)"
2180774,03/16/2018,7:50 a.m.,viernes,MOTOCICLETA,PARTICULAR,Motociclista,Masculino,No,N/A,SOLO DAÑOS,Choque,No mantener distancia de seguridad,Carrera 48 Calle 46  Sur,LAS VEGAS,Urbana,"(6.166195386, -75.599285489)"
2180755,03/16/2018,1:50 p.m.,viernes,AUTOMOVIL,PARTICULAR,Conductor,Masculino,No,N/A,SOLO DAÑOS,Choque,Poner en marcha un vehiculo sin precauci,Carrera 48 Calle 27 A Sur,LAS VEGAS,Urbana,"(6.181312425, -75.58688511)"
2180755,03/16/2018,1:50 p.m.,viernes,BUS,PUBLICO,Conductor,Masculino,No,N/A,SOLO DAÑOS,Choque,Poner en marcha un vehiculo sin precauci,Carrera 48 Calle 27 A Sur,LAS VEGAS,Urbana,"(6.181312425, -75.58688511)"
2180791,03/16/2018,7:40 p.m.,viernes,BUS,PUBLICO,Conductor,Masculino,No,N/A,SOLO DAÑOS,Choque,Girar bruscamente,Carrera 41 Calle 40  Sur,EL DORADO,Urbana,"(6.166920833, -75.587995017)"
2180791,03/16/2018,7:40 p.m.,viernes,MOTOCICLETA,PARTICULAR,Motociclista,Masculino,No,N/A,SOLO DAÑOS,Choque,Girar bruscamente,Carrera 41 Calle 40  Sur,EL DORADO,Urbana,"(6.166920833, -75.587995017)"
2180771,03/16/2018,10:30 a.m.,viernes,AUTOMOVIL,PARTICULAR,Conductor,Masculino,No,N/A,SOLO DAÑOS,Choque,Desobedecer senales,Diagonal 31 Transversal 32 C Sur,LA MAGNOLIA,Urbana,"(6.174681134, -75.578471041)"
2180763,03/16/2018,1:30 p.m.,viernes,BUS,PUBLICO,Conductor,Masculino,No,N/A,SOLO DAÑOS,Choque,No mantener distancia de seguridad,Carrera 42 Calle 45  Sur,LA PAZ,Urbana,"(6.16614278, -75.594404406)"
2180763,03/16/2018,1:30 p.m.,viernes,AUTOMOVIL,PUBLICO,Conductor,Masculino,No,N/A,SOLO DAÑOS,Choque,No mantener distancia de seguridad,Carrera 42 Calle 45  Sur,LA PAZ,Urbana,"(6.16614278, -75.594404406)"
2180744,03/16/2018,10:10 p.m.,viernes,CAMIONETA,PARTICULAR,Conductor,Masculino,No,N/A,HERIDO,Choque,Transitar entre vehiculos,Carrera 50 Calle 26  Sur,LAS VEGAS,Urbana,"(6.184812544, -75.586911093)"
2180778,03/16/2018,7:25 a.m.,viernes,AUTOMOVIL,PARTICULAR,Conductor,Masculino,No,N/A,SOLO DAÑOS,Choque,No mantener distancia de seguridad,Carrera 50 Calle 26  Sur,LAS VEGAS,Urbana,"(6.184812544, -75.586911093)"
2180778,03/16/2018,7:25 a.m.,viernes,CAMIONETA,PARTICULAR,Conductor,Masculino,No,N/A,SOLO DAÑOS,Choque,No mantener distancia de seguridad,Carrera 50 Calle 26  Sur,LAS VEGAS,Urbana,"(6.184812544, -75.586911093)"
2180778,03/16/2018,7:25 a.m.,viernes,AUTOMOVIL,PARTICULAR,Conductor,Masculino,No,N/A,SOLO DAÑOS,Choque,No mantener distancia de seguridad,Carrera 50 Calle 26  Sur,LAS VEGAS,Urbana,"(6.184812544, -75.586911093)"
2180733,03/15/2018,7:00 a.m.,jueves,AUTOMOVIL,PARTICULAR,Conductor,Femenino,No,N/A,HERIDO,Choque,No mantener distancia de seguridad,Tramo 373 Kilometro  13,VEREDA PALMAS,Rural,
2180775,03/15/2018,6:50 a.m.,jueves,AUTOMOVIL,PUBLICO,Conductor,Masculino,No,N/A,HERIDO,Choque,Transitar entre vehiculos,Carrera 48 Calle 37  Sur,LAS VEGAS,Urbana,"(6.172859211, -75.592769925)"
2180775,03/15/2018,6:50 a.m.,jueves,MOTOCICLETA,PARTICULAR,Motociclista,Femenino,No,N/A,HERIDO,Choque,Transitar entre vehiculos,Carrera 48 Calle 37  Sur,LAS VEGAS,Urbana,"(6.172859211, -75.592769925)"
2180741,03/15/2018,7:40 a.m.,jueves,AUTOMOVIL,PUBLICO,Conductor,Masculino,No,N/A,HERIDO,Choque,Impericia en el manejo,Calle 27  Sur Carrera 28,EL ESMERALDAL,Urbana,"(6.175346318, -75.574583402)"
2180741,03/15/2018,7:40 a.m.,jueves,MOTOCICLETA,PARTICULAR,Motociclista,Masculino,No,N/A,HERIDO,Choque,Impericia en el manejo,Calle 27  Sur Carrera 28,EL ESMERALDAL,Urbana,"(6.175346318, -75.574583402)"
2180760,03/15/2018,3:40 p.m.,jueves,AUTOMOVIL,PARTICULAR,Conductor,Femenino,No,N/A,SOLO DAÑOS,Choque,Adelantar cerrando,Calle 36 D Sur Carrera 27 D,VEREDA EL ESCOBERO,Urbana,"(6.164970853, -75.574637268)"
2180760,03/15/2018,3:40 p.m.,jueves,CAMPERO,DIPLOMATICO,Conductor,Masculino,No,N/A,SOLO DAÑOS,Choque,Adelantar cerrando,Calle 36 D Sur Carrera 27 D,VEREDA EL ESCOBERO,Urbana,"(6.164970853, -75.574637268)"
2180731,03/15/2018,8:40 a.m.,jueves,AUTOMOVIL,PARTICULAR,Conductor,Masculino,No,N/A,SOLO DAÑOS,Choque,No mantener distancia de seguridad,Carrera 48 Calle 46  Sur,LAS VEGAS,Urbana,"(6.166195386, -75.599285489)"
2180731,03/15/2018,8:40 a.m.,jueves,CAMPERO,PARTICULAR,Conductor,Femenino,No,N/A,SOLO DAÑOS,Choque,No mantener distancia de seguridad,Carrera 48 Calle 46  Sur,LAS VEGAS,Urbana,"(6.166195386, -75.599285489)"
2180731,03/15/2018,8:40 a.m.,jueves,AUTOMOVIL,PUBLICO,Conductor,Masculino,No,N/A,SOLO DAÑOS,Choque,No mantener distancia de seguridad,Carrera 48 Calle 46  Sur,LAS VEGAS,Urbana,"(6.166195386, -75.599285489)"
2180743,03/15/2018,12:30 a.m.,jueves,BUS,PUBLICO,Conductor,Masculino,No,N/A,SOLO DAÑOS,Choque,Impericia en el manejo,Calle 34 A Sur Carrera 27 D,ALTO DE MISAEL,Urbana,"(6.172512502, -75.577047381)"
2180757,03/15/2018,1:30 p.m.,jueves,AUTOMOVIL,PARTICULAR,Conductor,Masculino,No,N/A,SOLO DAÑOS,Choque,No mantener distancia de seguridad,Carrera 50 Calle 32  Sur,LAS VEGAS,Urbana,"(6.178248378, -75.591688281)"
2180757,03/15/2018,1:30 p.m.,jueves,BUS,PUBLICO,Conductor,Masculino,No,N/A,SOLO DAÑOS,Choque,No mantener distancia de seguridad,Carrera 50 Calle 32  Sur,LAS VEGAS,Urbana,"(6.178248378, -75.591688281)"
2180758,03/15/2018,7:30 a.m.,jueves,MOTOCICLETA,PARTICULAR,Motociclista,Masculino,No,N/A,SOLO DAÑOS,Choque,Transitar entre vehiculos,Calle 21  Sur Carrera 41,ZU├æIGA,Urbana,"(6.182165945, -75.576776678)"
2180758,03/15/2018,7:30 a.m.,jueves,CAMPERO,PARTICULAR,Conductor,Masculino,No,N/A,SOLO DAÑOS,Choque,Transitar entre vehiculos,Calle 21  Sur Carrera 41,ZU├æIGA,Urbana,"(6.182165945, -75.576776678)"
2180740,03/15/2018,7:30 a.m.,jueves,MOTOCICLETA,PARTICULAR,Motociclista,Femenino,No,N/A,HERIDO,Choque,Poner en marcha un vehiculo sin precauci,Carrera 48 Calle 30  Sur,LAS VEGAS,Urbana,"(6.179366643, -75.588084104)"
2180740,03/15/2018,7:30 a.m.,jueves,AUTOMOVIL,PARTICULAR,Conductor,Masculino,No,N/A,HERIDO,Choque,Poner en marcha un vehiculo sin precauci,Carrera 48 Calle 30  Sur,LAS VEGAS,Urbana,"(6.179366643, -75.588084104)"
2180745,03/15/2018,1:25 p.m.,jueves,CAMIONETA,PARTICULAR,Conductor,Masculino,No,N/A,SOLO DAÑOS,Choque,No mantener distancia de seguridad,Carrera 41 Calle 29  Sur,LAS VEGAS,Urbana,"(6.159321168, -75.583364747)"
2180745,03/15/2018,1:25 p.m.,jueves,MOTOCICLETA,PARTICULAR,Motociclista,Masculino,No,N/A,SOLO DAÑOS,Choque,No mantener distancia de seguridad,Carrera 41 Calle 29  Sur,LAS VEGAS,Urbana,"(6.159321168, -75.583364747)"
2180784,03/15/2018,10:25 a.m.,jueves,BUS,PUBLICO,Conductor,Masculino,No,N/A,HERIDO,Caida Ocupante,Desobedecer senales,Carrera 31 Calle 37  Sur,MESA,Urbana,"(6.166081055, -75.580642165)"
2180738,03/15/2018,7:15 a.m.,jueves,BUS,PUBLICO,Conductor,Masculino,No,N/A,SOLO DAÑOS,Choque,No mantener distancia de seguridad,Calle 41  Sur Carrera 25,LA MINA,Urbana,"(6.153055964, -75.584468082)"
2180738,03/15/2018,7:15 a.m.,jueves,BUS,PUBLICO,Conductor,Masculino,No,N/A,SOLO DAÑOS,Choque,No mantener distancia de seguridad,Calle 41  Sur Carrera 25,LA MINA,Urbana,"(6.153055964, -75.584468082)"
2180773,03/15/2018,8:15 a.m.,jueves,CAMPERO,PARTICULAR,Conductor,Femenino,No,N/A,SOLO DAÑOS,Choque,Impericia en el manejo,Tramo 372 Kilometro  12,VEREDA PALMAS,Rural,
2180773,03/15/2018,8:15 a.m.,jueves,MOTOCICLETA,PARTICULAR,Motociclista,Masculino,No,N/A,SOLO DAÑOS,Choque,Impericia en el manejo,Tramo 372 Kilometro  12,VEREDA PALMAS,Rural,
2180769,03/15/2018,7:15 p.m.,jueves,AUTOMOVIL,PUBLICO,Conductor,Masculino,No,N/A,HERIDO,Choque,Desobedecer senales,Calle 39 D Sur Carrera 24 EE,EL CHINGU├ì,Urbana,"(6.154343948, -75.578021489)"
2180769,03/15/2018,7:15 p.m.,jueves,BICICLETA,N/A,Ciclista,Masculino,No,N/A,HERIDO,Choque,Desobedecer senales,Calle 39 D Sur Carrera 24 EE,EL CHINGU├ì,Urbana,"(6.154343948, -75.578021489)"
2180769,03/15/2018,7:15 p.m.,jueves,BICICLETA,N/A,Ciclista,Masculino,No,N/A,HERIDO,Choque,Desobedecer senales,Calle 39 D Sur Carrera 24 EE,EL CHINGU├ì,Urbana,"(6.154343948, -75.578021489)"
2180769,03/15/2018,7:15 p.m.,jueves,AUTOMOVIL,PUBLICO,Conductor,Masculino,No,N/A,HERIDO,Choque,Desobedecer senales,Calle 39 D Sur Carrera 24 EE,EL CHINGU├ì,Urbana,"(6.154343948, -75.578021489)"
2180733,03/15/2018,7:00 a.m.,jueves,AUTOMOVIL,PARTICULAR,Conductor,Masculino,No,N/A,HERIDO,Choque,Transitar entre vehiculos,Tramo 373 Kilometro  13,VEREDA PALMAS,Rural,
2180733,03/15/2018,7:00 a.m.,jueves,CAMION,PUBLICO,Conductor,Masculino,No,N/A,HERIDO,Choque,No mantener distancia de seguridad,Tramo 373 Kilometro  13,VEREDA PALMAS,Rural,
2180733,03/15/2018,7:00 a.m.,jueves,CAMION,PUBLICO,Conductor,Masculino,No,N/A,HERIDO,Choque,Transitar entre vehiculos,Tramo 373 Kilometro  13,VEREDA PALMAS,Rural,
2180733,03/15/2018,7:00 a.m.,jueves,MOTOCICLETA,PARTICULAR,Motociclista,Masculino,No,N/A,HERIDO,Choque,No mantener distancia de seguridad,Tramo 373 Kilometro  13,VEREDA PALMAS,Rural,
2180733,03/15/2018,7:00 a.m.,jueves,MOTOCICLETA,PARTICULAR,Motociclista,Masculino,No,N/A,HERIDO,Choque,Transitar entre vehiculos,Tramo 373 Kilometro  13,VEREDA PALMAS,Rural,
2180733,03/15/2018,7:00 a.m.,jueves,AUTOMOVIL,PARTICULAR,Conductor,Femenino,No,N/A,HERIDO,Choque,No mantener distancia de seguridad,Tramo 373 Kilometro  13,VEREDA PALMAS,Rural,
2180733,03/15/2018,7:00 a.m.,jueves,AUTOMOVIL,PARTICULAR,Conductor,Femenino,No,N/A,HERIDO,Choque,Transitar entre vehiculos,Tramo 373 Kilometro  13,VEREDA PALMAS,Rural,
2180770,03/15/2018,6:00 p.m.,jueves,MOTOCICLETA,DIPLOMATICO,Motociclista,Masculino,No,N/A,SOLO DAÑOS,Choque,Desobedecer senales,Carrera 37 Calle 38 A Sur,MESA,Urbana,"(6.166899106, -75.584597428)"
2180770,03/15/2018,6:00 p.m.,jueves,CAMIONETA,PARTICULAR,Conductor,Masculino,No,N/A,SOLO DAÑOS,Choque,Desobedecer senales,Carrera 37 Calle 38 A Sur,MESA,Urbana,"(6.166899106, -75.584597428)"
2180733,03/15/2018,7:00 a.m.,jueves,AUTOMOVIL,PARTICULAR,Conductor,Femenino,No,N/A,HERIDO,Choque,Transitar entre vehiculos,Tramo 373 Kilometro  13,VEREDA PALMAS,Rural,
2180733,03/15/2018,7:00 a.m.,jueves,AUTOMOVIL,PARTICULAR,Conductor,Masculino,No,N/A,HERIDO,Choque,No mantener distancia de seguridad,Tramo 373 Kilometro  13,VEREDA PALMAS,Rural,
2180746,03/15/2018,4:00 p.m.,jueves,AUTOMOVIL,PARTICULAR,Conductor,Masculino,No,N/A,SOLO DAÑOS,Choque,No mantener distancia de seguridad,Carrera 50 Calle 46 A Sur,LAS VEGAS,Urbana,"(6.16131219, -75.603198185)"
2180746,03/15/2018,4:00 p.m.,jueves,MOTOCICLETA,PARTICULAR,Motociclista,Masculino,No,N/A,SOLO DAÑOS,Choque,No mantener distancia de seguridad,Carrera 50 Calle 46 A Sur,LAS VEGAS,Urbana,"(6.16131219, -75.603198185)"
2180795,03/15/2018,1:00 p.m.,jueves,CAMIONETA,PUBLICO,Conductor,Masculino,No,N/A,SOLO DAÑOS,Choque,No mantener distancia de seguridad,Carrera 48 Calle 43  Sur,LAS VEGAS,Urbana,"(6.168335134, -75.597233576)"
2180795,03/15/2018,1:00 p.m.,jueves,CAMIONETA,PARTICULAR,Conductor,Masculino,No,N/A,SOLO DAÑOS,Choque,No mantener distancia de seguridad,Carrera 48 Calle 43  Sur,LAS VEGAS,Urbana,"(6.168335134, -75.597233576)"
2180793,03/15/2018,1:00 p.m.,jueves,AUTOMOVIL,PARTICULAR,Conductor,Masculino,No,N/A,SOLO DAÑOS,Choque,Adelantar cerrando,Calle 30  Sur Carrera 43 A,JARDINES,Urbana,"(6.177126039, -75.585250895)"
2180793,03/15/2018,1:00 p.m.,jueves,CAMION,PUBLICO,Conductor,Masculino,No,N/A,SOLO DAÑOS,Choque,Adelantar cerrando,Calle 30  Sur Carrera 43 A,JARDINES,Urbana,"(6.177126039, -75.585250895)"
2180737,03/14/2018,9:25 a.m.,miércoles,MOTOCICLETA,PARTICULAR,Motociclista,Masculino,No,N/A,HERIDO,Choque,No respetar prelacion,Calle 37  Sur Carrera 32,MESA,Urbana,"(6.166691719, -75.581185995)"
2180732,03/14/2018,2:10 p.m.,miércoles,AUTOMOVIL,PARTICULAR,Conductor,Femenino,No,N/A,SOLO DAÑOS,Choque,Arrancar sin precaucion,Calle 27  Sur Carrera 25 B,EL ESMERALDAL,Urbana,"(6.171126194, -75.565913085)"
2180732,03/14/2018,2:10 p.m.,miércoles,AUTOMOVIL,PARTICULAR,Conductor,Masculino,No,N/A,SOLO DAÑOS,Choque,Arrancar sin precaucion,Calle 27  Sur Carrera 25 B,EL ESMERALDAL,Urbana,"(6.171126194, -75.565913085)"
2180723,03/14/2018,11:41 p.m.,miércoles,MOTOCICLETA,PARTICULAR,Motociclista,Masculino,No,N/A,HERIDO,Caida Ocupante,Impericia en el manejo,Calle 39  Sur Carrera 43 A,ZONA CENTRO,Urbana,"(6.169120914, -75.589530358)"
2180739,03/14/2018,10:50 a.m.,miércoles,AUTOMOVIL,PARTICULAR,Conductor,Femenino,No,N/A,SOLO DAÑOS,Choque,Fallas en las llantas,Tramo 372 Kilometro  12,VEREDA PALMAS,Rural,
2180739,03/14/2018,10:50 a.m.,miércoles,MICROBUS,PUBLICO,Conductor,Masculino,No,N/A,SOLO DAÑOS,Choque,Fallas en las llantas,Tramo 372 Kilometro  12,VEREDA PALMAS,Rural,
2180739,03/14/2018,10:50 a.m.,miércoles,CAMIONETA,PARTICULAR,Conductor,Masculino,No,N/A,SOLO DAÑOS,Choque,Fallas en las llantas,Tramo 372 Kilometro  12,VEREDA PALMAS,Rural,
2180718,03/14/2018,2:50 p.m.,miércoles,CAMIONETA,PARTICULAR,Conductor,Masculino,No,N/A,SOLO DAÑOS,Choque,Desobedecer senales,Carrera 48 Calle 26  Sur,LAS VEGAS,Urbana,"(6.183318111, -75.585537184)"
2180718,03/14/2018,2:50 p.m.,miércoles,AUTOMOVIL,PUBLICO,Conductor,Masculino,No,N/A,SOLO DAÑOS,Choque,Desobedecer senales,Carrera 48 Calle 26  Sur,LAS VEGAS,Urbana,"(6.183318111, -75.585537184)"
2180742,03/14/2018,5:40 p.m.,miércoles,BUSETA,PUBLICO,Conductor,Masculino,No,N/A,HERIDO,Otro,Desobedecer senales,Carrera 27 A Calle 37  Sur,VEREDA EL ESCOBERO,Urbana,"(6.161839158, -75.574106895)"
2180735,03/14/2018,5:39 p.m.,miércoles,MOTOCICLETA,PARTICULAR,Motociclista,Masculino,No,N/A,SOLO DAÑOS,Choque,Impericia en el manejo,Calle 25  Sur Carrera 48,LAS VEGAS,Urbana,
2180735,03/14/2018,5:39 p.m.,miércoles,AUTOMOVIL,PARTICULAR,Conductor,Masculino,No,N/A,SOLO DAÑOS,Choque,Impericia en el manejo,Calle 25  Sur Carrera 48,LAS VEGAS,Urbana,
2180729,03/14/2018,2:40 p.m.,miércoles,MOTOCICLETA,PARTICULAR,Motociclista,Masculino,No,N/A,SOLO DAÑOS,Choque,Girar bruscamente,Carrera 48 Calle 27  Sur,LAS VEGAS,Urbana,"(6.181312425, -75.58688511)"
2180729,03/14/2018,2:40 p.m.,miércoles,BUS,PUBLICO,Conductor,Masculino,No,N/A,SOLO DAÑOS,Choque,Girar bruscamente,Carrera 48 Calle 27  Sur,LAS VEGAS,Urbana,"(6.181312425, -75.58688511)"
2180736,03/14/2018,10:30 a.m.,miércoles,CAMIONETA,PARTICULAR,Conductor,Masculino,No,N/A,SOLO DAÑOS,Choque,No mantener distancia de seguridad,Diagonal 31 Transversal 32 A Sur,LA MAGNOLIA,Urbana,"(6.174681134, -75.578471041)"
2180736,03/14/2018,10:30 a.m.,miércoles,CAMIONETA,PARTICULAR,Conductor,Masculino,No,N/A,SOLO DAÑOS,Choque,No mantener distancia de seguridad,Diagonal 31 Transversal 32 A Sur,LA MAGNOLIA,Urbana,"(6.174681134, -75.578471041)"
2180737,03/14/2018,9:25 a.m.,miércoles,AUTOMOVIL,PUBLICO,Conductor,Masculino,No,N/A,HERIDO,Choque,No respetar prelacion,Calle 37  Sur Carrera 32,MESA,Urbana,"(6.166691719, -75.581185995)"
2180726,03/13/2018,5:00 p.m.,martes,MOTOCICLETA,PARTICULAR,Motociclista,Masculino,No,N/A,HERIDO,Choque,No mantener distancia de seguridad,Calle 38  Sur Carrera 39,ZONA CENTRO,Urbana,"(6.16839174, -75.585247797)"
2180726,03/13/2018,5:00 p.m.,martes,MOTOCICLETA,PARTICULAR,Motociclista,Masculino,No,N/A,HERIDO,Choque,Girar bruscamente,Calle 38  Sur Carrera 39,ZONA CENTRO,Urbana,"(6.16839174, -75.585247797)"
2180734,03/13/2018,4:00 p.m.,martes,MOTOCICLETA,PARTICULAR,Motociclista,Femenino,No,N/A,SOLO DAÑOS,Choque,Impericia en el manejo,Calle 37  Sur Carrera 42,ZONA CENTRO,Urbana,"(6.17029993, -75.586935484)"
2180726,03/13/2018,5:00 p.m.,martes,CAMPERO,PARTICULAR,Conductor,Femenino,No,N/A,HERIDO,Choque,No mantener distancia de seguridad,Calle 38  Sur Carrera 39,ZONA CENTRO,Urbana,"(6.16839174, -75.585247797)"
2180722,03/13/2018,12:00 a.m.,martes,BUS,PUBLICO,Conductor,Masculino,No,N/A,SOLO DAÑOS,Choque,Impericia en el manejo,Carrera 43 Calle 36  Sur,ZONA CENTRO,Urbana,"(6.171314659, -75.587007533)"
2180722,03/13/2018,12:00 a.m.,martes,AUTOMOVIL,PARTICULAR,Conductor,Femenino,No,N/A,SOLO DAÑOS,Choque,Impericia en el manejo,Carrera 43 Calle 36  Sur,ZONA CENTRO,Urbana,"(6.171314659, -75.587007533)"
2180704,03/13/2018,1:00 p.m.,martes,AUTOMOVIL,PARTICULAR,Conductor,Femenino,No,N/A,SOLO DAÑOS,Choque,No mantener distancia de seguridad,Calle 39  Sur Carrera 42,ZONA CENTRO,Urbana,"(6.168300638, -75.588159271)"
2180704,03/13/2018,1:00 p.m.,martes,BUS,PUBLICO,Conductor,Masculino,No,N/A,SOLO DAÑOS,Choque,No mantener distancia de seguridad,Calle 39  Sur Carrera 42,ZONA CENTRO,Urbana,"(6.168300638, -75.588159271)"
2180734,03/13/2018,4:00 p.m.,martes,AUTOMOVIL,PUBLICO,Conductor,Masculino,No,N/A,SOLO DAÑOS,Choque,Impericia en el manejo,Calle 37  Sur Carrera 42,ZONA CENTRO,Urbana,"(6.17029993, -75.586935484)"
2180707,03/13/2018,6:50 a.m.,martes,MOTOCICLETA,PARTICULAR,Motociclista,Masculino,No,N/A,SOLO DAÑOS,Choque,Transitar entre vehiculos,Carrera 50 Calle 46 A Sur,LAS VEGAS,Urbana,"(6.16131219, -75.603198185)"
2180707,03/13/2018,6:50 a.m.,martes,AUTOMOVIL,PARTICULAR,Conductor,Femenino,No,N/A,SOLO DAÑOS,Choque,Transitar entre vehiculos,Carrera 50 Calle 46 A Sur,LAS VEGAS,Urbana,"(6.16131219, -75.603198185)"
2180716,03/13/2018,5:40 p.m.,martes,MOTOCICLETA,PARTICULAR,Motociclista,Masculino,No,N/A,HERIDO,Atropello,Cruzar sin observar,Calle 45 B Sur Carrera 42 B,LA PAZ,Urbana,"(6.163155121, -75.593708386)"
2180703,03/13/2018,1:40 p.m.,martes,MOTOCARRO,PARTICULAR,Motociclista,Masculino,No,N/A,SOLO DAÑOS,Choque,No mantener distancia de seguridad,Calle 38 A Sur Carrera 43,ZONA CENTRO,Urbana,"(6.169370628, -75.588315099)"
2180703,03/13/2018,1:40 p.m.,martes,AUTOMOVIL,PARTICULAR,Conductor,Masculino,No,N/A,SOLO DAÑOS,Choque,No mantener distancia de seguridad,Calle 38 A Sur Carrera 43,ZONA CENTRO,Urbana,"(6.169370628, -75.588315099)"
2180717,03/13/2018,10:30 a.m.,martes,MOTOCICLETA,PARTICULAR,Motociclista,Masculino,No,N/A,HERIDO,Choque,No mantener distancia de seguridad,Carrera 48 Calle 38 A Sur,LAS VEGAS,Urbana,"(6.172315595, -75.59309025)"
2180725,03/13/2018,2:35 p.m.,martes,CAMIONETA,PUBLICO,Conductor,Masculino,No,N/A,SOLO DAÑOS,Choque,Adelantar cerrando,Calle 38 A Sur Carrera 43,ZONA CENTRO,Urbana,"(6.169370628, -75.588315099)"
2180725,03/13/2018,2:35 p.m.,martes,CAMPERO,PARTICULAR,Conductor,Masculino,No,N/A,SOLO DAÑOS,Choque,Adelantar cerrando,Calle 38 A Sur Carrera 43,ZONA CENTRO,Urbana,"(6.169370628, -75.588315099)"
2180717,03/13/2018,10:30 a.m.,martes,MOTOCICLETA,PARTICULAR,Motociclista,Masculino,No,N/A,HERIDO,Choque,No mantener distancia de seguridad,Carrera 48 Calle 38 A Sur,LAS VEGAS,Urbana,"(6.172315595, -75.59309025)"
2180724,03/13/2018,11:00 p.m.,martes,AUTOMOVIL,PUBLICO,Conductor,Masculino,Si,3,SOLO DAÑOS,Volcamiento,Embriaguez o droga,Carrera 45 B Calle 36  Sur,LAS ANTILLAS,Urbana,"(6.17265934, -75.590021599)"
2180726,03/13/2018,5:00 p.m.,martes,CAMPERO,PARTICULAR,Conductor,Femenino,No,N/A,HERIDO,Choque,Girar bruscamente,Calle 38  Sur Carrera 39,ZONA CENTRO,Urbana,"(6.16839174, -75.585247797)"
2180705,03/12/2018,7:30 a.m.,lunes,BUS,PUBLICO,Conductor,Masculino,No,N/A,SOLO DAÑOS,Choque,No mantener distancia de seguridad,Calle 38 A Sur Carrera 41,ZONA CENTRO,Urbana,"(6.168560755, -75.587015366)"
2180700,03/12/2018,4:50 p.m.,lunes,BUS,PUBLICO,Conductor,Femenino,No,N/A,SOLO DAÑOS,Choque,No mantener distancia de seguridad,Calle 50  Sur Carrera 48,LAS VEGAS,Urbana,
2180700,03/12/2018,4:50 p.m.,lunes,AUTOMOVIL,PARTICULAR,Conductor,Masculino,No,N/A,SOLO DAÑOS,Choque,No mantener distancia de seguridad,Calle 50  Sur Carrera 48,LAS VEGAS,Urbana,
2180702,03/12/2018,5:50 p.m.,lunes,BUS,PUBLICO,Conductor,Masculino,No,N/A,SOLO DAÑOS,Choque,Reverso imprudente,Carrera 49 Calle 37  Sur,LAS VEGAS,Urbana,
2180702,03/12/2018,5:50 p.m.,lunes,AUTOMOVIL,PUBLICO,Conductor,Masculino,No,N/A,SOLO DAÑOS,Choque,Reverso imprudente,Carrera 49 Calle 37  Sur,LAS VEGAS,Urbana,
2180713,03/12/2018,8:50 a.m.,lunes,AUTOMOVIL,PARTICULAR,Conductor,Masculino,No,N/A,HERIDO,Choque,Impericia en el manejo,Calle 41 AA Sur Carrera 29 A,SAN RAFAEL,Urbana,"(6.158466841, -75.585220597)"
2180713,03/12/2018,8:50 a.m.,lunes,MOTOCICLETA,PARTICULAR,Motociclista,Masculino,No,N/A,HERIDO,Choque,Impericia en el manejo,Calle 41 AA Sur Carrera 29 A,SAN RAFAEL,Urbana,"(6.158466841, -75.585220597)"
2180694,03/12/2018,2:40 p.m.,lunes,BUS,PUBLICO,Conductor,Masculino,No,N/A,SOLO DAÑOS,Choque,Ausencia o deficencia en demarcacion,Calle 22  Sur Carrera 40,ZU├æIGA,Urbana,"(6.18123897, -75.576751492)"
2180687,03/12/2018,2:40 p.m.,lunes,MOTOCICLETA,PARTICULAR,Motociclista,Masculino,No,N/A,SOLO DAÑOS,Choque,Adelantar por la derecha,Carrera 43 A Calle 33  Sur,SAN MARCOS,Urbana,"(6.173661976, -75.586503646)"
2180687,03/12/2018,2:40 p.m.,lunes,AUTOMOVIL,PARTICULAR,Conductor,Masculino,No,N/A,SOLO DAÑOS,Choque,Adelantar por la derecha,Carrera 43 A Calle 33  Sur,SAN MARCOS,Urbana,"(6.173661976, -75.586503646)"
2180715,03/12/2018,6:30 p.m.,lunes,MOTOCICLETA,PARTICULAR,Motociclista,Femenino,No,N/A,HERIDO,Choque,Impericia en el manejo,Carrera 48 Calle 46  Sur,LAS VEGAS,Urbana,"(6.166195386, -75.599285489)"
2180715,03/12/2018,6:30 p.m.,lunes,CAMPERO,PARTICULAR,Conductor,Masculino,No,N/A,HERIDO,Choque,Impericia en el manejo,Carrera 48 Calle 46  Sur,LAS VEGAS,Urbana,"(6.166195386, -75.599285489)"