RADICADO,FECHA,HORA,DÍA DE LA SEMANA,CLASE DE VEHICULO,TIPO DE SERVICIO,TIPO DE VICTIMA,SEXO,ESTADO DE BEODEZ,RESULTADO DE BEODEZ,GRAVEDAD,CLASE DE ACCIDENTE,CAUSA,DIRECCIÓN,BARRIO,AREA,Coordenadas
2180669,03/07/2018,9:15 a.m.,miércoles,MOTOCICLETA,PARTICULAR,Motociclista,Femenino,No,N/A,HERIDO,Atropello,Cruzar sin observar,Calle 38  Sur Carrera 43 A,ZONA CENTRO,Urbana,"(6.170537577, -75.588625139)"
2180653,03/07/2018,9:15 a.m.,miércoles,CAMIONETA,PUBLICO,Conductor,Masculino,No,N/A,SOLO DAÑOS,Choque,No mantener distancia de seguridad,Calle 37  Sur Carrera 48,LAS VEGAS,Urbana,"(6.17412211, -75.593061115)"
2180655,03/07/2018,2:10 p.m.,miércoles,AUTOMOVIL,PARTICULAR,Conductor,Femenino,No,N/A,SOLO DAÑOS,Choque,Impericia en el manejo,Calle 25  Sur Carrera 42 B,ZU├æIGA,Urbana,"(6.179561127, -75.579866326)"
2180655,03/07/2018,2:10 p.m.,miércoles,CAMIONETA,PARTICULAR,Conductor,Masculino,No,N/A,SOLO DAÑOS,Choque,Impericia en el manejo,Calle 25  Sur Carrera 42 B,ZU├æIGA,Urbana,"(6.179561127, -75.579866326)"
2180653,03/07/2018,9:15 a.m.,miércoles,CAMION,OFICIAL,Conductor,Masculino,No,N/A,SOLO DAÑOS,Choque,No mantener distancia de seguridad,Calle 37  Sur Carrera 48,LAS VEGAS,Urbana,"(6.17412211, -75.593061115)"
2180644,03/07/2018,3:00 p.m.,miércoles,AUTOMOVIL,PARTICULAR,Conductor,Masculino,No,N/A,HERIDO,Choque,Impericia en el manejo,Calle 36  Sur Carrera 23,EL CHOCHO,Urbana,"(6.167434238, -75.562958954)"
2180642,03/07/2018,4:00 a.m.,miércoles,MOTOCICLETA,PARTICULAR,Motociclista,Masculino,Si,2,HERIDO,Caida Ocupante,Embriaguez o droga,Carrera 49 Calle 25  Sur,LAS VEGAS,Urbana,"(6.18641241, -75.585062957)"
2180647,03/07/2018,2:00 p.m.,miércoles,BUSETA,PUBLICO,Conductor,Masculino,No,N/A,SOLO DAÑOS,Choque,No mantener distancia de seguridad,Calle 37  Sur Carrera 34,LOS NARANJOS,Urbana,"(6.167404691, -75.582257952)"
2180647,03/07/2018,2:00 p.m.,miércoles,AUTOMOVIL,PARTICULAR,Conductor,Masculino,No,N/A,SOLO DAÑOS,Choque,No mantener distancia de seguridad,Calle 37  Sur Carrera 34,LOS NARANJOS,Urbana,"(6.167404691, -75.582257952)"
2180657,03/07/2018,1:00 p.m.,miércoles,BUS,PUBLICO,Conductor,Sin Registro,No,N/A,SOLO DAÑOS,Choque,Girar bruscamente,Carrera 43 A Calle 24  Sur,ZU├æIGA,Urbana,"(6.181523119, -75.580791621)"
2180657,03/07/2018,1:00 p.m.,miércoles,AUTOMOVIL,PARTICULAR,Conductor,Femenino,No,N/A,SOLO DAÑOS,Choque,Girar bruscamente,Carrera 43 A Calle 24  Sur,ZU├æIGA,Urbana,"(6.181523119, -75.580791621)"
2180657,03/07/2018,1:00 p.m.,miércoles,AUTOMOVIL,PARTICULAR,Conductor,Femenino,No,N/A,SOLO DAÑOS,Choque,Girar bruscamente,Carrera 43 A Calle 24  Sur,ZU├æIGA,Urbana,"(6.181523119, -75.580791621)"
2180644,03/07/2018,3:00 p.m.,miércoles,AUTOMOVIL,PARTICULAR,Conductor,Masculino,No,N/A,HERIDO,Choque,Impericia en el manejo,Calle 36  Sur Carrera 23,EL CHOCHO,Urbana,"(6.167434238, -75.562958954)"
2180646,03/07/2018,2:50 p.m.,miércoles,MOTOCICLETA,DIPLOMATICO,Motociclista,Masculino,No,N/A,SOLO DAÑOS,Choque,Adelantar por la derecha,Carrera 46 B Calle 43  Sur,MILAN VALLEJUELOS,Urbana,"(6.167470559, -75.596017183)"
2180646,03/07/2018,2:50 p.m.,miércoles,BUS,PUBLICO,Conductor,Femenino,No,N/A,SOLO DAÑOS,Choque,Adelantar por la derecha,Carrera 46 B Calle 43  Sur,MILAN VALLEJUELOS,Urbana,"(6.167470559, -75.596017183)"
2180645,03/07/2018,12:40 a.m.,miércoles,MOTOCICLETA,PARTICULAR,Motociclista,Femenino,No,N/A,HERIDO,Atropello,Semaforo en rojo,Diagonal 31 E Transversal 34 D Sur,LOS NARANJOS,Urbana,"(6.17201459, -75.579216112)"
2180645,03/07/2018,12:40 a.m.,miércoles,MOTOCICLETA,PARTICULAR,Motociclista,Femenino,No,N/A,HERIDO,Atropello,Pasar semaforo en rojo,Diagonal 31 E Transversal 34 D Sur,LOS NARANJOS,Urbana,"(6.17201459, -75.579216112)"
2180670,03/07/2018,11:45 a.m.,miércoles,AUTOMOVIL,PUBLICO,Conductor,Masculino,No,N/A,SOLO DAÑOS,Choque,No respetar prelacion,Carrera 50 Calle 19  Sur,LAS VEGAS,Urbana,
2180630,03/06/2018,6:00 p.m.,martes,CAMPERO,PARTICULAR,Conductor,Masculino,No,N/A,SOLO DAÑOS,Choque,Desobedecer senales,Calle 33 B Sur Carrera 45,EL PORTAL,Urbana,"(6.174167802, -75.587992107)"
2180659,03/06/2018,4:50 a.m.,martes,CAMION,PUBLICO,Conductor,Masculino,No,N/A,HERIDO,Choque,Falta de se?ales en vehiculo varado,Carrera 50 Calle 46 A Sur,LAS VEGAS,Urbana,"(6.16131219, -75.603198185)"
2180659,03/06/2018,4:50 a.m.,martes,MOTOCICLETA,PARTICULAR,Motociclista,Masculino,No,N/A,HERIDO,Choque,Falta de se?ales en vehiculo varado,Carrera 50 Calle 46 A Sur,LAS VEGAS,Urbana,"(6.16131219, -75.603198185)"
2180659,03/06/2018,4:50 a.m.,martes,AUTOMOVIL,PUBLICO,Conductor,Masculino,No,N/A,HERIDO,Choque,Falta de se?ales en vehiculo varado,Carrera 50 Calle 46 A Sur,LAS VEGAS,Urbana,"(6.16131219, -75.603198185)"
2180659,03/06/2018,4:50 a.m.,martes,CAMION,PUBLICO,Conductor,Masculino,No,N/A,HERIDO,Choque,Falta de se?ales en vehiculo varado,Carrera 50 Calle 46 A Sur,LAS VEGAS,Urbana,"(6.16131219, -75.603198185)"
2180638,03/06/2018,8:50 a.m.,martes,MOTOCICLETA,PARTICULAR,Motociclista,Masculino,No,N/A,HERIDO,Atropello,Pasar semaforo en rojo,Calle 36  Sur Carrera 39,ZONA CENTRO,Urbana,"(6.169751787, -75.584351131)"
2180629,03/06/2018,6:45 a.m.,martes,AUTOMOVIL,PUBLICO,Conductor,Masculino,No,N/A,SOLO DAÑOS,Choque,Impericia en el manejo,Calle 38 A Sur Carrera 43 A,ZONA CENTRO,Urbana,"(6.169807343, -75.589125359)"
2180629,03/06/2018,6:45 a.m.,martes,BUSETA,PUBLICO,Conductor,Masculino,No,N/A,SOLO DAÑOS,Choque,Impericia en el manejo,Calle 38 A Sur Carrera 43 A,ZONA CENTRO,Urbana,"(6.169807343, -75.589125359)"
2180632,03/06/2018,1:45 p.m.,martes,AUTOMOVIL,PARTICULAR,Conductor,Femenino,No,N/A,SOLO DAÑOS,Choque,No mantener distancia de seguridad,Carrera 40 Calle 36  Sur,ZONA CENTRO,Urbana,"(6.17006539, -75.585029162)"
2180632,03/06/2018,1:45 p.m.,martes,BUS,PUBLICO,Conductor,Masculino,No,N/A,SOLO DAÑOS,Choque,No mantener distancia de seguridad,Carrera 40 Calle 36  Sur,ZONA CENTRO,Urbana,"(6.17006539, -75.585029162)"
2180640,03/06/2018,3:45 p.m.,martes,MOTOCICLETA,PARTICULAR,Motociclista,Masculino,No,N/A,HERIDO,Atropello,Impericia en el manejo,Calle 40 A Sur Carrera 25 AA,EL SALADO,Urbana,"(6.154962416, -75.580959858)"
2180640,03/06/2018,3:45 p.m.,martes,MOTOCICLETA,PARTICULAR,Motociclista,Masculino,No,N/A,HERIDO,Atropello,Arrancar sin precaucion,Calle 40 A Sur Carrera 25 AA,EL SALADO,Urbana,"(6.154962416, -75.580959858)"
2180633,03/06/2018,10:30 a.m.,martes,MOTOCICLETA,PARTICULAR,Motociclista,Masculino,No,N/A,SOLO DAÑOS,Choque,Reverso imprudente,Calle 26  Sur Carrera 48,LAS VEGAS,Urbana,"(6.183423583, -75.585428952)"
2180633,03/06/2018,10:30 a.m.,martes,AUTOMOVIL,PARTICULAR,Conductor,Femenino,No,N/A,SOLO DAÑOS,Choque,Reverso imprudente,Calle 26  Sur Carrera 48,LAS VEGAS,Urbana,"(6.183423583, -75.585428952)"
2180671,03/06/2018,6:30 a.m.,martes,MOTOCICLETA,PARTICULAR,Motociclista,Femenino,No,N/A,HERIDO,Choque,Impericia en el manejo,Tramo 372 Kilometro  15,VEREDA PALMAS,Rural,
2180671,03/06/2018,6:30 a.m.,martes,CAMPERO,PARTICULAR,Conductor,Masculino,No,N/A,HERIDO,Choque,Impericia en el manejo,Tramo 372 Kilometro  15,VEREDA PALMAS,Rural,
2180643,03/06/2018,9:20 a.m.,martes,CAMIONETA,PUBLICO,Conductor,Masculino,No,N/A,SOLO DAÑOS,Choque,Reverso imprudente,Calle 43  Sur Carrera 48,GLORIETA DE PELDAR,Urbana,"(6.168592602, -75.597528999)"
2180643,03/06/2018,9:20 a.m.,martes,CAMION,PUBLICO,Conductor,Masculino,No,N/A,SOLO DAÑOS,Choque,Reverso imprudente,Calle 43  Sur Carrera 48,GLORIETA DE PELDAR,Urbana,"(6.168592602, -75.597528999)"
2180652,03/06/2018,7:10 a.m.,martes,CAMPERO,PARTICULAR,Conductor,Masculino,No,N/A,SOLO DAÑOS,Choque,No mantener distancia de seguridad,Tramo 372 Kilometro  14,VEREDA PALMAS,Rural,
2180652,03/06/2018,7:10 a.m.,martes,CAMION,PUBLICO,Conductor,Masculino,No,N/A,SOLO DAÑOS,Choque,No mantener distancia de seguridad,Tramo 372 Kilometro  14,VEREDA PALMAS,Rural,
2180652,03/06/2018,7:10 a.m.,martes,CAMIONETA,PUBLICO,Conductor,Masculino,No,N/A,SOLO DAÑOS,Choque,No mantener distancia de seguridad,Tramo 372 Kilometro  14,VEREDA PALMAS,Rural,
2180639,03/06/2018,4:20 p.m.,martes,MOTOCICLETA,PARTICULAR,Motociclista,Masculino,No,N/A,HERIDO,Atropello,Cruzar sin observar,Calle 37  Sur Carrera 45 B,ALCALA,Urbana,"(6.172791889, -75.590711549)"
2180630,03/06/2018,6:00 p.m.,martes,AUTOMOVIL,PARTICULAR,Conductor,Masculino,No,N/A,SOLO DAÑOS,Choque,Desobedecer senales,Calle 33 B Sur Carrera 45,EL PORTAL,Urbana,"(6.174167802, -75.587992107)"
2180628,03/06/2018,9:00 a.m.,martes,AUTOMOVIL,PARTICULAR,Conductor,Masculino,No,N/A,SOLO DAÑOS,Volcamiento,Impericia en el manejo,Tramo 373 Kilometro  11,VEREDA EL ESCOBERO,Rural,
2180648,03/06/2018,2:00 p.m.,martes,AUTOMOVIL,PARTICULAR,Conductor,Masculino,No,N/A,SOLO DAÑOS,Choque,Impericia en el manejo,Tramo 373 Kilometro  10,VEREDA PALMAS,Rural,
2180637,03/05/2018,3:50 p.m.,lunes,MOTOCICLETA,PARTICULAR,Motociclista,Masculino,No,N/A,HERIDO,Choque,Desobedecer senales,Carrera 46 A Calle 44  Sur,PRIMAVERA,Urbana,"(6.166309563, -75.595246906)"
2180615,03/05/2018,10:30 a.m.,lunes,CAMION,PUBLICO,Conductor,Masculino,No,N/A,SOLO DAÑOS,Choque,Reverso imprudente,Calle 44 A Sur Carrera 40,EL DORADO,Urbana,"(6.163793051, -75.591527019)"
2180617,03/05/2018,1:30 p.m.,lunes,MOTOCICLETA,PARTICULAR,Motociclista,Masculino,No,N/A,HERIDO,Atropello,Salir por delante de un vehiculo,Carrera 48 Calle 32  Sur,LAS VEGAS,Urbana,"(6.177503621, -75.589485382)"
2180621,03/05/2018,7:20 a.m.,lunes,TRACTOCAMION,PUBLICO,Conductor,Masculino,No,N/A,SOLO DAÑOS,Choque,No respetar prelacion,Carrera 50 Calle 30  Sur,LAS VEGAS,Urbana,
2180621,03/05/2018,7:20 a.m.,lunes,AUTOMOVIL,PARTICULAR,Conductor,Masculino,No,N/A,SOLO DAÑOS,Choque,No respetar prelacion,Carrera 50 Calle 30  Sur,LAS VEGAS,Urbana,
2180635,03/05/2018,7:00 a.m.,lunes,AUTOMOVIL,PARTICULAR,Conductor,Masculino,No,N/A,HERIDO,Choque,Realizar giro en U,Calle 36  Sur Carrera 27 B,EL ESMERALDAL,Urbana,"(6.167598765, -75.572615819)"
2180635,03/05/2018,7:00 a.m.,lunes,BICICLETA,N/A,Ciclista,Masculino,No,N/A,HERIDO,Choque,Realizar giro en U,Calle 36  Sur Carrera 27 B,EL ESMERALDAL,Urbana,"(6.167598765, -75.572615819)"
2180619,03/05/2018,7:00 a.m.,lunes,MOTOCICLETA,PARTICULAR,Motociclista,Masculino,No,N/A,HERIDO,Choque,No mantener distancia de seguridad,Carrera 50 Calle 26  Sur,LAS VEGAS,Urbana,"(6.184812544, -75.586911093)"
2180619,03/05/2018,7:00 a.m.,lunes,AUTOMOVIL,PARTICULAR,Conductor,Masculino,No,N/A,HERIDO,Choque,No mantener distancia de seguridad,Carrera 50 Calle 26  Sur,LAS VEGAS,Urbana,"(6.184812544, -75.586911093)"
2180622,03/05/2018,12:45 a.m.,lunes,AUTOMOVIL,PARTICULAR,Conductor,Masculino,No,N/A,SOLO DAÑOS,Choque,No mantener distancia de seguridad,Carrera 50 Calle 30  Sur,LAS VEGAS,Urbana,
2180622,03/05/2018,12:45 a.m.,lunes,AUTOMOVIL,PUBLICO,Conductor,Masculino,No,N/A,SOLO DAÑOS,Choque,No mantener distancia de seguridad,Carrera 50 Calle 30  Sur,LAS VEGAS,Urbana,
2180620,03/05/2018,2:50 p.m.,lunes,MOTOCICLETA,PARTICULAR,Motociclista,Masculino,No,N/A,SOLO DAÑOS,Choque,No mantener distancia de seguridad,Carrera 50 Calle 48  Sur,LAS VEGAS,Urbana,
2180620,03/05/2018,2:50 p.m.,lunes,MOTOCICLETA,PARTICULAR,Motociclista,Masculino,No,N/A,SOLO DAÑOS,Choque,No mantener distancia de seguridad,Carrera 50 Calle 48  Sur,LAS VEGAS,Urbana,
2180620,03/05/2018,2:50 p.m.,lunes,AUTOMOVIL,PARTICULAR,Conductor,Masculino,No,N/A,SOLO DAÑOS,Choque,No mantener distancia de seguridad,Carrera 50 Calle 48  Sur,LAS VEGAS,Urbana,
2180637,03/05/2018,3:50 p.m.,lunes,MOTOCICLETA,PARTICULAR,Motociclista,Masculino,No,N/A,HERIDO,Choque,Desobedecer senales,Carrera 46 A Calle 44  Sur,PRIMAVERA,Urbana,"(6.166309563, -75.595246906)"
2180662,03/05/2018,5:40 p.m.,lunes,MOTOCICLETA,PARTICULAR,Motociclista,Masculino,No,N/A,HERIDO,Atropello,Desobedecer senales,Calle 39 B Sur Carrera 25,EL SALADO,Urbana,"(6.154772856, -75.574886148)"
2180623,03/05/2018,4:40 p.m.,lunes,MOTOCICLETA,PARTICULAR,Motociclista,Masculino,No,N/A,SOLO DAÑOS,Choque,Girar bruscamente,Carrera 48 Calle 25 AA Sur,LAS VEGAS,Urbana,"(6.183765745, -75.584690349)"
2180623,03/05/2018,4:40 p.m.,lunes,AUTOMOVIL,PARTICULAR,Conductor,Masculino,No,N/A,SOLO DAÑOS,Choque,Girar bruscamente,Carrera 48 Calle 25 AA Sur,LAS VEGAS,Urbana,"(6.183765745, -75.584690349)"
2180634,03/05/2018,7:40 p.m.,lunes,AUTOMOVIL,PARTICULAR,Conductor,Masculino,No,N/A,SOLO DAÑOS,Choque,Desobedecer senales,Calle 39 B Sur Carrera 32,MESA,Urbana,"(6.163909636, -75.5829262)"
2180634,03/05/2018,7:40 p.m.,lunes,BUSETA,PUBLICO,Conductor,Masculino,No,N/A,SOLO DAÑOS,Choque,Desobedecer senales,Calle 39 B Sur Carrera 32,MESA,Urbana,"(6.163909636, -75.5829262)"
2180636,03/05/2018,12:30 a.m.,lunes,CAMPERO,PARTICULAR,Conductor,Femenino,No,N/A,HERIDO,Choque,Desobedecer senales,Calle 46 A Sur Carrera 42,LA PAZ,Urbana,"(6.161603623, -75.593852145)"
2180636,03/05/2018,12:30 a.m.,lunes,MOTOCICLETA,PARTICULAR,Motociclista,Femenino,No,N/A,HERIDO,Choque,Desobedecer senales,Calle 46 A Sur Carrera 42,LA PAZ,Urbana,"(6.161603623, -75.593852145)"
2180631,03/05/2018,2:40 p.m.,lunes,AUTOMOVIL,PARTICULAR,Conductor,Masculino,No,N/A,SOLO DAÑOS,Choque,Adelantar por la derecha,Calle 39  Sur Carrera 48,ALCALA,Urbana,"(6.17373153, -75.596883967)"
2180631,03/05/2018,2:40 p.m.,lunes,MOTOCICLETA,PARTICULAR,Motociclista,Femenino,No,N/A,SOLO DAÑOS,Choque,Adelantar por la derecha,Calle 39  Sur Carrera 48,ALCALA,Urbana,"(6.17373153, -75.596883967)"
2180616,03/04/2018,6:30 p.m.,domingo,MOTOCICLETA,PARTICULAR,Motociclista,Masculino,No,N/A,HERIDO,Choque,Realizar giro en U,Calle 45 A Sur Carrera 41,LAS ANTILLAS,Urbana,"(6.162373073, -75.592714285)"
2180618,03/04/2018,1:00 p.m.,domingo,AUTOMOVIL,PARTICULAR,Conductor,Masculino,No,N/A,SOLO DAÑOS,Choque,Subirse al anden o vias peatonales,Tramo 372 Kilometro  14,VEREDA PALMAS,Rural,
2180616,03/04/2018,6:30 p.m.,domingo,AUTOMOVIL,PUBLICO,Conductor,Masculino,No,N/A,HERIDO,Choque,Realizar giro en U,Calle 45 A Sur Carrera 41,LAS ANTILLAS,Urbana,"(6.162373073, -75.592714285)"
2180605,03/04/2018,4:00 p.m.,domingo,AUTOMOVIL,PARTICULAR,Conductor,Masculino,No,N/A,SOLO DAÑOS,Choque,Adelantar cerrando,Carrera 40 Calle 38 A Sur,ZONA CENTRO,Urbana,"(6.167977811, -75.586279404)"
2180605,03/04/2018,4:00 p.m.,domingo,AUTOMOVIL,PUBLICO,Conductor,Masculino,No,N/A,SOLO DAÑOS,Choque,Adelantar cerrando,Carrera 40 Calle 38 A Sur,ZONA CENTRO,Urbana,"(6.167977811, -75.586279404)"
2180618,03/04/2018,1:00 p.m.,domingo,CAMIONETA,PARTICULAR,Conductor,Femenino,No,N/A,SOLO DAÑOS,Choque,Subirse al anden o vias peatonales,Tramo 372 Kilometro  14,VEREDA PALMAS,Rural,
2180589,03/03/2018,5:20 p.m.,sábado,BUS,PUBLICO,Conductor,Masculino,No,N/A,SOLO DAÑOS,Choque,No respetar prelacion,Carrera 29 D Calle 41,SAN RAFAEL,Urbana,"(6.160077669, -75.584929215)"
2180595,03/03/2018,2:45 p.m.,sábado,AUTOMOVIL,PARTICULAR,Conductor,Masculino,No,N/A,SOLO DAÑOS,Choque,Impericia en el manejo,Tramo 371 Kilometro  14,VEREDA PALMAS,Rural,
2180625,03/03/2018,1:40 p.m.,sábado,CAMIONETA,PARTICULAR,Conductor,Masculino,No,N/A,SOLO DAÑOS,Choque,Adelantar invadiendo carril del mismo sentido en zigzag,Calle 38  Sur Carrera 43,ZONA CENTRO,Urbana,"(6.170061667, -75.587839128)"
2180598,03/03/2018,9:30 p.m.,sábado,AUTOMOVIL,PARTICULAR,Conductor,Masculino,No,N/A,SOLO DAÑOS,Choque,Reverso imprudente,Calle 32 B Sur Carrera 47,EL PORTAL,Urbana,"(6.176640341, -75.589187574)"
2180598,03/03/2018,9:30 p.m.,sábado,AUTOMOVIL,PARTICULAR,Conductor,Masculino,No,N/A,SOLO DAÑOS,Choque,Reverso imprudente,Calle 32 B Sur Carrera 47,EL PORTAL,Urbana,"(6.176640341, -75.589187574)"
2180589,03/03/2018,5:20 p.m.,sábado,CAMIONETA,PARTICULAR,Conductor,Masculino,No,N/A,SOLO DAÑOS,Choque,No respetar prelacion,Carrera 29 D Calle 41,SAN RAFAEL,Urbana,"(6.160077669, -75.584929215)"
2180609,03/03/2018,11:30 a.m.,sábado,CAMIONETA,PUBLICO,Conductor,Masculino,No,N/A,SOLO DAÑOS,Choque,Reverso imprudente,Carrera 39 Calle 36  Sur,ZONA CENTRO,Urbana,"(6.169632254, -75.584337732)"
2180609,03/03/2018,11:30 a.m.,sábado,AUTOMOVIL,PARTICULAR,Conductor,Femenino,No,N/A,SOLO DAÑOS,Choque,Reverso imprudente,Carrera 39 Calle 36  Sur,ZONA CENTRO,Urbana,"(6.169632254, -75.584337732)"
2180678,03/03/2018,12:15 a.m.,sábado,MOTOCICLETA,PARTICULAR,Motociclista,Sin Registro,No,N/A,SOLO DAÑOS,Choque,Desobedecer senales,Carrera 41 Calle 39  Sur,EL DORADO,Urbana,"(6.167744498, -75.587422395)"
2180678,03/03/2018,12:15 a.m.,sábado,CAMIONETA,PARTICULAR,Conductor,Masculino,No,N/A,SOLO DAÑOS,Choque,Desobedecer senales,Carrera 41 Calle 39  Sur,EL DORADO,Urbana,"(6.167744498, -75.587422395)"
2180612,03/03/2018,5:00 p.m.,sábado,BUSETA,PUBLICO,Conductor,Masculino,No,N/A,SOLO DAÑOS,Choque,No mantener distancia de seguridad,Calle 48 E Sur Carrera 42 BB,LOMA DEL BARRO,Urbana,"(6.159800047, -75.595095327)"
2180612,03/03/2018,5:00 p.m.,sábado,AUTOMOVIL,PUBLICO,Conductor,Masculino,No,N/A,SOLO DAÑOS,Choque,No mantener distancia de seguridad,Calle 48 E Sur Carrera 42 BB,LOMA DEL BARRO,Urbana,"(6.159800047, -75.595095327)"
2180603,03/03/2018,7:00 p.m.,sábado,MOTOCICLETA,PARTICULAR,Motociclista,Masculino,No,N/A,HERIDO,Choque,Transitar entre vehiculos,Carrera 48 Calle 46  Sur,LAS VEGAS,Urbana,"(6.166195386, -75.599285489)"
2180603,03/03/2018,7:00 p.m.,sábado,CAMIONETA,PARTICULAR,Conductor,Masculino,No,N/A,HERIDO,Choque,Transitar entre vehiculos,Carrera 48 Calle 46  Sur,LAS VEGAS,Urbana,"(6.166195386, -75.599285489)"
2180595,03/03/2018,2:45 p.m.,sábado,AUTOMOVIL,DIPLOMATICO,Conductor,Masculino,No,N/A,SOLO DAÑOS,Choque,Impericia en el manejo,Tramo 371 Kilometro  14,VEREDA PALMAS,Rural,
2180602,03/03/2018,10:15 a.m.,sábado,TRACTOCAMION,PUBLICO,Conductor,Masculino,No,N/A,SOLO DAÑOS,Choque,Obstaculos en la via,Calle 38  Sur Carrera 39,ZONA CENTRO,Urbana,"(6.16839174, -75.585247797)"
2180585,03/03/2018,1:15 a.m.,sábado,MOTOCICLETA,PARTICULAR,Motociclista,Masculino,No,N/A,HERIDO,Choque,Impericia en el manejo,Carrera 43 A Calle 48 C Sur,AVENIDA EL POBLADO,Urbana,"(6.162218777, -75.597644457)"
2180625,03/03/2018,1:40 p.m.,sábado,AUTOMOVIL,PARTICULAR,Conductor,Masculino,No,N/A,SOLO DAÑOS,Choque,Adelantar invadiendo carril del mismo sentido en zigzag,Calle 38  Sur Carrera 43,ZONA CENTRO,Urbana,"(6.170061667, -75.587839128)"
2180599,03/02/2018,3:30 p.m.,viernes,AUTOMOVIL,PARTICULAR,Conductor,Masculino,No,N/A,SOLO DAÑOS,Choque,No mantener distancia de seguridad,Carrera 50 Calle 26  Sur,LAS VEGAS,Urbana,"(6.184812544, -75.586911093)"
2180601,03/02/2018,4:50 p.m.,viernes,AUTOMOVIL,PARTICULAR,Conductor,Masculino,No,N/A,SOLO DAÑOS,Choque,No mantener distancia de seguridad,Tramo 372 Kilometro  12,VEREDA PALMAS,Rural,
2180601,03/02/2018,4:50 p.m.,viernes,AUTOMOVIL,PARTICULAR,Conductor,Masculino,No,N/A,SOLO DAÑOS,Choque,No mantener distancia de seguridad,Tramo 372 Kilometro  12,VEREDA PALMAS,Rural,
2180614,03/02/2018,9:50 a.m.,viernes,AUTOMOVIL,PARTICULAR,Conductor,Masculino,No,N/A,SOLO DAÑOS,Choque,Poner en marcha un vehiculo sin precauci,Calle 37  Sur Carrera 40,ZONA CENTRO,Urbana,"(6.169435767, -75.585507247)"
2180614,03/02/2018,9:50 a.m.,viernes,CAMION,PUBLICO,Conductor,Masculino,No,N/A,SOLO DAÑOS,Choque,Poner en marcha un vehiculo sin precauci,Calle 37  Sur Carrera 40,ZONA CENTRO,Urbana,"(6.169435767, -75.585507247)"
2180591,03/02/2018,7:50 a.m.,viernes,AUTOMOVIL,PARTICULAR,Conductor,Masculino,No,N/A,SOLO DAÑOS,Choque,Impericia en el manejo,Carrera 52 Calle 37  Sur,MESA,Urbana,
2180624,03/02/2018,1:50 p.m.,viernes,TRACTOCAMION,PUBLICO,Conductor,Masculino,No,N/A,SOLO DAÑOS,Choque,Impericia en el manejo,Carrera 48 Calle 37  Sur,LAS VEGAS,Urbana,"(6.172859211, -75.592769925)"
2180624,03/02/2018,1:50 p.m.,viernes,AUTOMOVIL,PARTICULAR,Conductor,Femenino,No,N/A,SOLO DAÑOS,Choque,Impericia en el manejo,Carrera 48 Calle 37  Sur,LAS VEGAS,Urbana,"(6.172859211, -75.592769925)"
2180627,03/02/2018,10:40 a.m.,viernes,MOTOCICLETA,PARTICULAR,Motociclista,Masculino,No,N/A,SOLO DAÑOS,Choque,Impericia en el manejo,Calle 38  Sur Carrera 29 A,MESA,Urbana,"(6.165022576, -75.580713107)"
2180627,03/02/2018,10:40 a.m.,viernes,CAMION,PUBLICO,Conductor,Masculino,No,N/A,SOLO DAÑOS,Choque,Impericia en el manejo,Calle 38  Sur Carrera 29 A,MESA,Urbana,"(6.165022576, -75.580713107)"
2180597,03/02/2018,1:45 p.m.,viernes,MOTOCICLETA,PARTICULAR,Motociclista,Masculino,No,N/A,SOLO DAÑOS,Choque,Adelantar invadiendo carril de sentido contrario,Calle 36 D Sur Carrera 27,VEREDA EL ESCOBERO,Urbana,"(6.162479576, -75.570222573)"
2180597,03/02/2018,1:45 p.m.,viernes,CAMPERO,PARTICULAR,Conductor,Femenino,No,N/A,SOLO DAÑOS,Choque,Adelantar invadiendo carril de sentido contrario,Calle 36 D Sur Carrera 27,VEREDA EL ESCOBERO,Urbana,"(6.162479576, -75.570222573)"
2180610,03/02/2018,11:30 p.m.,viernes,AUTOMOVIL,PARTICULAR,Conductor,Masculino,No,N/A,SOLO DAÑOS,Choque,No mantener distancia de seguridad,Calle 40  Sur Carrera 44,ALCALA,Urbana,"(6.168120304, -75.590956207)"
2180599,03/02/2018,3:30 p.m.,viernes,MOTOCICLETA,PARTICULAR,Motociclista,Masculino,No,N/A,SOLO DAÑOS,Choque,No mantener distancia de seguridad,Carrera 50 Calle 26  Sur,LAS VEGAS,Urbana,"(6.184812544, -75.586911093)"
2180599,03/02/2018,3:30 p.m.,viernes,MOTOCICLETA,PARTICULAR,Motociclista,Masculino,No,N/A,SOLO DAÑOS,Choque,No mantener distancia de seguridad,Carrera 50 Calle 26  Sur,LAS VEGAS,Urbana,"(6.184812544, -75.586911093)"
2180610,03/02/2018,11:30 p.m.,viernes,AUTOMOVIL,PARTICULAR,Conductor,Masculino,No,N/A,SOLO DAÑOS,Choque,No mantener distancia de seguridad,Calle 40  Sur Carrera 44,ALCALA,Urbana,"(6.168120304, -75.590956207)"
2180599,03/02/2018,3:30 p.m.,viernes,MOTOCICLETA,PARTICULAR,Motociclista,Masculino,No,N/A,SOLO DAÑOS,Choque,No mantener distancia de seguridad,Carrera 50 Calle 26  Sur,LAS VEGAS,Urbana,"(6.184812544, -75.586911093)"