RADICADO,FECHA,HORA,DÍA DE LA SEMANA,CLASE DE VEHICULO,TIPO DE SERVICIO,TIPO DE VICTIMA,SEXO,ESTADO DE BEODEZ,RESULTADO DE BEODEZ,GRAVEDAD,CLASE DE ACCIDENTE,CAUSA,DIRECCIÓN,BARRIO,AREA,Coordenadas
2180599,03/02/2018,3:30 p.m.,viernes,AUTOMOVIL,PARTICULAR,Conductor,Femenino,No,N/A,SOLO DAÑOS,Choque,No mantener distancia de seguridad,Carrera 50 Calle 26  Sur,LAS VEGAS,Urbana,"(6.184812544, -75.586911093)"
2180606,03/02/2018,2:35 p.m.,viernes,CAMPERO,PARTICULAR,Conductor,Masculino,No,N/A,SOLO DAÑOS,Choque,No mantener distancia de seguridad,Carrera 28 Calle 37  Sur,LA MAGNOLIA,Urbana,"(6.164229297, -75.578821455)"
2180606,03/02/2018,2:35 p.m.,viernes,CAMIONETA,PARTICULAR,Conductor,Femenino,No,N/A,SOLO DAÑOS,Choque,No mantener distancia de seguridad,Carrera 28 Calle 37  Sur,LA MAGNOLIA,Urbana,"(6.164229297, -75.578821455)"
2180592,03/02/2018,10:30 a.m.,viernes,CAMPERO,PARTICULAR,Conductor,Femenino,No,N/A,SOLO DAÑOS,Choque,Girar bruscamente,Calle 38  Sur Carrera 48,LAS VEGAS,Urbana,
2180592,03/02/2018,10:30 a.m.,viernes,CAMIONETA,DIPLOMATICO,Conductor,Sin Registro,No,N/A,SOLO DAÑOS,Choque,Girar bruscamente,Calle 38  Sur Carrera 48,LAS VEGAS,Urbana,
2180611,03/02/2018,10:15 p.m.,viernes,AUTOMOVIL,DIPLOMATICO,Conductor,Masculino,No,N/A,SOLO DAÑOS,Choque,Adelantar invadiendo carril del mismo sentido en zigzag,Calle 25  Sur Carrera 46,ZU├æIGA,Urbana,"(6.183044029, -75.582618497)"
2180611,03/02/2018,10:15 p.m.,viernes,BUS,PUBLICO,Conductor,Masculino,No,N/A,SOLO DAÑOS,Choque,Adelantar invadiendo carril del mismo sentido en zigzag,Calle 25  Sur Carrera 46,ZU├æIGA,Urbana,"(6.183044029, -75.582618497)"
2180588,03/02/2018,11:30 a.m.,viernes,MOTOCICLETA,PARTICULAR,Motociclista,Masculino,No,N/A,SOLO DAÑOS,Choque,No mantener distancia de seguridad,Carrera 41 Calle 40  Sur,EL DORADO,Urbana,"(6.166920833, -75.587995017)"
2180588,03/02/2018,11:30 a.m.,viernes,AUTOMOVIL,PARTICULAR,Conductor,Femenino,No,N/A,SOLO DAÑOS,Choque,Girar bruscamente,Carrera 41 Calle 40  Sur,EL DORADO,Urbana,"(6.166920833, -75.587995017)"
2180588,03/02/2018,11:30 a.m.,viernes,AUTOMOVIL,PARTICULAR,Conductor,Femenino,No,N/A,SOLO DAÑOS,Choque,No mantener distancia de seguridad,Carrera 41 Calle 40  Sur,EL DORADO,Urbana,"(6.166920833, -75.587995017)"
2180588,03/02/2018,11:30 a.m.,viernes,MOTOCICLETA,PARTICULAR,Motociclista,Masculino,No,N/A,SOLO DAÑOS,Choque,Girar bruscamente,Carrera 41 Calle 40  Sur,EL DORADO,Urbana,"(6.166920833, -75.587995017)"
2180594,03/02/2018,2:20 p.m.,viernes,CAMION,PARTICULAR,Conductor,Masculino,No,N/A,SOLO DAÑOS,Choque,Reverso imprudente,Carrera 48 Calle 30  Sur,LAS VEGAS,Urbana,"(6.179366643, -75.588084104)"
2180594,03/02/2018,2:20 p.m.,viernes,CAMIONETA,PUBLICO,Conductor,Masculino,No,N/A,SOLO DAÑOS,Choque,Reverso imprudente,Carrera 48 Calle 30  Sur,LAS VEGAS,Urbana,"(6.179366643, -75.588084104)"
2180607,03/02/2018,3:00 p.m.,viernes,CAMIONETA,PUBLICO,Conductor,Masculino,No,N/A,SOLO DAÑOS,Choque,Adelantar cerrando,Carrera 49 Calle 37  Sur,GLORIETA DE PELDAR,Urbana,
2180600,03/02/2018,4:00 p.m.,viernes,MOTOCICLETA,PARTICULAR,Motociclista,Masculino,No,N/A,SOLO DAÑOS,Choque,No mantener distancia de seguridad,Carrera 50 Calle 26  Sur,LAS VEGAS,Urbana,"(6.184812544, -75.586911093)"
2180600,03/02/2018,4:00 p.m.,viernes,AUTOMOVIL,PARTICULAR,Conductor,Masculino,No,N/A,SOLO DAÑOS,Choque,No mantener distancia de seguridad,Carrera 50 Calle 26  Sur,LAS VEGAS,Urbana,"(6.184812544, -75.586911093)"
2180590,03/02/2018,4:00 p.m.,viernes,CAMION,PUBLICO,Conductor,Masculino,No,N/A,SOLO DAÑOS,Choque,Impericia en el manejo,Calle 37  Sur Carrera 49,LAS VEGAS,Urbana,"(6.174789471, -75.594204243)"
2180590,03/02/2018,4:00 p.m.,viernes,CAMPERO,PARTICULAR,Conductor,Femenino,No,N/A,SOLO DAÑOS,Choque,No mantener distancia de seguridad,Calle 37  Sur Carrera 49,LAS VEGAS,Urbana,"(6.174789471, -75.594204243)"
2180590,03/02/2018,4:00 p.m.,viernes,CAMPERO,PARTICULAR,Conductor,Femenino,No,N/A,SOLO DAÑOS,Choque,Impericia en el manejo,Calle 37  Sur Carrera 49,LAS VEGAS,Urbana,"(6.174789471, -75.594204243)"
2180590,03/02/2018,4:00 p.m.,viernes,CAMION,PUBLICO,Conductor,Masculino,No,N/A,SOLO DAÑOS,Choque,No mantener distancia de seguridad,Calle 37  Sur Carrera 49,LAS VEGAS,Urbana,"(6.174789471, -75.594204243)"
2180607,03/02/2018,3:00 p.m.,viernes,AUTOMOVIL,PARTICULAR,Conductor,Masculino,No,N/A,SOLO DAÑOS,Choque,Adelantar cerrando,Carrera 49 Calle 37  Sur,GLORIETA DE PELDAR,Urbana,
2180626,03/01/2018,5:10 p.m.,jueves,CAMIONETA,PUBLICO,Conductor,Masculino,No,N/A,SOLO DAÑOS,Choque,Adelantar cerrando,Calle 38 A Sur Carrera 48,ALCALA,Urbana,"(6.168560755, -75.587015366)"
2180604,03/01/2018,8:00 p.m.,jueves,AUTOMOVIL,PARTICULAR,Conductor,Femenino,No,N/A,SOLO DAÑOS,Choque,Impericia en el manejo,Carrera 40 Calle 37  Sur,ZONA CENTRO,Urbana,"(6.169323846, -75.585486221)"
2180604,03/01/2018,8:00 p.m.,jueves,CAMION,OFICIAL,Conductor,Masculino,No,N/A,SOLO DAÑOS,Choque,Impericia en el manejo,Carrera 40 Calle 37  Sur,ZONA CENTRO,Urbana,"(6.169323846, -75.585486221)"
2180571,03/01/2018,6:00 a.m.,jueves,AUTOMOVIL,PARTICULAR,Conductor,Masculino,No,N/A,SOLO DAÑOS,Choque,Adelantar invadiendo carril de sentido contrario,Carrera 43 A Transversal 27 A Sur,PONTE VEDRA,Urbana,"(6.178993539, -75.583605914)"
2180571,03/01/2018,6:00 a.m.,jueves,CAMIONETA,PARTICULAR,Conductor,Masculino,No,N/A,SOLO DAÑOS,Choque,Adelantar invadiendo carril de sentido contrario,Carrera 43 A Transversal 27 A Sur,PONTE VEDRA,Urbana,"(6.178993539, -75.583605914)"
2180579,03/01/2018,11:00 p.m.,jueves,AUTOMOVIL,PARTICULAR,Conductor,Masculino,No,N/A,SOLO DAÑOS,Choque,Estacionar sin seguridad,Calle 48 F Sur Carrera 42 BB,LOMA DEL BARRO,Urbana,"(6.157476884, -75.598032245)"
2180579,03/01/2018,11:00 p.m.,jueves,MOTOCICLETA,DIPLOMATICO,Motociclista,Sin Registro,No,N/A,SOLO DAÑOS,Choque,Estacionar sin seguridad,Calle 48 F Sur Carrera 42 BB,LOMA DEL BARRO,Urbana,"(6.157476884, -75.598032245)"
2180580,03/01/2018,3:10 p.m.,jueves,CAMION,PUBLICO,Conductor,Masculino,No,N/A,HERIDO,Choque,Impericia en el manejo,Carrera 50 Calle 48  Sur,LAS VEGAS,Urbana,
2180580,03/01/2018,3:10 p.m.,jueves,MOTOCICLETA,PARTICULAR,Motociclista,Masculino,No,N/A,HERIDO,Choque,Impericia en el manejo,Carrera 50 Calle 48  Sur,LAS VEGAS,Urbana,
2180626,03/01/2018,5:10 p.m.,jueves,AUTOMOVIL,PARTICULAR,Conductor,Femenino,No,N/A,SOLO DAÑOS,Choque,Adelantar cerrando,Calle 38 A Sur Carrera 48,ALCALA,Urbana,"(6.168560755, -75.587015366)"
2180582,03/01/2018,4:50 p.m.,jueves,MOTOCICLETA,PARTICULAR,Motociclista,Femenino,No,N/A,SOLO DAÑOS,Choque,No mantener distancia de seguridad,Carrera 27 Calle 27 B Sur,LA INMACULADA,Urbana,"(6.172298689, -75.56780953)"
2180582,03/01/2018,4:50 p.m.,jueves,AUTOMOVIL,PARTICULAR,Conductor,Masculino,No,N/A,SOLO DAÑOS,Choque,No mantener distancia de seguridad,Carrera 27 Calle 27 B Sur,LA INMACULADA,Urbana,"(6.172298689, -75.56780953)"
2180577,03/01/2018,2:40 a.m.,jueves,CAMIONETA,PARTICULAR,Conductor,Masculino,No,N/A,SOLO DAÑOS,Choque,Impericia en el manejo,Tramo 372 Kilometro  14,VEREDA PALMAS,Rural,
2180596,03/01/2018,6:50 p.m.,jueves,AUTOMOVIL,PUBLICO,Conductor,Masculino,No,N/A,SOLO DAÑOS,Choque,No mantener distancia de seguridad,Calle 25  Sur Carrera 42,ZU├æIGA,Urbana,"(6.179561127, -75.579866326)"
2180596,03/01/2018,6:50 p.m.,jueves,AUTOMOVIL,PUBLICO,Conductor,Masculino,No,N/A,SOLO DAÑOS,Choque,No mantener distancia de seguridad,Calle 25  Sur Carrera 42,ZU├æIGA,Urbana,"(6.179561127, -75.579866326)"
2180608,03/01/2018,5:40 p.m.,jueves,BICICLETA,N/A,Ciclista,Masculino,No,N/A,SOLO DAÑOS,Choque,Girar bruscamente,Diagonal 32 Transversal 35 C Sur,LOS NARANJOS,Urbana,"(6.169311169, -75.580850609)"
2180608,03/01/2018,5:40 p.m.,jueves,BUS,PUBLICO,Conductor,Masculino,No,N/A,SOLO DAÑOS,Choque,Girar bruscamente,Diagonal 32 Transversal 35 C Sur,LOS NARANJOS,Urbana,"(6.169311169, -75.580850609)"
2180583,03/01/2018,1:40 p.m.,jueves,AUTOMOVIL,PARTICULAR,Conductor,Masculino,No,N/A,SOLO DAÑOS,Choque,No mantener distancia de seguridad,Carrera 48 Calle 46  Sur,LAS VEGAS,Urbana,"(6.166195386, -75.599285489)"
2180583,03/01/2018,1:40 p.m.,jueves,AUTOMOVIL,PARTICULAR,Conductor,Femenino,No,N/A,SOLO DAÑOS,Choque,No mantener distancia de seguridad,Carrera 48 Calle 46  Sur,LAS VEGAS,Urbana,"(6.166195386, -75.599285489)"
2180613,03/01/2018,2:30 p.m.,jueves,CAMION,PUBLICO,Conductor,Masculino,No,N/A,SOLO DAÑOS,Volcamiento,Impericia en el manejo,Calle 40  Sur Carrera 24 D,EL SALADO,Urbana,"(6.147263187, -75.576335752)"
2180641,03/01/2018,8:30 a.m.,jueves,CAMIONETA,PARTICULAR,Conductor,Masculino,No,N/A,SOLO DAÑOS,Choque,Poner en marcha un vehiculo sin precauci,Tramo 375 Kilometro  3,VEREDA PANTANILLO,Rural,
2180641,03/01/2018,8:30 a.m.,jueves,AUTOMOVIL,PARTICULAR,Conductor,Masculino,No,N/A,SOLO DAÑOS,Choque,Poner en marcha un vehiculo sin precauci,Tramo 375 Kilometro  3,VEREDA PANTANILLO,Rural,
2181676,03/01/2018,5:35 a.m.,jueves,CAMION,PUBLICO,Conductor,Masculino,No,N/A,SOLO DAÑOS,Choque,Impericia en el manejo,Carrera 50 Calle 25  Sur,LAS VEGAS,Urbana,"(6.186515998, -75.585125414)"
2181676,03/01/2018,5:35 a.m.,jueves,MICROBUS,PUBLICO,Conductor,Masculino,No,N/A,SOLO DAÑOS,Choque,Impericia en el manejo,Carrera 50 Calle 25  Sur,LAS VEGAS,Urbana,"(6.186515998, -75.585125414)"
2180576,03/01/2018,5:20 p.m.,jueves,MOTOCICLETA,PARTICULAR,Motociclista,Masculino,No,N/A,SOLO DAÑOS,Choque,Desobedecer senales,Calle 39 B Sur Carrera 32,MESA,Urbana,"(6.163909636, -75.5829262)"
2180576,03/01/2018,5:20 p.m.,jueves,AUTOMOVIL,PARTICULAR,Conductor,Femenino,No,N/A,SOLO DAÑOS,Choque,Desobedecer senales,Calle 39 B Sur Carrera 32,MESA,Urbana,"(6.163909636, -75.5829262)"
2180593,03/01/2018,2:20 p.m.,jueves,AUTOMOVIL,PARTICULAR,Conductor,Femenino,No,N/A,SOLO DAÑOS,Choque,Desobedecer senales,Carrera 40 A Calle 40 D Sur,EL DORADO,Urbana,"(6.165496028, -75.588357211)"
2180593,03/01/2018,2:20 p.m.,jueves,MOTOCICLETA,PARTICULAR,Motociclista,Masculino,No,N/A,SOLO DAÑOS,Choque,Desobedecer senales,Carrera 40 A Calle 40 D Sur,EL DORADO,Urbana,"(6.165496028, -75.588357211)"
2180578,03/01/2018,9:20 a.m.,jueves,AUTOMOVIL,PARTICULAR,Conductor,Masculino,No,N/A,SOLO DAÑOS,Choque,No mantener distancia de seguridad,Calle 38  Sur Carrera 47,ALCALA,Urbana,"(6.172469073, -75.592092518)"
2180578,03/01/2018,9:20 a.m.,jueves,BUS,PUBLICO,Conductor,Masculino,No,N/A,SOLO DAÑOS,Choque,No mantener distancia de seguridad,Calle 38  Sur Carrera 47,ALCALA,Urbana,"(6.172469073, -75.592092518)"
2180564,03/01/2018,7:10 a.m.,jueves,MOTOCICLETA,PARTICULAR,Motociclista,Femenino,No,N/A,HERIDO,Choque,Impericia en el manejo,Carrera 50 Calle 25 A Sur,LAS VEGAS,Urbana,"(6.186515998, -75.585125414)"
2180564,03/01/2018,7:10 a.m.,jueves,CAMION,PARTICULAR,Conductor,Masculino,No,N/A,HERIDO,Choque,Impericia en el manejo,Carrera 50 Calle 25 A Sur,LAS VEGAS,Urbana,"(6.186515998, -75.585125414)"
2180581,03/01/2018,11:10 a.m.,jueves,AUTOMOVIL,PARTICULAR,Conductor,Femenino,No,N/A,SOLO DAÑOS,Choque,Reverso imprudente,Carrera 26 D Calle 36  Sur,EL CHOCHO,Urbana,"(6.166128574, -75.569583519)"
2180581,03/01/2018,11:10 a.m.,jueves,CAMIONETA,PUBLICO,Conductor,Masculino,No,N/A,SOLO DAÑOS,Choque,Reverso imprudente,Carrera 26 D Calle 36  Sur,EL CHOCHO,Urbana,"(6.166128574, -75.569583519)"
2180568,02/28/2018,1:50 p.m.,miércoles,AUTOMOVIL,DIPLOMATICO,Conductor,Masculino,No,N/A,SOLO DAÑOS,Choque,No mantener distancia de seguridad,Calle 21  Sur Carrera 41 B,ZU├æIGA,Urbana,"(6.183370967, -75.578854651)"
2180561,02/28/2018,10:55 a.m.,miércoles,CAMIONETA,PARTICULAR,Conductor,Femenino,No,N/A,SOLO DAÑOS,Choque,No mantener distancia de seguridad,Carrera 43 Calle 32 A Sur,LA MAGNOLIA,Urbana,"(6.174730521, -75.585215259)"
2180561,02/28/2018,10:55 a.m.,miércoles,AUTOMOVIL,PUBLICO,Conductor,Masculino,No,N/A,SOLO DAÑOS,Choque,No mantener distancia de seguridad,Carrera 43 Calle 32 A Sur,LA MAGNOLIA,Urbana,"(6.174730521, -75.585215259)"
2180567,02/28/2018,12:50 a.m.,miércoles,MOTOCARRO,PARTICULAR,Motociclista,Masculino,No,N/A,SOLO DAÑOS,Choque,Desobedecer senales,Transversal 34 C Sur Diagonal 32,LOS NARANJOS,Urbana,"(6.172231013, -75.581268087)"
2180567,02/28/2018,12:50 a.m.,miércoles,MOTOCICLETA,PARTICULAR,Motociclista,Masculino,No,N/A,SOLO DAÑOS,Choque,Desobedecer senales,Transversal 34 C Sur Diagonal 32,LOS NARANJOS,Urbana,"(6.172231013, -75.581268087)"
2180568,02/28/2018,1:50 p.m.,miércoles,CAMIONETA,PARTICULAR,Conductor,Femenino,No,N/A,SOLO DAÑOS,Choque,No mantener distancia de seguridad,Calle 21  Sur Carrera 41 B,ZU├æIGA,Urbana,"(6.183370967, -75.578854651)"
2180554,02/28/2018,11:50 a.m.,miércoles,MOTOCICLETA,PARTICULAR,Motociclista,Sin Registro,No,N/A,SOLO DAÑOS,Choque,Adelantar cerrando,Calle 36 D Sur Carrera 27,VEREDA EL ESCOBERO,Urbana,"(6.162479576, -75.570222573)"
2180554,02/28/2018,11:50 a.m.,miércoles,AUTOMOVIL,PARTICULAR,Conductor,Femenino,No,N/A,SOLO DAÑOS,Choque,Adelantar cerrando,Calle 36 D Sur Carrera 27,VEREDA EL ESCOBERO,Urbana,"(6.162479576, -75.570222573)"
2180565,02/28/2018,4:40 p.m.,miércoles,MOTOCICLETA,PARTICULAR,Motociclista,Masculino,No,N/A,HERIDO,Choque,Girar bruscamente,Carrera 29 A Calle 37  Sur,LA MAGNOLIA,Urbana,"(6.165896279, -75.58063202)"
2180565,02/28/2018,4:40 p.m.,miércoles,AUTOMOVIL,PARTICULAR,Conductor,Masculino,No,N/A,HERIDO,Choque,Girar bruscamente,Carrera 29 A Calle 37  Sur,LA MAGNOLIA,Urbana,"(6.165896279, -75.58063202)"
2180551,02/28/2018,2:30 p.m.,miércoles,BICICLETA,N/A,Ciclista,Masculino,No,N/A,HERIDO,Choque,Transitar en contravia,Calle 39  Sur Carrera 27 D,EL CHINGU├ì,Urbana,"(6.160515341, -75.579104423)"
2180551,02/28/2018,2:30 p.m.,miércoles,AUTOMOVIL,PARTICULAR,Conductor,Masculino,No,N/A,HERIDO,Choque,Transitar en contravia,Calle 39  Sur Carrera 27 D,EL CHINGU├ì,Urbana,"(6.160515341, -75.579104423)"
2180559,02/28/2018,8:30 a.m.,miércoles,AUTOMOVIL,PARTICULAR,Conductor,Masculino,No,N/A,SOLO DAÑOS,Choque,Adelantar cerrando,Carrera 27 D Calle 36 C Sur,VEREDA EL ESCOBERO,Urbana,"(6.165786744, -75.573801385)"
2180570,02/28/2018,8:15 p.m.,miércoles,AUTOMOVIL,PARTICULAR,Conductor,Femenino,No,N/A,SOLO DAÑOS,Choque,No mantener distancia de seguridad,Carrera 48 Calle 50  Sur,LAS CASITAS,Urbana,
2180570,02/28/2018,8:15 p.m.,miércoles,AUTOMOVIL,PARTICULAR,Conductor,Masculino,No,N/A,SOLO DAÑOS,Choque,No mantener distancia de seguridad,Carrera 48 Calle 50  Sur,LAS CASITAS,Urbana,
2180587,02/28/2018,4:30 p.m.,miércoles,AUTOMOVIL,PARTICULAR,Conductor,Masculino,No,N/A,SOLO DAÑOS,Choque,Adelantar cerrando,Carrera 36 Calle 39  Sur,MESA,Urbana,"(6.165878408, -75.584565282)"
2180587,02/28/2018,4:30 p.m.,miércoles,MOTOCICLETA,PARTICULAR,Motociclista,Masculino,No,N/A,SOLO DAÑOS,Choque,Adelantar cerrando,Carrera 36 Calle 39  Sur,MESA,Urbana,"(6.165878408, -75.584565282)"
2180559,02/28/2018,8:30 a.m.,miércoles,CAMPERO,PARTICULAR,Conductor,Masculino,No,N/A,SOLO DAÑOS,Choque,Adelantar cerrando,Carrera 27 D Calle 36 C Sur,VEREDA EL ESCOBERO,Urbana,"(6.165786744, -75.573801385)"
2180573,02/28/2018,1:20 p.m.,miércoles,AUTOMOVIL,PARTICULAR,Conductor,Masculino,No,N/A,SOLO DAÑOS,Choque,Arrancar sin precaucion,Carrera 43 A Calle 39  Sur,ZONA CENTRO,Urbana,"(6.169011071, -75.589484903)"
2180573,02/28/2018,1:20 p.m.,miércoles,CAMION,PUBLICO,Conductor,Masculino,No,N/A,SOLO DAÑOS,Choque,Arrancar sin precaucion,Carrera 43 A Calle 39  Sur,ZONA CENTRO,Urbana,"(6.169011071, -75.589484903)"
2180558,02/28/2018,5:20 p.m.,miércoles,CAMPERO,PARTICULAR,Conductor,Masculino,No,N/A,SOLO DAÑOS,Choque,Impericia en el manejo,Calle 48  Sur Carrera 40 A,EL TRIANON,Urbana,"(6.15925241, -75.594791433)"
2180558,02/28/2018,5:20 p.m.,miércoles,AUTOMOVIL,PARTICULAR,Conductor,Masculino,No,N/A,SOLO DAÑOS,Choque,Impericia en el manejo,Calle 48  Sur Carrera 40 A,EL TRIANON,Urbana,"(6.15925241, -75.594791433)"
2180586,02/28/2018,2:20 p.m.,miércoles,CAMION,PUBLICO,Conductor,Masculino,No,N/A,HERIDO,Atropello,Salir por delante de un vehiculo,Tramo 373 Kilometro  10,VEREDA PALMAS,Rural,
2180575,02/28/2018,6:25 a.m.,miércoles,AUTOMOVIL,PARTICULAR,Conductor,Masculino,No,N/A,SOLO DAÑOS,Choque,No mantener distancia de seguridad,Calle 38  Sur Carrera 48,LAS VEGAS,Urbana,
2180575,02/28/2018,6:25 a.m.,miércoles,AUTOMOVIL,PARTICULAR,Conductor,Masculino,No,N/A,SOLO DAÑOS,Choque,No mantener distancia de seguridad,Calle 38  Sur Carrera 48,LAS VEGAS,Urbana,
2180575,02/28/2018,6:25 a.m.,miércoles,AUTOMOVIL,PARTICULAR,Conductor,Masculino,No,N/A,SOLO DAÑOS,Choque,No mantener distancia de seguridad,Calle 38  Sur Carrera 48,LAS VEGAS,Urbana,
2180584,02/28/2018,9:05 a.m.,miércoles,AUTOMOVIL,PARTICULAR,Conductor,Femenino,No,N/A,SOLO DAÑOS,Choque,Impericia en el manejo,Calle 37  Sur Carrera 45 B,ALCALA,Urbana,"(6.172791889, -75.590711549)"
2180566,02/28/2018,11:00 a.m.,miércoles,CAMIONETA,PARTICULAR,Conductor,Masculino,No,N/A,SOLO DAÑOS,Choque,Impericia en el manejo,Carrera 40 Calle 35  Sur,ZONA CENTRO,Urbana,"(6.170776136, -75.584583255)"
2180562,02/28/2018,9:00 a.m.,miércoles,AUTOMOVIL,PUBLICO,Conductor,Masculino,No,N/A,SOLO DAÑOS,Choque,No mantener distancia de seguridad,Carrera 48 Calle 25 AA Sur,LAS VEGAS,Urbana,"(6.183765745, -75.584690349)"
2180566,02/28/2018,11:00 a.m.,miércoles,BUSETA,PUBLICO,Conductor,Masculino,No,N/A,SOLO DAÑOS,Choque,Impericia en el manejo,Carrera 40 Calle 35  Sur,ZONA CENTRO,Urbana,"(6.170776136, -75.584583255)"
2180560,02/28/2018,11:00 a.m.,miércoles,AUTOMOVIL,PARTICULAR,Conductor,Femenino,No,N/A,SOLO DAÑOS,Choque,Reverso imprudente,Carrera 48 Calle 34  Sur,LAS VEGAS,Urbana,"(6.175414344, -75.590782176)"
2180560,02/28/2018,11:00 a.m.,miércoles,CAMIONETA,PARTICULAR,Conductor,Masculino,No,N/A,SOLO DAÑOS,Choque,Reverso imprudente,Carrera 48 Calle 34  Sur,LAS VEGAS,Urbana,"(6.175414344, -75.590782176)"
2180562,02/28/2018,9:00 a.m.,miércoles,CAMIONETA,PARTICULAR,Conductor,Masculino,No,N/A,SOLO DAÑOS,Choque,No mantener distancia de seguridad,Carrera 48 Calle 25 AA Sur,LAS VEGAS,Urbana,"(6.183765745, -75.584690349)"
2180574,02/27/2018,8:40 a.m.,martes,AUTOMOVIL,PARTICULAR,Conductor,Masculino,No,N/A,SOLO DAÑOS,Choque,Reverso imprudente,Carrera 49 Calle 37  Sur,LAS VEGAS,Urbana,
2180553,02/27/2018,12:30 a.m.,martes,AUTOMOVIL,PARTICULAR,Conductor,Masculino,No,N/A,SOLO DAÑOS,Choque,No mantener distancia de seguridad,Diagonal 31 Transversal 32 CC Sur,LAS FLORES,Urbana,"(6.174681134, -75.578471041)"
2180553,02/27/2018,12:30 a.m.,martes,MOTOCICLETA,PARTICULAR,Motociclista,Masculino,No,N/A,SOLO DAÑOS,Choque,No mantener distancia de seguridad,Diagonal 31 Transversal 32 CC Sur,LAS FLORES,Urbana,"(6.174681134, -75.578471041)"
2180541,02/27/2018,7:00 a.m.,martes,AUTOMOVIL,PARTICULAR,Conductor,Masculino,No,N/A,SOLO DAÑOS,Choque,Desobedecer senales,Calle 38 A Sur Carrera 43,ZONA CENTRO,Urbana,"(6.169370628, -75.588315099)"
2180541,02/27/2018,7:00 a.m.,martes,BUS,PUBLICO,Conductor,Masculino,No,N/A,SOLO DAÑOS,Choque,Desobedecer senales,Calle 38 A Sur Carrera 43,ZONA CENTRO,Urbana,"(6.169370628, -75.588315099)"
2180546,02/27/2018,8:30 a.m.,martes,AUTOMOVIL,PARTICULAR,Conductor,Femenino,No,N/A,SOLO DAÑOS,Choque,Adelantar en zona prohibida,Calle 36 D Sur Carrera 27,VEREDA EL ESCOBERO,Urbana,"(6.162479576, -75.570222573)"
2180546,02/27/2018,8:30 a.m.,martes,MOTOCICLETA,PARTICULAR,Motociclista,Masculino,No,N/A,SOLO DAÑOS,Choque,Adelantar en zona prohibida,Calle 36 D Sur Carrera 27,VEREDA EL ESCOBERO,Urbana,"(6.162479576, -75.570222573)"
2180572,02/27/2018,6:30 p.m.,martes,BUS,PUBLICO,Conductor,Masculino,No,N/A,SOLO DAÑOS,Choque,Desobedecer senales,Calle 40  Sur Carrera 43,EL DORADO,Urbana,"(6.167965983, -75.590242146)"
2180572,02/27/2018,6:30 p.m.,martes,AUTOMOVIL,PUBLICO,Conductor,Masculino,No,N/A,SOLO DAÑOS,Choque,Desobedecer senales,Calle 40  Sur Carrera 43,EL DORADO,Urbana,"(6.167965983, -75.590242146)"
2180574,02/27/2018,8:40 a.m.,martes,BUS,PUBLICO,Conductor,Masculino,No,N/A,SOLO DAÑOS,Choque,Reverso imprudente,Carrera 49 Calle 37  Sur,LAS VEGAS,Urbana,
2180550,02/27/2018,7:50 a.m.,martes,CAMIONETA,PARTICULAR,Conductor,Femenino,No,N/A,SOLO DAÑOS,Choque,Adelantar cerrando,Transversal 32  Sur Diagonal 33,LA MAGNOLIA,Urbana,"(6.175490465, -75.584928113)"
2180550,02/27/2018,7:50 a.m.,martes,CAMPERO,PARTICULAR,Conductor,Femenino,No,N/A,SOLO DAÑOS,Choque,Adelantar cerrando,Transversal 32  Sur Diagonal 33,LA MAGNOLIA,Urbana,"(6.175490465, -75.584928113)"
2180569,02/27/2018,11:50 a.m.,martes,MOTOCICLETA,PARTICULAR,Motociclista,Masculino,No,N/A,SOLO DAÑOS,Choque,Desobedecer senales,Calle 33 B Sur Carrera 45,EL PORTAL,Urbana,"(6.174167802, -75.587992107)"
2180569,02/27/2018,11:50 a.m.,martes,CAMIONETA,PARTICULAR,Conductor,Masculino,No,N/A,SOLO DAÑOS,Choque,Desobedecer senales,Calle 33 B Sur Carrera 45,EL PORTAL,Urbana,"(6.174167802, -75.587992107)"
2180555,02/27/2018,5:40 p.m.,martes,MOTOCICLETA,PARTICULAR,Motociclista,Masculino,No,N/A,SOLO DAÑOS,Choque,Exceso de velocidad,Transversal 34  Sur Diagonal 32,LA MAGNOLIA,Urbana,"(6.173524185, -75.581799423)"
2180548,02/27/2018,6:40 a.m.,martes,AUTOMOVIL,PARTICULAR,Conductor,Femenino,No,N/A,SOLO DAÑOS,Choque,No respetar pelacion de interseccion o giros,Carrera 50 Calle 37  Sur,LAS VEGAS,Urbana,
2180548,02/27/2018,6:40 a.m.,martes,BUS,PUBLICO,Conductor,Masculino,No,N/A,SOLO DAÑOS,Choque,No respetar pelacion de interseccion o giros,Carrera 50 Calle 37  Sur,LAS VEGAS,Urbana,
2180555,02/27/2018,5:40 p.m.,martes,MOTOCICLETA,PARTICULAR,Motociclista,Masculino,No,N/A,SOLO DAÑOS,Choque,Exceso de velocidad,Transversal 34  Sur Diagonal 32,LA MAGNOLIA,Urbana,"(6.173524185, -75.581799423)"