RADICADO,FECHA,HORA,DÍA DE LA SEMANA,CLASE DE VEHICULO,TIPO DE SERVICIO,TIPO DE VICTIMA,SEXO,ESTADO DE BEODEZ,RESULTADO DE BEODEZ,GRAVEDAD,CLASE DE ACCIDENTE,CAUSA,DIRECCIÓN,BARRIO,AREA,Coordenadas
2180510,02/21/2018,8:10 p.m.,miércoles,MOTOCICLETA,PARTICULAR,Motociclista,Masculino,No,N/A,HERIDO,Choque,Impericia en el manejo,Calle 46 A Sur Carrera 42,LA PAZ,Urbana,"(6.161603623, -75.593852145)"
2180486,02/21/2018,9:15 a.m.,miércoles,AUTOMOVIL,PARTICULAR,Conductor,Masculino,No,N/A,SOLO DAÑOS,Choque,Impericia en el manejo,Carrera 30 Calle 41  Sur,EL DORADO,Urbana,"(6.160372828, -75.585257401)"
2180486,02/21/2018,9:15 a.m.,miércoles,CAMION,PUBLICO,Conductor,Masculino,No,N/A,SOLO DAÑOS,Choque,Impericia en el manejo,Carrera 30 Calle 41  Sur,EL DORADO,Urbana,"(6.160372828, -75.585257401)"
2180490,02/21/2018,1:00 p.m.,miércoles,AUTOMOVIL,PUBLICO,Conductor,Masculino,No,N/A,SOLO DAÑOS,Choque,Reverso imprudente,Carrera 27 D Calle 34 DD Sur,LA INMACULADA,Urbana,"(6.170304561, -75.575582363)"
2180490,02/21/2018,1:00 p.m.,miércoles,AUTOMOVIL,PARTICULAR,Conductor,Femenino,No,N/A,SOLO DAÑOS,Choque,Reverso imprudente,Carrera 27 D Calle 34 DD Sur,LA INMACULADA,Urbana,"(6.170304561, -75.575582363)"
2180483,02/21/2018,3:00 p.m.,miércoles,MOTOCICLETA,PARTICULAR,Motociclista,Masculino,No,N/A,SOLO DAÑOS,Choque,Desobedecer senales,Carrera 45 A Calle 36  Sur,EL PORTAL,Urbana,"(6.172729696, -75.589339581)"
2180483,02/21/2018,3:00 p.m.,miércoles,AUTOMOVIL,PARTICULAR,Conductor,Femenino,No,N/A,SOLO DAÑOS,Choque,Desobedecer senales,Carrera 45 A Calle 36  Sur,EL PORTAL,Urbana,"(6.172729696, -75.589339581)"
2180496,02/21/2018,2:00 p.m.,miércoles,MOTOCICLETA,PARTICULAR,Motociclista,Masculino,No,N/A,SOLO DAÑOS,Choque,Desobedecer senales,Calle 25  Sur Carrera 48,LAS VEGAS,Urbana,
2180496,02/21/2018,2:00 p.m.,miércoles,AUTOMOVIL,PARTICULAR,Conductor,Masculino,No,N/A,SOLO DAÑOS,Choque,Desobedecer senales,Calle 25  Sur Carrera 48,LAS VEGAS,Urbana,
2180479,02/20/2018,12:10 a.m.,martes,BUS,PUBLICO,Conductor,Masculino,No,N/A,SOLO DAÑOS,Choque,No mantener distancia de seguridad,Carrera 37 Calle 37  Sur,MESA,Urbana,"(6.168235518, -75.58374706)"
2180479,02/20/2018,12:10 a.m.,martes,CAMIONETA,OFICIAL,Conductor,Masculino,No,N/A,SOLO DAÑOS,Choque,No mantener distancia de seguridad,Carrera 37 Calle 37  Sur,MESA,Urbana,"(6.168235518, -75.58374706)"
2180472,02/20/2018,7:50 p.m.,martes,AUTOMOVIL,PARTICULAR,Conductor,Masculino,No,N/A,SOLO DAÑOS,Choque,Vehiculo mal estacionado,Carrera 40 Calle 48 B Sur,EL TRIANON,Urbana,"(6.158358186, -75.595261486)"
2180480,02/20/2018,6:05 p.m.,martes,CAMION,PUBLICO,Conductor,Masculino,No,N/A,HERIDO,Volcamiento,Exceso de velocidad,Tramo 371 Kilometro  4,VEREDA EL ESCOBERO,Rural,
2180472,02/20/2018,7:50 p.m.,martes,AUTOMOVIL,PARTICULAR,Conductor,Masculino,No,N/A,SOLO DAÑOS,Choque,Reverso imprudente,Carrera 40 Calle 48 B Sur,EL TRIANON,Urbana,"(6.158358186, -75.595261486)"
2180472,02/20/2018,7:50 p.m.,martes,AUTOMOVIL,PARTICULAR,Conductor,Masculino,No,N/A,SOLO DAÑOS,Choque,Vehiculo mal estacionado,Carrera 40 Calle 48 B Sur,EL TRIANON,Urbana,"(6.158358186, -75.595261486)"
2180472,02/20/2018,7:50 p.m.,martes,AUTOMOVIL,PARTICULAR,Conductor,Masculino,No,N/A,SOLO DAÑOS,Choque,Reverso imprudente,Carrera 40 Calle 48 B Sur,EL TRIANON,Urbana,"(6.158358186, -75.595261486)"
2180498,02/20/2018,4:50 p.m.,martes,AUTOMOVIL,PARTICULAR,Conductor,Masculino,No,N/A,HERIDO,Caida Ocupante,Impericia en el manejo,Transversal 34 A Sur Diagonal 39,LA MAGNOLIA,Urbana,"(6.171998055, -75.5844044)"
2180498,02/20/2018,4:50 p.m.,martes,MOTOCICLETA,PARTICULAR,Motociclista,Masculino,No,N/A,HERIDO,Caida Ocupante,Desobedecer senales,Transversal 34 A Sur Diagonal 39,LA MAGNOLIA,Urbana,"(6.171998055, -75.5844044)"
2180498,02/20/2018,4:50 p.m.,martes,MOTOCICLETA,PARTICULAR,Motociclista,Masculino,No,N/A,HERIDO,Caida Ocupante,Impericia en el manejo,Transversal 34 A Sur Diagonal 39,LA MAGNOLIA,Urbana,"(6.171998055, -75.5844044)"
2180498,02/20/2018,4:50 p.m.,martes,AUTOMOVIL,PARTICULAR,Conductor,Masculino,No,N/A,HERIDO,Caida Ocupante,Desobedecer senales,Transversal 34 A Sur Diagonal 39,LA MAGNOLIA,Urbana,"(6.171998055, -75.5844044)"
2180495,02/20/2018,9:10 p.m.,martes,CAMPERO,PUBLICO,Conductor,Masculino,No,N/A,SOLO DAÑOS,Choque,Impericia en el manejo,Tramo 371 Kilometro  4,VEREDA EL ESCOBERO,Rural,
2180480,02/20/2018,6:05 p.m.,martes,CAMION,PUBLICO,Conductor,Masculino,No,N/A,HERIDO,Volcamiento,Impericia en el manejo,Tramo 371 Kilometro  4,VEREDA EL ESCOBERO,Rural,
2180473,02/20/2018,4:00 p.m.,martes,AUTOMOVIL,PARTICULAR,Conductor,Masculino,No,N/A,SOLO DAÑOS,Choque,Reverso imprudente,Carrera 49 A Calle 46 A Sur,LAS VEGAS,Urbana,"(6.167871749, -75.602138766)"
2180473,02/20/2018,4:00 p.m.,martes,BUSETA,PUBLICO,Conductor,Masculino,No,N/A,SOLO DAÑOS,Choque,Reverso imprudente,Carrera 49 A Calle 46 A Sur,LAS VEGAS,Urbana,"(6.167871749, -75.602138766)"
2180474,02/20/2018,2:00 p.m.,martes,AUTOMOVIL,PARTICULAR,Conductor,Femenino,No,N/A,SOLO DAÑOS,Choque,Adelantar invadiendo carril del mismo sentido en zigzag,Carrera 40 Calle 36  Sur,ZONA CENTRO,Urbana,"(6.17006539, -75.585029162)"
2180474,02/20/2018,2:00 p.m.,martes,AUTOMOVIL,PUBLICO,Conductor,Sin Registro,No,N/A,SOLO DAÑOS,Choque,Adelantar invadiendo carril del mismo sentido en zigzag,Carrera 40 Calle 36  Sur,ZONA CENTRO,Urbana,"(6.17006539, -75.585029162)"
2180471,02/20/2018,7:40 a.m.,martes,MOTOCICLETA,PARTICULAR,Motociclista,Femenino,No,N/A,HERIDO,Choque,Desobedecer senales,Calle 47  Sur Carrera 40,EL TRIANON,Urbana,"(6.15929595, -75.593774797)"
2180471,02/20/2018,7:40 a.m.,martes,CAMIONETA,PUBLICO,Conductor,Masculino,No,N/A,HERIDO,Choque,Desobedecer senales,Calle 47  Sur Carrera 40,EL TRIANON,Urbana,"(6.15929595, -75.593774797)"
2180484,02/20/2018,5:40 p.m.,martes,MOTOCICLETA,PARTICULAR,Motociclista,Masculino,No,N/A,HERIDO,Choque,Adelantar en zona prohibida,Carrera 48 Calle 25 AA Sur,LAS VEGAS,Urbana,"(6.183765745, -75.584690349)"
2180484,02/20/2018,5:40 p.m.,martes,AUTOMOVIL,PUBLICO,Conductor,Masculino,No,N/A,HERIDO,Choque,Adelantar en zona prohibida,Carrera 48 Calle 25 AA Sur,LAS VEGAS,Urbana,"(6.183765745, -75.584690349)"
2180491,02/20/2018,7:35 p.m.,martes,BUS,PUBLICO,Conductor,Masculino,No,N/A,SOLO DAÑOS,Choque,Adelantar cerrando,Calle 50  Sur Carrera 48,LAS VEGAS,Urbana,
2180491,02/20/2018,7:35 p.m.,martes,AUTOMOVIL,PARTICULAR,Conductor,Masculino,No,N/A,SOLO DAÑOS,Choque,Adelantar cerrando,Calle 50  Sur Carrera 48,LAS VEGAS,Urbana,
2180481,02/20/2018,6:30 a.m.,martes,BUS,PUBLICO,Conductor,Masculino,No,N/A,SOLO DAÑOS,Choque,No mantener distancia de seguridad,Tramo 372 Kilometro  15,VEREDA PALMAS,Rural,
2180481,02/20/2018,6:30 a.m.,martes,MOTOCICLETA,PARTICULAR,Conductor,Masculino,No,N/A,SOLO DAÑOS,Choque,No mantener distancia de seguridad,Tramo 372 Kilometro  15,VEREDA PALMAS,Rural,
2180481,02/20/2018,6:30 a.m.,martes,BUS,PUBLICO,Conductor,Masculino,No,N/A,SOLO DAÑOS,Choque,No mantener distancia de seguridad,Tramo 372 Kilometro  15,VEREDA PALMAS,Rural,
2180487,02/20/2018,4:30 p.m.,martes,AUTOMOVIL,PARTICULAR,Conductor,Femenino,No,N/A,SOLO DAÑOS,Choque,No mantener distancia de seguridad,Calle 27  Sur Carrera 28,EL ESMERALDAL,Urbana,"(6.175346318, -75.574583402)"
2180487,02/20/2018,4:30 p.m.,martes,AUTOMOVIL,PARTICULAR,Conductor,Femenino,No,N/A,SOLO DAÑOS,Choque,No mantener distancia de seguridad,Calle 27  Sur Carrera 28,EL ESMERALDAL,Urbana,"(6.175346318, -75.574583402)"
2180489,02/20/2018,7:20 a.m.,martes,AUTOMOVIL,PARTICULAR,Conductor,Masculino,No,N/A,SOLO DAÑOS,Choque,Impericia en el manejo,Calle 37  Sur Carrera 36,MESA,Urbana,"(6.168044613, -75.583236971)"
2180489,02/20/2018,7:20 a.m.,martes,AUTOMOVIL,PARTICULAR,Conductor,Masculino,No,N/A,SOLO DAÑOS,Choque,Impericia en el manejo,Calle 37  Sur Carrera 36,MESA,Urbana,"(6.168044613, -75.583236971)"
2180482,02/20/2018,3:15 p.m.,martes,CAMPERO,PARTICULAR,Conductor,Femenino,No,N/A,SOLO DAÑOS,Choque,Desobedecer senales,Calle 36 D Sur Carrera 26 A,VEREDA EL ESCOBERO,Urbana,"(6.161435642, -75.568489492)"
2180482,02/20/2018,3:15 p.m.,martes,CAMIONETA,DIPLOMATICO,Conductor,Femenino,No,N/A,SOLO DAÑOS,Choque,Desobedecer senales,Calle 36 D Sur Carrera 26 A,VEREDA EL ESCOBERO,Urbana,"(6.161435642, -75.568489492)"
2180488,02/20/2018,6:20 a.m.,martes,AUTOMOVIL,PARTICULAR,Conductor,Masculino,No,N/A,SOLO DAÑOS,Choque,No mantener distancia de seguridad,Carrera 48 Calle 30  Sur,LAS VEGAS,Urbana,"(6.179366643, -75.588084104)"
2180488,02/20/2018,6:20 a.m.,martes,BUS,PUBLICO,Conductor,Masculino,No,N/A,SOLO DAÑOS,Choque,No mantener distancia de seguridad,Carrera 48 Calle 30  Sur,LAS VEGAS,Urbana,"(6.179366643, -75.588084104)"
2180503,02/20/2018,1:10 p.m.,martes,BUS,PUBLICO,Conductor,Masculino,No,N/A,SOLO DAÑOS,Choque,No mantener distancia de seguridad,Diagonal 31 Transversal 32 CC Sur,LAS FLORES,Urbana,"(6.174681134, -75.578471041)"
2180503,02/20/2018,1:10 p.m.,martes,CAMIONETA,PARTICULAR,Conductor,Femenino,No,N/A,SOLO DAÑOS,Choque,No mantener distancia de seguridad,Diagonal 31 Transversal 32 CC Sur,LAS FLORES,Urbana,"(6.174681134, -75.578471041)"
2180494,02/20/2018,4:05 p.m.,martes,CAMIONETA,PARTICULAR,Conductor,Masculino,No,N/A,SOLO DAÑOS,Volcamiento,Impericia en el manejo,Tramo 372 Kilometro  14,VEREDA PALMAS,Rural,
2180494,02/20/2018,4:05 p.m.,martes,AUTOMOVIL,PUBLICO,Conductor,Masculino,No,N/A,SOLO DAÑOS,Volcamiento,Impericia en el manejo,Tramo 372 Kilometro  14,VEREDA PALMAS,Rural,
2180495,02/20/2018,9:10 p.m.,martes,BUSETA,PUBLICO,Conductor,Masculino,No,N/A,SOLO DAÑOS,Choque,Impericia en el manejo,Tramo 371 Kilometro  4,VEREDA EL ESCOBERO,Rural,
2180463,02/19/2018,10:40 a.m.,lunes,MOTOCICLETA,PARTICULAR,Motociclista,Masculino,No,N/A,HERIDO,Choque,Transitar entre vehiculos,Calle 39  Sur Carrera 28,SAN JOSE,Urbana,"(6.160790572, -75.579428456)"
2180463,02/19/2018,10:40 a.m.,lunes,MOTOCICLETA,PARTICULAR,Motociclista,Masculino,No,N/A,HERIDO,Choque,Transitar entre vehiculos,Calle 39  Sur Carrera 28,SAN JOSE,Urbana,"(6.160790572, -75.579428456)"
2180461,02/19/2018,6:30 a.m.,lunes,MOTOCICLETA,PARTICULAR,Motociclista,Masculino,No,N/A,HERIDO,Choque,Desobedecer senales,Calle 38 A Sur Carrera 38,MESA,Urbana,"(6.167339205, -75.585136359)"
2180461,02/19/2018,6:30 a.m.,lunes,AUTOMOVIL,PUBLICO,Conductor,Masculino,No,N/A,HERIDO,Choque,Desobedecer senales,Calle 38 A Sur Carrera 38,MESA,Urbana,"(6.167339205, -75.585136359)"
2180468,02/19/2018,11:30 a.m.,lunes,AUTOMOVIL,PARTICULAR,Conductor,Femenino,No,N/A,SOLO DAÑOS,Choque,Poner en marcha un vehiculo sin precauci,Carrera 48 Calle 34  Sur,GLORIETA DE PELDAR,Urbana,"(6.175414344, -75.590782176)"
2180468,02/19/2018,11:30 a.m.,lunes,AUTOMOVIL,PARTICULAR,Conductor,Femenino,No,N/A,SOLO DAÑOS,Choque,Poner en marcha un vehiculo sin precauci,Carrera 48 Calle 34  Sur,GLORIETA DE PELDAR,Urbana,"(6.175414344, -75.590782176)"
2180478,02/19/2018,9:10 a.m.,lunes,MOTOCICLETA,PARTICULAR,Motociclista,Masculino,No,N/A,SOLO DAÑOS,Choque,No mantener distancia de seguridad,Carrera 50 Calle 43  Sur,LAS VEGAS,Urbana,
2180478,02/19/2018,9:10 a.m.,lunes,AUTOMOVIL,PARTICULAR,Conductor,Femenino,No,N/A,SOLO DAÑOS,Choque,No mantener distancia de seguridad,Carrera 50 Calle 43  Sur,LAS VEGAS,Urbana,
2180467,02/19/2018,9:10 a.m.,lunes,AUTOMOVIL,PUBLICO,Conductor,Masculino,No,N/A,SOLO DAÑOS,Choque,Desobedecer senales,Calle 46 A Sur Carrera 49,PRIMAVERA,Urbana,"(6.167038176, -75.600817262)"
2180465,02/19/2018,9:10 a.m.,lunes,MOTOCICLETA,PARTICULAR,Motociclista,Masculino,No,N/A,SOLO DAÑOS,Choque,Girar bruscamente,Calle 38 A Sur Carrera 41,ZONA CENTRO,Urbana,"(6.168560755, -75.587015366)"
2180465,02/19/2018,9:10 a.m.,lunes,CAMPERO,PARTICULAR,Conductor,Masculino,No,N/A,SOLO DAÑOS,Choque,Girar bruscamente,Calle 38 A Sur Carrera 41,ZONA CENTRO,Urbana,"(6.168560755, -75.587015366)"
2180469,02/19/2018,4:00 p.m.,lunes,MOTOCICLETA,PARTICULAR,Motociclista,Masculino,No,N/A,SOLO DAÑOS,Choque,Adelantar cerrando,Carrera 43 A Calle 39  Sur,ALCALA,Urbana,"(6.169011071, -75.589484903)"
2180469,02/19/2018,4:00 p.m.,lunes,AUTOMOVIL,PUBLICO,Conductor,Masculino,No,N/A,SOLO DAÑOS,Choque,Adelantar cerrando,Carrera 43 A Calle 39  Sur,ALCALA,Urbana,"(6.169011071, -75.589484903)"
2180464,02/19/2018,8:00 a.m.,lunes,CAMION,PUBLICO,Conductor,Masculino,No,N/A,SOLO DAÑOS,Choque,Reverso imprudente,Calle 43  Sur Carrera 48,GLORIETA DE PELDAR,Urbana,"(6.168592602, -75.597528999)"
2180464,02/19/2018,8:00 a.m.,lunes,TRACTOCAMION,PUBLICO,Conductor,Masculino,No,N/A,SOLO DAÑOS,Choque,Reverso imprudente,Calle 43  Sur Carrera 48,GLORIETA DE PELDAR,Urbana,"(6.168592602, -75.597528999)"
2180470,02/19/2018,11:00 a.m.,lunes,AUTOMOVIL,PARTICULAR,Conductor,Masculino,No,N/A,HERIDO,Choque,No respetar prelacion,Calle 40 D Sur Carrera 25,LA MINA,Urbana,"(6.156572237, -75.581683325)"
2180470,02/19/2018,11:00 a.m.,lunes,BICICLETA,N/A,Ciclista,Masculino,No,N/A,HERIDO,Choque,No respetar prelacion,Calle 40 D Sur Carrera 25,LA MINA,Urbana,"(6.156572237, -75.581683325)"
2180477,02/19/2018,7:50 p.m.,lunes,AUTOMOVIL,PARTICULAR,Conductor,Femenino,No,N/A,SOLO DAÑOS,Choque,No mantener distancia de seguridad,Carrera 48 Calle 50  Sur,LAS CASITAS,Urbana,
2180477,02/19/2018,7:50 p.m.,lunes,AUTOMOVIL,PARTICULAR,Conductor,Masculino,No,N/A,SOLO DAÑOS,Choque,No mantener distancia de seguridad,Carrera 48 Calle 50  Sur,LAS CASITAS,Urbana,
2180458,02/19/2018,12:40 a.m.,lunes,MOTOCICLETA,PARTICULAR,Motociclista,Masculino,No,N/A,HERIDO,Atropello,No mantener distancia de seguridad,Calle 38  Sur Carrera 44,ALCALA,Urbana,"(6.170783841, -75.589258782)"
2180458,02/19/2018,12:40 a.m.,lunes,AUTOMOVIL,PARTICULAR,Conductor,Masculino,No,N/A,HERIDO,Atropello,No mantener distancia de seguridad,Calle 38  Sur Carrera 44,ALCALA,Urbana,"(6.170783841, -75.589258782)"
2180459,02/19/2018,3:50 p.m.,lunes,BUS,PUBLICO,Conductor,Masculino,No,N/A,HERIDO,Atropello,Cruzar sin observar,Calle 30  Sur Carrera 45 A,JARDINES,Urbana,"(6.178033442, -75.586523966)"
2180467,02/19/2018,9:10 a.m.,lunes,AUTOMOVIL,PARTICULAR,Conductor,Masculino,No,N/A,SOLO DAÑOS,Choque,Desobedecer senales,Calle 46 A Sur Carrera 49,PRIMAVERA,Urbana,"(6.167038176, -75.600817262)"
2180437,02/18/2018,7:00 p.m.,domingo,CAMPERO,PUBLICO,Conductor,Masculino,No,N/A,SOLO DAÑOS,Choque,Impericia en el manejo,Carrera 43 Calle 43,EL PORTAL,Urbana,
2180462,02/18/2018,4:50 p.m.,domingo,MOTOCICLETA,PARTICULAR,Motociclista,Masculino,No,N/A,SOLO DAÑOS,Choque,Desobedecer senales,Diagonal 33 Transversal 34 A Sur,OBRERO,Urbana,"(6.172216386, -75.583649149)"
2180462,02/18/2018,4:50 p.m.,domingo,MOTOCICLETA,PARTICULAR,Motociclista,Masculino,No,N/A,SOLO DAÑOS,Choque,Desobedecer senales,Diagonal 33 Transversal 34 A Sur,OBRERO,Urbana,"(6.172216386, -75.583649149)"
2180452,02/18/2018,10:44 a.m.,domingo,CAMIONETA,PARTICULAR,Conductor,Masculino,No,N/A,HERIDO,Volcamiento,Exceso de velocidad,Tramo 372 Kilometro  4,VEREDA EL ESCOBERO,Rural,
2180453,02/18/2018,2:50 p.m.,domingo,MOTOCICLETA,PARTICULAR,Motociclista,Masculino,No,N/A,HERIDO,Atropello,Cruzar sin observar,Calle 40  Sur Carrera 25,EL SALADO,Urbana,"(6.153533784, -75.578684296)"
2180452,02/18/2018,10:44 a.m.,domingo,CAMIONETA,PARTICULAR,Conductor,Masculino,No,N/A,HERIDO,Volcamiento,Impericia en el manejo,Tramo 372 Kilometro  4,VEREDA EL ESCOBERO,Rural,
2180436,02/18/2018,5:30 p.m.,domingo,CAMPERO,PARTICULAR,Conductor,Masculino,No,N/A,SOLO DAÑOS,Choque,No mantener distancia de seguridad,Carrera 48 Calle 25  Sur,LAS VEGAS,Urbana,"(6.185059174, -75.58329333)"
2180436,02/18/2018,5:30 p.m.,domingo,CAMPERO,DIPLOMATICO,Conductor,Masculino,No,N/A,SOLO DAÑOS,Choque,No mantener distancia de seguridad,Carrera 48 Calle 25  Sur,LAS VEGAS,Urbana,"(6.185059174, -75.58329333)"
2180476,02/18/2018,9:30 p.m.,domingo,MOTOCICLETA,PARTICULAR,Motociclista,Masculino,No,N/A,SOLO DAÑOS,Choque,No mantener distancia de seguridad,Carrera 48 Calle 19  Sur,LAS VEGAS,Urbana,"(6.187349001, -75.581535682)"
2180476,02/18/2018,9:30 p.m.,domingo,AUTOMOVIL,PARTICULAR,Conductor,Masculino,No,N/A,SOLO DAÑOS,Choque,No mantener distancia de seguridad,Carrera 48 Calle 19  Sur,LAS VEGAS,Urbana,"(6.187349001, -75.581535682)"
2180456,02/18/2018,9:30 p.m.,domingo,BICICLETA,N/A,Ciclista,Masculino,No,N/A,SOLO DAÑOS,Choque,Impericia en el manejo,Calle 45 A Sur Carrera 39 B,LAS ANTILLAS,Urbana,"(6.160320892, -75.590005662)"
2180449,02/18/2018,4:20 a.m.,domingo,MOTOCICLETA,PARTICULAR,Motociclista,Masculino,No,N/A,MUERTO,Caida Ocupante,Trasportar otras personas o cosas,Tramo 372 Kilometro  12,VEREDA PALMAS,Rural,
2180440,02/18/2018,7:05 p.m.,domingo,CAMIONETA,PARTICULAR,Conductor,Masculino,No,N/A,SOLO DAÑOS,Choque,Impericia en el manejo,Calle 45  Sur Carrera 44 A,PRIMAVERA,Urbana,"(6.165836791, -75.595337379)"
2180437,02/18/2018,7:00 p.m.,domingo,AUTOMOVIL,PARTICULAR,Conductor,Masculino,No,N/A,SOLO DAÑOS,Choque,Impericia en el manejo,Carrera 43 Calle 43,EL PORTAL,Urbana,
2180446,02/17/2018,4:10 p.m.,sábado,BUSETA,PUBLICO,Conductor,Masculino,No,N/A,SOLO DAÑOS,Choque,Impericia en el manejo,Tramo 371 Kilometro  3,VEREDA EL ESCOBERO,Rural,
2181455,02/17/2018,6:05 p.m.,sábado,CAMIONETA,PARTICULAR,Conductor,Sin Registro,No,N/A,SOLO DAÑOS,Choque,Reverso imprudente,Calle 28  Sur Carrera 49,LAS VEGAS,Urbana,
2180443,02/17/2018,11:20 p.m.,sábado,AUTOMOVIL,PUBLICO,Conductor,Masculino,No,N/A,SOLO DAÑOS,Choque,Reverso imprudente,Calle 30  Sur Carrera 46 A,AVENIDA EL POBLADO,Urbana,"(6.179166125, -75.587495869)"
2180443,02/17/2018,11:20 p.m.,sábado,AUTOMOVIL,PARTICULAR,Conductor,Masculino,No,N/A,SOLO DAÑOS,Choque,Reverso imprudente,Calle 30  Sur Carrera 46 A,AVENIDA EL POBLADO,Urbana,"(6.179166125, -75.587495869)"
2180439,02/17/2018,6:30 a.m.,sábado,AUTOMOVIL,PARTICULAR,Conductor,Masculino,No,N/A,SOLO DAÑOS,Choque,Reverso imprudente,Carrera 49 Calle 37  Sur,LAS VEGAS,Urbana,
2180439,02/17/2018,6:30 a.m.,sábado,BUSETA,PUBLICO,Conductor,Masculino,No,N/A,SOLO DAÑOS,Choque,Reverso imprudente,Carrera 49 Calle 37  Sur,LAS VEGAS,Urbana,
2180448,02/17/2018,12:20 a.m.,sábado,AUTOMOVIL,PARTICULAR,Conductor,Masculino,No,N/A,SOLO DAÑOS,Choque,Reverso imprudente,Calle 49  Sur Carrera 48,LAS VEGAS,Urbana,"(6.163238618, -75.602507178)"
2180448,02/17/2018,12:20 a.m.,sábado,AUTOMOVIL,PARTICULAR,Conductor,Femenino,No,N/A,SOLO DAÑOS,Choque,Reverso imprudente,Calle 49  Sur Carrera 48,LAS VEGAS,Urbana,"(6.163238618, -75.602507178)"
2180446,02/17/2018,4:10 p.m.,sábado,AUTOMOVIL,PARTICULAR,Conductor,Masculino,No,N/A,SOLO DAÑOS,Choque,Impericia en el manejo,Tramo 371 Kilometro  3,VEREDA EL ESCOBERO,Rural,
2181455,02/17/2018,6:05 p.m.,sábado,MOTOCICLETA,PARTICULAR,Motociclista,Masculino,No,N/A,SOLO DAÑOS,Choque,Reverso imprudente,Calle 28  Sur Carrera 49,LAS VEGAS,Urbana,
2180447,02/17/2018,8:50 p.m.,sábado,AUTOMOVIL,PUBLICO,Conductor,Masculino,No,N/A,SOLO DAÑOS,Choque,No mantener distancia de seguridad,Carrera 29 Calle 39 B Sur,SAN JOSE,Urbana,"(6.161971924, -75.581617849)"
2180447,02/17/2018,8:50 p.m.,sábado,AUTOMOVIL,PARTICULAR,Conductor,Masculino,No,N/A,SOLO DAÑOS,Choque,No mantener distancia de seguridad,Carrera 29 Calle 39 B Sur,SAN JOSE,Urbana,"(6.161971924, -75.581617849)"
2180438,02/17/2018,9:41 a.m.,sábado,AUTOMOVIL,PARTICULAR,Conductor,Femenino,No,N/A,SOLO DAÑOS,Choque,Adelantar invadiendo carril del mismo sentido en zigzag,Calle 46  Sur Carrera 43 A,PRIMAVERA,Urbana,"(6.164149951, -75.595997505)"
2180438,02/17/2018,9:41 a.m.,sábado,MOTOCICLETA,PARTICULAR,Motociclista,Masculino,No,N/A,SOLO DAÑOS,Choque,Adelantar invadiendo carril del mismo sentido en zigzag,Calle 46  Sur Carrera 43 A,PRIMAVERA,Urbana,"(6.164149951, -75.595997505)"
2180442,02/17/2018,12:30 a.m.,sábado,CAMION,PUBLICO,Conductor,Masculino,No,N/A,SOLO DAÑOS,Choque,Reverso imprudente,Tramo 372 Kilometro  16,VEREDA PALMAS,Rural,
2180442,02/17/2018,12:30 a.m.,sábado,AUTOMOVIL,PARTICULAR,Conductor,Masculino,No,N/A,SOLO DAÑOS,Choque,Vehiculo mal estacionado,Tramo 372 Kilometro  16,VEREDA PALMAS,Rural,
2180442,02/17/2018,12:30 a.m.,sábado,AUTOMOVIL,PARTICULAR,Conductor,Masculino,No,N/A,SOLO DAÑOS,Choque,Reverso imprudente,Tramo 372 Kilometro  16,VEREDA PALMAS,Rural,
2180442,02/17/2018,12:30 a.m.,sábado,CAMION,PUBLICO,Conductor,Masculino,No,N/A,SOLO DAÑOS,Choque,Vehiculo mal estacionado,Tramo 372 Kilometro  16,VEREDA PALMAS,Rural,
2180441,02/17/2018,12:30 a.m.,sábado,BUSETA,PUBLICO,Conductor,Masculino,No,N/A,SOLO DAÑOS,Choque,Adelantar invadiendo carril del mismo sentido en zigzag,Carrera 43 Calle 33 B Sur,ZONA CENTRO,Urbana,"(6.172873357, -75.5860846)"
2180441,02/17/2018,12:30 a.m.,sábado,AUTOMOVIL,PARTICULAR,Conductor,Masculino,No,N/A,SOLO DAÑOS,Choque,Adelantar invadiendo carril del mismo sentido en zigzag,Carrera 43 Calle 33 B Sur,ZONA CENTRO,Urbana,"(6.172873357, -75.5860846)"
2180441,02/17/2018,12:30 a.m.,sábado,CAMIONETA,PARTICULAR,Conductor,Masculino,No,N/A,SOLO DAÑOS,Choque,Adelantar invadiendo carril del mismo sentido en zigzag,Carrera 43 Calle 33 B Sur,ZONA CENTRO,Urbana,"(6.172873357, -75.5860846)"
2180454,02/16/2018,5:42 a.m.,viernes,AUTOMOVIL,PUBLICO,Conductor,Masculino,No,N/A,HERIDO,Choque,Impericia en el manejo,Tramo 372 Kilometro  14,VEREDA PALMAS,Rural,
2180444,02/16/2018,4:40 p.m.,viernes,AUTOMOVIL,PARTICULAR,Conductor,Masculino,No,N/A,SOLO DAÑOS,Choque,No respetar prelacion,Carrera 48 Calle 47  Sur,LAS VEGAS,Urbana,
2180444,02/16/2018,4:40 p.m.,viernes,CAMION,PUBLICO,Conductor,Masculino,No,N/A,SOLO DAÑOS,Choque,No respetar prelacion,Carrera 48 Calle 47  Sur,LAS VEGAS,Urbana,
2180445,02/16/2018,3:30 p.m.,viernes,BUS,PUBLICO,Conductor,Masculino,No,N/A,SOLO DAÑOS,Choque,Adelantar cerrando,Calle 38  Sur Carrera 40 A,ZONA CENTRO,Urbana,"(6.169040015, -75.586268246)"