RADICADO,FECHA,HORA,DÍA DE LA SEMANA,CLASE DE VEHICULO,TIPO DE SERVICIO,TIPO DE VICTIMA,SEXO,ESTADO DE BEODEZ,RESULTADO DE BEODEZ,GRAVEDAD,CLASE DE ACCIDENTE,CAUSA,DIRECCIÓN,BARRIO,AREA,Coordenadas
2180445,02/16/2018,3:30 p.m.,viernes,BUS,PUBLICO,Conductor,Masculino,No,N/A,SOLO DAÑOS,Choque,Adelantar cerrando,Calle 38  Sur Carrera 40 A,ZONA CENTRO,Urbana,"(6.169040015, -75.586268246)"
2180457,02/16/2018,11:20 a.m.,viernes,BUS,PUBLICO,Conductor,Masculino,No,N/A,HERIDO,Caida Ocupante,Impericia en el manejo,Calle 38  Sur Carrera 43,ZONA CENTRO,Urbana,"(6.170061667, -75.587839128)"
2180460,02/16/2018,7:20 p.m.,viernes,CAMIONETA,PARTICULAR,Conductor,Femenino,No,N/A,SOLO DAÑOS,Choque,No respetar pelacion de interseccion o giros,Calle 50  Sur Carrera 48,LAS VEGAS,Urbana,
2180460,02/16/2018,7:20 p.m.,viernes,AUTOMOVIL,PARTICULAR,Conductor,Femenino,No,N/A,SOLO DAÑOS,Choque,No respetar pelacion de interseccion o giros,Calle 50  Sur Carrera 48,LAS VEGAS,Urbana,
2180430,02/15/2018,8:30 a.m.,jueves,BUS,PUBLICO,Conductor,Masculino,No,N/A,HERIDO,Atropello,Impericia en el manejo,Calle 37  Sur Carrera 41,ZONA CENTRO,Urbana,"(6.169855492, -75.586196006)"
2180420,02/15/2018,6:00 a.m.,jueves,AUTOMOVIL,PARTICULAR,Conductor,Masculino,No,N/A,SOLO DAÑOS,Choque,Reverso imprudente,Calle 37 B Sur Carrera 27 E,LOMA DE LAS BRUJAS,Urbana,"(6.159428343, -75.573788689)"
2180420,02/15/2018,6:00 a.m.,jueves,CAMIONETA,PUBLICO,Conductor,Masculino,No,N/A,SOLO DAÑOS,Choque,Reverso imprudente,Calle 37 B Sur Carrera 27 E,LOMA DE LAS BRUJAS,Urbana,"(6.159428343, -75.573788689)"
2180427,02/15/2018,6:15 p.m.,jueves,BUS,PUBLICO,Conductor,Masculino,No,N/A,SOLO DAÑOS,Choque,Adelantar cerrando,Calle 35  Sur Carrera 42,ZONA CENTRO,Urbana,"(6.17174158, -75.586068572)"
2180427,02/15/2018,6:15 p.m.,jueves,CAMIONETA,PARTICULAR,Conductor,Femenino,No,N/A,SOLO DAÑOS,Choque,Adelantar cerrando,Calle 35  Sur Carrera 42,ZONA CENTRO,Urbana,"(6.17174158, -75.586068572)"
2180418,02/15/2018,9:20 p.m.,jueves,MOTOCICLETA,PARTICULAR,Motociclista,Masculino,No,N/A,HERIDO,Choque,Impericia en el manejo,Calle 40  Sur Carrera 26,SAN JOSE,Urbana,"(6.156750804, -75.580521049)"
2180418,02/15/2018,9:20 p.m.,jueves,BUS,PUBLICO,Conductor,Masculino,No,N/A,HERIDO,Choque,Impericia en el manejo,Calle 40  Sur Carrera 26,SAN JOSE,Urbana,"(6.156750804, -75.580521049)"
2180466,02/15/2018,5:20 p.m.,jueves,MOTOCICLETA,PARTICULAR,Motociclista,Masculino,No,N/A,SOLO DAÑOS,Choque,Desobedecer senales,Calle 25  Sur Carrera 22 A Sur,ZU├æIGA,Urbana,
2180475,02/15/2018,3:50 p.m.,jueves,BUSETA,PUBLICO,Conductor,Masculino,No,N/A,SOLO DAÑOS,Choque,Adelantar invadiendo carril de sentido contrario,Diagonal 31 A Calle 37  Sur,LOMA DE LAS BRUJAS,Urbana,"(6.170168647, -75.580052254)"
2180475,02/15/2018,3:50 p.m.,jueves,CAMIONETA,PARTICULAR,Conductor,Masculino,No,N/A,SOLO DAÑOS,Choque,Adelantar invadiendo carril de sentido contrario,Diagonal 31 A Calle 37  Sur,LOMA DE LAS BRUJAS,Urbana,"(6.170168647, -75.580052254)"
2180434,02/15/2018,3:50 p.m.,jueves,AUTOMOVIL,PARTICULAR,Conductor,Femenino,No,N/A,SOLO DAÑOS,Choque,Desobedecer senales,Transversal 34  Sur Diagonal 33,OBRERO,Urbana,"(6.172688175, -75.583934203)"
2180434,02/15/2018,3:50 p.m.,jueves,MOTOCICLETA,DIPLOMATICO,Motociclista,Masculino,No,N/A,SOLO DAÑOS,Choque,Desobedecer senales,Transversal 34  Sur Diagonal 33,OBRERO,Urbana,"(6.172688175, -75.583934203)"
2180428,02/15/2018,3:30 p.m.,jueves,AUTOMOVIL,PARTICULAR,Conductor,Femenino,No,N/A,SOLO DAÑOS,Choque,No mantener distancia de seguridad,Carrera 48 Calle 44  Sur,LAS VEGAS,Urbana,"(6.167284881, -75.598245434)"
2180428,02/15/2018,3:30 p.m.,jueves,AUTOMOVIL,PUBLICO,Conductor,Masculino,No,N/A,SOLO DAÑOS,Choque,No mantener distancia de seguridad,Carrera 48 Calle 44  Sur,LAS VEGAS,Urbana,"(6.167284881, -75.598245434)"
2180431,02/15/2018,8:30 a.m.,jueves,BUS,PUBLICO,Conductor,Masculino,No,N/A,HERIDO,Atropello,Reverso imprudente,Calle 36  Sur Carrera 22,EL CHOCHO,Urbana,"(6.167809801, -75.56098471)"
2180466,02/15/2018,5:20 p.m.,jueves,CAMIONETA,PARTICULAR,Conductor,Masculino,No,N/A,SOLO DAÑOS,Choque,Desobedecer senales,Calle 25  Sur Carrera 22 A Sur,ZU├æIGA,Urbana,
2180415,02/14/2018,3:30 p.m.,miércoles,CAMPERO,PARTICULAR,Conductor,Masculino,No,N/A,SOLO DAÑOS,Choque,Adelantar invadiendo carril del mismo sentido en zigzag,Calle 36  Sur Carrera 27,EL CHOCHO,Urbana,"(6.167154903, -75.569336965)"
2180422,02/14/2018,12:50 a.m.,miércoles,CAMIONETA,PARTICULAR,Conductor,Masculino,No,N/A,SOLO DAÑOS,Choque,No mantener distancia de seguridad,Carrera 50 Calle 30  Sur,LAS VEGAS,Urbana,
2180422,02/14/2018,12:50 a.m.,miércoles,CAMIONETA,PUBLICO,Conductor,Masculino,No,N/A,SOLO DAÑOS,Choque,No mantener distancia de seguridad,Carrera 50 Calle 30  Sur,LAS VEGAS,Urbana,
2180422,02/14/2018,12:50 a.m.,miércoles,AUTOMOVIL,PARTICULAR,Conductor,Femenino,No,N/A,SOLO DAÑOS,Choque,No mantener distancia de seguridad,Carrera 50 Calle 30  Sur,LAS VEGAS,Urbana,
2180407,02/14/2018,4:45 p.m.,miércoles,CAMPERO,PARTICULAR,Conductor,Masculino,No,N/A,SOLO DAÑOS,Choque,Girar bruscamente,Carrera 43 A Calle 26  Sur,AVENIDA EL POBLADO,Urbana,"(6.180756284, -75.582954419)"
2180407,02/14/2018,4:45 p.m.,miércoles,CAMIONETA,PARTICULAR,Conductor,Masculino,No,N/A,SOLO DAÑOS,Choque,Girar bruscamente,Carrera 43 A Calle 26  Sur,AVENIDA EL POBLADO,Urbana,"(6.180756284, -75.582954419)"
2180415,02/14/2018,3:30 p.m.,miércoles,CAMPERO,PARTICULAR,Conductor,Femenino,No,N/A,SOLO DAÑOS,Choque,Adelantar invadiendo carril del mismo sentido en zigzag,Calle 36  Sur Carrera 27,EL CHOCHO,Urbana,"(6.167154903, -75.569336965)"
2180432,02/14/2018,5:30 p.m.,miércoles,MOTOCICLETA,PARTICULAR,Motociclista,Masculino,No,N/A,HERIDO,Choque,Impericia en el manejo,Tramo 378 Kilometro  1,EL SALADO,Rural,
2180450,02/14/2018,5:40 a.m.,miércoles,CAMION,PARTICULAR,Conductor,Masculino,No,N/A,HERIDO,Choque,No respetar pelacion de interseccion o giros,Carrera 48 Calle 38 A Sur,LAS VEGAS,Urbana,"(6.172315595, -75.59309025)"
2180450,02/14/2018,5:40 a.m.,miércoles,MOTOCICLETA,PARTICULAR,Motociclista,Masculino,No,N/A,HERIDO,Choque,Adelantar cerrando,Carrera 48 Calle 38 A Sur,LAS VEGAS,Urbana,"(6.172315595, -75.59309025)"
2180450,02/14/2018,5:40 a.m.,miércoles,MOTOCICLETA,PARTICULAR,Motociclista,Masculino,No,N/A,HERIDO,Choque,No respetar pelacion de interseccion o giros,Carrera 48 Calle 38 A Sur,LAS VEGAS,Urbana,"(6.172315595, -75.59309025)"
2180450,02/14/2018,5:40 a.m.,miércoles,CAMION,PARTICULAR,Conductor,Masculino,No,N/A,HERIDO,Choque,Adelantar cerrando,Carrera 48 Calle 38 A Sur,LAS VEGAS,Urbana,"(6.172315595, -75.59309025)"
2180435,02/14/2018,1:20 p.m.,miércoles,CAMIONETA,PARTICULAR,Conductor,Masculino,No,N/A,SOLO DAÑOS,Choque,No mantener distancia de seguridad,Carrera 43 A Calle 25 A Sur,AVENIDA EL POBLADO,Urbana,"(6.181504184, -75.581741498)"
2180435,02/14/2018,1:20 p.m.,miércoles,MOTOCICLETA,PARTICULAR,Motociclista,Sin Registro,No,N/A,SOLO DAÑOS,Choque,No mantener distancia de seguridad,Carrera 43 A Calle 25 A Sur,AVENIDA EL POBLADO,Urbana,"(6.181504184, -75.581741498)"
2180451,02/14/2018,11:10 p.m.,miércoles,AUTOMOVIL,PARTICULAR,Conductor,Masculino,No,N/A,HERIDO,Choque,Exceso de velocidad,Carrera 48 Calle 32 B Sur,LAS VEGAS,Urbana,"(6.176994311, -75.589841192)"
2180451,02/14/2018,11:10 p.m.,miércoles,AUTOMOVIL,PARTICULAR,Conductor,Masculino,No,N/A,HERIDO,Choque,Exceso de velocidad,Carrera 48 Calle 32 B Sur,LAS VEGAS,Urbana,"(6.176994311, -75.589841192)"
2180451,02/14/2018,11:10 p.m.,miércoles,AUTOMOVIL,PARTICULAR,Conductor,Masculino,No,N/A,HERIDO,Choque,Exceso de velocidad,Carrera 48 Calle 32 B Sur,LAS VEGAS,Urbana,"(6.176994311, -75.589841192)"
2180451,02/14/2018,11:10 p.m.,miércoles,AUTOMOVIL,PUBLICO,Conductor,Femenino,No,N/A,HERIDO,Choque,Exceso de velocidad,Carrera 48 Calle 32 B Sur,LAS VEGAS,Urbana,"(6.176994311, -75.589841192)"
2180417,02/14/2018,7:10 a.m.,miércoles,BUS,PUBLICO,Conductor,Masculino,No,N/A,SOLO DAÑOS,Choque,No mantener distancia de seguridad,Carrera 48 Calle 50  Sur,LAS VEGAS,Urbana,
2180417,02/14/2018,7:10 a.m.,miércoles,AUTOMOVIL,PUBLICO,Conductor,Masculino,No,N/A,SOLO DAÑOS,Choque,No mantener distancia de seguridad,Carrera 48 Calle 50  Sur,LAS VEGAS,Urbana,
2180455,02/14/2018,5:30 a.m.,miércoles,AUTOMOVIL,PARTICULAR,Conductor,Masculino,No,N/A,HERIDO,Choque,Semaforo en rojo,Carrera 43 A Calle 25 A Sur,AVENIDA EL POBLADO,Urbana,"(6.181504184, -75.581741498)"
2180455,02/14/2018,5:30 a.m.,miércoles,BUS,PUBLICO,Conductor,Femenino,No,N/A,HERIDO,Choque,Semaforo en rojo,Carrera 43 A Calle 25 A Sur,AVENIDA EL POBLADO,Urbana,"(6.181504184, -75.581741498)"
2180433,02/14/2018,5:10 p.m.,miércoles,BICICLETA,N/A,Ciclista,Masculino,No,N/A,HERIDO,Choque,Transitar entre vehiculos,Calle 40 B Sur Carrera 26,LA MINA,Urbana,"(6.157341539, -75.581517088)"
2180433,02/14/2018,5:10 p.m.,miércoles,AUTOMOVIL,PARTICULAR,Conductor,Femenino,No,N/A,HERIDO,Choque,Transitar entre vehiculos,Calle 40 B Sur Carrera 26,LA MINA,Urbana,"(6.157341539, -75.581517088)"
2180410,02/14/2018,3:10 p.m.,miércoles,AUTOMOVIL,PARTICULAR,Conductor,Masculino,No,N/A,SOLO DAÑOS,Choque,Desobedecer senales,Carrera 27 Calle 27  Sur,LA INMACULADA,Urbana,"(6.172298689, -75.56780953)"
2180410,02/14/2018,3:10 p.m.,miércoles,BUS,PUBLICO,Conductor,Masculino,No,N/A,SOLO DAÑOS,Choque,Desobedecer senales,Carrera 27 Calle 27  Sur,LA INMACULADA,Urbana,"(6.172298689, -75.56780953)"
2180424,02/14/2018,10:00 a.m.,miércoles,MOTOCICLETA,PARTICULAR,Motociclista,Masculino,No,N/A,SOLO DAÑOS,Choque,Desobedecer senales,Calle 48 C Sur Carrera 40,LOMA DEL BARRO,Urbana,"(6.158172905, -75.595822012)"
2180424,02/14/2018,10:00 a.m.,miércoles,AUTOMOVIL,DIPLOMATICO,Conductor,Masculino,No,N/A,SOLO DAÑOS,Choque,Desobedecer senales,Calle 48 C Sur Carrera 40,LOMA DEL BARRO,Urbana,"(6.158172905, -75.595822012)"
2180432,02/14/2018,5:30 p.m.,miércoles,BUS,PUBLICO,Conductor,Masculino,No,N/A,HERIDO,Choque,Impericia en el manejo,Tramo 378 Kilometro  1,EL SALADO,Rural,
2180411,02/13/2018,1:10 p.m.,martes,BUS,PUBLICO,Conductor,Femenino,No,N/A,SOLO DAÑOS,Choque,Impericia en el manejo,Calle 34 DD Sur Carrera 27 D Sur,LA INMACULADA,Urbana,"(6.1706621, -75.575772717)"
2180409,02/13/2018,1:10 p.m.,martes,CAMIONETA,PARTICULAR,Conductor,Masculino,No,N/A,HERIDO,Choque,No mantener distancia de seguridad,Carrera 48 Calle 26  Sur,LAS VEGAS,Urbana,"(6.183318111, -75.585537184)"
2180409,02/13/2018,1:10 p.m.,martes,AUTOMOVIL,PARTICULAR,Conductor,Masculino,No,N/A,HERIDO,Choque,No mantener distancia de seguridad,Carrera 48 Calle 26  Sur,LAS VEGAS,Urbana,"(6.183318111, -75.585537184)"
2180409,02/13/2018,1:10 p.m.,martes,MOTOCICLETA,PARTICULAR,Motociclista,Masculino,No,N/A,HERIDO,Choque,No mantener distancia de seguridad,Carrera 48 Calle 26  Sur,LAS VEGAS,Urbana,"(6.183318111, -75.585537184)"
2180409,02/13/2018,1:10 p.m.,martes,AUTOMOVIL,PUBLICO,Conductor,Masculino,No,N/A,HERIDO,Choque,No mantener distancia de seguridad,Carrera 48 Calle 26  Sur,LAS VEGAS,Urbana,"(6.183318111, -75.585537184)"
2180397,02/13/2018,6:03 p.m.,martes,CAMIONETA,PARTICULAR,Conductor,Sin Registro,No,N/A,SOLO DAÑOS,Choque,Reverso imprudente,Carrera 44 Calle 21  Sur,ZU├æIGA,Urbana,"(6.184452316, -75.580146423)"
2180397,02/13/2018,6:03 p.m.,martes,MOTOCICLETA,PARTICULAR,Motociclista,Femenino,No,N/A,SOLO DAÑOS,Choque,Reverso imprudente,Carrera 44 Calle 21  Sur,ZU├æIGA,Urbana,"(6.184452316, -75.580146423)"
2180423,02/13/2018,11:55 a.m.,martes,BICICLETA,N/A,Ciclista,Masculino,No,N/A,HERIDO,Atropello,Transitar por la calzada,Carrera 42 Calle 35  Sur,ZONA CENTRO,Urbana,"(6.171623749, -75.586043385)"
2180423,02/13/2018,11:55 a.m.,martes,BICICLETA,N/A,Ciclista,Masculino,No,N/A,HERIDO,Atropello,Transitar en contravia,Carrera 42 Calle 35  Sur,ZONA CENTRO,Urbana,"(6.171623749, -75.586043385)"
2180408,02/13/2018,6:45 p.m.,martes,CAMIONETA,PARTICULAR,Conductor,Masculino,No,N/A,SOLO DAÑOS,Choque,Reverso imprudente,Calle 33 B Sur Carrera 43,ZONA CENTRO,Urbana,"(6.172981087, -75.586076226)"
2180408,02/13/2018,6:45 p.m.,martes,CAMION,PUBLICO,Conductor,Masculino,No,N/A,SOLO DAÑOS,Choque,Reverso imprudente,Calle 33 B Sur Carrera 43,ZONA CENTRO,Urbana,"(6.172981087, -75.586076226)"
2180399,02/13/2018,5:40 p.m.,martes,TRACTOCAMION,PUBLICO,Conductor,Masculino,No,N/A,SOLO DAÑOS,Choque,Adelantar cerrando,Calle 37  Sur Carrera 50,LAS VEGAS,Urbana,
2180399,02/13/2018,5:40 p.m.,martes,AUTOMOVIL,PARTICULAR,Conductor,Masculino,No,N/A,SOLO DAÑOS,Choque,Adelantar cerrando,Calle 37  Sur Carrera 50,LAS VEGAS,Urbana,
2180414,02/13/2018,1:40 p.m.,martes,CAMION,PARTICULAR,Conductor,Masculino,No,N/A,SOLO DAÑOS,Choque,Impericia en el manejo,Tramo 372 Kilometro  14,VEREDA PALMAS,Rural,
2180403,02/13/2018,8:40 a.m.,martes,CAMIONETA,PARTICULAR,Conductor,Masculino,No,N/A,SOLO DAÑOS,Choque,No respetar prelacion,Carrera 49 Calle 37  Sur,LAS VEGAS,Urbana,
2180403,02/13/2018,8:40 a.m.,martes,CAMION,OFICIAL,Conductor,Masculino,No,N/A,SOLO DAÑOS,Choque,No respetar prelacion,Carrera 49 Calle 37  Sur,LAS VEGAS,Urbana,
2180421,02/13/2018,9:30 a.m.,martes,BICICLETA,N/A,Ciclista,Femenino,No,N/A,HERIDO,Choque,Transitar entre vehiculos,Carrera 50 Calle 20  Sur,LAS VEGAS,Urbana,
2180421,02/13/2018,9:30 a.m.,martes,AUTOMOVIL,PARTICULAR,Conductor,Masculino,No,N/A,HERIDO,Choque,Transitar entre vehiculos,Carrera 50 Calle 20  Sur,LAS VEGAS,Urbana,
2180402,02/13/2018,1:30 p.m.,martes,CAMIONETA,PARTICULAR,Conductor,Femenino,No,N/A,SOLO DAÑOS,Choque,Adelantar cerrando,Carrera 43 A Calle 32  Sur,SAN MARCOS,Urbana,"(6.175494708, -75.585757367)"
2180402,02/13/2018,1:30 p.m.,martes,AUTOMOVIL,PUBLICO,Conductor,Masculino,No,N/A,SOLO DAÑOS,Choque,Adelantar cerrando,Carrera 43 A Calle 32  Sur,SAN MARCOS,Urbana,"(6.175494708, -75.585757367)"
2180406,02/13/2018,2:30 p.m.,martes,AUTOMOVIL,PARTICULAR,Conductor,Masculino,No,N/A,HERIDO,Choque,No respetar prelacion,Carrera 42 B Calle 25 A Sur,PONTE VEDRA,Urbana,"(6.179670916, -75.581486749)"
2180406,02/13/2018,2:30 p.m.,martes,MOTOCICLETA,PARTICULAR,Motociclista,Masculino,No,N/A,HERIDO,Choque,No respetar prelacion,Carrera 42 B Calle 25 A Sur,PONTE VEDRA,Urbana,"(6.179670916, -75.581486749)"
2180400,02/13/2018,4:30 p.m.,martes,AUTOMOVIL,PARTICULAR,Conductor,Masculino,No,N/A,SOLO DAÑOS,Choque,No respetar prelacion,Calle 40 AA Sur Carrera 36,EL DORADO,Urbana,"(6.164225597, -75.585320139)"
2180400,02/13/2018,4:30 p.m.,martes,AUTOMOVIL,PARTICULAR,Conductor,Masculino,No,N/A,SOLO DAÑOS,Choque,No respetar prelacion,Calle 40 AA Sur Carrera 36,EL DORADO,Urbana,"(6.164225597, -75.585320139)"
2180426,02/13/2018,5:20 p.m.,martes,BUS,PUBLICO,Conductor,Masculino,No,N/A,SOLO DAÑOS,Choque,Adelantar cerrando,Carrera 50 Calle 37  Sur,LAS VEGAS,Urbana,
2180426,02/13/2018,5:20 p.m.,martes,AUTOMOVIL,PARTICULAR,Conductor,Femenino,No,N/A,SOLO DAÑOS,Choque,Adelantar cerrando,Carrera 50 Calle 37  Sur,LAS VEGAS,Urbana,
2180425,02/13/2018,6:20 p.m.,martes,BUSETA,PUBLICO,Conductor,Masculino,No,N/A,SOLO DAÑOS,Choque,Impericia en el manejo,Calle 37  Sur Carrera 43,ZONA CENTRO,Urbana,"(6.170662973, -75.587448517)"
2180425,02/13/2018,6:20 p.m.,martes,CAMIONETA,PARTICULAR,Conductor,Masculino,No,N/A,SOLO DAÑOS,Choque,Adelantar cerrando,Calle 37  Sur Carrera 43,ZONA CENTRO,Urbana,"(6.170662973, -75.587448517)"
2180425,02/13/2018,6:20 p.m.,martes,CAMIONETA,PARTICULAR,Conductor,Masculino,No,N/A,SOLO DAÑOS,Choque,Impericia en el manejo,Calle 37  Sur Carrera 43,ZONA CENTRO,Urbana,"(6.170662973, -75.587448517)"
2180425,02/13/2018,6:20 p.m.,martes,BUSETA,PUBLICO,Conductor,Masculino,No,N/A,SOLO DAÑOS,Choque,Adelantar cerrando,Calle 37  Sur Carrera 43,ZONA CENTRO,Urbana,"(6.170662973, -75.587448517)"
2180416,02/13/2018,8:10 p.m.,martes,AUTOMOVIL,PARTICULAR,Conductor,Femenino,No,N/A,SOLO DAÑOS,Choque,Desobedecer senales,Calle 27  Sur Carrera 28,EL ESMERALDAL,Urbana,"(6.175346318, -75.574583402)"
2180416,02/13/2018,8:10 p.m.,martes,CAMPERO,PARTICULAR,Conductor,Femenino,No,N/A,SOLO DAÑOS,Choque,Desobedecer senales,Calle 27  Sur Carrera 28,EL ESMERALDAL,Urbana,"(6.175346318, -75.574583402)"
2180411,02/13/2018,1:10 p.m.,martes,MOTOCICLETA,PARTICULAR,Motociclista,Masculino,No,N/A,SOLO DAÑOS,Choque,Impericia en el manejo,Calle 34 DD Sur Carrera 27 D Sur,LA INMACULADA,Urbana,"(6.1706621, -75.575772717)"
2180382,02/12/2018,6:30 p.m.,lunes,MOTOCICLETA,PARTICULAR,Motociclista,Femenino,No,N/A,SOLO DAÑOS,Choque,Reverso imprudente,Carrera 50 Calle 30  Sur,LAS VEGAS,Urbana,
2180405,02/12/2018,7:00 a.m.,lunes,CAMIONETA,PARTICULAR,Conductor,Femenino,No,N/A,SOLO DAÑOS,Choque,Impericia en el manejo,Carrera 43 A Calle 25 B Sur,AVENIDA EL POBLADO,Urbana,"(6.180259996, -75.582940198)"
2180405,02/12/2018,7:00 a.m.,lunes,MOTOCICLETA,PARTICULAR,Motociclista,Masculino,No,N/A,SOLO DAÑOS,Choque,Impericia en el manejo,Carrera 43 A Calle 25 B Sur,AVENIDA EL POBLADO,Urbana,"(6.180259996, -75.582940198)"
2180388,02/12/2018,7:05 p.m.,lunes,MOTOCICLETA,PARTICULAR,Motociclista,Femenino,No,N/A,SOLO DAÑOS,Choque,No mantener distancia de seguridad,Carrera 43 A Calle 38  Sur,ZONA CENTRO,Urbana,"(6.170421178, -75.588598773)"
2180389,02/12/2018,12:00 a.m.,lunes,MOTOCICLETA,PARTICULAR,Motociclista,Masculino,No,N/A,SOLO DAÑOS,Choque,No respetar prelacion,Tramo 371 Kilometro  2,VEREDA EL ESCOBERO,Rural,
2180412,02/12/2018,12:30 a.m.,lunes,MOTOCICLETA,PARTICULAR,Motociclista,Masculino,No,N/A,HERIDO,Choque,No mantener distancia de seguridad,Carrera 48 Calle 40  Sur,LAS VEGAS,Urbana,"(6.168855316, -75.596887667)"
2180412,02/12/2018,12:30 a.m.,lunes,AUTOMOVIL,PUBLICO,Conductor,Masculino,No,N/A,HERIDO,Choque,No mantener distancia de seguridad,Carrera 48 Calle 40  Sur,LAS VEGAS,Urbana,"(6.168855316, -75.596887667)"
2180413,02/12/2018,6:30 p.m.,lunes,MOTOCICLETA,PARTICULAR,Motociclista,Masculino,No,N/A,SOLO DAÑOS,Choque,No respetar prelacion,Carrera 28 Calle 37 A Sur,LOMA DE LAS BRUJAS,Urbana,"(6.164229297, -75.578821455)"
2180413,02/12/2018,6:30 p.m.,lunes,CAMPERO,PARTICULAR,Conductor,Masculino,No,N/A,SOLO DAÑOS,Choque,No respetar prelacion,Carrera 28 Calle 37 A Sur,LOMA DE LAS BRUJAS,Urbana,"(6.164229297, -75.578821455)"
2180388,02/12/2018,7:05 p.m.,lunes,AUTOMOVIL,PARTICULAR,Conductor,Masculino,No,N/A,SOLO DAÑOS,Choque,No mantener distancia de seguridad,Carrera 43 A Calle 38  Sur,ZONA CENTRO,Urbana,"(6.170421178, -75.588598773)"
2180375,02/12/2018,8:05 a.m.,lunes,AUTOMOVIL,PUBLICO,Conductor,Masculino,No,N/A,SOLO DAÑOS,Choque,No mantener distancia de seguridad,Calle 30  Sur Carrera 48,LAS VEGAS,Urbana,"(6.180376127, -75.590288049)"
2180375,02/12/2018,8:05 a.m.,lunes,AUTOMOVIL,PUBLICO,Conductor,Masculino,No,N/A,SOLO DAÑOS,Choque,No mantener distancia de seguridad,Calle 30  Sur Carrera 48,LAS VEGAS,Urbana,"(6.180376127, -75.590288049)"
2180382,02/12/2018,6:30 p.m.,lunes,TRACTOCAMION,PUBLICO,Conductor,Masculino,No,N/A,SOLO DAÑOS,Choque,Reverso imprudente,Carrera 50 Calle 30  Sur,LAS VEGAS,Urbana,
2180386,02/12/2018,1:20 p.m.,lunes,BUSETA,PUBLICO,Conductor,Masculino,No,N/A,SOLO DAÑOS,Choque,Adelantar cerrando,Carrera 48 Calle 39  Sur,LAS VEGAS,Urbana,"(6.17163722, -75.593649993)"
2180391,02/12/2018,10:15 a.m.,lunes,AUTOMOVIL,PARTICULAR,Conductor,Masculino,No,N/A,SOLO DAÑOS,Choque,No mantener distancia de seguridad,Calle 37  Sur Carrera 50,LAS VEGAS,Urbana,
2180387,02/12/2018,3:20 p.m.,lunes,AUTOMOVIL,PARTICULAR,Conductor,Femenino,No,N/A,SOLO DAÑOS,Choque,Adelantar cerrando,Diagonal 31 E Transversal 34 C Sur,OBRERO,Urbana,"(6.17232973, -75.579302223)"
2180387,02/12/2018,3:20 p.m.,lunes,BUS,PUBLICO,Conductor,Masculino,No,N/A,SOLO DAÑOS,Choque,Adelantar cerrando,Diagonal 31 E Transversal 34 C Sur,OBRERO,Urbana,"(6.17232973, -75.579302223)"
2180391,02/12/2018,10:15 a.m.,lunes,CAMPERO,PARTICULAR,Conductor,Masculino,No,N/A,SOLO DAÑOS,Choque,No mantener distancia de seguridad,Calle 37  Sur Carrera 50,LAS VEGAS,Urbana,
2180385,02/12/2018,4:15 p.m.,lunes,AUTOMOVIL,PUBLICO,Conductor,Masculino,No,N/A,SOLO DAÑOS,Choque,Desobedecer senales,Transversal 33  Sur Diagonal 32,LA MAGNOLIA,Urbana,"(6.174666095, -75.58222807)"
2180385,02/12/2018,4:15 p.m.,lunes,AUTOMOVIL,PARTICULAR,Conductor,Masculino,No,N/A,SOLO DAÑOS,Choque,Desobedecer senales,Transversal 33  Sur Diagonal 32,LA MAGNOLIA,Urbana,"(6.174666095, -75.58222807)"
2180389,02/12/2018,12:00 a.m.,lunes,AUTOMOVIL,PARTICULAR,Conductor,Masculino,No,N/A,SOLO DAÑOS,Choque,No respetar prelacion,Tramo 371 Kilometro  2,VEREDA EL ESCOBERO,Rural,
2180386,02/12/2018,1:20 p.m.,lunes,AUTOMOVIL,PARTICULAR,Conductor,Masculino,No,N/A,SOLO DAÑOS,Choque,Adelantar cerrando,Carrera 48 Calle 39  Sur,LAS VEGAS,Urbana,"(6.17163722, -75.593649993)"
2180419,02/12/2018,5:50 p.m.,lunes,MOTOCICLETA,PARTICULAR,Motociclista,Masculino,No,N/A,HERIDO,Choque,No mantener distancia de seguridad,Carrera 48 Calle 46  Sur,LAS VEGAS,Urbana,"(6.166195386, -75.599285489)"
2180419,02/12/2018,5:50 p.m.,lunes,CAMIONETA,PARTICULAR,Conductor,Masculino,No,N/A,HERIDO,Choque,No mantener distancia de seguridad,Carrera 48 Calle 46  Sur,LAS VEGAS,Urbana,"(6.166195386, -75.599285489)"
2180404,02/12/2018,9:50 a.m.,lunes,AUTOMOVIL,PARTICULAR,Conductor,Masculino,No,N/A,SOLO DAÑOS,Choque,Adelantar cerrando,Calle 50 Carrera 48,LAS VEGAS,Urbana,
2180404,02/12/2018,9:50 a.m.,lunes,CAMIONETA,PARTICULAR,Conductor,Femenino,No,N/A,SOLO DAÑOS,Choque,Adelantar cerrando,Calle 50 Carrera 48,LAS VEGAS,Urbana,
2180383,02/12/2018,2:50 p.m.,lunes,AUTOMOVIL,PARTICULAR,Conductor,Femenino,No,N/A,SOLO DAÑOS,Choque,Desobedecer senales,Calle 25  Sur Carrera 42 B,LAS ORQUIDEAS,Urbana,"(6.179561127, -75.579866326)"
2180383,02/12/2018,2:50 p.m.,lunes,BUSETA,PUBLICO,Conductor,Masculino,No,N/A,SOLO DAÑOS,Choque,Desobedecer senales,Calle 25  Sur Carrera 42 B,LAS ORQUIDEAS,Urbana,"(6.179561127, -75.579866326)"