RADICADO,FECHA,HORA,DÍA DE LA SEMANA,CLASE DE VEHICULO,TIPO DE SERVICIO,TIPO DE VICTIMA,SEXO,ESTADO DE BEODEZ,RESULTADO DE BEODEZ,GRAVEDAD,CLASE DE ACCIDENTE,CAUSA,DIRECCIÓN,BARRIO,AREA,Coordenadas
2180395,02/12/2018,5:40 p.m.,lunes,MOTOCICLETA,PARTICULAR,Motociclista,Masculino,No,N/A,HERIDO,Choque,Transitar entre vehiculos,Carrera 43 A Calle 40  Sur,AVENIDA EL POBLADO,Urbana,"(6.168044687, -75.59026877)"
2180395,02/12/2018,5:40 p.m.,lunes,MOTOCICLETA,PARTICULAR,Motociclista,Masculino,No,N/A,HERIDO,Choque,Transitar entre vehiculos,Carrera 43 A Calle 40  Sur,AVENIDA EL POBLADO,Urbana,"(6.168044687, -75.59026877)"
2180412,02/12/2018,12:30 a.m.,lunes,MOTOCICLETA,PARTICULAR,Motociclista,Masculino,No,N/A,HERIDO,Choque,No mantener distancia de seguridad,Carrera 48 Calle 40  Sur,LAS VEGAS,Urbana,"(6.168855316, -75.596887667)"
2180380,02/11/2018,7:45 p.m.,domingo,MOTOCICLETA,PARTICULAR,Motociclista,Masculino,No,N/A,SOLO DAÑOS,Choque,No mantener distancia de seguridad,Carrera 27 Calle 23  Sur,LA INMACULADA,Urbana,"(6.176588834, -75.567445991)"
2180376,02/11/2018,12:20 a.m.,domingo,AUTOMOVIL,PARTICULAR,Conductor,Masculino,No,N/A,HERIDO,Caida Ocupante,No mantener distancia de seguridad,Carrera 50 Calle 39  Sur,LAS VEGAS,Urbana,
2180380,02/11/2018,7:45 p.m.,domingo,AUTOMOVIL,PARTICULAR,Conductor,Masculino,No,N/A,SOLO DAÑOS,Choque,No mantener distancia de seguridad,Carrera 27 Calle 23  Sur,LA INMACULADA,Urbana,"(6.176588834, -75.567445991)"
2180376,02/11/2018,12:20 a.m.,domingo,MOTOCICLETA,PARTICULAR,Motociclista,Masculino,No,N/A,HERIDO,Caida Ocupante,No mantener distancia de seguridad,Carrera 50 Calle 39  Sur,LAS VEGAS,Urbana,
2180377,02/10/2018,9:30 a.m.,sábado,AUTOMOVIL,PARTICULAR,Conductor,Masculino,No,N/A,SOLO DAÑOS,Choque,Reverso imprudente,Carrera 49 Calle 26  Sur,LAS VEGAS,Urbana,
2180398,02/10/2018,3:00 p.m.,sábado,BUS,PUBLICO,Conductor,Masculino,No,N/A,SOLO DAÑOS,Choque,Desobedecer senales,Carrera 43 A Calle 49  Sur,LAS CASITAS,Urbana,"(6.160914202, -75.600022989)"
2181554,02/10/2018,7:30 a.m.,sábado,AUTOMOVIL,PARTICULAR,Conductor,Masculino,No,N/A,SOLO DAÑOS,Choque,Exceso de velocidad,Calle 30  Sur Carrera 45 A,LAS VEGAS,Urbana,"(6.178033442, -75.586523966)"
2180398,02/10/2018,3:00 p.m.,sábado,AUTOMOVIL,PUBLICO,Conductor,Masculino,No,N/A,SOLO DAÑOS,Choque,Desobedecer senales,Carrera 43 A Calle 49  Sur,LAS CASITAS,Urbana,"(6.160914202, -75.600022989)"
2180401,02/10/2018,6:00 p.m.,sábado,MOTOCICLETA,PARTICULAR,Motociclista,Femenino,No,N/A,HERIDO,Choque,Transitar entre vehiculos,Calle 41 B Sur Carrera 25,SAN RAFAEL,Urbana,"(6.15389729, -75.586099555)"
2180379,02/10/2018,12:30 a.m.,sábado,MOTOCICLETA,PARTICULAR,Motociclista,Masculino,No,N/A,SOLO DAÑOS,Choque,No mantener distancia de seguridad,Calle 36 D Sur Carrera 27,VEREDA EL ESCOBERO,Urbana,"(6.162479576, -75.570222573)"
2180401,02/10/2018,6:00 p.m.,sábado,CAMPERO,PARTICULAR,Conductor,Masculino,No,N/A,HERIDO,Choque,Transitar entre vehiculos,Calle 41 B Sur Carrera 25,SAN RAFAEL,Urbana,"(6.15389729, -75.586099555)"
2180379,02/10/2018,12:30 a.m.,sábado,CAMIONETA,PARTICULAR,Conductor,Femenino,No,N/A,SOLO DAÑOS,Choque,No mantener distancia de seguridad,Calle 36 D Sur Carrera 27,VEREDA EL ESCOBERO,Urbana,"(6.162479576, -75.570222573)"
2181554,02/10/2018,7:30 a.m.,sábado,MOTOCICLETA,PARTICULAR,Motociclista,Masculino,No,N/A,SOLO DAÑOS,Choque,Exceso de velocidad,Calle 30  Sur Carrera 45 A,LAS VEGAS,Urbana,"(6.178033442, -75.586523966)"
2180401,02/10/2018,6:00 p.m.,sábado,MOTOCICLETA,PARTICULAR,Motociclista,Masculino,No,N/A,HERIDO,Choque,Transitar entre vehiculos,Calle 41 B Sur Carrera 25,SAN RAFAEL,Urbana,"(6.15389729, -75.586099555)"
2180394,02/10/2018,5:10 p.m.,sábado,AUTOMOVIL,PUBLICO,Conductor,Femenino,No,N/A,HERIDO,Choque,Desobedecer senales,Transversal 34 A Sur Diagonal 39,OBRERO,Urbana,"(6.171998055, -75.5844044)"
2180377,02/10/2018,9:30 a.m.,sábado,CAMION,PUBLICO,Conductor,Masculino,No,N/A,SOLO DAÑOS,Choque,Reverso imprudente,Carrera 49 Calle 26  Sur,LAS VEGAS,Urbana,
2180394,02/10/2018,5:10 p.m.,sábado,MOTOCICLETA,PARTICULAR,Motociclista,Femenino,No,N/A,HERIDO,Choque,Desobedecer senales,Transversal 34 A Sur Diagonal 39,OBRERO,Urbana,"(6.171998055, -75.5844044)"
2180384,02/09/2018,4:10 p.m.,viernes,AUTOMOVIL,PARTICULAR,Conductor,Masculino,No,N/A,HERIDO,Choque,Girar bruscamente,Carrera 50 Calle 16  Sur,LAS VEGAS,Urbana,
2180371,02/09/2018,3:55 p.m.,viernes,CAMIONETA,PARTICULAR,Conductor,Masculino,No,N/A,SOLO DAÑOS,Choque,No mantener distancia de seguridad,Calle 23  Sur Carrera 27,LA INMACULADA,Urbana,"(6.176668041, -75.567525633)"
2180371,02/09/2018,3:55 p.m.,viernes,CAMIONETA,PARTICULAR,Conductor,Femenino,No,N/A,SOLO DAÑOS,Choque,No mantener distancia de seguridad,Calle 23  Sur Carrera 27,LA INMACULADA,Urbana,"(6.176668041, -75.567525633)"
2180393,02/09/2018,8:50 a.m.,viernes,AUTOMOVIL,PUBLICO,Conductor,Masculino,No,N/A,SOLO DAÑOS,Choque,Reverso imprudente,Calle 38 A Sur Carrera 38,MESA,Urbana,"(6.167339205, -75.585136359)"
2180393,02/09/2018,8:50 a.m.,viernes,CAMIONETA,PARTICULAR,Conductor,Masculino,No,N/A,SOLO DAÑOS,Choque,Reverso imprudente,Calle 38 A Sur Carrera 38,MESA,Urbana,"(6.167339205, -75.585136359)"
2180396,02/09/2018,4:45 p.m.,viernes,CAMION,PARTICULAR,Conductor,Masculino,No,N/A,SOLO DAÑOS,Choque,Girar bruscamente,Carrera 50 Calle 36  Sur,LAS VEGAS,Urbana,
2180396,02/09/2018,4:45 p.m.,viernes,AUTOMOVIL,PARTICULAR,Conductor,Femenino,No,N/A,SOLO DAÑOS,Choque,Girar bruscamente,Carrera 50 Calle 36  Sur,LAS VEGAS,Urbana,
2180373,02/09/2018,12:40 a.m.,viernes,CAMIONETA,PARTICULAR,Conductor,Masculino,No,N/A,SOLO DAÑOS,Choque,No mantener distancia de seguridad,Carrera 48 Calle 46  Sur,LAS VEGAS,Urbana,"(6.166195386, -75.599285489)"
2180373,02/09/2018,12:40 a.m.,viernes,CAMPERO,PARTICULAR,Conductor,Masculino,No,N/A,SOLO DAÑOS,Choque,No mantener distancia de seguridad,Carrera 48 Calle 46  Sur,LAS VEGAS,Urbana,"(6.166195386, -75.599285489)"
2180390,02/09/2018,11:35 p.m.,viernes,CAMPERO,OFICIAL,Conductor,Masculino,No,N/A,SOLO DAÑOS,Choque,Adelantar en zona prohibida,Carrera 27 Calle 36  Sur,LA INMACULADA,Urbana,"(6.167009975, -75.569278076)"
2180390,02/09/2018,11:35 p.m.,viernes,AUTOMOVIL,PARTICULAR,Conductor,Femenino,No,N/A,SOLO DAÑOS,Choque,Adelantar en zona prohibida,Carrera 27 Calle 36  Sur,LA INMACULADA,Urbana,"(6.167009975, -75.569278076)"
2180364,02/09/2018,6:40 a.m.,viernes,MOTOCICLETA,PARTICULAR,Motociclista,Masculino,No,N/A,SOLO DAÑOS,Choque,Adelantar en zona prohibida,Transversal 34 D Sur Diagonal 32,LOS NARANJOS,Urbana,"(6.171774015, -75.581051395)"
2180378,02/09/2018,11:45 a.m.,viernes,MAQ. INDUSTRIAL,N/A,Conductor,Masculino,No,N/A,SOLO DAÑOS,Choque,Impericia en el manejo,Diagonal 29 Transversal 34 F Sur,ALTO DE MISAEL,Urbana,"(6.169949011, -75.577578888)"
2180364,02/09/2018,6:40 a.m.,viernes,CAMIONETA,PARTICULAR,Conductor,Masculino,No,N/A,SOLO DAÑOS,Choque,Adelantar en zona prohibida,Transversal 34 D Sur Diagonal 32,LOS NARANJOS,Urbana,"(6.171774015, -75.581051395)"
2180378,02/09/2018,11:45 a.m.,viernes,AUTOMOVIL,PARTICULAR,Conductor,Masculino,No,N/A,SOLO DAÑOS,Choque,Impericia en el manejo,Diagonal 29 Transversal 34 F Sur,ALTO DE MISAEL,Urbana,"(6.169949011, -75.577578888)"
2180370,02/09/2018,8:30 p.m.,viernes,CAMIONETA,PARTICULAR,Conductor,Masculino,No,N/A,SOLO DAÑOS,Choque,Adelantar por la derecha,Diagonal 31 D Transversal 33  Sur,LA MAGNOLIA,Urbana,"(6.176680777, -75.581091939)"
2180370,02/09/2018,8:30 p.m.,viernes,MOTOCICLETA,PARTICULAR,Motociclista,Masculino,No,N/A,SOLO DAÑOS,Choque,Adelantar por la derecha,Diagonal 31 D Transversal 33  Sur,LA MAGNOLIA,Urbana,"(6.176680777, -75.581091939)"
2180368,02/09/2018,10:30 p.m.,viernes,AUTOMOVIL,PARTICULAR,Conductor,Femenino,No,N/A,SOLO DAÑOS,Choque,Poner en marcha un vehiculo sin precauci,Carrera 43 A Transversal 27 A Sur,AVENIDA EL POBLADO,Urbana,"(6.178993539, -75.583605914)"
2180368,02/09/2018,10:30 p.m.,viernes,AUTOMOVIL,PARTICULAR,Conductor,Masculino,No,N/A,SOLO DAÑOS,Choque,Poner en marcha un vehiculo sin precauci,Carrera 43 A Transversal 27 A Sur,AVENIDA EL POBLADO,Urbana,"(6.178993539, -75.583605914)"
2180363,02/09/2018,7:30 p.m.,viernes,AUTOMOVIL,PUBLICO,Conductor,Masculino,No,N/A,SOLO DAÑOS,Choque,Poner en marcha un vehiculo sin precauci,Carrera 49 Calle 39  Sur,LAS VEGAS,Urbana,"(6.173609359, -75.597070569)"
2180363,02/09/2018,7:30 p.m.,viernes,BUS,PUBLICO,Conductor,Masculino,No,N/A,SOLO DAÑOS,Choque,Poner en marcha un vehiculo sin precauci,Carrera 49 Calle 39  Sur,LAS VEGAS,Urbana,"(6.173609359, -75.597070569)"
2180358,02/09/2018,2:15 p.m.,viernes,MOTOCICLETA,PARTICULAR,Motociclista,Femenino,No,N/A,HERIDO,Choque,No mantener distancia de seguridad,Carrera 48 Calle 46  Sur,LAS VEGAS,Urbana,"(6.166195386, -75.599285489)"
2180358,02/09/2018,2:15 p.m.,viernes,CAMPERO,PARTICULAR,Conductor,Masculino,No,N/A,HERIDO,Choque,No mantener distancia de seguridad,Carrera 48 Calle 46  Sur,LAS VEGAS,Urbana,"(6.166195386, -75.599285489)"
2180384,02/09/2018,4:10 p.m.,viernes,MOTOCICLETA,PARTICULAR,Motociclista,Masculino,No,N/A,HERIDO,Choque,Girar bruscamente,Carrera 50 Calle 16  Sur,LAS VEGAS,Urbana,
2180374,02/09/2018,4:10 p.m.,viernes,AUTOMOVIL,PARTICULAR,Conductor,Masculino,No,N/A,SOLO DAÑOS,Choque,Poner en marcha un vehiculo sin precauci,Carrera 43 Calle 36  Sur,ZONA CENTRO,Urbana,"(6.171314659, -75.587007533)"
2180374,02/09/2018,4:10 p.m.,viernes,CAMIONETA,PARTICULAR,Conductor,Masculino,No,N/A,SOLO DAÑOS,Choque,Poner en marcha un vehiculo sin precauci,Carrera 43 Calle 36  Sur,ZONA CENTRO,Urbana,"(6.171314659, -75.587007533)"
2180429,02/09/2018,3:10 p.m.,viernes,CAMIONETA,PARTICULAR,Conductor,Masculino,No,N/A,SOLO DAÑOS,Choque,Impericia en el manejo,Calle 23  Sur Carrera 27 B,EL ESMERALDAL,Urbana,"(6.177244364, -75.568535353)"
2180429,02/09/2018,3:10 p.m.,viernes,CAMPERO,PARTICULAR,Conductor,Masculino,No,N/A,SOLO DAÑOS,Choque,Impericia en el manejo,Calle 23  Sur Carrera 27 B,EL ESMERALDAL,Urbana,"(6.177244364, -75.568535353)"
2180365,02/09/2018,8:00 a.m.,viernes,MOTOCICLETA,PARTICULAR,Motociclista,Masculino,No,N/A,SOLO DAÑOS,Choque,Adelantar cerrando,Tramo 372 Kilometro  14,VEREDA PALMAS,Rural,
2180365,02/09/2018,8:00 a.m.,viernes,AUTOMOVIL,PARTICULAR,Conductor,Masculino,No,N/A,SOLO DAÑOS,Choque,Adelantar cerrando,Tramo 372 Kilometro  14,VEREDA PALMAS,Rural,
2180360,02/08/2018,4:20 p.m.,jueves,BUS,PUBLICO,Conductor,Masculino,No,N/A,SOLO DAÑOS,Choque,Vehiculo mal estacionado,Carrera 48 Calle 49  Sur,LAS CASITAS,Urbana,"(6.162978079, -75.602401613)"
2180353,02/08/2018,9:10 p.m.,jueves,AUTOMOVIL,PARTICULAR,Conductor,Masculino,No,N/A,HERIDO,Choque,Desobedecer senales,Carrera 43 A Calle 21  Sur,ZU├æIGA,Urbana,"(6.183599544, -75.579409862)"
2180353,02/08/2018,9:10 p.m.,jueves,MOTOCICLETA,PARTICULAR,Motociclista,Femenino,No,N/A,HERIDO,Choque,Desobedecer senales,Carrera 43 A Calle 21  Sur,ZU├æIGA,Urbana,"(6.183599544, -75.579409862)"
2180352,02/08/2018,5:00 p.m.,jueves,AUTOMOVIL,PARTICULAR,Conductor,Masculino,No,N/A,HERIDO,Choque,No mantener distancia de seguridad,Calle 25  Sur Carrera 42 B,LAS ORQUIDEAS,Urbana,"(6.179561127, -75.579866326)"
2180352,02/08/2018,5:00 p.m.,jueves,AUTOMOVIL,PARTICULAR,Conductor,Masculino,No,N/A,HERIDO,Choque,No mantener distancia de seguridad,Calle 25  Sur Carrera 42 B,LAS ORQUIDEAS,Urbana,"(6.179561127, -75.579866326)"
2180352,02/08/2018,5:00 p.m.,jueves,MOTOCICLETA,PARTICULAR,Motociclista,Femenino,No,N/A,HERIDO,Choque,No mantener distancia de seguridad,Calle 25  Sur Carrera 42 B,LAS ORQUIDEAS,Urbana,"(6.179561127, -75.579866326)"
2180369,02/08/2018,9:50 a.m.,jueves,BUS,PUBLICO,Conductor,Masculino,No,N/A,SOLO DAÑOS,Choque,Reverso imprudente,Calle 36 A Sur Carrera 47,EL PORTAL,Urbana,"(6.173604362, -75.591284932)"
2180356,02/08/2018,9:50 p.m.,jueves,MOTOCICLETA,PARTICULAR,Motociclista,Masculino,No,N/A,SOLO DAÑOS,Choque,No respetar pelacion de interseccion o giros,Carrera 39 Calle 37  Sur,ZONA CENTRO,Urbana,"(6.16891714, -75.584818728)"
2180356,02/08/2018,9:50 p.m.,jueves,AUTOMOVIL,PUBLICO,Conductor,Masculino,No,N/A,SOLO DAÑOS,Choque,No respetar pelacion de interseccion o giros,Carrera 39 Calle 37  Sur,ZONA CENTRO,Urbana,"(6.16891714, -75.584818728)"
2180356,02/08/2018,9:50 p.m.,jueves,MOTOCICLETA,PARTICULAR,Motociclista,Masculino,No,N/A,SOLO DAÑOS,Choque,No respetar pelacion de interseccion o giros,Carrera 39 Calle 37  Sur,ZONA CENTRO,Urbana,"(6.16891714, -75.584818728)"
2180369,02/08/2018,9:50 a.m.,jueves,AUTOMOVIL,PARTICULAR,Conductor,Femenino,No,N/A,SOLO DAÑOS,Choque,Reverso imprudente,Calle 36 A Sur Carrera 47,EL PORTAL,Urbana,"(6.173604362, -75.591284932)"
2180361,02/08/2018,5:50 a.m.,jueves,AUTOMOVIL,PARTICULAR,Conductor,Femenino,No,N/A,SOLO DAÑOS,Choque,No mantener distancia de seguridad,Carrera 48 Calle 38 B Sur,LAS VEGAS,Urbana,"(6.172021384, -75.593278982)"
2180361,02/08/2018,5:50 a.m.,jueves,AUTOMOVIL,PARTICULAR,Conductor,Masculino,No,N/A,SOLO DAÑOS,Choque,No mantener distancia de seguridad,Carrera 48 Calle 38 B Sur,LAS VEGAS,Urbana,"(6.172021384, -75.593278982)"
2180361,02/08/2018,5:50 a.m.,jueves,AUTOMOVIL,PARTICULAR,Conductor,Masculino,No,N/A,SOLO DAÑOS,Choque,No mantener distancia de seguridad,Carrera 48 Calle 38 B Sur,LAS VEGAS,Urbana,"(6.172021384, -75.593278982)"
2180381,02/08/2018,9:40 a.m.,jueves,AUTOMOVIL,PARTICULAR,Conductor,Masculino,No,N/A,HERIDO,Choque,No mantener distancia de seguridad,Calle 38  Sur Carrera 46,ALCALA,Urbana,"(6.171966643, -75.591369743)"
2180381,02/08/2018,9:40 a.m.,jueves,MOTOCICLETA,PARTICULAR,Motociclista,Masculino,No,N/A,HERIDO,Choque,Salirse de la calzada,Calle 38  Sur Carrera 46,ALCALA,Urbana,"(6.171966643, -75.591369743)"
2180381,02/08/2018,9:40 a.m.,jueves,MOTOCICLETA,PARTICULAR,Motociclista,Masculino,No,N/A,HERIDO,Choque,No mantener distancia de seguridad,Calle 38  Sur Carrera 46,ALCALA,Urbana,"(6.171966643, -75.591369743)"
2180381,02/08/2018,9:40 a.m.,jueves,AUTOMOVIL,PARTICULAR,Conductor,Masculino,No,N/A,HERIDO,Choque,Salirse de la calzada,Calle 38  Sur Carrera 46,ALCALA,Urbana,"(6.171966643, -75.591369743)"
2180355,02/08/2018,8:45 a.m.,jueves,MOTOCICLETA,PARTICULAR,Motociclista,Masculino,No,N/A,HERIDO,Atropello,Cruzar sin observar,Diagonal 31 E Transversal 34 D Sur,LOS NARANJOS,Urbana,"(6.17201459, -75.579216112)"
2180355,02/08/2018,8:45 a.m.,jueves,MOTOCICLETA,PARTICULAR,Motociclista,Masculino,No,N/A,HERIDO,Atropello,Impericia en el manejo,Diagonal 31 E Transversal 34 D Sur,LOS NARANJOS,Urbana,"(6.17201459, -75.579216112)"
2180392,02/08/2018,5:30 p.m.,jueves,AUTOMOVIL,PARTICULAR,Conductor,Masculino,No,N/A,SOLO DAÑOS,Choque,No mantener distancia de seguridad,Carrera 50 Calle 30  Sur,LAS VEGAS,Urbana,
2180392,02/08/2018,5:30 p.m.,jueves,BUS,PUBLICO,Conductor,Masculino,No,N/A,SOLO DAÑOS,Choque,No mantener distancia de seguridad,Carrera 50 Calle 30  Sur,LAS VEGAS,Urbana,
2180392,02/08/2018,5:30 p.m.,jueves,AUTOMOVIL,PARTICULAR,Conductor,Femenino,No,N/A,SOLO DAÑOS,Choque,No mantener distancia de seguridad,Carrera 50 Calle 30  Sur,LAS VEGAS,Urbana,
2180362,02/08/2018,11:30 a.m.,jueves,AUTOMOVIL,PARTICULAR,Conductor,Femenino,No,N/A,SOLO DAÑOS,Choque,No mantener distancia de seguridad,Carrera 41 Calle 38  Sur,ZONA CENTRO,Urbana,"(6.169124429, -75.586560125)"
2180354,02/08/2018,6:30 a.m.,jueves,CAMIONETA,PARTICULAR,Conductor,Masculino,No,N/A,SOLO DAÑOS,Choque,No mantener distancia de seguridad,Calle 37  Sur Carrera 29 A,LOS NARANJOS,Urbana,"(6.166159821, -75.580618636)"
2180354,02/08/2018,6:30 a.m.,jueves,CAMIONETA,PARTICULAR,Conductor,Masculino,No,N/A,SOLO DAÑOS,Choque,No mantener distancia de seguridad,Calle 37  Sur Carrera 29 A,LOS NARANJOS,Urbana,"(6.166159821, -75.580618636)"
2180362,02/08/2018,11:30 a.m.,jueves,BUS,PUBLICO,Conductor,Masculino,No,N/A,SOLO DAÑOS,Choque,No mantener distancia de seguridad,Carrera 41 Calle 38  Sur,ZONA CENTRO,Urbana,"(6.169124429, -75.586560125)"
2180360,02/08/2018,4:20 p.m.,jueves,BUS,PUBLICO,Conductor,Masculino,No,N/A,SOLO DAÑOS,Choque,Vehiculo mal estacionado,Carrera 48 Calle 49  Sur,LAS CASITAS,Urbana,"(6.162978079, -75.602401613)"
2180367,02/07/2018,5:45 p.m.,miércoles,BUS,PUBLICO,Conductor,Masculino,No,N/A,SOLO DAÑOS,Choque,Adelantar en zona prohibida,Carrera 42 B Calle 46 E Sur,EL TRIANON,Urbana,"(6.162296208, -75.594293177)"
2180372,02/07/2018,7:40 p.m.,miércoles,AUTOMOVIL,PUBLICO,Conductor,Masculino,No,N/A,SOLO DAÑOS,Choque,Adelantar cerrando,Calle 37  Sur Carrera 41,LA MAGNOLIA,Urbana,"(6.169855492, -75.586196006)"
2180372,02/07/2018,7:40 p.m.,miércoles,CAMIONETA,PARTICULAR,Conductor,Masculino,No,N/A,SOLO DAÑOS,Choque,No respetar pelacion de interseccion o giros,Calle 37  Sur Carrera 41,LA MAGNOLIA,Urbana,"(6.169855492, -75.586196006)"
2180372,02/07/2018,7:40 p.m.,miércoles,CAMIONETA,PARTICULAR,Conductor,Masculino,No,N/A,SOLO DAÑOS,Choque,Adelantar cerrando,Calle 37  Sur Carrera 41,LA MAGNOLIA,Urbana,"(6.169855492, -75.586196006)"
2180372,02/07/2018,7:40 p.m.,miércoles,AUTOMOVIL,PUBLICO,Conductor,Masculino,No,N/A,SOLO DAÑOS,Choque,No respetar pelacion de interseccion o giros,Calle 37  Sur Carrera 41,LA MAGNOLIA,Urbana,"(6.169855492, -75.586196006)"
2180359,02/07/2018,6:40 a.m.,miércoles,BUS,PUBLICO,Conductor,Masculino,No,N/A,SOLO DAÑOS,Choque,Impericia en el manejo,Carrera 29 Calle 40 F Sur,SAN JOSE,Urbana,"(6.161100766, -75.581716545)"
2180348,02/07/2018,7:50 a.m.,miércoles,AUTOMOVIL,PARTICULAR,Conductor,Masculino,No,N/A,SOLO DAÑOS,Choque,Transitar en contravia,Carrera 50 Calle 32 B Sur,LAS VEGAS,Urbana,"(6.178248378, -75.591688281)"
2180348,02/07/2018,7:50 a.m.,miércoles,AUTOMOVIL,PARTICULAR,Conductor,Masculino,No,N/A,SOLO DAÑOS,Choque,Transitar en contravia,Carrera 50 Calle 32 B Sur,LAS VEGAS,Urbana,"(6.178248378, -75.591688281)"
2180348,02/07/2018,7:50 a.m.,miércoles,MOTOCICLETA,PARTICULAR,Motociclista,Femenino,No,N/A,SOLO DAÑOS,Choque,Transitar en contravia,Carrera 50 Calle 32 B Sur,LAS VEGAS,Urbana,"(6.178248378, -75.591688281)"
2180367,02/07/2018,5:45 p.m.,miércoles,BUS,PUBLICO,Conductor,Masculino,No,N/A,SOLO DAÑOS,Choque,Desobedecer senales,Carrera 42 B Calle 46 E Sur,EL TRIANON,Urbana,"(6.162296208, -75.594293177)"
2180367,02/07/2018,5:45 p.m.,miércoles,AUTOMOVIL,PARTICULAR,Conductor,Femenino,No,N/A,SOLO DAÑOS,Choque,Adelantar en zona prohibida,Carrera 42 B Calle 46 E Sur,EL TRIANON,Urbana,"(6.162296208, -75.594293177)"
2180367,02/07/2018,5:45 p.m.,miércoles,AUTOMOVIL,PARTICULAR,Conductor,Femenino,No,N/A,SOLO DAÑOS,Choque,Desobedecer senales,Carrera 42 B Calle 46 E Sur,EL TRIANON,Urbana,"(6.162296208, -75.594293177)"
2180359,02/07/2018,6:40 a.m.,miércoles,MOTOCICLETA,PARTICULAR,Motociclista,Masculino,No,N/A,SOLO DAÑOS,Choque,Impericia en el manejo,Carrera 29 Calle 40 F Sur,SAN JOSE,Urbana,"(6.161100766, -75.581716545)"
2180339,02/06/2018,4:30 p.m.,martes,MOTOCICLETA,PARTICULAR,Motociclista,Masculino,No,N/A,SOLO DAÑOS,Choque,Girar bruscamente,Tramo 372 Kilometro  17,VEREDA PALMAS,Rural,
2180331,02/06/2018,3:55 p.m.,martes,BUSETA,PUBLICO,Conductor,Masculino,No,N/A,HERIDO,Caida Ocupante,Descender o subir del vehiculo en marcha,Carrera 25 Calle 38 D Sur,EL CHINGU├ì,Urbana,
2180366,02/06/2018,12:45 a.m.,martes,BUS,PUBLICO,Conductor,Masculino,No,N/A,SOLO DAÑOS,Choque,Transitar entre vehiculos,Diagonal 31 Transversal 33 A Sur,LAS FLORES,Urbana,"(6.173761816, -75.578919701)"
2180366,02/06/2018,12:45 a.m.,martes,BUS,PUBLICO,Conductor,Masculino,No,N/A,SOLO DAÑOS,Choque,Transitar entre vehiculos,Diagonal 31 Transversal 33 A Sur,LAS FLORES,Urbana,"(6.173761816, -75.578919701)"
2180366,02/06/2018,12:45 a.m.,martes,MOTOCICLETA,PARTICULAR,Motociclista,Masculino,No,N/A,SOLO DAÑOS,Choque,Transitar entre vehiculos,Diagonal 31 Transversal 33 A Sur,LAS FLORES,Urbana,"(6.173761816, -75.578919701)"
2180328,02/06/2018,9:33 p.m.,martes,BICICLETA,N/A,Ciclista,Masculino,No,N/A,HERIDO,Choque,No respetar prelacion,Calle 36 D Sur Carrera 27,VEREDA EL ESCOBERO,Urbana,"(6.162479576, -75.570222573)"
2180328,02/06/2018,9:33 p.m.,martes,AUTOMOVIL,PARTICULAR,Conductor,Masculino,No,N/A,HERIDO,Choque,No respetar prelacion,Calle 36 D Sur Carrera 27,VEREDA EL ESCOBERO,Urbana,"(6.162479576, -75.570222573)"
2180345,02/06/2018,9:40 a.m.,martes,MOTOCICLETA,PARTICULAR,Motociclista,Masculino,No,N/A,HERIDO,Choque,Impericia en el manejo,Calle 39 D Sur Carrera 25,EL SALADO,Urbana,"(6.154343948, -75.578021489)"
2180357,02/06/2018,8:40 p.m.,martes,CAMPERO,PARTICULAR,Conductor,Masculino,No,N/A,SOLO DAÑOS,Choque,No mantener distancia de seguridad,Carrera 48 Calle 25 A Sur,LAS VEGAS,Urbana,"(6.184740152, -75.583657425)"
2180357,02/06/2018,8:40 p.m.,martes,AUTOMOVIL,PARTICULAR,Conductor,Masculino,No,N/A,SOLO DAÑOS,Choque,No mantener distancia de seguridad,Carrera 48 Calle 25 A Sur,LAS VEGAS,Urbana,"(6.184740152, -75.583657425)"
2180346,02/06/2018,3:30 p.m.,martes,BUS,PUBLICO,Conductor,Masculino,No,N/A,SOLO DAÑOS,Choque,Reverso imprudente,Carrera 49 A Calle 46 A Sur,LAS VEGAS,Urbana,"(6.167871749, -75.602138766)"
2180346,02/06/2018,3:30 p.m.,martes,BUS,PUBLICO,Conductor,Masculino,No,N/A,SOLO DAÑOS,Choque,Reverso imprudente,Carrera 49 A Calle 46 A Sur,LAS VEGAS,Urbana,"(6.167871749, -75.602138766)"
2180339,02/06/2018,4:30 p.m.,martes,MOTOCICLETA,PARTICULAR,Motociclista,Sin Registro,No,N/A,SOLO DAÑOS,Choque,Girar bruscamente,Tramo 372 Kilometro  17,VEREDA PALMAS,Rural,
2180350,02/06/2018,5:15 p.m.,martes,AUTOMOVIL,PARTICULAR,Conductor,Masculino,No,N/A,HERIDO,Choque,Desobedecer senales,Calle 39 B Sur Carrera 30,SAN JOSE,Urbana,"(6.16327841, -75.581916425)"
2180350,02/06/2018,5:15 p.m.,martes,AUTOMOVIL,PARTICULAR,Conductor,Masculino,No,N/A,HERIDO,Choque,Desobedecer senales,Calle 39 B Sur Carrera 30,SAN JOSE,Urbana,"(6.16327841, -75.581916425)"