RADICADO,FECHA,HORA,DÍA DE LA SEMANA,CLASE DE VEHICULO,TIPO DE SERVICIO,TIPO DE VICTIMA,SEXO,ESTADO DE BEODEZ,RESULTADO DE BEODEZ,GRAVEDAD,CLASE DE ACCIDENTE,CAUSA,DIRECCIÓN,BARRIO,AREA,Coordenadas
2180309,01/31/2018,3:50 p.m.,miércoles,AUTOMOVIL,PARTICULAR,Conductor,Femenino,No,N/A,SOLO DAÑOS,Choque,Impericia en el manejo,Carrera 25 Calle 39 B Sur,EL CHINGU├ì,Urbana,"(6.153370486, -75.574402261)"
2180309,01/31/2018,3:50 p.m.,miércoles,CAMIONETA,PARTICULAR,Conductor,Masculino,No,N/A,SOLO DAÑOS,Choque,Impericia en el manejo,Carrera 25 Calle 39 B Sur,EL CHINGU├ì,Urbana,"(6.153370486, -75.574402261)"
2180281,01/31/2018,2:35 p.m.,miércoles,AUTOMOVIL,PUBLICO,Conductor,Masculino,No,N/A,SOLO DAÑOS,Choque,No mantener distancia de seguridad,Calle 36 D Sur Carrera 29 A,VEREDA EL ESCOBERO,Urbana,"(6.158809572, -75.566637544)"
2180281,01/31/2018,2:35 p.m.,miércoles,AUTOMOVIL,PARTICULAR,Conductor,Femenino,No,N/A,SOLO DAÑOS,Choque,No mantener distancia de seguridad,Calle 36 D Sur Carrera 29 A,VEREDA EL ESCOBERO,Urbana,"(6.158809572, -75.566637544)"
2180284,01/31/2018,9:30 p.m.,miércoles,CAMIONETA,PARTICULAR,Conductor,Masculino,No,N/A,SOLO DAÑOS,Choque,Reverso imprudente,Carrera 43 Calle 33  Sur,SAN MARCOS,Urbana,"(6.173540656, -75.585683369)"
2180271,01/31/2018,5:00 p.m.,miércoles,CAMION,PUBLICO,Conductor,Masculino,No,N/A,MUERTO,Choque,Impericia en el manejo,Carrera 50 Calle 46 A Sur,LAS VEGAS,Urbana,"(6.16131219, -75.603198185)"
2180284,01/31/2018,9:30 p.m.,miércoles,AUTOMOVIL,PARTICULAR,Conductor,Masculino,No,N/A,SOLO DAÑOS,Choque,Reverso imprudente,Carrera 43 Calle 33  Sur,SAN MARCOS,Urbana,"(6.173540656, -75.585683369)"
2180292,01/31/2018,1:30 p.m.,miércoles,CAMPERO,PARTICULAR,Conductor,Femenino,No,N/A,HERIDO,Choque,No respetar prelacion,Tramo 373 Kilometro  12,VEREDA PALMAS,Rural,
2180292,01/31/2018,1:30 p.m.,miércoles,CAMIONETA,PARTICULAR,Conductor,Masculino,No,N/A,HERIDO,Choque,No respetar prelacion,Tramo 373 Kilometro  12,VEREDA PALMAS,Rural,
2180273,01/31/2018,7:20 a.m.,miércoles,MOTOCICLETA,PARTICULAR,Motociclista,Masculino,No,N/A,SOLO DAÑOS,Choque,No mantener distancia de seguridad,Carrera 48 Calle 38  Sur,LAS VEGAS,Urbana,"(6.172747818, -75.592698171)"
2180273,01/31/2018,7:20 a.m.,miércoles,AUTOMOVIL,PUBLICO,Conductor,Masculino,No,N/A,SOLO DAÑOS,Choque,No mantener distancia de seguridad,Carrera 48 Calle 38  Sur,LAS VEGAS,Urbana,"(6.172747818, -75.592698171)"
2180287,01/31/2018,10:20 a.m.,miércoles,AUTOMOVIL,PARTICULAR,Conductor,Masculino,No,N/A,HERIDO,Choque,No respetar prelacion,Calle 39  Sur Carrera 24,EL SALADO,Urbana,"(6.149132824, -75.57593299)"
2180287,01/31/2018,10:20 a.m.,miércoles,MOTOCICLETA,PARTICULAR,Motociclista,Masculino,No,N/A,HERIDO,Choque,No respetar prelacion,Calle 39  Sur Carrera 24,EL SALADO,Urbana,"(6.149132824, -75.57593299)"
2180291,01/31/2018,8:15 a.m.,miércoles,CAMION,OFICIAL,Conductor,Masculino,No,N/A,SOLO DAÑOS,Choque,Transporte de carga sin seguridad,Calle 45 A Suroeste Carrera 39 B,LAS ANTILLAS,Urbana,
2180276,01/31/2018,1:20 p.m.,miércoles,MOTOCICLETA,OFICIAL,Motociclista,Masculino,No,N/A,HERIDO,Choque,No respetar pelacion de interseccion o giros,Calle 43  Sur Carrera 48,LAS VEGAS,Urbana,"(6.168592602, -75.597528999)"
2180276,01/31/2018,1:20 p.m.,miércoles,CAMIONETA,PUBLICO,Conductor,Masculino,No,N/A,HERIDO,Choque,No respetar pelacion de interseccion o giros,Calle 43  Sur Carrera 48,LAS VEGAS,Urbana,"(6.168592602, -75.597528999)"
2180290,01/31/2018,3:20 p.m.,miércoles,AUTOMOVIL,PARTICULAR,Conductor,Femenino,No,N/A,SOLO DAÑOS,Choque,Adelantar cerrando,Calle 38  Sur Carrera 40,ZONA CENTRO,Urbana,"(6.16879573, -75.585889779)"
2180291,01/31/2018,8:15 a.m.,miércoles,AUTOMOVIL,PARTICULAR,Conductor,Femenino,No,N/A,SOLO DAÑOS,Choque,Transporte de carga sin seguridad,Calle 45 A Suroeste Carrera 39 B,LAS ANTILLAS,Urbana,
2180263,01/30/2018,8:50 p.m.,martes,AUTOMOVIL,PARTICULAR,Conductor,Femenino,No,N/A,SOLO DAÑOS,Choque,Impericia en el manejo,Calle 50 B Sur Carrera 42,AVENIDA EL POBLADO,Urbana,"(6.1598422, -75.602850872)"
2180282,01/30/2018,4:55 p.m.,martes,CAMPERO,PARTICULAR,Conductor,Femenino,No,N/A,SOLO DAÑOS,Choque,No mantener distancia de seguridad,Tramo 372 Kilometro  12,VEREDA PALMAS,Rural,
2180274,01/30/2018,12:50 a.m.,martes,BUS,PUBLICO,Conductor,Masculino,No,N/A,SOLO DAÑOS,Choque,Adelantar invadiendo carril de sentido contrario,Carrera 45 Calle 38 B Sur,ALCALA,Urbana,"(6.170487745, -75.59033774)"
2180274,01/30/2018,12:50 a.m.,martes,AUTOMOVIL,PARTICULAR,Conductor,Masculino,No,N/A,SOLO DAÑOS,Choque,Adelantar invadiendo carril de sentido contrario,Carrera 45 Calle 38 B Sur,ALCALA,Urbana,"(6.170487745, -75.59033774)"
2180265,01/30/2018,8:50 a.m.,martes,CAMIONETA,PARTICULAR,Conductor,Masculino,No,N/A,SOLO DAÑOS,Choque,No mantener distancia de seguridad,Carrera 43 A Calle 38  Sur,ZONA CENTRO,Urbana,"(6.170421178, -75.588598773)"
2180265,01/30/2018,8:50 a.m.,martes,AUTOMOVIL,PARTICULAR,Conductor,Femenino,No,N/A,SOLO DAÑOS,Choque,No mantener distancia de seguridad,Carrera 43 A Calle 38  Sur,ZONA CENTRO,Urbana,"(6.170421178, -75.588598773)"
2180280,01/30/2018,5:45 p.m.,martes,AUTOMOVIL,PARTICULAR,Conductor,Femenino,No,N/A,SOLO DAÑOS,Choque,No mantener distancia de seguridad,Calle 37  Sur Carrera 50,LAS VEGAS,Urbana,
2180280,01/30/2018,5:45 p.m.,martes,MOTOCICLETA,PARTICULAR,Motociclista,Masculino,No,N/A,SOLO DAÑOS,Choque,Impericia en el manejo,Calle 37  Sur Carrera 50,LAS VEGAS,Urbana,
2180280,01/30/2018,5:45 p.m.,martes,MOTOCICLETA,PARTICULAR,Motociclista,Masculino,No,N/A,SOLO DAÑOS,Choque,No mantener distancia de seguridad,Calle 37  Sur Carrera 50,LAS VEGAS,Urbana,
2180280,01/30/2018,5:45 p.m.,martes,CAMIONETA,PARTICULAR,Conductor,Femenino,No,N/A,SOLO DAÑOS,Choque,Impericia en el manejo,Calle 37  Sur Carrera 50,LAS VEGAS,Urbana,
2180280,01/30/2018,5:45 p.m.,martes,CAMIONETA,PARTICULAR,Conductor,Femenino,No,N/A,SOLO DAÑOS,Choque,No mantener distancia de seguridad,Calle 37  Sur Carrera 50,LAS VEGAS,Urbana,
2180280,01/30/2018,5:45 p.m.,martes,AUTOMOVIL,PARTICULAR,Conductor,Femenino,No,N/A,SOLO DAÑOS,Choque,Impericia en el manejo,Calle 37  Sur Carrera 50,LAS VEGAS,Urbana,
2180263,01/30/2018,8:50 p.m.,martes,CAMPERO,PARTICULAR,Conductor,Femenino,No,N/A,SOLO DAÑOS,Choque,Impericia en el manejo,Calle 50 B Sur Carrera 42,AVENIDA EL POBLADO,Urbana,"(6.1598422, -75.602850872)"
2180275,01/30/2018,2:50 p.m.,martes,CAMIONETA,PARTICULAR,Conductor,Masculino,No,N/A,SOLO DAÑOS,Choque,Reverso imprudente,Carrera 45 Calle 39  Sur,ALCALA,Urbana,"(6.169521683, -75.590988058)"
2180275,01/30/2018,2:50 p.m.,martes,CAMIONETA,PARTICULAR,Conductor,Masculino,No,N/A,SOLO DAÑOS,Choque,Reverso imprudente,Carrera 45 Calle 39  Sur,ALCALA,Urbana,"(6.169521683, -75.590988058)"
2180264,01/30/2018,7:30 a.m.,martes,MOTOCICLETA,PARTICULAR,Motociclista,Masculino,No,N/A,SOLO DAÑOS,Choque,No mantener distancia de seguridad,Calle 37  Sur Carrera 32,ALCALA,Urbana,"(6.166691719, -75.581185995)"
2180264,01/30/2018,7:30 a.m.,martes,AUTOMOVIL,PARTICULAR,Conductor,Femenino,No,N/A,SOLO DAÑOS,Choque,No mantener distancia de seguridad,Calle 37  Sur Carrera 32,ALCALA,Urbana,"(6.166691719, -75.581185995)"
2180283,01/30/2018,7:30 p.m.,martes,AUTOMOVIL,PARTICULAR,Conductor,Femenino,No,N/A,SOLO DAÑOS,Choque,Impericia en el manejo,Calle 27 D Sur Carrera 27 B,LA INMACULADA,Urbana,"(6.169224506, -75.571738164)"
2180283,01/30/2018,7:30 p.m.,martes,AUTOMOVIL,PARTICULAR,Conductor,Femenino,No,N/A,SOLO DAÑOS,Choque,Impericia en el manejo,Calle 27 D Sur Carrera 27 B,LA INMACULADA,Urbana,"(6.169224506, -75.571738164)"
2180261,01/30/2018,7:30 p.m.,martes,BICICLETA,N/A,Ciclista,Femenino,No,N/A,HERIDO,Choque,No respetar prelacion,Carrera 43 A Calle 45 B Sur,LA PAZ,Urbana,"(6.164786739, -75.594935267)"
2180261,01/30/2018,7:30 p.m.,martes,AUTOMOVIL,PARTICULAR,Conductor,Masculino,No,N/A,HERIDO,Choque,No respetar prelacion,Carrera 43 A Calle 45 B Sur,LA PAZ,Urbana,"(6.164786739, -75.594935267)"
2180267,01/30/2018,2:20 p.m.,martes,AUTOMOVIL,PARTICULAR,Conductor,Femenino,No,N/A,SOLO DAÑOS,Choque,Impericia en el manejo,Calle 21  Sur Carrera 41,ZU├æIGA,Urbana,"(6.182165945, -75.576776678)"
2180267,01/30/2018,2:20 p.m.,martes,AUTOMOVIL,PARTICULAR,Conductor,Femenino,No,N/A,SOLO DAÑOS,Choque,Exceso de velocidad,Calle 21  Sur Carrera 41,ZU├æIGA,Urbana,"(6.182165945, -75.576776678)"
2180269,01/30/2018,3:20 p.m.,martes,MOTOCICLETA,PARTICULAR,Motociclista,Femenino,No,N/A,SOLO DAÑOS,Choque,No mantener distancia de seguridad,Carrera 43 A Calle 37  Sur,ZONA CENTRO,Urbana,"(6.171024704, -75.588164697)"
2180269,01/30/2018,3:20 p.m.,martes,AUTOMOVIL,PUBLICO,Conductor,Masculino,No,N/A,SOLO DAÑOS,Choque,No mantener distancia de seguridad,Carrera 43 A Calle 37  Sur,ZONA CENTRO,Urbana,"(6.171024704, -75.588164697)"
2180270,01/30/2018,5:13 p.m.,martes,CAMIONETA,PARTICULAR,Conductor,Masculino,No,N/A,HERIDO,Choque,Desobedecer senales,Calle 40  Sur Carrera 29,SAN JOSE,Urbana,"(6.159832302, -75.582595296)"
2180270,01/30/2018,5:13 p.m.,martes,MOTOCICLETA,PARTICULAR,Motociclista,Femenino,No,N/A,HERIDO,Choque,Desobedecer senales,Calle 40  Sur Carrera 29,SAN JOSE,Urbana,"(6.159832302, -75.582595296)"
2180277,01/30/2018,5:25 a.m.,martes,AUTOMOVIL,PARTICULAR,Conductor,Masculino,No,N/A,SOLO DAÑOS,Choque,Impericia en el manejo,Calle 48  Sur Carrera 39,EL TRIANON,Urbana,"(6.157034839, -75.593452854)"
2180277,01/30/2018,5:25 a.m.,martes,BUSETA,PUBLICO,Conductor,Masculino,No,N/A,SOLO DAÑOS,Choque,Impericia en el manejo,Calle 48  Sur Carrera 39,EL TRIANON,Urbana,"(6.157034839, -75.593452854)"
2180279,01/30/2018,12:05 a.m.,martes,AUTOMOVIL,PUBLICO,Conductor,Masculino,No,N/A,SOLO DAÑOS,Choque,No respetar pelacion de interseccion o giros,Carrera 27 Calle 36  Sur,LA INMACULADA,Urbana,"(6.167009975, -75.569278076)"
2180279,01/30/2018,12:05 a.m.,martes,AUTOMOVIL,PARTICULAR,Conductor,Sin Registro,No,N/A,SOLO DAÑOS,Choque,No respetar pelacion de interseccion o giros,Carrera 27 Calle 36  Sur,LA INMACULADA,Urbana,"(6.167009975, -75.569278076)"
2180266,01/30/2018,4:00 p.m.,martes,MOTOCICLETA,PARTICULAR,Motociclista,Masculino,No,N/A,HERIDO,Choque,Exceso de velocidad,Diagonal 31 Transversal 32 A Sur,LA MAGNOLIA,Urbana,"(6.174681134, -75.578471041)"
2180266,01/30/2018,4:00 p.m.,martes,CAMIONETA,PARTICULAR,Conductor,Femenino,No,N/A,HERIDO,Choque,No mantener distancia de seguridad,Diagonal 31 Transversal 32 A Sur,LA MAGNOLIA,Urbana,"(6.174681134, -75.578471041)"
2180266,01/30/2018,4:00 p.m.,martes,CAMIONETA,PARTICULAR,Conductor,Femenino,No,N/A,HERIDO,Choque,Exceso de velocidad,Diagonal 31 Transversal 32 A Sur,LA MAGNOLIA,Urbana,"(6.174681134, -75.578471041)"
2180266,01/30/2018,4:00 p.m.,martes,MOTOCICLETA,PARTICULAR,Motociclista,Masculino,No,N/A,HERIDO,Choque,No mantener distancia de seguridad,Diagonal 31 Transversal 32 A Sur,LA MAGNOLIA,Urbana,"(6.174681134, -75.578471041)"
2180282,01/30/2018,4:55 p.m.,martes,MOTOCICLETA,PARTICULAR,Motociclista,Masculino,No,N/A,SOLO DAÑOS,Choque,No mantener distancia de seguridad,Tramo 372 Kilometro  12,VEREDA PALMAS,Rural,
2180255,01/29/2018,5:45 p.m.,lunes,MOTOCICLETA,PARTICULAR,Motociclista,Masculino,No,N/A,HERIDO,Choque,Adelantar cerrando,Calle 36 D Sur Carrera 27 A,VEREDA EL ESCOBERO,Urbana,"(6.164831751, -75.574234965)"
2180255,01/29/2018,5:45 p.m.,lunes,CAMPERO,PARTICULAR,Conductor,Masculino,No,N/A,HERIDO,Choque,Girar bruscamente,Calle 36 D Sur Carrera 27 A,VEREDA EL ESCOBERO,Urbana,"(6.164831751, -75.574234965)"
2180255,01/29/2018,5:45 p.m.,lunes,CAMPERO,PARTICULAR,Conductor,Masculino,No,N/A,HERIDO,Choque,Adelantar cerrando,Calle 36 D Sur Carrera 27 A,VEREDA EL ESCOBERO,Urbana,"(6.164831751, -75.574234965)"
2180255,01/29/2018,5:45 p.m.,lunes,MOTOCICLETA,PARTICULAR,Motociclista,Masculino,No,N/A,HERIDO,Choque,Girar bruscamente,Calle 36 D Sur Carrera 27 A,VEREDA EL ESCOBERO,Urbana,"(6.164831751, -75.574234965)"
2180256,01/29/2018,4:00 p.m.,lunes,AUTOMOVIL,PUBLICO,Conductor,Masculino,No,N/A,SOLO DAÑOS,Choque,Girar bruscamente,Carrera 50 Calle 30  Sur,LAS VEGAS,Urbana,
2180256,01/29/2018,4:00 p.m.,lunes,MOTOCICLETA,PARTICULAR,Motociclista,Masculino,No,N/A,SOLO DAÑOS,Choque,Girar bruscamente,Carrera 50 Calle 30  Sur,LAS VEGAS,Urbana,
2180268,01/29/2018,9:00 p.m.,lunes,CAMIONETA,PARTICULAR,Conductor,Masculino,No,N/A,SOLO DAÑOS,Choque,Impericia en el manejo,Carrera 24 A Calle 39  Sur,EL VALLANO,Urbana,
2180260,01/29/2018,7:20 p.m.,lunes,MOTOCICLETA,PARTICULAR,Motociclista,Masculino,No,N/A,SOLO DAÑOS,Choque,Reverso imprudente,Transversal 32 A Sur Diagonal 31 D,LA MAGNOLIA,Urbana,"(6.176205136, -75.581005959)"
2180260,01/29/2018,7:20 p.m.,lunes,AUTOMOVIL,DIPLOMATICO,Conductor,Masculino,No,N/A,SOLO DAÑOS,Choque,Reverso imprudente,Transversal 32 A Sur Diagonal 31 D,LA MAGNOLIA,Urbana,"(6.176205136, -75.581005959)"
2180288,01/29/2018,9:20 a.m.,lunes,CAMIONETA,PARTICULAR,Conductor,Masculino,No,N/A,HERIDO,Choque,No respetar prelacion,Tramo 372 Kilometro  16,VEREDA PALMAS,Rural,
2180262,01/29/2018,8:00 p.m.,lunes,CAMION,OFICIAL,Conductor,Masculino,No,N/A,HERIDO,Caida Ocupante,Descender o subir del vehiculo en marcha,Calle 46  Sur Carrera 44,PRIMAVERA,Urbana,"(6.164371719, -75.596317156)"
2180251,01/29/2018,6:40 a.m.,lunes,BUS,PUBLICO,Conductor,Masculino,No,N/A,HERIDO,Choque,Transitar entre vehiculos,Carrera 43 A Calle 40  Sur,ALCALA,Urbana,"(6.168044687, -75.59026877)"
2180251,01/29/2018,6:40 a.m.,lunes,BICICLETA,N/A,Ciclista,Masculino,No,N/A,HERIDO,Choque,Desobedecer senales,Carrera 43 A Calle 40  Sur,ALCALA,Urbana,"(6.168044687, -75.59026877)"
2180251,01/29/2018,6:40 a.m.,lunes,BICICLETA,N/A,Ciclista,Masculino,No,N/A,HERIDO,Choque,Transitar entre vehiculos,Carrera 43 A Calle 40  Sur,ALCALA,Urbana,"(6.168044687, -75.59026877)"
2180251,01/29/2018,6:40 a.m.,lunes,BUS,PUBLICO,Conductor,Masculino,No,N/A,HERIDO,Choque,Desobedecer senales,Carrera 43 A Calle 40  Sur,ALCALA,Urbana,"(6.168044687, -75.59026877)"
2180249,01/29/2018,4:35 p.m.,lunes,AUTOMOVIL,PARTICULAR,Conductor,Masculino,No,N/A,SOLO DAÑOS,Choque,No mantener distancia de seguridad,Calle 25  Sur Carrera 43,LAS ORQUIDEAS,Urbana,"(6.181560189, -75.582016491)"
2180249,01/29/2018,4:35 p.m.,lunes,AUTOMOVIL,PARTICULAR,Conductor,Femenino,No,N/A,SOLO DAÑOS,Choque,No mantener distancia de seguridad,Calle 25  Sur Carrera 43,LAS ORQUIDEAS,Urbana,"(6.181560189, -75.582016491)"
2180257,01/29/2018,3:30 p.m.,lunes,MOTOCICLETA,PARTICULAR,Motociclista,Masculino,No,N/A,SOLO DAÑOS,Choque,No mantener distancia de seguridad,Carrera 43 A Calle 40  Sur,ALCALA,Urbana,"(6.168044687, -75.59026877)"
2180288,01/29/2018,9:20 a.m.,lunes,BICICLETA,N/A,Ciclista,Masculino,No,N/A,HERIDO,Choque,No respetar prelacion,Tramo 372 Kilometro  16,VEREDA PALMAS,Rural,
2180259,01/29/2018,10:30 a.m.,lunes,CAMIONETA,PARTICULAR,Conductor,Masculino,No,N/A,SOLO DAÑOS,Choque,No mantener distancia de seguridad,Calle 25  Sur Carrera 43 A,LAS ORQUIDEAS,Urbana,"(6.181560189, -75.582016491)"
2180259,01/29/2018,10:30 a.m.,lunes,AUTOMOVIL,PARTICULAR,Conductor,Masculino,No,N/A,SOLO DAÑOS,Choque,No mantener distancia de seguridad,Calle 25  Sur Carrera 43 A,LAS ORQUIDEAS,Urbana,"(6.181560189, -75.582016491)"
2180257,01/29/2018,3:30 p.m.,lunes,MOTOCICLETA,PARTICULAR,Motociclista,Masculino,No,N/A,SOLO DAÑOS,Choque,No mantener distancia de seguridad,Carrera 43 A Calle 40  Sur,ALCALA,Urbana,"(6.168044687, -75.59026877)"
2180259,01/29/2018,10:30 a.m.,lunes,AUTOMOVIL,PARTICULAR,Conductor,Masculino,No,N/A,SOLO DAÑOS,Choque,No mantener distancia de seguridad,Calle 25  Sur Carrera 43 A,LAS ORQUIDEAS,Urbana,"(6.181560189, -75.582016491)"
2180258,01/28/2018,7:00 p.m.,domingo,AUTOMOVIL,PARTICULAR,Conductor,Masculino,No,N/A,SOLO DAÑOS,Choque,Frenar bruscamente,Tramo 372 Kilometro  16,VEREDA PALMAS,Rural,
2180240,01/28/2018,9:50 a.m.,domingo,AUTOMOVIL,PARTICULAR,Conductor,Masculino,No,N/A,SOLO DAÑOS,Choque,Girar bruscamente,Carrera 50 Calle 32 B Sur,LAS VEGAS,Urbana,"(6.178248378, -75.591688281)"
2180305,01/28/2018,12:50 a.m.,domingo,AUTOMOVIL,PARTICULAR,Conductor,Femenino,No,N/A,SOLO DAÑOS,Choque,No mantener distancia de seguridad,Carrera 27 Calle 22  Sur,LA INMACULADA,Urbana,
2180258,01/28/2018,7:00 p.m.,domingo,CAMIONETA,PARTICULAR,Conductor,Femenino,No,N/A,SOLO DAÑOS,Choque,Frenar bruscamente,Tramo 372 Kilometro  16,VEREDA PALMAS,Rural,
2180240,01/28/2018,9:50 a.m.,domingo,BUSETA,PARTICULAR,Conductor,Masculino,No,N/A,SOLO DAÑOS,Choque,Girar bruscamente,Carrera 50 Calle 32 B Sur,LAS VEGAS,Urbana,"(6.178248378, -75.591688281)"
2180233,01/28/2018,3:20 a.m.,domingo,AUTOMOVIL,PUBLICO,Conductor,Masculino,No,N/A,SOLO DAÑOS,Choque,Desobedecer senales,Diagonal 31 Transversal 34 D Sur,LOS NARANJOS,Urbana,"(6.17201459, -75.579216112)"
2180233,01/28/2018,3:20 a.m.,domingo,MOTOCICLETA,PARTICULAR,Motociclista,Masculino,No,N/A,SOLO DAÑOS,Choque,Desobedecer senales,Diagonal 31 Transversal 34 D Sur,LOS NARANJOS,Urbana,"(6.17201459, -75.579216112)"
2180278,01/28/2018,7:40 p.m.,domingo,AUTOMOVIL,PARTICULAR,Conductor,Masculino,No,N/A,HERIDO,Choque,Girar bruscamente,Tramo 372 Kilometro  17,VEREDA PALMAS,Rural,
2180278,01/28/2018,7:40 p.m.,domingo,MOTOCICLETA,PARTICULAR,Motociclista,Masculino,No,N/A,HERIDO,Choque,Girar bruscamente,Tramo 372 Kilometro  17,VEREDA PALMAS,Rural,
2180236,01/28/2018,3:00 p.m.,domingo,MOTOCICLETA,PARTICULAR,Motociclista,Masculino,No,N/A,HERIDO,Otro,Superficie lisa,Transversal 27 A Sur Diagonal 42 B,LA MAGNOLIA,Urbana,"(6.158218327, -75.58174111)"
2180305,01/28/2018,12:50 a.m.,domingo,AUTOMOVIL,PARTICULAR,Conductor,Femenino,No,N/A,SOLO DAÑOS,Choque,No mantener distancia de seguridad,Carrera 27 Calle 22  Sur,LA INMACULADA,Urbana,
2180254,01/27/2018,9:40 a.m.,sábado,BUS,PUBLICO,Conductor,Masculino,No,N/A,SOLO DAÑOS,Choque,No mantener distancia de seguridad,Carrera 43 A Calle 48 C Sur,LOMA DEL BARRO,Urbana,"(6.162218777, -75.597644457)"
2180238,01/27/2018,12:50 a.m.,sábado,MOTOCICLETA,PARTICULAR,Motociclista,Masculino,No,N/A,HERIDO,Choque,Desobedecer senales,Calle 38  Sur Carrera 32,MESA,Urbana,"(6.166011939, -75.581581213)"
2180238,01/27/2018,12:50 a.m.,sábado,MOTOCICLETA,PARTICULAR,Motociclista,Masculino,No,N/A,HERIDO,Choque,Desobedecer senales,Calle 38  Sur Carrera 32,MESA,Urbana,"(6.166011939, -75.581581213)"
2180254,01/27/2018,9:40 a.m.,sábado,AUTOMOVIL,PARTICULAR,Conductor,Masculino,No,N/A,SOLO DAÑOS,Choque,No mantener distancia de seguridad,Carrera 43 A Calle 48 C Sur,LOMA DEL BARRO,Urbana,"(6.162218777, -75.597644457)"
2180244,01/27/2018,9:35 a.m.,sábado,CAMPERO,PARTICULAR,Conductor,Masculino,No,N/A,SOLO DAÑOS,Choque,Girar bruscamente,Carrera 48 Calle 49  Sur,LAS VEGAS,Urbana,"(6.162978079, -75.602401613)"
2180244,01/27/2018,9:35 a.m.,sábado,CAMION,PUBLICO,Conductor,Masculino,No,N/A,SOLO DAÑOS,Choque,Girar bruscamente,Carrera 48 Calle 49  Sur,LAS VEGAS,Urbana,"(6.162978079, -75.602401613)"
2180237,01/27/2018,12:25 a.m.,sábado,CAMION,PUBLICO,Conductor,Masculino,No,N/A,SOLO DAÑOS,Choque,No mantener distancia de seguridad,Diagonal 31 Transversal 34  Sur,LA MAGNOLIA,Urbana,"(6.172689669, -75.578827286)"
2180237,01/27/2018,12:25 a.m.,sábado,AUTOMOVIL,PARTICULAR,Conductor,Femenino,No,N/A,SOLO DAÑOS,Choque,No mantener distancia de seguridad,Diagonal 31 Transversal 34  Sur,LA MAGNOLIA,Urbana,"(6.172689669, -75.578827286)"
2180241,01/27/2018,11:20 p.m.,sábado,MOTOCICLETA,PARTICULAR,Motociclista,Masculino,No,N/A,HERIDO,Choque,No mantener distancia de seguridad,Tramo 373 Kilometro  11,VEREDA PALMAS,Rural,
2180241,01/27/2018,11:20 p.m.,sábado,CAMIONETA,PARTICULAR,Conductor,Masculino,No,N/A,HERIDO,Choque,No mantener distancia de seguridad,Tramo 373 Kilometro  11,VEREDA PALMAS,Rural,
2180243,01/27/2018,1:00 p.m.,sábado,MOTOCICLETA,PARTICULAR,Motociclista,Sin Registro,No,N/A,HERIDO,Atropello,Exceso de velocidad,Calle 37  Sur Carrera 39,ZONA CENTRO,Urbana,"(6.169035546, -75.584847552)"
2180234,01/27/2018,12:00 a.m.,sábado,AUTOMOVIL,PARTICULAR,Conductor,Femenino,No,N/A,SOLO DAÑOS,Choque,Desobedecer senales,Carrera 42 Calle 33 B Sur,ZONA CENTRO,Urbana,"(6.172431982, -75.585528606)"
2180234,01/27/2018,12:00 a.m.,sábado,BUS,PUBLICO,Conductor,Masculino,No,N/A,SOLO DAÑOS,Choque,Desobedecer senales,Carrera 42 Calle 33 B Sur,ZONA CENTRO,Urbana,"(6.172431982, -75.585528606)"
2180247,01/26/2018,4:30 p.m.,viernes,AUTOMOVIL,PARTICULAR,Conductor,Femenino,No,N/A,SOLO DAÑOS,Choque,Adelantar por la derecha,Calle 30  Sur Carrera 46 A,JARDINES,Urbana,"(6.179166125, -75.587495869)"
2180253,01/26/2018,8:15 a.m.,viernes,AUTOMOVIL,PARTICULAR,Conductor,Femenino,No,N/A,HERIDO,Choque,No mantener distancia de seguridad,Tramo 373 Kilometro  14,VEREDA PALMAS,Rural,
2180253,01/26/2018,8:15 a.m.,viernes,MOTOCICLETA,PARTICULAR,Motociclista,Masculino,No,N/A,HERIDO,Choque,No mantener distancia de seguridad,Tramo 373 Kilometro  14,VEREDA PALMAS,Rural,
2180235,01/26/2018,6:20 p.m.,viernes,CAMPERO,PARTICULAR,Conductor,Masculino,No,N/A,HERIDO,Choque,Adelantar en zona prohibida,Calle 27  Sur Carrera 27,EL ESMERALDAL,Urbana,"(6.17243521, -75.567871917)"
2180235,01/26/2018,6:20 p.m.,viernes,MOTOCICLETA,PARTICULAR,Motociclista,Masculino,No,N/A,HERIDO,Choque,Adelantar en zona prohibida,Calle 27  Sur Carrera 27,EL ESMERALDAL,Urbana,"(6.17243521, -75.567871917)"
2180239,01/26/2018,11:10 a.m.,viernes,AUTOMOVIL,PARTICULAR,Conductor,Masculino,No,N/A,HERIDO,Choque,No mantener distancia de seguridad,Calle 37  Sur Carrera 48,LAS VEGAS,Urbana,"(6.17412211, -75.593061115)"
2180239,01/26/2018,11:10 a.m.,viernes,AUTOMOVIL,PARTICULAR,Conductor,Sin Registro,No,N/A,HERIDO,Choque,No mantener distancia de seguridad,Calle 37  Sur Carrera 48,LAS VEGAS,Urbana,"(6.17412211, -75.593061115)"