RADICADO,FECHA,HORA,DÍA DE LA SEMANA,CLASE DE VEHICULO,TIPO DE SERVICIO,TIPO DE VICTIMA,SEXO,ESTADO DE BEODEZ,RESULTADO DE BEODEZ,GRAVEDAD,CLASE DE ACCIDENTE,CAUSA,DIRECCIÓN,BARRIO,AREA,Coordenadas
2180209,01/23/2018,5:00 p.m.,martes,MOTOCICLETA,PARTICULAR,Motociclista,Masculino,No,N/A,HERIDO,Caida Ocupante,Superficie lisa,Calle 29  Sur Carrera 46 A,PONTE VEDRA,Urbana,"(6.180673523, -75.586905751)"
2180170,01/22/2018,6:45 p.m.,lunes,BUS,PUBLICO,Conductor,Masculino,No,N/A,SOLO DAÑOS,Choque,Reverso imprudente,Calle 48 B Sur Carrera 42 BB,LOMA DEL BARRO,Urbana,"(6.158356647, -75.59545072)"
2180168,01/22/2018,6:55 p.m.,lunes,AUTOMOVIL,PARTICULAR,Conductor,Masculino,No,N/A,SOLO DAÑOS,Choque,No mantener distancia de seguridad,Diagonal 33 Transversal 34 D Sur,LOS NARANJOS,Urbana,"(6.170891508, -75.583140175)"
2180168,01/22/2018,6:55 p.m.,lunes,BUS,PUBLICO,Conductor,Masculino,No,N/A,SOLO DAÑOS,Choque,No mantener distancia de seguridad,Diagonal 33 Transversal 34 D Sur,LOS NARANJOS,Urbana,"(6.170891508, -75.583140175)"
2180170,01/22/2018,6:45 p.m.,lunes,AUTOMOVIL,PUBLICO,Conductor,Masculino,No,N/A,SOLO DAÑOS,Choque,Reverso imprudente,Calle 48 B Sur Carrera 42 BB,LOMA DEL BARRO,Urbana,"(6.158356647, -75.59545072)"
2180197,01/22/2018,9:40 a.m.,lunes,AUTOMOVIL,PARTICULAR,Conductor,Masculino,No,N/A,SOLO DAÑOS,Choque,No mantener distancia de seguridad,Carrera 50 Calle 46 A Sur,LAS VEGAS,Urbana,"(6.16131219, -75.603198185)"
2180197,01/22/2018,9:40 a.m.,lunes,CAMION,PUBLICO,Conductor,Masculino,No,N/A,SOLO DAÑOS,Choque,No mantener distancia de seguridad,Carrera 50 Calle 46 A Sur,LAS VEGAS,Urbana,"(6.16131219, -75.603198185)"
2180197,01/22/2018,9:40 a.m.,lunes,MOTOCICLETA,PARTICULAR,Motociclista,Masculino,No,N/A,SOLO DAÑOS,Choque,No mantener distancia de seguridad,Carrera 50 Calle 46 A Sur,LAS VEGAS,Urbana,"(6.16131219, -75.603198185)"
2180192,01/22/2018,7:40 a.m.,lunes,AUTOMOVIL,PARTICULAR,Conductor,Femenino,No,N/A,SOLO DAÑOS,Choque,Adelantar invadiendo carril del mismo sentido en zigzag,Carrera 50 Calle 25  Sur,LAS VEGAS,Urbana,"(6.186515998, -75.585125414)"
2180192,01/22/2018,7:40 a.m.,lunes,CAMION,PUBLICO,Conductor,Masculino,No,N/A,SOLO DAÑOS,Choque,Adelantar invadiendo carril del mismo sentido en zigzag,Carrera 50 Calle 25  Sur,LAS VEGAS,Urbana,"(6.186515998, -75.585125414)"
2180223,01/22/2018,5:35 p.m.,lunes,AUTOMOVIL,PARTICULAR,Conductor,Masculino,No,N/A,SOLO DAÑOS,Choque,Impericia en el manejo,Carrera 29 A Calle 37  Sur,LOMA DE LAS BRUJAS,Urbana,"(6.165896279, -75.58063202)"
2180223,01/22/2018,5:35 p.m.,lunes,AUTOMOVIL,PARTICULAR,Conductor,Masculino,No,N/A,SOLO DAÑOS,Choque,Impericia en el manejo,Carrera 29 A Calle 37  Sur,LOMA DE LAS BRUJAS,Urbana,"(6.165896279, -75.58063202)"
2180185,01/22/2018,5:30 p.m.,lunes,BUS,PUBLICO,Conductor,Masculino,No,N/A,SOLO DAÑOS,Choque,Adelantar en curva,Calle 45 A Sur Carrera 39 DD,LAS ANTILLAS,Urbana,"(6.161984106, -75.592196776)"
2180185,01/22/2018,5:30 p.m.,lunes,MOTOCICLETA,PARTICULAR,Motociclista,Masculino,No,N/A,SOLO DAÑOS,Choque,Adelantar en curva,Calle 45 A Sur Carrera 39 DD,LAS ANTILLAS,Urbana,"(6.161984106, -75.592196776)"
2180167,01/22/2018,6:30 p.m.,lunes,MOTOCICLETA,PARTICULAR,Motociclista,Masculino,No,N/A,SOLO DAÑOS,Choque,Desobedecer senales,Carrera 27 Calle 27  Sur,LA INMACULADA,Urbana,"(6.172298689, -75.56780953)"
2180167,01/22/2018,6:30 p.m.,lunes,AUTOMOVIL,PARTICULAR,Conductor,Masculino,No,N/A,SOLO DAÑOS,Choque,Desobedecer senales,Carrera 27 Calle 27  Sur,LA INMACULADA,Urbana,"(6.172298689, -75.56780953)"
2180183,01/22/2018,7:30 p.m.,lunes,CAMIONETA,PUBLICO,Conductor,Masculino,No,N/A,SOLO DAÑOS,Choque,Reverso imprudente,Calle 39 B Sur Carrera 25,EL SALADO,Urbana,"(6.154772856, -75.574886148)"
2180183,01/22/2018,7:30 p.m.,lunes,AUTOMOVIL,PARTICULAR,Conductor,Femenino,No,N/A,SOLO DAÑOS,Choque,Reverso imprudente,Calle 39 B Sur Carrera 25,EL SALADO,Urbana,"(6.154772856, -75.574886148)"
2180193,01/22/2018,12:20 a.m.,lunes,MOTOCICLETA,PARTICULAR,Motociclista,Masculino,No,N/A,SOLO DAÑOS,Choque,Adelantar cerrando,Calle 40 A Sur Carrera 24 B,LA MINA,Urbana,"(6.151984005, -75.58064483)"
2180193,01/22/2018,12:20 a.m.,lunes,AUTOMOVIL,PARTICULAR,Conductor,Femenino,No,N/A,SOLO DAÑOS,Choque,Adelantar cerrando,Calle 40 A Sur Carrera 24 B,LA MINA,Urbana,"(6.151984005, -75.58064483)"
2180200,01/22/2018,6:10 p.m.,lunes,BUSETA,PUBLICO,Conductor,Masculino,No,N/A,HERIDO,Choque,Impericia en el manejo,Calle 38  Sur Carrera 43 A,ZONA CENTRO,Urbana,"(6.170537577, -75.588625139)"
2180200,01/22/2018,6:10 p.m.,lunes,BUSETA,PUBLICO,Conductor,Masculino,No,N/A,HERIDO,Choque,Exceso de velocidad,Calle 38  Sur Carrera 43 A,ZONA CENTRO,Urbana,"(6.170537577, -75.588625139)"
2180189,01/22/2018,3:05 p.m.,lunes,CAMIONETA,PARTICULAR,Conductor,Masculino,No,N/A,SOLO DAÑOS,Choque,No mantener distancia de seguridad,Calle 33 B Sur Carrera 43,ZONA CENTRO,Urbana,"(6.172981087, -75.586076226)"
2180189,01/22/2018,3:05 p.m.,lunes,BUS,PUBLICO,Conductor,Masculino,No,N/A,SOLO DAÑOS,Choque,No mantener distancia de seguridad,Calle 33 B Sur Carrera 43,ZONA CENTRO,Urbana,"(6.172981087, -75.586076226)"
2180198,01/22/2018,7:10 p.m.,lunes,AUTOMOVIL,PARTICULAR,Conductor,Masculino,No,N/A,HERIDO,Choque,No respetar prelacion,Carrera 49 Calle 25 A Sur,LAS VEGAS,Urbana,"(6.18641241, -75.585062957)"
2180198,01/22/2018,7:10 p.m.,lunes,MOTOCICLETA,PARTICULAR,Motociclista,Masculino,No,N/A,HERIDO,Choque,No respetar pelacion de interseccion o giros,Carrera 49 Calle 25 A Sur,LAS VEGAS,Urbana,"(6.18641241, -75.585062957)"
2180198,01/22/2018,7:10 p.m.,lunes,MOTOCICLETA,PARTICULAR,Motociclista,Masculino,No,N/A,HERIDO,Choque,No respetar prelacion,Carrera 49 Calle 25 A Sur,LAS VEGAS,Urbana,"(6.18641241, -75.585062957)"
2180198,01/22/2018,7:10 p.m.,lunes,AUTOMOVIL,PARTICULAR,Conductor,Masculino,No,N/A,HERIDO,Choque,No respetar pelacion de interseccion o giros,Carrera 49 Calle 25 A Sur,LAS VEGAS,Urbana,"(6.18641241, -75.585062957)"
2180175,01/21/2018,8:20 a.m.,domingo,AUTOMOVIL,PUBLICO,Conductor,Masculino,No,N/A,SOLO DAÑOS,Choque,Transitar en contravia,Calle 37  Sur Carrera 49,LAS VEGAS,Urbana,"(6.174789471, -75.594204243)"
2180175,01/21/2018,8:20 a.m.,domingo,BUS,PUBLICO,Conductor,Masculino,No,N/A,SOLO DAÑOS,Choque,Transitar en contravia,Calle 37  Sur Carrera 49,LAS VEGAS,Urbana,"(6.174789471, -75.594204243)"
2180178,01/21/2018,4:50 p.m.,domingo,BICICLETA,N/A,Ciclista,Masculino,No,N/A,HERIDO,Atropello,Exceso de velocidad,Transversal 34 D Sur Diagonal 30,LA SEBASTIANA,Urbana,"(6.171898534, -75.578327387)"
2180178,01/21/2018,4:50 p.m.,domingo,CAMIONETA,PARTICULAR,Conductor,Masculino,No,N/A,HERIDO,Atropello,Exceso de velocidad,Transversal 34 D Sur Diagonal 30,LA SEBASTIANA,Urbana,"(6.171898534, -75.578327387)"
2180175,01/21/2018,8:20 a.m.,domingo,MOTOCICLETA,PARTICULAR,Motociclista,Masculino,No,N/A,SOLO DAÑOS,Choque,Transitar en contravia,Calle 37  Sur Carrera 49,LAS VEGAS,Urbana,"(6.174789471, -75.594204243)"
2180175,01/21/2018,8:20 a.m.,domingo,AUTOMOVIL,PARTICULAR,Conductor,Masculino,No,N/A,SOLO DAÑOS,Choque,Transitar en contravia,Calle 37  Sur Carrera 49,LAS VEGAS,Urbana,"(6.174789471, -75.594204243)"
2180160,01/20/2018,3:10 p.m.,sábado,AUTOMOVIL,PARTICULAR,Conductor,Masculino,No,N/A,HERIDO,Choque,No mantener distancia de seguridad,Carrera 50 Calle 26  Sur,LAS VEGAS,Urbana,"(6.184812544, -75.586911093)"
2180160,01/20/2018,3:10 p.m.,sábado,AUTOMOVIL,PARTICULAR,Conductor,Masculino,No,N/A,HERIDO,Choque,No mantener distancia de seguridad,Carrera 50 Calle 26  Sur,LAS VEGAS,Urbana,"(6.184812544, -75.586911093)"
2180160,01/20/2018,3:10 p.m.,sábado,MOTOCICLETA,DIPLOMATICO,Motociclista,Masculino,No,N/A,HERIDO,Choque,No mantener distancia de seguridad,Carrera 50 Calle 26  Sur,LAS VEGAS,Urbana,"(6.184812544, -75.586911093)"
2180155,01/20/2018,4:10 p.m.,sábado,CAMIONETA,PARTICULAR,Conductor,Masculino,No,N/A,SOLO DAÑOS,Choque,No mantener distancia de seguridad,Carrera 43 A Calle 45 B Sur,PRIMAVERA,Urbana,"(6.164786739, -75.594935267)"
2180148,01/20/2018,3:00 p.m.,sábado,BUS,PUBLICO,Conductor,Masculino,No,N/A,SOLO DAÑOS,Choque,Arrancar sin precaucion,Carrera 27 Calle 39 B Sur,EL CHINGU├ì,Urbana,
2180155,01/20/2018,4:10 p.m.,sábado,CAMIONETA,PARTICULAR,Conductor,Femenino,No,N/A,SOLO DAÑOS,Choque,No mantener distancia de seguridad,Carrera 43 A Calle 45 B Sur,PRIMAVERA,Urbana,"(6.164786739, -75.594935267)"
2180149,01/20/2018,12:20 a.m.,sábado,AUTOMOVIL,PARTICULAR,Conductor,Masculino,No,N/A,SOLO DAÑOS,Choque,No mantener distancia de seguridad,Carrera 45 A Calle 36  Sur,EL PORTAL,Urbana,"(6.172729696, -75.589339581)"
2180176,01/20/2018,2:50 p.m.,sábado,BUS,PUBLICO,Conductor,Masculino,No,N/A,HERIDO,Choque,No mantener distancia de seguridad,Diagonal 40 Calle 33 B Sur,LA MAGNOLIA,Urbana,"(6.172318879, -75.585229618)"
2180176,01/20/2018,2:50 p.m.,sábado,MOTOCICLETA,PARTICULAR,Motociclista,Masculino,No,N/A,HERIDO,Choque,No mantener distancia de seguridad,Diagonal 40 Calle 33 B Sur,LA MAGNOLIA,Urbana,"(6.172318879, -75.585229618)"
2180196,01/20/2018,7:30 a.m.,sábado,MOTOCICLETA,PARTICULAR,Motociclista,Femenino,No,N/A,HERIDO,Choque,No mantener distancia de seguridad,Calle 50  Sur Carrera 48,LAS VEGAS,Urbana,
2180196,01/20/2018,7:30 a.m.,sábado,AUTOMOVIL,PUBLICO,Conductor,Masculino,No,N/A,HERIDO,Choque,No mantener distancia de seguridad,Calle 50  Sur Carrera 48,LAS VEGAS,Urbana,
2180150,01/20/2018,10:30 a.m.,sábado,CAMPERO,PARTICULAR,Conductor,Femenino,No,N/A,SOLO DAÑOS,Choque,Impericia en el manejo,Calle 27  Sur Carrera 27 B,EL ESMERALDAL,Urbana,"(6.173240655, -75.569098008)"
2180153,01/20/2018,1:30 p.m.,sábado,AUTOMOVIL,PARTICULAR,Conductor,Femenino,No,N/A,SOLO DAÑOS,Choque,Impericia en el manejo,Carrera 50 Calle 37  Sur,LAS VEGAS,Urbana,
2180171,01/20/2018,11:25 a.m.,sábado,CAMIONETA,PARTICULAR,Conductor,Femenino,No,N/A,SOLO DAÑOS,Choque,Adelantar cerrando,Calle 37  Sur Carrera 49,LAS VEGAS,Urbana,"(6.174789471, -75.594204243)"
2180171,01/20/2018,11:25 a.m.,sábado,AUTOMOVIL,PARTICULAR,Conductor,Masculino,No,N/A,SOLO DAÑOS,Choque,Adelantar cerrando,Calle 37  Sur Carrera 49,LAS VEGAS,Urbana,"(6.174789471, -75.594204243)"
2180149,01/20/2018,12:20 a.m.,sábado,AUTOMOVIL,PARTICULAR,Conductor,Masculino,No,N/A,SOLO DAÑOS,Choque,No mantener distancia de seguridad,Carrera 45 A Calle 36  Sur,EL PORTAL,Urbana,"(6.172729696, -75.589339581)"
2180163,01/20/2018,11:20 a.m.,sábado,MOTOCICLETA,PARTICULAR,Motociclista,Femenino,No,N/A,HERIDO,Choque,Desobedecer senales,Carrera 42 Calle 35  Sur,ZONA CENTRO,Urbana,"(6.171623749, -75.586043385)"
2180163,01/20/2018,11:20 a.m.,sábado,AUTOMOVIL,PARTICULAR,Conductor,Femenino,No,N/A,HERIDO,Choque,Desobedecer senales,Carrera 42 Calle 35  Sur,ZONA CENTRO,Urbana,"(6.171623749, -75.586043385)"
2180165,01/20/2018,8:00 p.m.,sábado,MOTOCICLETA,PARTICULAR,Motociclista,Masculino,Si,3,SOLO DAÑOS,Choque,No mantener distancia de seguridad,Carrera 50 Calle 32 B Sur,LAS VEGAS,Urbana,"(6.178248378, -75.591688281)"
2180165,01/20/2018,8:00 p.m.,sábado,AUTOMOVIL,PARTICULAR,Conductor,Femenino,No,N/A,SOLO DAÑOS,Choque,No mantener distancia de seguridad,Carrera 50 Calle 32 B Sur,LAS VEGAS,Urbana,"(6.178248378, -75.591688281)"
2180148,01/20/2018,3:00 p.m.,sábado,AUTOMOVIL,PARTICULAR,Conductor,Masculino,No,N/A,SOLO DAÑOS,Choque,Arrancar sin precaucion,Carrera 27 Calle 39 B Sur,EL CHINGU├ì,Urbana,
2180173,01/20/2018,1:00 p.m.,sábado,CAMPERO,PARTICULAR,Conductor,Femenino,No,N/A,SOLO DAÑOS,Choque,No mantener distancia de seguridad,Carrera 48 Calle 26  Sur,LAS VEGAS,Urbana,"(6.183318111, -75.585537184)"
2180173,01/20/2018,1:00 p.m.,sábado,MOTOCICLETA,PARTICULAR,Motociclista,Femenino,No,N/A,SOLO DAÑOS,Choque,No mantener distancia de seguridad,Carrera 48 Calle 26  Sur,LAS VEGAS,Urbana,"(6.183318111, -75.585537184)"
2180157,01/19/2018,1:45 p.m.,viernes,MOTOCICLETA,PARTICULAR,Motociclista,Masculino,No,N/A,HERIDO,Choque,Transitar con las puertas abiertas,Calle 25  Sur Carrera 42 B,LAS ORQUIDEAS,Urbana,"(6.179561127, -75.579866326)"
2180156,01/19/2018,2:50 p.m.,viernes,CAMPERO,PARTICULAR,Conductor,Masculino,No,N/A,SOLO DAÑOS,Choque,Adelantar cerrando,Calle 21  Sur Carrera 43 A,ZU├æIGA,Urbana,"(6.18399286, -75.579597643)"
2180156,01/19/2018,2:50 p.m.,viernes,AUTOMOVIL,PARTICULAR,Conductor,Masculino,No,N/A,SOLO DAÑOS,Choque,Adelantar cerrando,Calle 21  Sur Carrera 43 A,ZU├æIGA,Urbana,"(6.18399286, -75.579597643)"
2180166,01/19/2018,10:40 p.m.,viernes,MOTOCICLETA,PARTICULAR,Motociclista,Masculino,No,N/A,HERIDO,Choque,Semaforo en rojo,Calle 38 A Sur Carrera 41,ZONA CENTRO,Urbana,"(6.168560755, -75.587015366)"
2180166,01/19/2018,10:40 p.m.,viernes,AUTOMOVIL,PUBLICO,Conductor,Masculino,No,N/A,HERIDO,Choque,Semaforo en rojo,Calle 38 A Sur Carrera 41,ZONA CENTRO,Urbana,"(6.168560755, -75.587015366)"
2180157,01/19/2018,1:45 p.m.,viernes,AUTOMOVIL,PUBLICO,Conductor,Masculino,No,N/A,HERIDO,Choque,Transitar con las puertas abiertas,Calle 25  Sur Carrera 42 B,LAS ORQUIDEAS,Urbana,"(6.179561127, -75.579866326)"
2180152,01/19/2018,10:40 p.m.,viernes,AUTOMOVIL,PARTICULAR,Conductor,Sin Registro,No,N/A,HERIDO,Choque,Adelantar cerrando,Carrera 48 Calle 40  Sur,LAS VEGAS,Urbana,"(6.168855316, -75.596887667)"
2180152,01/19/2018,10:40 p.m.,viernes,MOTOCICLETA,PARTICULAR,Motociclista,Masculino,No,N/A,HERIDO,Choque,Adelantar cerrando,Carrera 48 Calle 40  Sur,LAS VEGAS,Urbana,"(6.168855316, -75.596887667)"
2180158,01/19/2018,3:30 p.m.,viernes,AUTOMOVIL,PARTICULAR,Conductor,Femenino,No,N/A,SOLO DAÑOS,Choque,Impericia en el manejo,Carrera 48 Calle 25 AA,LAS VEGAS,Urbana,"(6.183765745, -75.584690349)"
2180158,01/19/2018,3:30 p.m.,viernes,AUTOMOVIL,PARTICULAR,Conductor,Femenino,No,N/A,SOLO DAÑOS,Choque,Impericia en el manejo,Carrera 48 Calle 25 AA,LAS VEGAS,Urbana,"(6.183765745, -75.584690349)"
2180169,01/19/2018,4:30 p.m.,viernes,AUTOMOVIL,PARTICULAR,Conductor,Masculino,No,N/A,HERIDO,Choque,Transitar entre vehiculos,Diagonal 31 Calle 37  Sur,URIBE ANGEL,Urbana,"(6.165165175, -75.580268963)"
2180169,01/19/2018,4:30 p.m.,viernes,BICICLETA,N/A,Ciclista,Masculino,No,N/A,HERIDO,Choque,No respetar pelacion de interseccion o giros,Diagonal 31 Calle 37  Sur,URIBE ANGEL,Urbana,"(6.165165175, -75.580268963)"
2180169,01/19/2018,4:30 p.m.,viernes,BICICLETA,N/A,Ciclista,Masculino,No,N/A,HERIDO,Choque,Transitar entre vehiculos,Diagonal 31 Calle 37  Sur,URIBE ANGEL,Urbana,"(6.165165175, -75.580268963)"
2180169,01/19/2018,4:30 p.m.,viernes,AUTOMOVIL,PARTICULAR,Conductor,Masculino,No,N/A,HERIDO,Choque,No respetar pelacion de interseccion o giros,Diagonal 31 Calle 37  Sur,URIBE ANGEL,Urbana,"(6.165165175, -75.580268963)"
2180154,01/19/2018,12:15 a.m.,viernes,CAMION,PUBLICO,Conductor,Masculino,No,N/A,HERIDO,Choque,Exceso de velocidad,Carrera 43 A Calle 31  Sur,AVENIDA EL POBLADO,Urbana,"(6.176754685, -75.585468966)"
2180154,01/19/2018,12:15 a.m.,viernes,CAMION,PUBLICO,Conductor,Masculino,No,N/A,HERIDO,Choque,Impericia en el manejo,Carrera 43 A Calle 31  Sur,AVENIDA EL POBLADO,Urbana,"(6.176754685, -75.585468966)"
2180172,01/19/2018,12:05 a.m.,viernes,CAMIONETA,PARTICULAR,Conductor,Masculino,No,N/A,HERIDO,Choque,No respetar pelacion de interseccion o giros,Calle 25  Sur Carrera 42 B,VILLA GRANDE,Urbana,"(6.179561127, -75.579866326)"
2180172,01/19/2018,12:05 a.m.,viernes,MOTOCICLETA,PARTICULAR,Motociclista,Femenino,No,N/A,HERIDO,Choque,No respetar prelacion,Calle 25  Sur Carrera 42 B,VILLA GRANDE,Urbana,"(6.179561127, -75.579866326)"
2180172,01/19/2018,12:05 a.m.,viernes,MOTOCICLETA,PARTICULAR,Motociclista,Femenino,No,N/A,HERIDO,Choque,No respetar pelacion de interseccion o giros,Calle 25  Sur Carrera 42 B,VILLA GRANDE,Urbana,"(6.179561127, -75.579866326)"
2180172,01/19/2018,12:05 a.m.,viernes,CAMIONETA,PARTICULAR,Conductor,Masculino,No,N/A,HERIDO,Choque,No respetar prelacion,Calle 25  Sur Carrera 42 B,VILLA GRANDE,Urbana,"(6.179561127, -75.579866326)"
2180151,01/19/2018,5:00 p.m.,viernes,MOTOCICLETA,DIPLOMATICO,Motociclista,Masculino,No,N/A,HERIDO,Choque,No mantener distancia de seguridad,Carrera 49 Calle 46 A Sur,LAS VEGAS,Urbana,"(6.166966077, -75.600888173)"
2180151,01/19/2018,5:00 p.m.,viernes,CAMIONETA,PUBLICO,Conductor,Masculino,No,N/A,HERIDO,Choque,No mantener distancia de seguridad,Carrera 49 Calle 46 A Sur,LAS VEGAS,Urbana,"(6.166966077, -75.600888173)"
2180174,01/19/2018,9:00 p.m.,viernes,MOTOCICLETA,PARTICULAR,Motociclista,Masculino,No,N/A,HERIDO,Choque,Transitar entre vehiculos,Carrera 48 Calle 50  Sur,LAS VEGAS,Urbana,
2180174,01/19/2018,9:00 p.m.,viernes,MOTOCICLETA,PARTICULAR,Motociclista,Masculino,No,N/A,HERIDO,Choque,Transitar entre vehiculos,Carrera 48 Calle 50  Sur,LAS VEGAS,Urbana,
2180195,01/18/2018,3:30 p.m.,jueves,AUTOMOVIL,PARTICULAR,Conductor,Masculino,No,N/A,SOLO DAÑOS,Choque,No mantener distancia de seguridad,Tramo 373 Kilometro  5,VEREDA PALMAS,Rural,
2180159,01/18/2018,4:30 p.m.,jueves,CAMPERO,PARTICULAR,Conductor,Femenino,No,N/A,SOLO DAÑOS,Choque,No mantener distancia de seguridad,Calle 21  Sur Carrera 43 A,ZU├æIGA,Urbana,"(6.18399286, -75.579597643)"
2180129,01/18/2018,6:00 a.m.,jueves,AUTOMOVIL,PARTICULAR,Conductor,Femenino,No,N/A,HERIDO,Choque,No mantener distancia de seguridad,Calle 50  Sur Carrera 48,LAS CASITAS,Urbana,
2180129,01/18/2018,6:00 a.m.,jueves,MOTOCICLETA,PARTICULAR,Motociclista,Femenino,No,N/A,HERIDO,Choque,No mantener distancia de seguridad,Calle 50  Sur Carrera 48,LAS CASITAS,Urbana,
2180128,01/18/2018,12:40 a.m.,jueves,AUTOMOVIL,PARTICULAR,Conductor,Masculino,No,N/A,SOLO DAÑOS,Choque,No mantener distancia de seguridad,Tramo 371 Kilometro  2,VEREDA EL ESCOBERO,Rural,
2180128,01/18/2018,12:40 a.m.,jueves,AUTOMOVIL,PARTICULAR,Conductor,Masculino,No,N/A,SOLO DAÑOS,Choque,No mantener distancia de seguridad,Tramo 371 Kilometro  2,VEREDA EL ESCOBERO,Rural,
2180164,01/18/2018,5:10 p.m.,jueves,AUTOMOVIL,PARTICULAR,Conductor,Femenino,No,N/A,SOLO DAÑOS,Choque,Adelantar en zona prohibida,Tramo 372 Kilometro  12,VEREDA PALMAS,Rural,
2180164,01/18/2018,5:10 p.m.,jueves,MOTOCICLETA,PARTICULAR,Motociclista,Masculino,No,N/A,SOLO DAÑOS,Choque,Adelantar en zona prohibida,Tramo 372 Kilometro  12,VEREDA PALMAS,Rural,
2180146,01/18/2018,4:20 p.m.,jueves,AUTOMOVIL,PARTICULAR,Conductor,Masculino,No,N/A,SOLO DAÑOS,Choque,No mantener distancia de seguridad,Calle 33 B Sur Carrera 43 A,SAN MARCOS,Urbana,"(6.173429457, -75.586716615)"
2180146,01/18/2018,4:20 p.m.,jueves,CAMIONETA,PARTICULAR,Conductor,Femenino,No,N/A,SOLO DAÑOS,Choque,No mantener distancia de seguridad,Calle 33 B Sur Carrera 43 A,SAN MARCOS,Urbana,"(6.173429457, -75.586716615)"
2180146,01/18/2018,4:20 p.m.,jueves,AUTOMOVIL,PARTICULAR,Conductor,Masculino,No,N/A,SOLO DAÑOS,Choque,No mantener distancia de seguridad,Calle 33 B Sur Carrera 43 A,SAN MARCOS,Urbana,"(6.173429457, -75.586716615)"
2180159,01/18/2018,4:30 p.m.,jueves,AUTOMOVIL,PARTICULAR,Conductor,Femenino,No,N/A,SOLO DAÑOS,Choque,No mantener distancia de seguridad,Calle 21  Sur Carrera 43 A,ZU├æIGA,Urbana,"(6.18399286, -75.579597643)"
2180142,01/18/2018,12:46 a.m.,jueves,TRACTOCAMION,PUBLICO,Conductor,Masculino,No,N/A,SOLO DAÑOS,Choque,Carga sobresaliente sin autorizacion,Carrera 47 Calle 38  Sur,ALCALA,Urbana,"(6.1715299, -75.592589544)"
2180961,01/18/2018,6:35 p.m.,jueves,CAMIONETA,PUBLICO,Conductor,Sin Registro,No,N/A,HERIDO,Choque,Adelantar cerrando,Carrera 50 Calle 39  Sur,LAS VEGAS,Urbana,
2180961,01/18/2018,6:35 p.m.,jueves,MOTOCICLETA,PARTICULAR,Motociclista,Femenino,No,N/A,HERIDO,Choque,Adelantar cerrando,Carrera 50 Calle 39  Sur,LAS VEGAS,Urbana,
2180161,01/18/2018,1:35 p.m.,jueves,AUTOMOVIL,PARTICULAR,Conductor,Masculino,No,N/A,SOLO DAÑOS,Choque,No mantener distancia de seguridad,Calle 24  Sur Carrera 40,ZU├æIGA,Urbana,"(6.179387707, -75.575843414)"
2180161,01/18/2018,1:35 p.m.,jueves,CAMIONETA,PARTICULAR,Conductor,Masculino,No,N/A,SOLO DAÑOS,Choque,No mantener distancia de seguridad,Calle 24  Sur Carrera 40,ZU├æIGA,Urbana,"(6.179387707, -75.575843414)"
2180195,01/18/2018,3:30 p.m.,jueves,AUTOMOVIL,PARTICULAR,Conductor,Femenino,No,N/A,SOLO DAÑOS,Choque,No mantener distancia de seguridad,Tramo 373 Kilometro  5,VEREDA PALMAS,Rural,
2180145,01/18/2018,9:30 a.m.,jueves,MOTOCICLETA,PARTICULAR,Motociclista,Masculino,No,N/A,HERIDO,Choque,Desobedecer senales,Diagonal 32 Transversal 34  Sur,OBRERO,Urbana,"(6.173484731, -75.581690487)"
2180145,01/18/2018,9:30 a.m.,jueves,CAMIONETA,PARTICULAR,Conductor,Femenino,No,N/A,HERIDO,Choque,Desobedecer senales,Diagonal 32 Transversal 34  Sur,OBRERO,Urbana,"(6.173484731, -75.581690487)"
2180125,01/17/2018,4:00 p.m.,miércoles,MOTOCICLETA,PARTICULAR,Motociclista,Masculino,No,N/A,SOLO DAÑOS,Choque,Adelantar por la derecha,Calle 30  Sur Carrera 43 A,MESA,Urbana,"(6.177126039, -75.585250895)"
2180125,01/17/2018,4:00 p.m.,miércoles,AUTOMOVIL,PARTICULAR,Conductor,Masculino,No,N/A,SOLO DAÑOS,Choque,Adelantar por la derecha,Calle 30  Sur Carrera 43 A,MESA,Urbana,"(6.177126039, -75.585250895)"
2180162,01/17/2018,7:45 p.m.,miércoles,MOTOCICLETA,PARTICULAR,Motociclista,Masculino,No,N/A,SOLO DAÑOS,Choque,Adelantar invadiendo carril del mismo sentido en zigzag,Calle 40 C Sur Carrera 29,LA MINA,Urbana,"(6.160404351, -75.582515029)"
2180162,01/17/2018,7:45 p.m.,miércoles,AUTOMOVIL,PARTICULAR,Conductor,Masculino,No,N/A,SOLO DAÑOS,Choque,Adelantar invadiendo carril del mismo sentido en zigzag,Calle 40 C Sur Carrera 29,LA MINA,Urbana,"(6.160404351, -75.582515029)"
2180130,01/17/2018,4:35 p.m.,miércoles,CAMION,PUBLICO,Conductor,Masculino,No,N/A,SOLO DAÑOS,Choque,No respetar prelacion,Carrera 41 Calle 37  Sur,ZONA CENTRO,Urbana,"(6.169735041, -75.586166246)"