RADICADO,FECHA,HORA,DÍA DE LA SEMANA,CLASE DE VEHICULO,TIPO DE SERVICIO,TIPO DE VICTIMA,SEXO,ESTADO DE BEODEZ,RESULTADO DE BEODEZ,GRAVEDAD,CLASE DE ACCIDENTE,CAUSA,DIRECCIÓN,BARRIO,AREA,Coordenadas
2173162,10/23/2017,6:25 p.m.,lunes,MOTOCICLETA,PARTICULAR,Motociclista,Masculino,NO,N/A,HERIDO,Choque,Exceso de velocidad,Carrera 43 Transversal 32 C Sur,LA MAGNOLIA,Urbana,"(6.174013578, -75.585389888)"
2173162,10/23/2017,6:25 p.m.,lunes,BUS,PUBLICO,Conductor,Masculino,NO,N/A,HERIDO,Choque,Exceso de velocidad,Carrera 43 Transversal 32 C Sur,LA MAGNOLIA,Urbana,"(6.174013578, -75.585389888)"
2173128,10/23/2017,8:40 p.m.,lunes,MOTOCICLETA,PARTICULAR,Motociclista,Masculino,NO,N/A,MUERTO,Choque,Exceso de velocidad,Carrera 50 Calle 29  Sur,LAS VEGAS,Urbana,"(6.182760672, -75.58882785)"
2173144,10/23/2017,12:27 p.m.,lunes,MOTOCICLETA,PARTICULAR,Motociclista,Femenino,NO,N/A,SOLO DAÑOS,Choque,No mantener distancia de seguridad,Calle 40 C Sur Carrera 28,LA MINA,Urbana,"(6.15995956, -75.581966189)"
2173146,10/23/2017,7:20 a.m.,lunes,MOTOCICLETA,PARTICULAR,Motociclista,Masculino,NO,N/A,HERIDO,Atropello,Semaforo en rojo,Calle 37  Sur Carrera 39,ZONA CENTRO,Urbana,"(6.169035546, -75.584847552)"
2173143,10/23/2017,3:20 p.m.,lunes,MOTOCICLETA,PARTICULAR,Motociclista,Masculino,NO,N/A,HERIDO,Atropello,Transitar por la calzada,Carrera 48 Calle 49 B Sur,LAS VEGAS,Urbana,"(6.162599027, -75.602787472)"
2173139,10/23/2017,8:15 a.m.,lunes,MOTOCICLETA,PARTICULAR,Motociclista,Masculino,NO,N/A,HERIDO,Choque,Exceso de velocidad,Calle 39  Sur Carrera 25 B,EL CHINGU├ì,Urbana,"(6.157563812, -75.579224131)"
2173139,10/23/2017,8:15 a.m.,lunes,MOTOCICLETA,PARTICULAR,Motociclista,Masculino,NO,N/A,HERIDO,Choque,Exceso de velocidad,Calle 39  Sur Carrera 25 B,EL CHINGU├ì,Urbana,"(6.157563812, -75.579224131)"
2173148,10/23/2017,7:50 p.m.,lunes,AUTOMOVIL,PUBLICO,Conductor,Masculino,NO,N/A,HERIDO,Atropello,Poner en marcha un vehiculo sin precauci,Carrera 48 Calle 50  Sur,LAS CASITAS,Urbana,
2173137,10/23/2017,7:10 a.m.,lunes,AUTOMOVIL,PARTICULAR,Conductor,Femenino,NO,N/A,SOLO DAÑOS,Choque,Desobedecer senales,Diagonal 30 Transversal 36  Sur,LA PRADERA,Urbana,
2173137,10/23/2017,7:10 a.m.,lunes,CAMION,PUBLICO,Conductor,Masculino,NO,N/A,SOLO DAÑOS,Choque,Desobedecer senales,Diagonal 30 Transversal 36  Sur,LA PRADERA,Urbana,
2173142,10/23/2017,5:05 p.m.,lunes,MOTOCICLETA,PARTICULAR,Motociclista,Masculino,NO,N/A,HERIDO,Choque,No respetar prelacion,Carrera 48 Calle 38  Sur,LAS VEGAS,Urbana,"(6.172747818, -75.592698171)"
2173142,10/23/2017,5:05 p.m.,lunes,BUS,PUBLICO,Conductor,Masculino,NO,N/A,HERIDO,Choque,No respetar prelacion,Carrera 48 Calle 38  Sur,LAS VEGAS,Urbana,"(6.172747818, -75.592698171)"
2173152,10/23/2017,10:05 a.m.,lunes,AUTOMOVIL,PARTICULAR,Conductor,Masculino,NO,N/A,SOLO DAÑOS,Choque,Impericia en el manejo,Carrera 50 Calle 29  Sur,LAS VEGAS,Urbana,"(6.182760672, -75.58882785)"
2173152,10/23/2017,10:05 a.m.,lunes,AUTOMOVIL,PARTICULAR,Conductor,Masculino,NO,N/A,SOLO DAÑOS,Choque,Impericia en el manejo,Carrera 50 Calle 29  Sur,LAS VEGAS,Urbana,"(6.182760672, -75.58882785)"
2173152,10/23/2017,10:05 a.m.,lunes,CAMIONETA,PARTICULAR,Conductor,Masculino,NO,N/A,SOLO DAÑOS,Choque,Impericia en el manejo,Carrera 50 Calle 29  Sur,LAS VEGAS,Urbana,"(6.182760672, -75.58882785)"
2173149,10/23/2017,7:05 p.m.,lunes,AUTOMOVIL,PARTICULAR,Conductor,Masculino,NO,N/A,SOLO DAÑOS,Choque,Adelantar invadiendo carril del mismo sentido en zigzag,Calle 50  Sur Carrera 48,LAS VEGAS,Urbana,
2173149,10/23/2017,7:05 p.m.,lunes,AUTOMOVIL,PARTICULAR,Conductor,Masculino,NO,N/A,SOLO DAÑOS,Choque,Adelantar invadiendo carril del mismo sentido en zigzag,Calle 50  Sur Carrera 48,LAS VEGAS,Urbana,
2173134,10/23/2017,6:00 a.m.,lunes,MOTOCICLETA,PARTICULAR,Motociclista,Masculino,NO,N/A,HERIDO,Choque,No mantener distancia de seguridad,Carrera 50 Calle 32 B Sur,LAS VEGAS,Urbana,"(6.178248378, -75.591688281)"
2173134,10/23/2017,6:00 a.m.,lunes,AUTOMOVIL,PARTICULAR,Conductor,Femenino,NO,N/A,HERIDO,Choque,No mantener distancia de seguridad,Carrera 50 Calle 32 B Sur,LAS VEGAS,Urbana,"(6.178248378, -75.591688281)"
2173116,10/22/2017,3:50 p.m.,domingo,AUTOMOVIL,PARTICULAR,Conductor,Masculino,NO,N/A,SOLO DAÑOS,Choque,No mantener distancia de seguridad,Carrera 43 A Calle 48 C Sur,LOMA DEL BARRO,Urbana,"(6.162218777, -75.597644457)"
2173116,10/22/2017,3:50 p.m.,domingo,MOTOCICLETA,PARTICULAR,Motociclista,Masculino,NO,N/A,SOLO DAÑOS,Choque,No mantener distancia de seguridad,Carrera 43 A Calle 48 C Sur,LOMA DEL BARRO,Urbana,"(6.162218777, -75.597644457)"
2173114,10/22/2017,10:15 p.m.,domingo,CAMIONETA,PARTICULAR,Conductor,Masculino,NO,N/A,SOLO DAÑOS,Choque,Reverso imprudente,Calle 40 C Sur Carrera 42,EL DORADO,Urbana,"(6.166819606, -75.589123636)"
2173114,10/22/2017,10:15 p.m.,domingo,AUTOMOVIL,PARTICULAR,Conductor,Masculino,NO,N/A,SOLO DAÑOS,Choque,Reverso imprudente,Calle 40 C Sur Carrera 42,EL DORADO,Urbana,"(6.166819606, -75.589123636)"
2173132,10/22/2017,2:30 p.m.,domingo,AUTOMOVIL,PARTICULAR,Conductor,Femenino,NO,N/A,SOLO DAÑOS,Choque,No respetar prelacion,Calle 25  Sur Carrera 43 A,VILLA GRANDE,Urbana,"(6.181560189, -75.582016491)"
2173132,10/22/2017,2:30 p.m.,domingo,AUTOMOVIL,PARTICULAR,Conductor,Masculino,NO,N/A,SOLO DAÑOS,Choque,No respetar prelacion,Calle 25  Sur Carrera 43 A,VILLA GRANDE,Urbana,"(6.181560189, -75.582016491)"
2173120,10/22/2017,2:10 p.m.,domingo,MOTOCICLETA,PARTICULAR,Motociclista,Masculino,NO,N/A,SOLO DAÑOS,Choque,No mantener distancia de seguridad,Carrera 43 A Calle 21  Sur,VILLA GRANDE,Urbana,"(6.183599544, -75.579409862)"
2173120,10/22/2017,2:10 p.m.,domingo,AUTOMOVIL,PARTICULAR,Conductor,Femenino,NO,N/A,SOLO DAÑOS,Choque,No mantener distancia de seguridad,Carrera 43 A Calle 21  Sur,VILLA GRANDE,Urbana,"(6.183599544, -75.579409862)"
2173110,10/21/2017,7:45 p.m.,sábado,MOTOCICLETA,PARTICULAR,Motociclista,Masculino,NO,N/A,HERIDO,Choque,Desobedecer senales,Calle 38 A Sur Carrera 41,ZONA CENTRO,Urbana,"(6.168560755, -75.587015366)"
2173122,10/21/2017,9:50 p.m.,sábado,AUTOMOVIL,PUBLICO,Conductor,Masculino,NO,N/A,SOLO DAÑOS,Choque,Desobedecer senales,Calle 25  Sur Carrera 48,LAS VEGAS,Urbana,
2173122,10/21/2017,9:50 p.m.,sábado,AUTOMOVIL,PARTICULAR,Conductor,Masculino,NO,N/A,SOLO DAÑOS,Choque,Desobedecer senales,Calle 25  Sur Carrera 48,LAS VEGAS,Urbana,
2173126,10/21/2017,2:40 p.m.,sábado,AUTOMOVIL,PARTICULAR,Conductor,Masculino,NO,N/A,HERIDO,Choque,Fallas en los frenos,Calle 36 D Sur Carrera 27 D,VEREDA EL ESCOBERO,Urbana,"(6.164970853, -75.574637268)"
2173126,10/21/2017,2:40 p.m.,sábado,MOTOCICLETA,PARTICULAR,Motociclista,Masculino,NO,N/A,HERIDO,Choque,Fallas en los frenos,Calle 36 D Sur Carrera 27 D,VEREDA EL ESCOBERO,Urbana,"(6.164970853, -75.574637268)"
2173110,10/21/2017,7:45 p.m.,sábado,MOTOCICLETA,PARTICULAR,Motociclista,Masculino,NO,N/A,HERIDO,Choque,Desobedecer senales,Calle 38 A Sur Carrera 41,ZONA CENTRO,Urbana,"(6.168560755, -75.587015366)"
2173107,10/20/2017,3:00 p.m.,viernes,MOTOCICLETA,PARTICULAR,Motociclista,Masculino,NO,N/A,SOLO DAÑOS,Choque,Adelantar cerrando,Calle 37  Sur Carrera 29 A,LA PRADERA,Urbana,"(6.166159821, -75.580618636)"
2173103,10/20/2017,6:30 a.m.,viernes,AUTOMOVIL,PARTICULAR,Conductor,Masculino,NO,N/A,HERIDO,Choque,Adelantar cerrando,Carrera 48 Calle 27 A Sur,LAS VEGAS,Urbana,"(6.181312425, -75.58688511)"
2173103,10/20/2017,6:30 a.m.,viernes,MOTOCICLETA,PARTICULAR,Motociclista,Femenino,NO,N/A,HERIDO,Choque,Adelantar cerrando,Carrera 48 Calle 27 A Sur,LAS VEGAS,Urbana,"(6.181312425, -75.58688511)"
2173107,10/20/2017,3:00 p.m.,viernes,AUTOMOVIL,PARTICULAR,Conductor,Masculino,NO,N/A,SOLO DAÑOS,Choque,Adelantar cerrando,Calle 37  Sur Carrera 29 A,LA PRADERA,Urbana,"(6.166159821, -75.580618636)"
2173123,10/20/2017,7:00 a.m.,viernes,AUTOMOVIL,PARTICULAR,Conductor,Femenino,NO,N/A,SOLO DAÑOS,Choque,Poner en marcha un vehiculo sin precauci,Carrera 38 Calle 38 A Sur,MESA,Urbana,"(6.167222359, -75.585113611)"
2173123,10/20/2017,7:00 a.m.,viernes,AUTOMOVIL,PUBLICO,Conductor,Masculino,NO,N/A,SOLO DAÑOS,Choque,Poner en marcha un vehiculo sin precauci,Carrera 38 Calle 38 A Sur,MESA,Urbana,"(6.167222359, -75.585113611)"
2173103,10/20/2017,6:30 a.m.,viernes,MOTOCICLETA,PARTICULAR,Conductor,Masculino,NO,N/A,HERIDO,Choque,Adelantar cerrando,Carrera 48 Calle 27 A Sur,LAS VEGAS,Urbana,"(6.181312425, -75.58688511)"
2173133,10/20/2017,2:15 p.m.,viernes,AUTOMOVIL,PARTICULAR,Conductor,Femenino,NO,N/A,SOLO DAÑOS,Choque,Adelantar por la derecha,Carrera 48 Calle 50  Sur,LAS CASITAS,Urbana,
2173133,10/20/2017,2:15 p.m.,viernes,MOTOCICLETA,PARTICULAR,Motociclista,Femenino,NO,N/A,SOLO DAÑOS,Choque,Adelantar por la derecha,Carrera 48 Calle 50  Sur,LAS CASITAS,Urbana,
2173109,10/20/2017,1:30 p.m.,viernes,CAMIONETA,PARTICULAR,Conductor,Femenino,NO,N/A,HERIDO,Choque,No respetar prelacion,Diagonal 31 Transversal 35 B Sur,LA SEBASTIANA,Urbana,"(6.169485787, -75.579745011)"
2173109,10/20/2017,1:30 p.m.,viernes,MOTOCICLETA,PARTICULAR,Motociclista,Masculino,NO,N/A,HERIDO,Choque,No respetar prelacion,Diagonal 31 Transversal 35 B Sur,LA SEBASTIANA,Urbana,"(6.169485787, -75.579745011)"
2173118,10/20/2017,12:40 p.m.,viernes,BUS,PUBLICO,Conductor,Masculino,NO,N/A,SOLO DAÑOS,Choque,No mantener distancia de seguridad,Calle 37  Sur Carrera 28,VEREDA EL ESCOBERO,Urbana,"(6.165679454, -75.578340422)"
2173105,10/20/2017,1:00 p.m.,viernes,CAMIONETA,PARTICULAR,Conductor,Masculino,NO,N/A,SOLO DAÑOS,Choque,Reverso imprudente,Calle 44  Sur Carrera 43 A,ALCALA,Urbana,"(6.165598746, -75.594021133)"
2173105,10/20/2017,1:00 p.m.,viernes,MOTOCICLETA,PARTICULAR,Motociclista,Femenino,NO,N/A,SOLO DAÑOS,Choque,Reverso imprudente,Calle 44  Sur Carrera 43 A,ALCALA,Urbana,"(6.165598746, -75.594021133)"
2173104,10/20/2017,1:00 p.m.,viernes,MOTOCICLETA,PARTICULAR,Motociclista,Masculino,NO,N/A,SOLO DAÑOS,Choque,Desobedecer senales,Calle 39  Sur Carrera 37,MESA,Urbana,"(6.166324664, -75.585039754)"
2173104,10/20/2017,1:00 p.m.,viernes,AUTOMOVIL,PARTICULAR,Conductor,Femenino,NO,N/A,SOLO DAÑOS,Choque,Desobedecer senales,Calle 39  Sur Carrera 37,MESA,Urbana,"(6.166324664, -75.585039754)"
2173108,10/20/2017,9:10 p.m.,viernes,AUTOMOVIL,PUBLICO,Conductor,Masculino,NO,N/A,HERIDO,Choque,Desobedecer senales,Carrera 50 Calle 37  Sur,LAS VEGAS,Urbana,
2173108,10/20/2017,9:10 p.m.,viernes,MOTOCICLETA,PARTICULAR,Motociclista,Femenino,NO,N/A,HERIDO,Choque,Desobedecer senales,Carrera 50 Calle 37  Sur,LAS VEGAS,Urbana,
2173108,10/20/2017,9:10 p.m.,viernes,MOTOCICLETA,PARTICULAR,Motociclista,Masculino,NO,N/A,HERIDO,Choque,Desobedecer senales,Carrera 50 Calle 37  Sur,LAS VEGAS,Urbana,
2173117,10/20/2017,4:40 p.m.,viernes,AUTOMOVIL,PARTICULAR,Conductor,Femenino,NO,N/A,SOLO DAÑOS,Choque,No respetar prelacion,Carrera 50 Calle 37  Sur,LAS VEGAS,Urbana,
2173118,10/20/2017,12:40 p.m.,viernes,AUTOMOVIL,PARTICULAR,Conductor,Masculino,NO,N/A,SOLO DAÑOS,Choque,No mantener distancia de seguridad,Calle 37  Sur Carrera 28,VEREDA EL ESCOBERO,Urbana,"(6.165679454, -75.578340422)"
2173117,10/20/2017,4:40 p.m.,viernes,CAMION,PUBLICO,Conductor,Masculino,NO,N/A,SOLO DAÑOS,Choque,No respetar prelacion,Carrera 50 Calle 37  Sur,LAS VEGAS,Urbana,
2173102,10/20/2017,12:10 p.m.,viernes,AUTOMOVIL,PARTICULAR,Conductor,Femenino,NO,N/A,HERIDO,Choque,Reverso imprudente,Calle 40  Sur Carrera 38,EL DORADO,Urbana,"(6.168682985, -75.585870246)"
2173102,10/20/2017,12:10 p.m.,viernes,MOTOCICLETA,PARTICULAR,Motociclista,Femenino,NO,N/A,HERIDO,Choque,Reverso imprudente,Calle 40  Sur Carrera 38,EL DORADO,Urbana,"(6.168682985, -75.585870246)"
2173115,10/20/2017,4:00 p.m.,viernes,CAMIONETA,PARTICULAR,Conductor,Masculino,NO,N/A,SOLO DAÑOS,Choque,Desobedecer senales,Carrera 41 Calle 40  Sur,EL DORADO,Urbana,"(6.166920833, -75.587995017)"
2173115,10/20/2017,4:00 p.m.,viernes,BUS,PUBLICO,Conductor,Femenino,NO,N/A,SOLO DAÑOS,Choque,Desobedecer senales,Carrera 41 Calle 40  Sur,EL DORADO,Urbana,"(6.166920833, -75.587995017)"
2173099,10/19/2017,2:00 p.m.,jueves,AUTOMOVIL,PARTICULAR,Conductor,Femenino,NO,N/A,HERIDO,Choque,Adelantar cerrando,Calle 37  Sur Carrera 48,LAS VEGAS,Urbana,"(6.17412211, -75.593061115)"
2173097,10/19/2017,2:50 p.m.,jueves,MOTOCICLETA,PARTICULAR,Motociclista,Femenino,NO,N/A,SOLO DAÑOS,Choque,Impericia en el manejo,Carrera 36 Calle 36  Sur,ZONA CENTRO,Urbana,"(6.168442018, -75.583054008)"
2173097,10/19/2017,2:50 p.m.,jueves,CAMIONETA,PUBLICO,Conductor,Masculino,NO,N/A,SOLO DAÑOS,Choque,Impericia en el manejo,Carrera 36 Calle 36  Sur,ZONA CENTRO,Urbana,"(6.168442018, -75.583054008)"
2173101,10/19/2017,4:50 p.m.,jueves,AUTOMOVIL,PUBLICO,Conductor,Masculino,NO,N/A,SOLO DAÑOS,Choque,No mantener distancia de seguridad,Carrera 38 Calle 38  Sur,MESA,Urbana,"(6.167921341, -75.584671679)"
2173101,10/19/2017,4:50 p.m.,jueves,CAMIONETA,PARTICULAR,Conductor,Masculino,NO,N/A,SOLO DAÑOS,Choque,No mantener distancia de seguridad,Carrera 38 Calle 38  Sur,MESA,Urbana,"(6.167921341, -75.584671679)"
2173096,10/19/2017,9:50 a.m.,jueves,CAMIONETA,PARTICULAR,Conductor,Masculino,NO,N/A,SOLO DAÑOS,Choque,Adelantar por la derecha,Calle 38 A Sur Carrera 48,LAS VEGAS,Urbana,"(6.168560755, -75.587015366)"
2173096,10/19/2017,9:50 a.m.,jueves,CAMION,PUBLICO,Conductor,Masculino,NO,N/A,SOLO DAÑOS,Choque,Adelantar por la derecha,Calle 38 A Sur Carrera 48,LAS VEGAS,Urbana,"(6.168560755, -75.587015366)"
2173125,10/19/2017,8:45 a.m.,jueves,MOTOCICLETA,PARTICULAR,Motociclista,Masculino,NO,N/A,SOLO DAÑOS,Choque,Adelantar invadiendo carril del mismo sentido en zigzag,Carrera 48 Calle 37  Sur,LAS VEGAS,Urbana,"(6.172859211, -75.592769925)"
2173135,10/19/2017,3:40 p.m.,jueves,MOTOCICLETA,PARTICULAR,Motociclista,Masculino,NO,N/A,HERIDO,Atropello,Desobedecer senales,Transversal 34 D Sur Diagonal 33,OBRERO,Urbana,"(6.170932416, -75.5832469)"
2173125,10/19/2017,8:45 a.m.,jueves,AUTOMOVIL,PARTICULAR,Conductor,Femenino,NO,N/A,SOLO DAÑOS,Choque,Adelantar invadiendo carril del mismo sentido en zigzag,Carrera 48 Calle 37  Sur,LAS VEGAS,Urbana,"(6.172859211, -75.592769925)"
2173098,10/19/2017,3:40 p.m.,jueves,AUTOMOVIL,PARTICULAR,Conductor,Femenino,NO,N/A,HERIDO,Atropello,Impericia en el manejo,Calle 37  Sur Carrera 28,VEREDA EL ESCOBERO,Urbana,"(6.165679454, -75.578340422)"
2173112,10/19/2017,9:20 p.m.,jueves,MOTOCICLETA,PARTICULAR,Motociclista,Masculino,NO,N/A,HERIDO,Atropello,Semaforo en rojo,Carrera 48 Calle 37  Sur,GLORIETA EXITO,Urbana,"(6.172859211, -75.592769925)"
2173121,10/19/2017,4:30 p.m.,jueves,CAMIONETA,PARTICULAR,Conductor,Masculino,NO,N/A,SOLO DAÑOS,Choque,Impericia en el manejo,Calle 40 B Sur Carrera 28 B,LA MINA,Urbana,"(6.160163672, -75.581983506)"
2173121,10/19/2017,4:30 p.m.,jueves,AUTOMOVIL,PARTICULAR,Conductor,Masculino,NO,N/A,SOLO DAÑOS,Choque,Impericia en el manejo,Calle 40 B Sur Carrera 28 B,LA MINA,Urbana,"(6.160163672, -75.581983506)"
2173093,10/19/2017,9:20 a.m.,jueves,CAMIONETA,PUBLICO,Conductor,Masculino,NO,N/A,SOLO DAÑOS,Choque,Subirse al anden o vias peatonales,Calle 32 B Sur Carrera 48,LAS VEGAS,Urbana,"(6.177255701, -75.590031365)"
2173093,10/19/2017,9:20 a.m.,jueves,CAMIONETA,PUBLICO,Conductor,Masculino,NO,N/A,SOLO DAÑOS,Choque,Subirse al anden o vias peatonales,Calle 32 B Sur Carrera 48,LAS VEGAS,Urbana,"(6.177255701, -75.590031365)"
2173092,10/19/2017,6:10 p.m.,jueves,CAMIONETA,PARTICULAR,Conductor,Masculino,NO,N/A,HERIDO,Choque,Girar bruscamente,Carrera 50 Calle 46 A Sur,LAS VEGAS,Urbana,"(6.16131219, -75.603198185)"
2173092,10/19/2017,6:10 p.m.,jueves,MOTOCICLETA,PARTICULAR,Motociclista,Masculino,NO,N/A,HERIDO,Choque,Girar bruscamente,Carrera 50 Calle 46 A Sur,LAS VEGAS,Urbana,"(6.16131219, -75.603198185)"
2173129,10/19/2017,11:05 a.m.,jueves,MOTOCICLETA,PARTICULAR,Motociclista,Masculino,NO,N/A,SOLO DAÑOS,Choque,No mantener distancia de seguridad,Carrera 43 A Calle 40  Sur,ZONA CENTRO,Urbana,"(6.168044687, -75.59026877)"
2173129,10/19/2017,11:05 a.m.,jueves,AUTOMOVIL,PARTICULAR,Conductor,Masculino,NO,N/A,SOLO DAÑOS,Choque,No mantener distancia de seguridad,Carrera 43 A Calle 40  Sur,ZONA CENTRO,Urbana,"(6.168044687, -75.59026877)"
2173113,10/19/2017,5:15 a.m.,jueves,CAMIONETA,PARTICULAR,Conductor,Masculino,NO,N/A,HERIDO,Choque,Adelantar invadiendo carril del mismo sentido en zigzag,Tramo 372 Kilometro  14,VEREDA PALMAS,Rural,
2173113,10/19/2017,5:15 a.m.,jueves,MOTOCICLETA,PARTICULAR,Motociclista,Masculino,NO,N/A,HERIDO,Choque,Adelantar invadiendo carril del mismo sentido en zigzag,Tramo 372 Kilometro  14,VEREDA PALMAS,Rural,
2173099,10/19/2017,2:00 p.m.,jueves,MOTOCICLETA,PARTICULAR,Motociclista,Femenino,NO,N/A,HERIDO,Choque,Adelantar cerrando,Calle 37  Sur Carrera 48,LAS VEGAS,Urbana,"(6.17412211, -75.593061115)"
2173111,10/19/2017,6:00 p.m.,jueves,AUTOMOVIL,PUBLICO,Conductor,Masculino,NO,N/A,HERIDO,Atropello,Desobedecer senales,Carrera 42 Calle 33 B Sur,ZONA CENTRO,Urbana,"(6.172431982, -75.585528606)"
2173130,10/19/2017,4:00 p.m.,jueves,CAMION,PUBLICO,Conductor,Masculino,NO,N/A,SOLO DAÑOS,Choque,Impericia en el manejo,Calle 33 B Sur Carrera 44,SAN MARCOS,Urbana,"(6.173779627, -75.587340404)"
2173130,10/19/2017,4:00 p.m.,jueves,AUTOMOVIL,PARTICULAR,Conductor,Femenino,NO,N/A,SOLO DAÑOS,Choque,Impericia en el manejo,Calle 33 B Sur Carrera 44,SAN MARCOS,Urbana,"(6.173779627, -75.587340404)"
2173083,10/18/2017,4:40 p.m.,miércoles,MOTOCICLETA,PARTICULAR,Motociclista,Masculino,NO,N/A,HERIDO,Choque,Adelantar invadiendo carril del mismo sentido en zigzag,Carrera 50 Calle 36  Sur,LAS VEGAS,Urbana,
2173083,10/18/2017,4:40 p.m.,miércoles,AUTOMOVIL,PARTICULAR,Conductor,Femenino,NO,N/A,HERIDO,Choque,Adelantar invadiendo carril del mismo sentido en zigzag,Carrera 50 Calle 36  Sur,LAS VEGAS,Urbana,
2173127,10/18/2017,5:30 p.m.,miércoles,AUTOMOVIL,PARTICULAR,Conductor,Femenino,NO,N/A,SOLO DAÑOS,Choque,Realizar giro en U,Carrera 45 B Calle 32 B Sur,EL PORTAL,Urbana,"(6.175932338, -75.588134841)"
2173075,10/18/2017,11:40 a.m.,miércoles,MOTOCICLETA,DIPLOMATICO,Motociclista,Masculino,NO,N/A,HERIDO,Choque,Semaforo en rojo,Carrera 48 Calle 30  Sur,LAS VEGAS,Urbana,"(6.179366643, -75.588084104)"
2173127,10/18/2017,5:30 p.m.,miércoles,AUTOMOVIL,PARTICULAR,Conductor,Masculino,NO,N/A,SOLO DAÑOS,Choque,Realizar giro en U,Carrera 45 B Calle 32 B Sur,EL PORTAL,Urbana,"(6.175932338, -75.588134841)"
2173075,10/18/2017,11:40 a.m.,miércoles,MOTOCICLETA,PARTICULAR,Motociclista,Masculino,NO,N/A,HERIDO,Choque,Semaforo en rojo,Carrera 48 Calle 30  Sur,LAS VEGAS,Urbana,"(6.179366643, -75.588084104)"
2173089,10/18/2017,12:40 p.m.,miércoles,BUSETA,PUBLICO,Conductor,Masculino,NO,N/A,HERIDO,Caida Ocupante,Frenar bruscamente,Calle 36 D Sur Carrera 26 A,VEREDA EL ESCOBERO,Urbana,"(6.161435642, -75.568489492)"
2173140,10/18/2017,2:30 p.m.,miércoles,AUTOMOVIL,PARTICULAR,Conductor,Femenino,NO,N/A,SOLO DAÑOS,Choque,No respetar pelacion de interseccion o giros,Calle 36 D Sur Carrera 27,VEREDA EL ESCOBERO,Urbana,"(6.162479576, -75.570222573)"
2173140,10/18/2017,2:30 p.m.,miércoles,AUTOMOVIL,DIPLOMATICO,Conductor,Masculino,NO,N/A,SOLO DAÑOS,Choque,No respetar pelacion de interseccion o giros,Calle 36 D Sur Carrera 27,VEREDA EL ESCOBERO,Urbana,"(6.162479576, -75.570222573)"
2173086,10/18/2017,4:40 p.m.,miércoles,CAMIONETA,PARTICULAR,Conductor,Masculino,NO,N/A,SOLO DAÑOS,Choque,No mantener distancia de seguridad,Carrera 50 Calle 37  Sur,LAS VEGAS,Urbana,
2173082,10/18/2017,6:20 p.m.,miércoles,CAMIONETA,PARTICULAR,Conductor,Masculino,NO,N/A,HERIDO,Choque,Impericia en el manejo,Calle 36 E Sur Carrera 28,VEREDA EL ESCOBERO,Urbana,
2173082,10/18/2017,6:20 p.m.,miércoles,CAMIONETA,PARTICULAR,Conductor,Masculino,NO,N/A,HERIDO,Choque,Exceso de velocidad,Calle 36 E Sur Carrera 28,VEREDA EL ESCOBERO,Urbana,
2173119,10/18/2017,12:10 p.m.,miércoles,BUSETA,PUBLICO,Conductor,Masculino,NO,N/A,SOLO DAÑOS,Choque,Reverso imprudente,Carrera 49 Calle 37  Sur,LAS VEGAS,Urbana,
2173119,10/18/2017,12:10 p.m.,miércoles,MOTOCICLETA,PARTICULAR,Motociclista,Masculino,NO,N/A,SOLO DAÑOS,Choque,Reverso imprudente,Carrera 49 Calle 37  Sur,LAS VEGAS,Urbana,
2173090,10/18/2017,9:10 a.m.,miércoles,MOTOCICLETA,PARTICULAR,Motociclista,Masculino,NO,N/A,SOLO DAÑOS,Choque,No mantener distancia de seguridad,Carrera 48 Calle 30  Sur,LAS VEGAS,Urbana,"(6.179366643, -75.588084104)"
2173090,10/18/2017,9:10 a.m.,miércoles,CAMPERO,DIPLOMATICO,Conductor,Masculino,NO,N/A,SOLO DAÑOS,Choque,No mantener distancia de seguridad,Carrera 48 Calle 30  Sur,LAS VEGAS,Urbana,"(6.179366643, -75.588084104)"
2173091,10/18/2017,6:00 p.m.,miércoles,AUTOMOVIL,PARTICULAR,Conductor,Femenino,NO,N/A,SOLO DAÑOS,Choque,No mantener distancia de seguridad,Calle 36 A Sur Carrera 26 B,LA INMACULADA,Urbana,"(6.167621297, -75.578524101)"
2173076,10/18/2017,7:20 p.m.,miércoles,MOTOCICLETA,PARTICULAR,Motociclista,Masculino,NO,N/A,HERIDO,Caida Ocupante,Ausencia o deficencia en demarcacion,Carrera 42 B Calle 48 C Sur,LOMA DEL BARRO,Urbana,"(6.159923617, -75.596255325)"
2173091,10/18/2017,6:00 p.m.,miércoles,BUS,PUBLICO,Conductor,Masculino,NO,N/A,SOLO DAÑOS,Choque,No mantener distancia de seguridad,Calle 36 A Sur Carrera 26 B,LA INMACULADA,Urbana,"(6.167621297, -75.578524101)"
2173086,10/18/2017,4:40 p.m.,miércoles,AUTOMOVIL,PARTICULAR,Conductor,Masculino,NO,N/A,SOLO DAÑOS,Choque,No mantener distancia de seguridad,Carrera 50 Calle 37  Sur,LAS VEGAS,Urbana,
2173095,10/18/2017,7:50 a.m.,miércoles,AUTOMOVIL,PARTICULAR,Conductor,Masculino,NO,N/A,SOLO DAÑOS,Choque,No mantener distancia de seguridad,Calle 25  Sur Carrera 42,LAS ORQUIDEAS,Urbana,"(6.179561127, -75.579866326)"