RADICADO,FECHA,HORA,DÍA DE LA SEMANA,CLASE DE VEHICULO,TIPO DE SERVICIO,TIPO DE VICTIMA,SEXO,ESTADO DE BEODEZ,RESULTADO DE BEODEZ,GRAVEDAD,CLASE DE ACCIDENTE,CAUSA,DIRECCIÓN,BARRIO,AREA,Coordenadas
2173095,10/18/2017,7:50 a.m.,miércoles,MOTOCICLETA,PARTICULAR,Motociclista,Masculino,NO,N/A,SOLO DAÑOS,Choque,No mantener distancia de seguridad,Calle 25  Sur Carrera 42,LAS ORQUIDEAS,Urbana,"(6.179561127, -75.579866326)"
2173087,10/18/2017,10:40 p.m.,miércoles,AUTOMOVIL,PARTICULAR,Conductor,Masculino,NO,N/A,SOLO DAÑOS,Choque,Semaforo en rojo,Carrera 43 A Calle 25 A Sur,ZU├æIGA,Urbana,"(6.181504184, -75.581741498)"
2173087,10/18/2017,10:40 p.m.,miércoles,AUTOMOVIL,PUBLICO,Conductor,Masculino,NO,N/A,SOLO DAÑOS,Choque,Semaforo en rojo,Carrera 43 A Calle 25 A Sur,ZU├æIGA,Urbana,"(6.181504184, -75.581741498)"
2173063,10/17/2017,7:05 a.m.,martes,AUTOMOVIL,PARTICULAR,Conductor,Femenino,NO,N/A,SOLO DAÑOS,Choque,No respetar prelacion,Carrera 48 Calle 26  Sur,LAS VEGAS,Urbana,"(6.183318111, -75.585537184)"
2173088,10/17/2017,10:50 a.m.,martes,MOTOCICLETA,PARTICULAR,Motociclista,Masculino,NO,N/A,SOLO DAÑOS,Choque,Girar bruscamente,Carrera 45 Calle 35  Sur,EL PORTAL,Urbana,"(6.17309921, -75.588488853)"
2173088,10/17/2017,10:50 a.m.,martes,CAMIONETA,PARTICULAR,Conductor,Femenino,NO,N/A,SOLO DAÑOS,Choque,Adelantar en zona prohibida,Carrera 45 Calle 35  Sur,EL PORTAL,Urbana,"(6.17309921, -75.588488853)"
2173088,10/17/2017,10:50 a.m.,martes,CAMIONETA,PARTICULAR,Conductor,Femenino,NO,N/A,SOLO DAÑOS,Choque,Girar bruscamente,Carrera 45 Calle 35  Sur,EL PORTAL,Urbana,"(6.17309921, -75.588488853)"
2173088,10/17/2017,10:50 a.m.,martes,MOTOCICLETA,PARTICULAR,Motociclista,Masculino,NO,N/A,SOLO DAÑOS,Choque,Adelantar en zona prohibida,Carrera 45 Calle 35  Sur,EL PORTAL,Urbana,"(6.17309921, -75.588488853)"
2173060,10/17/2017,4:50 p.m.,martes,AUTOMOVIL,PARTICULAR,Conductor,Masculino,NO,N/A,HERIDO,Choque,No mantener distancia de seguridad,Carrera 48 Calle 19  Sur,ZU├æIGA,Urbana,"(6.187349001, -75.581535682)"
2173060,10/17/2017,4:50 p.m.,martes,CAMPERO,PARTICULAR,Conductor,Masculino,NO,N/A,HERIDO,Choque,No mantener distancia de seguridad,Carrera 48 Calle 19  Sur,ZU├æIGA,Urbana,"(6.187349001, -75.581535682)"
2173074,10/17/2017,8:40 a.m.,martes,MOTOCICLETA,PARTICULAR,Motociclista,Masculino,NO,N/A,HERIDO,Choque,Adelantar invadiendo carril de sentido contrario,Carrera 48 Calle 31  Sur,LAS VEGAS,Urbana,"(6.178537792, -75.588851894)"
2173074,10/17/2017,8:40 a.m.,martes,BICICLETA,N/A,Ciclista,Masculino,NO,N/A,HERIDO,Choque,Adelantar invadiendo carril de sentido contrario,Carrera 48 Calle 31  Sur,LAS VEGAS,Urbana,"(6.178537792, -75.588851894)"
2173061,10/17/2017,9:30 a.m.,martes,CAMIONETA,PARTICULAR,Conductor,Masculino,NO,N/A,SOLO DAÑOS,Choque,Arrancar sin precaucion,Carrera 50 Diagonal 29  Sur,LAS VEGAS,Urbana,"(6.182760672, -75.58882785)"
2173061,10/17/2017,9:30 a.m.,martes,CAMION,PUBLICO,Conductor,Masculino,NO,N/A,SOLO DAÑOS,Choque,Arrancar sin precaucion,Carrera 50 Diagonal 29  Sur,LAS VEGAS,Urbana,"(6.182760672, -75.58882785)"
2173067,10/17/2017,6:20 p.m.,martes,AUTOMOVIL,PARTICULAR,Conductor,Femenino,NO,N/A,HERIDO,Choque,Transitar entre vehiculos,Calle 24  Sur Carrera 43 A,LAS ORQUIDEAS,Urbana,
2173067,10/17/2017,6:20 p.m.,martes,MOTOCICLETA,PARTICULAR,Motociclista,Masculino,NO,N/A,HERIDO,Choque,Transitar entre vehiculos,Calle 24  Sur Carrera 43 A,LAS ORQUIDEAS,Urbana,
2173068,10/17/2017,5:35 a.m.,martes,AUTOMOVIL,PARTICULAR,Conductor,Masculino,NO,N/A,SOLO DAÑOS,Choque,Impericia en el manejo,Calle 23  Sur Carrera 43 A,AVENIDA EL POBLADO,Urbana,"(6.182706228, -75.580329956)"
2173068,10/17/2017,5:35 a.m.,martes,AUTOMOVIL,PUBLICO,Conductor,Masculino,NO,N/A,SOLO DAÑOS,Choque,Impericia en el manejo,Calle 23  Sur Carrera 43 A,AVENIDA EL POBLADO,Urbana,"(6.182706228, -75.580329956)"
2173062,10/17/2017,8:20 a.m.,martes,CAMIONETA,PUBLICO,Conductor,Masculino,NO,N/A,SOLO DAÑOS,Choque,Adelantar cerrando,Tramo 371 Kilometro  4,VEREDA EL ESCOBERO,Rural,
2173062,10/17/2017,8:20 a.m.,martes,AUTOMOVIL,PARTICULAR,Conductor,Masculino,NO,N/A,SOLO DAÑOS,Choque,Adelantar cerrando,Tramo 371 Kilometro  4,VEREDA EL ESCOBERO,Rural,
2173057,10/17/2017,6:30 a.m.,martes,CAMPERO,PARTICULAR,Conductor,Masculino,NO,N/A,SOLO DAÑOS,Choque,No mantener distancia de seguridad,Tramo 372 Kilometro  15,VEREDA PALMAS,Rural,
2173057,10/17/2017,6:30 a.m.,martes,AUTOMOVIL,PARTICULAR,Conductor,Masculino,NO,N/A,SOLO DAÑOS,Choque,No mantener distancia de seguridad,Tramo 372 Kilometro  15,VEREDA PALMAS,Rural,
2173081,10/17/2017,8:15 a.m.,martes,AUTOMOVIL,PARTICULAR,Conductor,Masculino,NO,N/A,SOLO DAÑOS,Choque,No mantener distancia de seguridad,Tramo 372 Kilometro  15,VEREDA PALMAS,Rural,
2173081,10/17/2017,8:15 a.m.,martes,MOTOCICLETA,PARTICULAR,Motociclista,Masculino,NO,N/A,SOLO DAÑOS,Choque,No mantener distancia de seguridad,Tramo 372 Kilometro  15,VEREDA PALMAS,Rural,
2173073,10/17/2017,11:10 a.m.,martes,MOTOCICLETA,PARTICULAR,Motociclista,Masculino,NO,N/A,HERIDO,Choque,Adelantar por la derecha,Calle 40 F Sur Carrera 36 B,EL DORADO,Urbana,"(6.162643008, -75.585907038)"
2173073,10/17/2017,11:10 a.m.,martes,MOTOCICLETA,PARTICULAR,Motociclista,Femenino,NO,N/A,HERIDO,Choque,Adelantar por la derecha,Calle 40 F Sur Carrera 36 B,EL DORADO,Urbana,"(6.162643008, -75.585907038)"
2173066,10/17/2017,7:05 a.m.,martes,BUS,PUBLICO,Conductor,Masculino,NO,N/A,SOLO DAÑOS,Choque,No respetar pelacion de interseccion o giros,Calle 39  Sur Carrera 29 A,MESA,Urbana,"(6.164019418, -75.581208066)"
2173066,10/17/2017,7:05 a.m.,martes,AUTOMOVIL,PARTICULAR,Conductor,Masculino,NO,N/A,SOLO DAÑOS,Choque,Desobedecer senales,Calle 39  Sur Carrera 29 A,MESA,Urbana,"(6.164019418, -75.581208066)"
2173066,10/17/2017,7:05 a.m.,martes,AUTOMOVIL,PARTICULAR,Conductor,Masculino,NO,N/A,SOLO DAÑOS,Choque,No respetar pelacion de interseccion o giros,Calle 39  Sur Carrera 29 A,MESA,Urbana,"(6.164019418, -75.581208066)"
2173066,10/17/2017,7:05 a.m.,martes,BUS,PUBLICO,Conductor,Masculino,NO,N/A,SOLO DAÑOS,Choque,Desobedecer senales,Calle 39  Sur Carrera 29 A,MESA,Urbana,"(6.164019418, -75.581208066)"
2173063,10/17/2017,7:05 a.m.,martes,CAMPERO,PARTICULAR,Conductor,Femenino,NO,N/A,SOLO DAÑOS,Choque,Girar bruscamente,Carrera 48 Calle 26  Sur,LAS VEGAS,Urbana,"(6.183318111, -75.585537184)"
2173063,10/17/2017,7:05 a.m.,martes,CAMPERO,PARTICULAR,Conductor,Femenino,NO,N/A,SOLO DAÑOS,Choque,No respetar prelacion,Carrera 48 Calle 26  Sur,LAS VEGAS,Urbana,"(6.183318111, -75.585537184)"
2173063,10/17/2017,7:05 a.m.,martes,AUTOMOVIL,PARTICULAR,Conductor,Femenino,NO,N/A,SOLO DAÑOS,Choque,Girar bruscamente,Carrera 48 Calle 26  Sur,LAS VEGAS,Urbana,"(6.183318111, -75.585537184)"
2173080,10/17/2017,1:05 p.m.,martes,MOTOCICLETA,PARTICULAR,Motociclista,Masculino,NO,N/A,SOLO DAÑOS,Choque,No mantener distancia de seguridad,Carrera 50 Calle 30  Sur,LAS VEGAS,Urbana,
2173070,10/17/2017,11:00 a.m.,martes,CAMION,PUBLICO,Conductor,Masculino,NO,N/A,SOLO DAÑOS,Choque,Transitar con las puertas abiertas,Carrera 48 Calle 32  Sur,LAS VEGAS,Urbana,"(6.177503621, -75.589485382)"
2173070,10/17/2017,11:00 a.m.,martes,CAMIONETA,PARTICULAR,Conductor,Femenino,NO,N/A,SOLO DAÑOS,Choque,Transitar con las puertas abiertas,Carrera 48 Calle 32  Sur,LAS VEGAS,Urbana,"(6.177503621, -75.589485382)"
2173080,10/17/2017,1:05 p.m.,martes,MOTOCICLETA,PARTICULAR,Motociclista,Masculino,NO,N/A,SOLO DAÑOS,Choque,No mantener distancia de seguridad,Carrera 50 Calle 30  Sur,LAS VEGAS,Urbana,
2173080,10/17/2017,1:05 p.m.,martes,AUTOMOVIL,PARTICULAR,Conductor,Femenino,NO,N/A,SOLO DAÑOS,Choque,No mantener distancia de seguridad,Carrera 50 Calle 30  Sur,LAS VEGAS,Urbana,
2173056,10/17/2017,7:18 p.m.,martes,AUTOMOVIL,PARTICULAR,Conductor,Masculino,NO,N/A,SOLO DAÑOS,Choque,Adelantar cerrando,Carrera 48 Calle 19  Sur,LAS VEGAS,Urbana,"(6.187349001, -75.581535682)"
2173056,10/17/2017,7:18 p.m.,martes,MOTOCICLETA,PARTICULAR,Motociclista,Masculino,NO,N/A,SOLO DAÑOS,Choque,Adelantar cerrando,Carrera 48 Calle 19  Sur,LAS VEGAS,Urbana,"(6.187349001, -75.581535682)"
2173058,10/17/2017,6:00 a.m.,martes,CAMIONETA,PARTICULAR,Conductor,Masculino,NO,N/A,SOLO DAÑOS,Choque,Reverso imprudente,Carrera 36 D Calle 43  Sur,LAS ANTILLAS,Urbana,"(6.156550022, -75.588357813)"
2173058,10/17/2017,6:00 a.m.,martes,AUTOMOVIL,PUBLICO,Conductor,Masculino,NO,N/A,SOLO DAÑOS,Choque,Reverso imprudente,Carrera 36 D Calle 43  Sur,LAS ANTILLAS,Urbana,"(6.156550022, -75.588357813)"
2173079,10/16/2017,8:35 p.m.,lunes,CAMPERO,PARTICULAR,Conductor,Femenino,NO,N/A,SOLO DAÑOS,Choque,Adelantar en curva,Calle 36  Sur Carrera 27 A,VEREDA EL ESCOBERO,Urbana,"(6.167592229, -75.570654593)"
2173034,10/16/2017,10:16 a.m.,lunes,MICROBUS,PUBLICO,Conductor,Masculino,NO,N/A,SOLO DAÑOS,Choque,No respetar prelacion,Calle 38  Sur Carrera 48,GLORIETA EXITO,Urbana,
2173034,10/16/2017,10:16 a.m.,lunes,CAMIONETA,PARTICULAR,Conductor,Masculino,NO,N/A,SOLO DAÑOS,Choque,No respetar pelacion de interseccion o giros,Calle 38  Sur Carrera 48,GLORIETA EXITO,Urbana,
2173034,10/16/2017,10:16 a.m.,lunes,CAMIONETA,PARTICULAR,Conductor,Masculino,NO,N/A,SOLO DAÑOS,Choque,No respetar prelacion,Calle 38  Sur Carrera 48,GLORIETA EXITO,Urbana,
2173034,10/16/2017,10:16 a.m.,lunes,MICROBUS,PUBLICO,Conductor,Masculino,NO,N/A,SOLO DAÑOS,Choque,No respetar pelacion de interseccion o giros,Calle 38  Sur Carrera 48,GLORIETA EXITO,Urbana,
2173028,10/16/2017,2:15 p.m.,lunes,AUTOMOVIL,PARTICULAR,Conductor,Masculino,NO,N/A,SOLO DAÑOS,Choque,Impericia en el manejo,Diagonal 31 Transversal 36 A,LA SEBASTIANA,Urbana,"(6.167967817, -75.580281768)"
2173028,10/16/2017,2:15 p.m.,lunes,AUTOMOVIL,PARTICULAR,Conductor,Masculino,NO,N/A,SOLO DAÑOS,Choque,Adelantar cerrando,Diagonal 31 Transversal 36 A,LA SEBASTIANA,Urbana,"(6.167967817, -75.580281768)"
2173028,10/16/2017,2:15 p.m.,lunes,AUTOMOVIL,PARTICULAR,Conductor,Masculino,NO,N/A,SOLO DAÑOS,Choque,Impericia en el manejo,Diagonal 31 Transversal 36 A,LA SEBASTIANA,Urbana,"(6.167967817, -75.580281768)"
2173077,10/16/2017,6:45 a.m.,lunes,AUTOMOVIL,DIPLOMATICO,Conductor,Masculino,NO,N/A,SOLO DAÑOS,Choque,Semaforo en rojo,Carrera 48 Calle 30  Sur,LAS VEGAS,Urbana,"(6.179366643, -75.588084104)"
2173028,10/16/2017,2:15 p.m.,lunes,AUTOMOVIL,PARTICULAR,Conductor,Femenino,NO,N/A,SOLO DAÑOS,Choque,Adelantar cerrando,Diagonal 31 Transversal 36 A,LA SEBASTIANA,Urbana,"(6.167967817, -75.580281768)"
2173028,10/16/2017,2:15 p.m.,lunes,AUTOMOVIL,PARTICULAR,Conductor,Femenino,NO,N/A,SOLO DAÑOS,Choque,Impericia en el manejo,Diagonal 31 Transversal 36 A,LA SEBASTIANA,Urbana,"(6.167967817, -75.580281768)"
2173028,10/16/2017,2:15 p.m.,lunes,AUTOMOVIL,PARTICULAR,Conductor,Masculino,NO,N/A,SOLO DAÑOS,Choque,Adelantar cerrando,Diagonal 31 Transversal 36 A,LA SEBASTIANA,Urbana,"(6.167967817, -75.580281768)"
2173064,10/16/2017,4:15 p.m.,lunes,BUS,PUBLICO,Conductor,Masculino,NO,N/A,HERIDO,Caida Ocupante,Poner en marcha un vehiculo sin precauci,Diagonal 40 Transversal 33  Sur,LA MAGNOLIA,Urbana,"(6.173507784, -75.585457506)"
2173065,10/16/2017,11:00 a.m.,lunes,MOTOCICLETA,PARTICULAR,Motociclista,Masculino,NO,N/A,HERIDO,Caida Ocupante,Impericia en el manejo,Carrera 50 Calle 30  Sur,LAS VEGAS,Urbana,
2173100,10/16/2017,1:00 p.m.,lunes,CAMPERO,PARTICULAR,Conductor,Masculino,NO,N/A,SOLO DAÑOS,Choque,Desobedecer senales,Tramo 373 Kilometro  8,VEREDA PALMAS,Rural,
2173100,10/16/2017,1:00 p.m.,lunes,AUTOMOVIL,PARTICULAR,Conductor,Femenino,NO,N/A,SOLO DAÑOS,Choque,Desobedecer senales,Tramo 373 Kilometro  8,VEREDA PALMAS,Rural,
2173077,10/16/2017,6:45 a.m.,lunes,AUTOMOVIL,PUBLICO,Conductor,Masculino,NO,N/A,SOLO DAÑOS,Choque,Semaforo en rojo,Carrera 48 Calle 30  Sur,LAS VEGAS,Urbana,"(6.179366643, -75.588084104)"
2173078,10/16/2017,5:50 p.m.,lunes,AUTOMOVIL,PARTICULAR,Conductor,Masculino,NO,N/A,SOLO DAÑOS,Choque,No mantener distancia de seguridad,Carrera 48 Calle 25 AA Sur,LAS VEGAS,Urbana,"(6.183765745, -75.584690349)"
2173078,10/16/2017,5:50 p.m.,lunes,AUTOMOVIL,PUBLICO,Conductor,Masculino,NO,N/A,SOLO DAÑOS,Choque,No mantener distancia de seguridad,Carrera 48 Calle 25 AA Sur,LAS VEGAS,Urbana,"(6.183765745, -75.584690349)"
2173079,10/16/2017,8:35 p.m.,lunes,MOTOCICLETA,PARTICULAR,Motociclista,Masculino,NO,N/A,SOLO DAÑOS,Choque,Adelantar en curva,Calle 36  Sur Carrera 27 A,VEREDA EL ESCOBERO,Urbana,"(6.167592229, -75.570654593)"
2173071,10/16/2017,4:20 p.m.,lunes,CAMPERO,PUBLICO,Conductor,Masculino,NO,N/A,SOLO DAÑOS,Choque,No mantener distancia de seguridad,Calle 38  Sur Carrera 31,MESA,Urbana,"(6.165577674, -75.581121822)"
2173071,10/16/2017,4:20 p.m.,lunes,AUTOMOVIL,PARTICULAR,Conductor,Masculino,NO,N/A,SOLO DAÑOS,Choque,No mantener distancia de seguridad,Calle 38  Sur Carrera 31,MESA,Urbana,"(6.165577674, -75.581121822)"
2173045,10/15/2017,1:10 p.m.,domingo,MOTOCICLETA,PARTICULAR,Motociclista,Masculino,NO,N/A,SOLO DAÑOS,Choque,Adelantar en zona prohibida,Diagonal 33 Transversal 34 A Sur,LOS NARANJOS,Urbana,"(6.172216386, -75.583649149)"
2173084,10/15/2017,4:33 p.m.,domingo,AUTOMOVIL,PUBLICO,Conductor,Masculino,NO,N/A,HERIDO,Choque,Girar bruscamente,Carrera 48 Calle 34  Sur,LAS VEGAS,Urbana,"(6.175414344, -75.590782176)"
2173084,10/15/2017,4:33 p.m.,domingo,MOTOCICLETA,PARTICULAR,Motociclista,Femenino,NO,N/A,HERIDO,Choque,Desobedecer senales,Carrera 48 Calle 34  Sur,LAS VEGAS,Urbana,"(6.175414344, -75.590782176)"
2173084,10/15/2017,4:33 p.m.,domingo,MOTOCICLETA,PARTICULAR,Motociclista,Femenino,NO,N/A,HERIDO,Choque,Girar bruscamente,Carrera 48 Calle 34  Sur,LAS VEGAS,Urbana,"(6.175414344, -75.590782176)"
2173084,10/15/2017,4:33 p.m.,domingo,AUTOMOVIL,PUBLICO,Conductor,Masculino,NO,N/A,HERIDO,Choque,Desobedecer senales,Carrera 48 Calle 34  Sur,LAS VEGAS,Urbana,"(6.175414344, -75.590782176)"
2173046,10/15/2017,12:00 p.m.,domingo,AUTOMOVIL,PUBLICO,Conductor,Masculino,NO,N/A,SOLO DAÑOS,Choque,Desobedecer senales,Carrera 32 Calle 37  Sur,LOS NARANJOS,Urbana,"(6.1665774, -75.581163406)"
2173046,10/15/2017,12:00 p.m.,domingo,AUTOMOVIL,PARTICULAR,Conductor,Masculino,NO,N/A,SOLO DAÑOS,Choque,Desobedecer senales,Carrera 32 Calle 37  Sur,LOS NARANJOS,Urbana,"(6.1665774, -75.581163406)"
2173718,10/15/2017,2:20 p.m.,domingo,AUTOMOVIL,PARTICULAR,Conductor,Masculino,NO,N/A,SOLO DAÑOS,Choque,Adelantar invadiendo carril del mismo sentido en zigzag,Carrera 29 A Calle 38  Sur,EL CHINGU├ì,Urbana,"(6.16496822, -75.580828364)"
2173718,10/15/2017,2:20 p.m.,domingo,MOTOCICLETA,PARTICULAR,Motociclista,Sin Registro,NO,N/A,SOLO DAÑOS,Choque,Adelantar invadiendo carril del mismo sentido en zigzag,Carrera 29 A Calle 38  Sur,EL CHINGU├ì,Urbana,"(6.16496822, -75.580828364)"
2173045,10/15/2017,1:10 p.m.,domingo,CAMPERO,PARTICULAR,Conductor,Femenino,NO,N/A,SOLO DAÑOS,Choque,Adelantar en zona prohibida,Diagonal 33 Transversal 34 A Sur,LOS NARANJOS,Urbana,"(6.172216386, -75.583649149)"
2173029,10/15/2017,12:50 p.m.,domingo,BUSETA,PUBLICO,Conductor,Masculino,NO,N/A,MUERTO,Choque,Adelantar invadiendo carril del mismo sentido en zigzag,Calle 48 EE Sur Carrera 42 BB,LOMA DEL BARRO,Urbana,
2173029,10/15/2017,12:50 p.m.,domingo,MOTOCICLETA,OFICIAL,Motociclista,Masculino,NO,N/A,MUERTO,Choque,Exceso de velocidad,Calle 48 EE Sur Carrera 42 BB,LOMA DEL BARRO,Urbana,
2173029,10/15/2017,12:50 p.m.,domingo,MOTOCICLETA,OFICIAL,Motociclista,Masculino,NO,N/A,MUERTO,Choque,Adelantar invadiendo carril del mismo sentido en zigzag,Calle 48 EE Sur Carrera 42 BB,LOMA DEL BARRO,Urbana,
2173029,10/15/2017,12:50 p.m.,domingo,BUSETA,PUBLICO,Conductor,Masculino,NO,N/A,MUERTO,Choque,Exceso de velocidad,Calle 48 EE Sur Carrera 42 BB,LOMA DEL BARRO,Urbana,
2173037,10/15/2017,5:30 p.m.,domingo,MOTOCICLETA,PARTICULAR,Motociclista,Masculino,NO,N/A,SOLO DAÑOS,Choque,No mantener distancia de seguridad,Calle 37  Sur Carrera 48,ALCALA,Urbana,"(6.17412211, -75.593061115)"
2173037,10/15/2017,5:30 p.m.,domingo,AUTOMOVIL,PARTICULAR,Conductor,Masculino,NO,N/A,SOLO DAÑOS,Choque,No mantener distancia de seguridad,Calle 37  Sur Carrera 48,ALCALA,Urbana,"(6.17412211, -75.593061115)"
2173030,10/14/2017,7:50 p.m.,sábado,AUTOMOVIL,PARTICULAR,Conductor,Masculino,NO,N/A,SOLO DAÑOS,Choque,No mantener distancia de seguridad,Calle 37  Sur Carrera 46,EL PORTAL,Urbana,"(6.172613713, -75.590909108)"
2173044,10/14/2017,12:50 p.m.,sábado,AUTOMOVIL,PARTICULAR,Conductor,Masculino,NO,N/A,SOLO DAÑOS,Choque,Desobedecer senales,Calle 39  Sur Carrera 38,MESA,Urbana,"(6.166656476, -75.585553364)"
2173044,10/14/2017,12:50 p.m.,sábado,AUTOMOVIL,PARTICULAR,Conductor,Masculino,NO,N/A,SOLO DAÑOS,Choque,Desobedecer senales,Calle 39  Sur Carrera 38,MESA,Urbana,"(6.166656476, -75.585553364)"
2173052,10/14/2017,10:30 p.m.,sábado,AUTOMOVIL,PUBLICO,Conductor,Masculino,NO,N/A,HERIDO,Choque,No respetar pelacion de interseccion o giros,Carrera 48 Calle 19  Sur,LAS VEGAS,Urbana,"(6.187349001, -75.581535682)"
2173052,10/14/2017,10:30 p.m.,sábado,MOTOCICLETA,PARTICULAR,Motociclista,Femenino,NO,N/A,HERIDO,Choque,No respetar pelacion de interseccion o giros,Carrera 48 Calle 19  Sur,LAS VEGAS,Urbana,"(6.187349001, -75.581535682)"
2173055,10/14/2017,11:50 a.m.,sábado,AUTOMOVIL,PARTICULAR,Conductor,Masculino,NO,N/A,HERIDO,Choque,Desobedecer senales,Calle 39 D Sur Carrera 24 EE,EL CHINGU├ì,Urbana,"(6.154343948, -75.578021489)"
2173055,10/14/2017,11:50 a.m.,sábado,MOTOCICLETA,PARTICULAR,Motociclista,Masculino,NO,N/A,HERIDO,Choque,Desobedecer senales,Calle 39 D Sur Carrera 24 EE,EL CHINGU├ì,Urbana,"(6.154343948, -75.578021489)"
2173026,10/14/2017,2:44 p.m.,sábado,AUTOMOVIL,PARTICULAR,Conductor,Femenino,NO,N/A,SOLO DAÑOS,Choque,No mantener distancia de seguridad,Tramo 372 Kilometro  17,VEREDA PALMAS,Rural,
2173026,10/14/2017,2:44 p.m.,sábado,AUTOMOVIL,PARTICULAR,Conductor,Femenino,NO,N/A,SOLO DAÑOS,Choque,No mantener distancia de seguridad,Tramo 372 Kilometro  17,VEREDA PALMAS,Rural,
2173026,10/14/2017,2:44 p.m.,sábado,AUTOMOVIL,PARTICULAR,Conductor,Femenino,NO,N/A,SOLO DAÑOS,Choque,No mantener distancia de seguridad,Tramo 372 Kilometro  17,VEREDA PALMAS,Rural,
2173026,10/14/2017,2:44 p.m.,sábado,CAMIONETA,PARTICULAR,Conductor,Masculino,NO,N/A,SOLO DAÑOS,Choque,No mantener distancia de seguridad,Tramo 372 Kilometro  17,VEREDA PALMAS,Rural,
2173027,10/14/2017,2:40 p.m.,sábado,AUTOMOVIL,PARTICULAR,Conductor,Masculino,NO,N/A,SOLO DAÑOS,Choque,No mantener distancia de seguridad,Carrera 50 Calle 46 A Sur,LAS VEGAS,Urbana,"(6.16131219, -75.603198185)"
2173027,10/14/2017,2:40 p.m.,sábado,AUTOMOVIL,PARTICULAR,Conductor,Masculino,NO,N/A,SOLO DAÑOS,Choque,No mantener distancia de seguridad,Carrera 50 Calle 46 A Sur,LAS VEGAS,Urbana,"(6.16131219, -75.603198185)"
2173027,10/14/2017,2:40 p.m.,sábado,CAMPERO,PARTICULAR,Conductor,Masculino,NO,N/A,SOLO DAÑOS,Choque,No mantener distancia de seguridad,Carrera 50 Calle 46 A Sur,LAS VEGAS,Urbana,"(6.16131219, -75.603198185)"
2173051,10/14/2017,3:30 a.m.,sábado,AUTOMOVIL,PARTICULAR,Conductor,Masculino,NO,N/A,SOLO DAÑOS,Choque,Impericia en el manejo,Carrera 50 Calle 20  Sur,LAS VEGAS,Urbana,
2173047,10/14/2017,11:30 a.m.,sábado,CAMIONETA,PARTICULAR,Conductor,Masculino,NO,N/A,SOLO DAÑOS,Choque,No mantener distancia de seguridad,Carrera 43 A Calle 26  Sur,AVENIDA EL POBLADO,Urbana,"(6.180756284, -75.582954419)"
2173047,10/14/2017,11:30 a.m.,sábado,AUTOMOVIL,PARTICULAR,Conductor,Masculino,NO,N/A,SOLO DAÑOS,Choque,No mantener distancia de seguridad,Carrera 43 A Calle 26  Sur,AVENIDA EL POBLADO,Urbana,"(6.180756284, -75.582954419)"
2173043,10/14/2017,11:30 a.m.,sábado,CAMIONETA,PARTICULAR,Conductor,Masculino,NO,N/A,SOLO DAÑOS,Choque,No mantener distancia de seguridad,Tramo 372 Kilometro  15,VEREDA PALMAS,Rural,
2173043,10/14/2017,11:30 a.m.,sábado,AUTOMOVIL,PARTICULAR,Conductor,Masculino,NO,N/A,SOLO DAÑOS,Choque,No mantener distancia de seguridad,Tramo 372 Kilometro  15,VEREDA PALMAS,Rural,
2173053,10/14/2017,1:30 p.m.,sábado,BUS,PUBLICO,Conductor,Masculino,NO,N/A,HERIDO,Choque,Adelantar cerrando,Carrera 50 Calle 36  Sur,LAS VEGAS,Urbana,
2173053,10/14/2017,1:30 p.m.,sábado,AUTOMOVIL,PARTICULAR,Conductor,Masculino,NO,N/A,HERIDO,Choque,Adelantar cerrando,Carrera 50 Calle 36  Sur,LAS VEGAS,Urbana,
2173031,10/14/2017,3:13 a.m.,sábado,CAMPERO,PARTICULAR,Conductor,Masculino,NO,N/A,SOLO DAÑOS,Volcamiento,Exceso de velocidad,Tramo 372 Kilometro  13,VEREDA PALMAS,Rural,
2173054,10/14/2017,4:10 p.m.,sábado,MOTOCICLETA,PARTICULAR,Motociclista,Femenino,NO,N/A,HERIDO,Choque,Impericia en el manejo,Calle 37  Sur Carrera 49,LAS VEGAS,Urbana,"(6.174789471, -75.594204243)"
2173054,10/14/2017,4:10 p.m.,sábado,CAMIONETA,PARTICULAR,Conductor,Femenino,NO,N/A,HERIDO,Choque,Impericia en el manejo,Calle 37  Sur Carrera 49,LAS VEGAS,Urbana,"(6.174789471, -75.594204243)"
2173030,10/14/2017,7:50 p.m.,sábado,AUTOMOVIL,PUBLICO,Conductor,Masculino,NO,N/A,SOLO DAÑOS,Choque,No mantener distancia de seguridad,Calle 37  Sur Carrera 46,EL PORTAL,Urbana,"(6.172613713, -75.590909108)"
2173072,10/14/2017,11:00 a.m.,sábado,AUTOMOVIL,PUBLICO,Conductor,Masculino,NO,N/A,SOLO DAÑOS,Choque,Transporte de carga sin seguridad,Calle 41  Sur Carrera 24,EL SALADO,Urbana,"(6.152747542, -75.584448201)"
2173072,10/14/2017,11:00 a.m.,sábado,CAMIONETA,PARTICULAR,Conductor,Masculino,NO,N/A,SOLO DAÑOS,Choque,Transporte de carga sin seguridad,Calle 41  Sur Carrera 24,EL SALADO,Urbana,"(6.152747542, -75.584448201)"
2173048,10/14/2017,1:00 p.m.,sábado,MOTOCICLETA,PARTICULAR,Motociclista,Masculino,NO,N/A,SOLO DAÑOS,Choque,No mantener distancia de seguridad,Diagonal 31 D Transversal 32 C Sur,LA MAGNOLIA,Urbana,"(6.175500114, -75.580946797)"
2173048,10/14/2017,1:00 p.m.,sábado,AUTOMOVIL,PARTICULAR,Conductor,Femenino,NO,N/A,SOLO DAÑOS,Choque,No mantener distancia de seguridad,Diagonal 31 D Transversal 32 C Sur,LA MAGNOLIA,Urbana,"(6.175500114, -75.580946797)"