RADICADO,FECHA,HORA,DÍA DE LA SEMANA,CLASE DE VEHICULO,TIPO DE SERVICIO,TIPO DE VICTIMA,SEXO,ESTADO DE BEODEZ,RESULTADO DE BEODEZ,GRAVEDAD,CLASE DE ACCIDENTE,CAUSA,DIRECCIÓN,BARRIO,AREA,Coordenadas
2172469,08/27/2017,2:00 p.m.,domingo,AUTOMOVIL,PARTICULAR,Conductor,Masculino,NO,N/A,SOLO DAÑOS,Choque,No mantener distancia de seguridad,Diagonal 31 Transversal 32 A Sur,LA MAGNOLIA,Urbana,"(6.174681134, -75.578471041)"
2172469,08/27/2017,2:00 p.m.,domingo,AUTOMOVIL,PARTICULAR,Conductor,Masculino,NO,N/A,SOLO DAÑOS,Choque,No mantener distancia de seguridad,Diagonal 31 Transversal 32 A Sur,LA MAGNOLIA,Urbana,"(6.174681134, -75.578471041)"
2172471,08/27/2017,3:00 p.m.,domingo,AUTOMOVIL,PARTICULAR,Conductor,Masculino,NO,N/A,SOLO DAÑOS,Choque,No mantener distancia de seguridad,Calle 37  Sur Carrera 35,MESA,Urbana,"(6.167699744, -75.582707548)"
2172471,08/27/2017,3:00 p.m.,domingo,AUTOMOVIL,PUBLICO,Conductor,Masculino,NO,N/A,SOLO DAÑOS,Choque,No mantener distancia de seguridad,Calle 37  Sur Carrera 35,MESA,Urbana,"(6.167699744, -75.582707548)"
2172481,08/26/2017,9:55 a.m.,sábado,BICICLETA,N/A,Ciclista,Masculino,NO,N/A,HERIDO,Choque,No mantener distancia de seguridad,Calle 39 D Sur Carrera 24 A Sur,EL SALADO,Urbana,"(6.154343948, -75.578021489)"
2172487,08/26/2017,10:30 a.m.,sábado,CAMION,PUBLICO,Conductor,Masculino,NO,N/A,HERIDO,Choque,Transitar entre vehiculos,Carrera 50 Calle 39  Sur,LAS VEGAS,Urbana,
2172521,08/26/2017,1:40 p.m.,sábado,CAMIONETA,PARTICULAR,Conductor,Masculino,NO,N/A,SOLO DAÑOS,Choque,No mantener distancia de seguridad,Carrera 50 Calle 46 A Sur,LAS VEGAS,Urbana,"(6.16131219, -75.603198185)"
2172521,08/26/2017,1:40 p.m.,sábado,CAMPERO,PARTICULAR,Conductor,Masculino,NO,N/A,SOLO DAÑOS,Choque,No mantener distancia de seguridad,Carrera 50 Calle 46 A Sur,LAS VEGAS,Urbana,"(6.16131219, -75.603198185)"
2172491,08/26/2017,12:40 p.m.,sábado,MOTOCICLETA,PARTICULAR,Motociclista,Femenino,NO,N/A,HERIDO,Choque,No mantener distancia de seguridad,Calle 38  Sur Carrera 45 A,ALCALA,Urbana,"(6.17126287, -75.59030689)"
2172484,08/26/2017,4:30 p.m.,sábado,MOTOCICLETA,PARTICULAR,Motociclista,Masculino,NO,N/A,HERIDO,Choque,Adelantar cerrando,Tramo 372 Kilometro  16,VEREDA PALMAS,Rural,
2172484,08/26/2017,4:30 p.m.,sábado,MOTOCICLETA,PARTICULAR,Motociclista,Masculino,NO,N/A,HERIDO,Choque,Adelantar cerrando,Tramo 372 Kilometro  16,VEREDA PALMAS,Rural,
2172507,08/26/2017,3:20 p.m.,sábado,BUSETA,PUBLICO,Conductor,Masculino,NO,N/A,SOLO DAÑOS,Choque,Impericia en el manejo,Calle 41 AA Sur Carrera 28,SAN RAFAEL,Urbana,"(6.158256501, -75.584394264)"
2172507,08/26/2017,3:20 p.m.,sábado,AUTOMOVIL,PUBLICO,Conductor,Masculino,NO,N/A,SOLO DAÑOS,Choque,Impericia en el manejo,Calle 41 AA Sur Carrera 28,SAN RAFAEL,Urbana,"(6.158256501, -75.584394264)"
2172506,08/26/2017,5:00 p.m.,sábado,AUTOMOVIL,PARTICULAR,Conductor,Masculino,NO,N/A,SOLO DAÑOS,Choque,Adelantar cerrando,Carrera 50 Calle 37  Sur,LAS VEGAS,Urbana,
2172506,08/26/2017,5:00 p.m.,sábado,CAMIONETA,PARTICULAR,Conductor,Masculino,NO,N/A,SOLO DAÑOS,Choque,Adelantar cerrando,Carrera 50 Calle 37  Sur,LAS VEGAS,Urbana,
2172482,08/26/2017,6:00 p.m.,sábado,MOTOCICLETA,DIPLOMATICO,Motociclista,Masculino,NO,N/A,HERIDO,Caida Ocupante,Impericia en el manejo,Tramo 378 Kilometro  7,EL SALADO,Rural,
2172508,08/26/2017,10:40 p.m.,sábado,AUTOMOVIL,PARTICULAR,Conductor,Masculino,NO,N/A,SOLO DAÑOS,Choque,Girar bruscamente,Calle 41 AA Sur Carrera 28,SAN RAFAEL,Urbana,"(6.158256501, -75.584394264)"
2172508,08/26/2017,10:40 p.m.,sábado,AUTOMOVIL,PUBLICO,Conductor,Masculino,NO,N/A,SOLO DAÑOS,Choque,Girar bruscamente,Calle 41 AA Sur Carrera 28,SAN RAFAEL,Urbana,"(6.158256501, -75.584394264)"
2172487,08/26/2017,10:30 a.m.,sábado,BICICLETA,N/A,Ciclista,Masculino,NO,N/A,HERIDO,Choque,No mantener distancia de seguridad,Carrera 50 Calle 39  Sur,LAS VEGAS,Urbana,
2172481,08/26/2017,9:55 a.m.,sábado,AUTOMOVIL,PARTICULAR,Conductor,Masculino,NO,N/A,HERIDO,Choque,No mantener distancia de seguridad,Calle 39 D Sur Carrera 24 A Sur,EL SALADO,Urbana,"(6.154343948, -75.578021489)"
2172504,08/26/2017,4:50 p.m.,sábado,MOTOCICLETA,PARTICULAR,Motociclista,Masculino,NO,N/A,SOLO DAÑOS,Choque,No respetar pelacion de interseccion o giros,Calle 24  Sur Carrera 39,ZU├æIGA,Urbana,"(6.17880652, -75.574624068)"
2172504,08/26/2017,4:50 p.m.,sábado,AUTOMOVIL,PARTICULAR,Conductor,Femenino,NO,N/A,SOLO DAÑOS,Choque,No respetar pelacion de interseccion o giros,Calle 24  Sur Carrera 39,ZU├æIGA,Urbana,"(6.17880652, -75.574624068)"
2172505,08/26/2017,9:50 p.m.,sábado,AUTOMOVIL,PARTICULAR,Conductor,Masculino,NO,N/A,SOLO DAÑOS,Choque,No mantener distancia de seguridad,Carrera 43 A Transversal 27 A Sur,VILLA GRANDE,Urbana,"(6.178993539, -75.583605914)"
2172505,08/26/2017,9:50 p.m.,sábado,AUTOMOVIL,PARTICULAR,Conductor,Masculino,NO,N/A,SOLO DAÑOS,Choque,No mantener distancia de seguridad,Carrera 43 A Transversal 27 A Sur,VILLA GRANDE,Urbana,"(6.178993539, -75.583605914)"
2172505,08/26/2017,9:50 p.m.,sábado,AUTOMOVIL,PARTICULAR,Conductor,Masculino,NO,N/A,SOLO DAÑOS,Choque,No mantener distancia de seguridad,Carrera 43 A Transversal 27 A Sur,VILLA GRANDE,Urbana,"(6.178993539, -75.583605914)"
2172491,08/26/2017,12:40 p.m.,sábado,AUTOMOVIL,PARTICULAR,Conductor,Masculino,NO,N/A,HERIDO,Choque,No mantener distancia de seguridad,Calle 38  Sur Carrera 45 A,ALCALA,Urbana,"(6.17126287, -75.59030689)"
2172509,08/26/2017,9:30 p.m.,sábado,CAMIONETA,PARTICULAR,Conductor,Masculino,NO,N/A,SOLO DAÑOS,Choque,Poner en marcha un vehiculo sin precauci,Carrera 43 A Calle 27 A Sur,VILLA GRANDE,Urbana,"(6.178993539, -75.583605914)"
2172509,08/26/2017,9:30 p.m.,sábado,AUTOMOVIL,PARTICULAR,Conductor,Femenino,NO,N/A,SOLO DAÑOS,Choque,Impericia en el manejo,Carrera 43 A Calle 27 A Sur,VILLA GRANDE,Urbana,"(6.178993539, -75.583605914)"
2172509,08/26/2017,9:30 p.m.,sábado,AUTOMOVIL,PARTICULAR,Conductor,Femenino,NO,N/A,SOLO DAÑOS,Choque,Poner en marcha un vehiculo sin precauci,Carrera 43 A Calle 27 A Sur,VILLA GRANDE,Urbana,"(6.178993539, -75.583605914)"
2172509,08/26/2017,9:30 p.m.,sábado,CAMIONETA,PARTICULAR,Conductor,Masculino,NO,N/A,SOLO DAÑOS,Choque,Impericia en el manejo,Carrera 43 A Calle 27 A Sur,VILLA GRANDE,Urbana,"(6.178993539, -75.583605914)"
2172510,08/26/2017,10:30 a.m.,sábado,MOTOCICLETA,PARTICULAR,Motociclista,Masculino,NO,N/A,HERIDO,Choque,No respetar prelacion,Calle 45 B Sur Carrera 38,LAS ANTILLAS,Urbana,"(6.156508956, -75.589876613)"
2172510,08/26/2017,10:30 a.m.,sábado,AUTOMOVIL,PARTICULAR,Conductor,Masculino,NO,N/A,HERIDO,Choque,No respetar prelacion,Calle 45 B Sur Carrera 38,LAS ANTILLAS,Urbana,"(6.156508956, -75.589876613)"
2172487,08/26/2017,10:30 a.m.,sábado,CAMION,PUBLICO,Conductor,Masculino,NO,N/A,HERIDO,Choque,No mantener distancia de seguridad,Carrera 50 Calle 39  Sur,LAS VEGAS,Urbana,
2172487,08/26/2017,10:30 a.m.,sábado,BICICLETA,N/A,Ciclista,Masculino,NO,N/A,HERIDO,Choque,Transitar entre vehiculos,Carrera 50 Calle 39  Sur,LAS VEGAS,Urbana,
2172496,08/25/2017,10:15 a.m.,viernes,AUTOMOVIL,PUBLICO,Conductor,Masculino,NO,N/A,SOLO DAÑOS,Choque,Desobedecer senales,Carrera 43 A Calle 26  Sur,VILLA GRANDE,Urbana,"(6.180756284, -75.582954419)"
2172496,08/25/2017,10:15 a.m.,viernes,CAMPERO,PARTICULAR,Conductor,Masculino,NO,N/A,SOLO DAÑOS,Choque,Desobedecer senales,Carrera 43 A Calle 26  Sur,VILLA GRANDE,Urbana,"(6.180756284, -75.582954419)"
2172502,08/25/2017,10:10 a.m.,viernes,AUTOMOVIL,PARTICULAR,Conductor,Femenino,NO,N/A,SOLO DAÑOS,Choque,Impericia en el manejo,Carrera 48 Calle 25 AA Sur,LAS VEGAS,Urbana,"(6.183765745, -75.584690349)"
2172502,08/25/2017,10:10 a.m.,viernes,AUTOMOVIL,PARTICULAR,Conductor,Masculino,NO,N/A,SOLO DAÑOS,Choque,Impericia en el manejo,Carrera 48 Calle 25 AA Sur,LAS VEGAS,Urbana,"(6.183765745, -75.584690349)"
2172502,08/25/2017,10:10 a.m.,viernes,AUTOMOVIL,PARTICULAR,Conductor,Femenino,NO,N/A,SOLO DAÑOS,Choque,Impericia en el manejo,Carrera 48 Calle 25 AA Sur,LAS VEGAS,Urbana,"(6.183765745, -75.584690349)"
2172472,08/25/2017,7:10 a.m.,viernes,CAMION,OFICIAL,Conductor,Masculino,NO,N/A,SOLO DAÑOS,Choque,No mantener distancia de seguridad,Calle 37  Sur Carrera 49,LAS VEGAS,Urbana,"(6.174789471, -75.594204243)"
2172472,08/25/2017,7:10 a.m.,viernes,CAMION,PUBLICO,Conductor,Masculino,NO,N/A,SOLO DAÑOS,Choque,No mantener distancia de seguridad,Calle 37  Sur Carrera 49,LAS VEGAS,Urbana,"(6.174789471, -75.594204243)"
2172480,08/25/2017,7:30 p.m.,viernes,MOTOCICLETA,PARTICULAR,Motociclista,Masculino,NO,N/A,SOLO DAÑOS,Choque,No respetar prelacion,Tramo 373 Kilometro  10,VEREDA PALMAS,Rural,
2172480,08/25/2017,7:30 p.m.,viernes,AUTOMOVIL,PARTICULAR,Conductor,Femenino,NO,N/A,SOLO DAÑOS,Choque,No respetar prelacion,Tramo 373 Kilometro  10,VEREDA PALMAS,Rural,
2172494,08/25/2017,7:00 p.m.,viernes,MOTOCICLETA,DIPLOMATICO,Motociclista,Femenino,NO,N/A,HERIDO,Caida Ocupante,Impericia en el manejo,Calle 38 A Sur Carrera 37,MESA,Urbana,"(6.167015309, -75.584620694)"
2172488,08/25/2017,10:00 p.m.,viernes,MOTOCICLETA,PARTICULAR,Motociclista,Masculino,NO,N/A,HERIDO,Choque,Transitar entre vehiculos,Carrera 29 A Calle 39  Sur,SAN JOSE,Urbana,"(6.163897984, -75.580877179)"
2172488,08/25/2017,10:00 p.m.,viernes,AUTOMOVIL,PARTICULAR,Conductor,Masculino,NO,N/A,HERIDO,Choque,Transitar entre vehiculos,Carrera 29 A Calle 39  Sur,SAN JOSE,Urbana,"(6.163897984, -75.580877179)"
2172497,08/25/2017,6:40 p.m.,viernes,AUTOMOVIL,PARTICULAR,Conductor,Masculino,NO,N/A,SOLO DAÑOS,Choque,Obstaculos en la via,Calle 38 A Sur Carrera 42,ZONA CENTRO,Urbana,"(6.169022232, -75.587722385)"
2172503,08/25/2017,1:50 p.m.,viernes,AUTOMOVIL,PARTICULAR,Conductor,Femenino,NO,N/A,SOLO DAÑOS,Choque,Desobedecer senales,Carrera 39 B Calle 46 D Sur,EL TRIANON,Urbana,"(6.158710047, -75.591879201)"
2172503,08/25/2017,1:50 p.m.,viernes,AUTOMOVIL,PARTICULAR,Conductor,Masculino,NO,N/A,SOLO DAÑOS,Choque,Desobedecer senales,Carrera 39 B Calle 46 D Sur,EL TRIANON,Urbana,"(6.158710047, -75.591879201)"
2172478,08/25/2017,5:50 a.m.,viernes,CAMIONETA,PARTICULAR,Conductor,Masculino,NO,N/A,HERIDO,Choque,Girar bruscamente,Diagonal 31 Transversal 32 A,LA MAGNOLIA,Urbana,"(6.174681134, -75.578471041)"
2172478,08/25/2017,5:50 a.m.,viernes,MOTOCICLETA,PARTICULAR,Motociclista,Masculino,NO,N/A,HERIDO,Choque,Girar bruscamente,Diagonal 31 Transversal 32 A,LA MAGNOLIA,Urbana,"(6.174681134, -75.578471041)"
2172477,08/25/2017,3:15 a.m.,viernes,BUS,PUBLICO,Conductor,Masculino,NO,N/A,MUERTO,Choque,Adelantar invadiendo carril del mismo sentido en zigzag,Tramo 373 Kilometro  7,VEREDA PALMAS,Rural,
2172477,08/25/2017,3:15 a.m.,viernes,CAMIONETA,PUBLICO,Conductor,Masculino,NO,N/A,MUERTO,Choque,Adelantar invadiendo carril del mismo sentido en zigzag,Tramo 373 Kilometro  7,VEREDA PALMAS,Rural,
2173085,08/24/2017,3:10 p.m.,jueves,CAMPERO,PARTICULAR,Conductor,Masculino,NO,N/A,HERIDO,Choque,Impericia en el manejo,Carrera 25 B Calle 23  Sur,EL ESMERALDAL,Urbana,"(6.170994915, -75.565801178)"
2173085,08/24/2017,3:10 p.m.,jueves,MOTOCICLETA,PARTICULAR,Motociclista,Masculino,NO,N/A,HERIDO,Choque,Impericia en el manejo,Carrera 25 B Calle 23  Sur,EL ESMERALDAL,Urbana,"(6.170994915, -75.565801178)"
2172495,08/24/2017,9:10 a.m.,jueves,AUTOMOVIL,PARTICULAR,Conductor,Masculino,NO,N/A,SOLO DAÑOS,Choque,No mantener distancia de seguridad,Carrera 48 Calle 25 AA Sur,VILLA GRANDE,Urbana,"(6.183765745, -75.584690349)"
2172495,08/24/2017,9:10 a.m.,jueves,MOTOCICLETA,PARTICULAR,Motociclista,Masculino,NO,N/A,SOLO DAÑOS,Choque,No mantener distancia de seguridad,Carrera 48 Calle 25 AA Sur,VILLA GRANDE,Urbana,"(6.183765745, -75.584690349)"
2172474,08/24/2017,2:34 p.m.,jueves,AUTOMOVIL,PARTICULAR,Conductor,Femenino,NO,N/A,SOLO DAÑOS,Choque,Impericia en el manejo,Tramo 372 Kilometro  14,VEREDA PALMAS,Rural,
2172475,08/24/2017,3:35 p.m.,jueves,MOTOCICLETA,PARTICULAR,Motociclista,Femenino,NO,N/A,SOLO DAÑOS,Choque,No mantener distancia de seguridad,Carrera 29 Calle 39  Sur,SAN JOSE,Urbana,"(6.161971924, -75.581617849)"
2172475,08/24/2017,3:35 p.m.,jueves,AUTOMOVIL,PARTICULAR,Conductor,Femenino,NO,N/A,SOLO DAÑOS,Choque,No mantener distancia de seguridad,Carrera 29 Calle 39  Sur,SAN JOSE,Urbana,"(6.161971924, -75.581617849)"
2172473,08/24/2017,3:30 p.m.,jueves,AUTOMOVIL,PARTICULAR,Conductor,Femenino,NO,N/A,SOLO DAÑOS,Choque,Exceso de velocidad,Tramo 372 Kilometro  1,VEREDA PALMAS,Rural,
2172473,08/24/2017,3:30 p.m.,jueves,BUS,PUBLICO,Conductor,Masculino,NO,N/A,SOLO DAÑOS,Choque,Exceso de velocidad,Tramo 372 Kilometro  1,VEREDA PALMAS,Rural,
2172464,08/24/2017,7:20 a.m.,jueves,BUSETA,PUBLICO,Conductor,Masculino,NO,N/A,HERIDO,Atropello,Exceso de velocidad,Carrera 43 A Calle 38 A Sur,ZONA CENTRO,Urbana,"(6.169698887, -75.589058765)"
2172464,08/24/2017,7:20 a.m.,jueves,BUSETA,PUBLICO,Conductor,Masculino,NO,N/A,HERIDO,Atropello,Cruzar sin observar,Carrera 43 A Calle 38 A Sur,ZONA CENTRO,Urbana,"(6.169698887, -75.589058765)"
2172512,08/24/2017,7:14 a.m.,jueves,MOTOCICLETA,PARTICULAR,Motociclista,Masculino,NO,N/A,SOLO DAÑOS,Choque,Adelantar en zona prohibida,Calle 36 D Sur Carrera 27 A,VEREDA EL ESCOBERO,Urbana,"(6.164831751, -75.574234965)"
2172512,08/24/2017,7:14 a.m.,jueves,AUTOMOVIL,PARTICULAR,Conductor,Femenino,NO,N/A,SOLO DAÑOS,Choque,Adelantar en zona prohibida,Calle 36 D Sur Carrera 27 A,VEREDA EL ESCOBERO,Urbana,"(6.164831751, -75.574234965)"
2172462,08/23/2017,10:20 a.m.,miércoles,AUTOMOVIL,PARTICULAR,Conductor,Masculino,NO,N/A,HERIDO,Choque,No mantener distancia de seguridad,Calle 40 F Sur Carrera 24 B,LA MINA,Urbana,"(6.156115722, -75.582407469)"
2172455,08/23/2017,9:50 a.m.,miércoles,CAMPERO,PARTICULAR,Conductor,Masculino,NO,N/A,SOLO DAÑOS,Choque,No mantener distancia de seguridad,Carrera 50 Calle 43  Sur,LAS VEGAS,Urbana,
2172455,08/23/2017,9:50 a.m.,miércoles,MOTOCICLETA,PARTICULAR,Motociclista,Masculino,NO,N/A,SOLO DAÑOS,Choque,No mantener distancia de seguridad,Carrera 50 Calle 43  Sur,LAS VEGAS,Urbana,
2172476,08/23/2017,7:55 a.m.,miércoles,AUTOMOVIL,PARTICULAR,Conductor,Femenino,NO,N/A,SOLO DAÑOS,Choque,Girar bruscamente,Tramo 372 Kilometro  17,VEREDA PALMAS,Rural,
2172476,08/23/2017,7:55 a.m.,miércoles,CAMPERO,PARTICULAR,Conductor,Masculino,NO,N/A,SOLO DAÑOS,Choque,Girar bruscamente,Tramo 372 Kilometro  17,VEREDA PALMAS,Rural,
2172493,08/23/2017,8:50 a.m.,miércoles,CAMIONETA,PARTICULAR,Conductor,Femenino,NO,N/A,SOLO DAÑOS,Choque,Adelantar cerrando,Calle 38  Sur Carrera 41,ZONA CENTRO,Urbana,"(6.169244976, -75.586588065)"
2172493,08/23/2017,8:50 a.m.,miércoles,CAMION,PUBLICO,Conductor,Masculino,NO,N/A,SOLO DAÑOS,Choque,Adelantar cerrando,Calle 38  Sur Carrera 41,ZONA CENTRO,Urbana,"(6.169244976, -75.586588065)"
2172486,08/23/2017,6:57 a.m.,miércoles,AUTOMOVIL,PARTICULAR,Conductor,Masculino,NO,N/A,SOLO DAÑOS,Choque,No mantener distancia de seguridad,Carrera 42 B Calle 46  Sur,LA PAZ,Urbana,"(6.162296208, -75.594293177)"
2172486,08/23/2017,6:57 a.m.,miércoles,BUS,PUBLICO,Conductor,Masculino,NO,N/A,SOLO DAÑOS,Choque,No mantener distancia de seguridad,Carrera 42 B Calle 46  Sur,LA PAZ,Urbana,"(6.162296208, -75.594293177)"
2172483,08/23/2017,6:50 a.m.,miércoles,MOTOCICLETA,PARTICULAR,Motociclista,Masculino,NO,N/A,SOLO DAÑOS,Choque,Transitar entre vehiculos,Carrera 43 A Calle 36  Sur,ZONA CENTRO,Urbana,"(6.171753325, -75.587727675)"
2172483,08/23/2017,6:50 a.m.,miércoles,AUTOMOVIL,PARTICULAR,Conductor,Masculino,NO,N/A,SOLO DAÑOS,Choque,Transitar entre vehiculos,Carrera 43 A Calle 36  Sur,ZONA CENTRO,Urbana,"(6.171753325, -75.587727675)"
2172489,08/23/2017,9:30 a.m.,miércoles,AUTOMOVIL,PARTICULAR,Conductor,Masculino,NO,N/A,SOLO DAÑOS,Choque,No mantener distancia de seguridad,Calle 37  Sur Carrera 32,MESA,Urbana,"(6.166691719, -75.581185995)"
2172489,08/23/2017,9:30 a.m.,miércoles,CAMIONETA,PUBLICO,Conductor,Masculino,NO,N/A,SOLO DAÑOS,Choque,No mantener distancia de seguridad,Calle 37  Sur Carrera 32,MESA,Urbana,"(6.166691719, -75.581185995)"
2172489,08/23/2017,9:30 a.m.,miércoles,CAMIONETA,DIPLOMATICO,Conductor,Masculino,NO,N/A,SOLO DAÑOS,Choque,No mantener distancia de seguridad,Calle 37  Sur Carrera 32,MESA,Urbana,"(6.166691719, -75.581185995)"
2172462,08/23/2017,10:20 a.m.,miércoles,MOTOCICLETA,PARTICULAR,Motociclista,Masculino,NO,N/A,HERIDO,Choque,No mantener distancia de seguridad,Calle 40 F Sur Carrera 24 B,LA MINA,Urbana,"(6.156115722, -75.582407469)"
2172485,08/23/2017,2:20 p.m.,miércoles,AUTOMOVIL,PARTICULAR,Conductor,Masculino,NO,N/A,SOLO DAÑOS,Choque,Reverso imprudente,Carrera 49 Calle 32 B Sur,GLORIETA DE PELDAR,Urbana,
2172485,08/23/2017,2:20 p.m.,miércoles,AUTOMOVIL,PARTICULAR,Conductor,Femenino,NO,N/A,SOLO DAÑOS,Choque,Reverso imprudente,Carrera 49 Calle 32 B Sur,GLORIETA DE PELDAR,Urbana,
2172492,08/23/2017,11:00 a.m.,miércoles,AUTOMOVIL,PUBLICO,Conductor,Masculino,NO,N/A,SOLO DAÑOS,Otro,Impericia en el manejo,Calle 36  Sur Carrera 27 A,VEREDA EL ESCOBERO,Urbana,"(6.167592229, -75.570654593)"
2172492,08/23/2017,11:00 a.m.,miércoles,CAMIONETA,PARTICULAR,Conductor,Masculino,NO,N/A,SOLO DAÑOS,Otro,Impericia en el manejo,Calle 36  Sur Carrera 27 A,VEREDA EL ESCOBERO,Urbana,"(6.167592229, -75.570654593)"
2172490,08/23/2017,7:10 p.m.,miércoles,BICICLETA,N/A,Ciclista,Masculino,NO,N/A,SOLO DAÑOS,Choque,Desobedecer senales,Carrera 41 Calle 44  Sur,EL DORADO,Urbana,"(6.163946425, -75.590904342)"
2172490,08/23/2017,7:10 p.m.,miércoles,AUTOMOVIL,PARTICULAR,Conductor,Femenino,NO,N/A,SOLO DAÑOS,Choque,Desobedecer senales,Carrera 41 Calle 44  Sur,EL DORADO,Urbana,"(6.163946425, -75.590904342)"
2172450,08/22/2017,6:40 a.m.,martes,CAMPERO,PARTICULAR,Conductor,Femenino,NO,N/A,HERIDO,Choque,Impericia en el manejo,Tramo 373 Kilometro  7,VEREDA PALMAS,Rural,
2172439,08/22/2017,9:20 a.m.,martes,CAMPERO,PARTICULAR,Conductor,Femenino,NO,N/A,SOLO DAÑOS,Choque,Transitar en contravia,Carrera 46 Calle 22  Sur,ZU├æIGA,Urbana,"(6.183646796, -75.582343052)"
2172439,08/22/2017,9:20 a.m.,martes,AUTOMOVIL,PARTICULAR,Conductor,Masculino,NO,N/A,SOLO DAÑOS,Choque,Transitar en contravia,Carrera 46 Calle 22  Sur,ZU├æIGA,Urbana,"(6.183646796, -75.582343052)"
2172460,08/22/2017,5:10 p.m.,martes,BUS,PUBLICO,Conductor,Masculino,NO,N/A,HERIDO,Caida Ocupante,Dejar/recoger pasajeros sitio no demarca,Carrera 43 A Calle 31  Sur,LA MAGNOLIA,Urbana,"(6.176754685, -75.585468966)"
2172465,08/22/2017,8:00 p.m.,martes,MOTOCICLETA,PARTICULAR,Motociclista,Masculino,NO,N/A,HERIDO,Atropello,Exceso de velocidad,Carrera 41 Calle 36  Sur,ZONA CENTRO,Urbana,"(6.170520335, -75.585754245)"
2172465,08/22/2017,8:00 p.m.,martes,MOTOCICLETA,PARTICULAR,Motociclista,Masculino,NO,N/A,HERIDO,Atropello,Cruzar sin observar,Carrera 41 Calle 36  Sur,ZONA CENTRO,Urbana,"(6.170520335, -75.585754245)"
2172479,08/22/2017,10:00 a.m.,martes,AUTOMOVIL,PUBLICO,Conductor,Masculino,NO,N/A,SOLO DAÑOS,Choque,Girar bruscamente,Calle 37  Sur Carrera 48,PUENTE FUNDADORES,Urbana,"(6.17412211, -75.593061115)"
2172479,08/22/2017,10:00 a.m.,martes,CAMIONETA,PARTICULAR,Conductor,Femenino,NO,N/A,SOLO DAÑOS,Choque,Girar bruscamente,Calle 37  Sur Carrera 48,PUENTE FUNDADORES,Urbana,"(6.17412211, -75.593061115)"
2172454,08/22/2017,7:00 a.m.,martes,CAMIONETA,PUBLICO,Conductor,Masculino,NO,N/A,SOLO DAÑOS,Choque,Girar bruscamente,Calle 25  Sur Carrera 47,ZU├æIGA,Urbana,
2172454,08/22/2017,7:00 a.m.,martes,AUTOMOVIL,PARTICULAR,Conductor,Masculino,NO,N/A,SOLO DAÑOS,Choque,Girar bruscamente,Calle 25  Sur Carrera 47,ZU├æIGA,Urbana,
2172452,08/22/2017,4:00 p.m.,martes,AUTOMOVIL,PARTICULAR,Conductor,Femenino,NO,N/A,SOLO DAÑOS,Choque,Reverso imprudente,Calle 32  Sur Carrera 47,EL PORTAL,Urbana,"(6.17760103, -75.589482581)"
2172452,08/22/2017,4:00 p.m.,martes,AUTOMOVIL,PARTICULAR,Conductor,Masculino,NO,N/A,SOLO DAÑOS,Choque,Reverso imprudente,Calle 32  Sur Carrera 47,EL PORTAL,Urbana,"(6.17760103, -75.589482581)"
2172453,08/22/2017,3:00 p.m.,martes,AUTOMOVIL,PARTICULAR,Conductor,Masculino,NO,N/A,SOLO DAÑOS,Choque,Reverso imprudente,Calle 40 B Sur Carrera 45 F,ALCALA,Urbana,"(6.168139284, -75.593241178)"
2172453,08/22/2017,3:00 p.m.,martes,BUS,PUBLICO,Conductor,Masculino,NO,N/A,SOLO DAÑOS,Choque,Reverso imprudente,Calle 40 B Sur Carrera 45 F,ALCALA,Urbana,"(6.168139284, -75.593241178)"
2172517,08/22/2017,3:30 p.m.,martes,AUTOMOVIL,PARTICULAR,Conductor,Femenino,NO,N/A,SOLO DAÑOS,Choque,No mantener distancia de seguridad,Tramo 373 Kilometro  8,VEREDA PALMAS,Rural,
2172447,08/22/2017,9:30 a.m.,martes,AUTOMOVIL,PARTICULAR,Conductor,Masculino,NO,N/A,HERIDO,Choque,No mantener distancia de seguridad,Calle 37  Sur Carrera 50,LAS VEGAS,Urbana,
2172447,08/22/2017,9:30 a.m.,martes,MOTOCICLETA,PARTICULAR,Motociclista,Femenino,NO,N/A,HERIDO,Choque,No mantener distancia de seguridad,Calle 37  Sur Carrera 50,LAS VEGAS,Urbana,
2172449,08/22/2017,10:40 a.m.,martes,AUTOMOVIL,PARTICULAR,Conductor,Masculino,NO,N/A,HERIDO,Atropello,Cruzar sin observar,Carrera 40 A Calle 40 DD Sur,EL DORADO,Urbana,"(6.165262871, -75.588962253)"
2172448,08/22/2017,7:45 a.m.,martes,AUTOMOVIL,PARTICULAR,Conductor,Masculino,NO,N/A,HERIDO,Choque,Adelantar cerrando,Carrera 47 Calle 20  Sur,ZONA CENTRO,Urbana,"(6.185657752, -75.581745219)"
2172448,08/22/2017,7:45 a.m.,martes,MOTOCICLETA,PARTICULAR,Motociclista,Femenino,NO,N/A,HERIDO,Choque,Adelantar cerrando,Carrera 47 Calle 20  Sur,ZONA CENTRO,Urbana,"(6.185657752, -75.581745219)"
2172437,08/22/2017,7:50 a.m.,martes,AUTOMOVIL,PARTICULAR,Conductor,Masculino,NO,N/A,SOLO DAÑOS,Choque,No mantener distancia de seguridad,Carrera 50 Calle 46 A Sur,LAS VEGAS,Urbana,"(6.16131219, -75.603198185)"