RADICADO,FECHA,HORA,DÍA DE LA SEMANA,CLASE DE VEHICULO,TIPO DE SERVICIO,TIPO DE VICTIMA,SEXO,ESTADO DE BEODEZ,RESULTADO DE BEODEZ,GRAVEDAD,CLASE DE ACCIDENTE,CAUSA,DIRECCIÓN,BARRIO,AREA,Coordenadas
2172437,08/22/2017,7:50 a.m.,martes,AUTOMOVIL,PARTICULAR,Conductor,Femenino,NO,N/A,SOLO DAÑOS,Choque,No mantener distancia de seguridad,Carrera 50 Calle 46 A Sur,LAS VEGAS,Urbana,"(6.16131219, -75.603198185)"
2172517,08/22/2017,3:30 p.m.,martes,MOTOCICLETA,PARTICULAR,Motociclista,Masculino,NO,N/A,SOLO DAÑOS,Choque,No mantener distancia de seguridad,Tramo 373 Kilometro  8,VEREDA PALMAS,Rural,
2172437,08/22/2017,7:50 a.m.,martes,AUTOMOVIL,PARTICULAR,Conductor,Femenino,NO,N/A,SOLO DAÑOS,Choque,No mantener distancia de seguridad,Carrera 50 Calle 46 A Sur,LAS VEGAS,Urbana,"(6.16131219, -75.603198185)"
2172428,08/21/2017,9:50 p.m.,lunes,AUTOMOVIL,PARTICULAR,Conductor,Masculino,NO,N/A,SOLO DAÑOS,Choque,No mantener distancia de seguridad,Calle 38  Sur Carrera 48,LAS VEGAS,Urbana,
2172428,08/21/2017,9:50 p.m.,lunes,AUTOMOVIL,PARTICULAR,Conductor,Masculino,NO,N/A,SOLO DAÑOS,Choque,No mantener distancia de seguridad,Calle 38  Sur Carrera 48,LAS VEGAS,Urbana,
2172440,08/21/2017,4:45 p.m.,lunes,AUTOMOVIL,PARTICULAR,Conductor,Femenino,NO,N/A,SOLO DAÑOS,Choque,No respetar prelacion,Calle 39  Sur Carrera 40,ZONA CENTRO,Urbana,"(6.167409609, -75.586720978)"
2172440,08/21/2017,4:45 p.m.,lunes,AUTOMOVIL,PARTICULAR,Conductor,Masculino,NO,N/A,SOLO DAÑOS,Choque,No respetar prelacion,Calle 39  Sur Carrera 40,ZONA CENTRO,Urbana,"(6.167409609, -75.586720978)"
2172438,08/21/2017,7:05 p.m.,lunes,AUTOMOVIL,PARTICULAR,Conductor,Masculino,NO,N/A,SOLO DAÑOS,Choque,Impericia en el manejo,Carrera 27 D Calle 34 DD Sur,LA INMACULADA,Urbana,"(6.170304561, -75.575582363)"
2172438,08/21/2017,7:05 p.m.,lunes,AUTOMOVIL,PARTICULAR,Conductor,Masculino,NO,N/A,SOLO DAÑOS,Choque,Impericia en el manejo,Carrera 27 D Calle 34 DD Sur,LA INMACULADA,Urbana,"(6.170304561, -75.575582363)"
2172463,08/20/2017,11:05 a.m.,domingo,CAMPERO,PARTICULAR,Conductor,Femenino,NO,N/A,SOLO DAÑOS,Choque,Adelantar cerrando,Calle 33 B Sur Carrera 42,ZONA CENTRO,Urbana,"(6.17255447, -75.585549568)"
2172418,08/20/2017,1:20 p.m.,domingo,CAMPERO,PARTICULAR,Conductor,Femenino,NO,N/A,SOLO DAÑOS,Choque,No mantener distancia de seguridad,Tramo 373 Kilometro  9,VEREDA PALMAS,Rural,
2172418,08/20/2017,1:20 p.m.,domingo,CAMPERO,PARTICULAR,Conductor,Femenino,NO,N/A,SOLO DAÑOS,Choque,No mantener distancia de seguridad,Tramo 373 Kilometro  9,VEREDA PALMAS,Rural,
2172429,08/20/2017,9:40 p.m.,domingo,MOTOCICLETA,PARTICULAR,Motociclista,Masculino,NO,N/A,SOLO DAÑOS,Choque,Girar bruscamente,Carrera 27 Calle 28  Sur,LA INMACULADA,Urbana,"(6.171086787, -75.569080997)"
2172429,08/20/2017,9:40 p.m.,domingo,CAMPERO,PARTICULAR,Conductor,Masculino,NO,N/A,SOLO DAÑOS,Choque,Girar bruscamente,Carrera 27 Calle 28  Sur,LA INMACULADA,Urbana,"(6.171086787, -75.569080997)"
2172433,08/20/2017,11:20 a.m.,domingo,AUTOMOVIL,PARTICULAR,Conductor,Masculino,NO,N/A,SOLO DAÑOS,Choque,No mantener distancia de seguridad,Tramo 372 Kilometro  13,VEREDA PALMAS,Rural,
2172425,08/20/2017,10:30 p.m.,domingo,MOTOCICLETA,PARTICULAR,Motociclista,Masculino,NO,N/A,SOLO DAÑOS,Choque,No mantener distancia de seguridad,Carrera 43 A Calle 37  Sur,ZONA CENTRO,Urbana,"(6.171024704, -75.588164697)"
2172425,08/20/2017,10:30 p.m.,domingo,AUTOMOVIL,PARTICULAR,Conductor,Masculino,NO,N/A,SOLO DAÑOS,Choque,No mantener distancia de seguridad,Carrera 43 A Calle 37  Sur,ZONA CENTRO,Urbana,"(6.171024704, -75.588164697)"
2172431,08/20/2017,7:50 a.m.,domingo,AUTOMOVIL,PARTICULAR,Conductor,Masculino,NO,N/A,SOLO DAÑOS,Choque,Impericia en el manejo,Carrera 50 Calle 37  Sur,LAS VEGAS,Urbana,
2172420,08/20/2017,12:00 p.m.,domingo,MOTOCICLETA,PARTICULAR,Motociclista,Masculino,NO,N/A,SOLO DAÑOS,Choque,Transitar en contravia,Diagonal 29 Transversal 34 F Sur,LA SEBASTIANA,Urbana,"(6.169949011, -75.577578888)"
2172431,08/20/2017,7:50 a.m.,domingo,BUS,PUBLICO,Conductor,Masculino,NO,N/A,SOLO DAÑOS,Choque,Impericia en el manejo,Carrera 50 Calle 37  Sur,LAS VEGAS,Urbana,
2172461,08/20/2017,2:00 p.m.,domingo,BUS,PUBLICO,Conductor,Masculino,NO,N/A,SOLO DAÑOS,Choque,No mantener distancia de seguridad,Calle 40  Sur Carrera 48,LAS VEGAS,Urbana,"(6.158744179, -75.594597118)"
2172461,08/20/2017,2:00 p.m.,domingo,BUS,PUBLICO,Conductor,Masculino,NO,N/A,SOLO DAÑOS,Choque,No mantener distancia de seguridad,Calle 40  Sur Carrera 48,LAS VEGAS,Urbana,"(6.158744179, -75.594597118)"
2172463,08/20/2017,11:05 a.m.,domingo,CAMION,PUBLICO,Conductor,Masculino,NO,N/A,SOLO DAÑOS,Choque,Adelantar cerrando,Calle 33 B Sur Carrera 42,ZONA CENTRO,Urbana,"(6.17255447, -75.585549568)"
2172433,08/20/2017,11:20 a.m.,domingo,CAMIONETA,PARTICULAR,Conductor,Masculino,NO,N/A,SOLO DAÑOS,Choque,No mantener distancia de seguridad,Tramo 372 Kilometro  13,VEREDA PALMAS,Rural,
2172420,08/20/2017,12:00 p.m.,domingo,AUTOMOVIL,PARTICULAR,Conductor,Femenino,NO,N/A,SOLO DAÑOS,Choque,Transitar en contravia,Diagonal 29 Transversal 34 F Sur,LA SEBASTIANA,Urbana,"(6.169949011, -75.577578888)"
2172416,08/19/2017,7:10 p.m.,sábado,MOTOCICLETA,PARTICULAR,Motociclista,Masculino,NO,N/A,HERIDO,Choque,Transitar entre vehiculos,Carrera 48 Calle 33 B Sur,LAS VEGAS,Urbana,"(6.175955833, -75.590461952)"
2172457,08/19/2017,1:00 p.m.,sábado,AUTOMOVIL,PARTICULAR,Conductor,Masculino,NO,N/A,SOLO DAÑOS,Choque,Adelantar cerrando,Carrera 49 Calle 25  Sur,LAS VEGAS,Urbana,"(6.18641241, -75.585062957)"
2172457,08/19/2017,1:00 p.m.,sábado,MOTOCICLETA,PARTICULAR,Motociclista,Masculino,NO,N/A,SOLO DAÑOS,Choque,Adelantar cerrando,Carrera 49 Calle 25  Sur,LAS VEGAS,Urbana,"(6.18641241, -75.585062957)"
2172419,08/19/2017,4:30 p.m.,sábado,BUSETA,PUBLICO,Conductor,Masculino,NO,N/A,SOLO DAÑOS,Choque,Otra,Calle 38 A Sur Carrera 33,MESA,Urbana,"(6.165645413, -75.582548776)"
2172459,08/19/2017,3:30 p.m.,sábado,MOTOCICLETA,PARTICULAR,Motociclista,Masculino,NO,N/A,SOLO DAÑOS,Choque,No mantener distancia de seguridad,Diagonal 31 E Transversal 34 B Sur,OBRERO,Urbana,"(6.172689669, -75.578827286)"
2172459,08/19/2017,3:30 p.m.,sábado,AUTOMOVIL,PARTICULAR,Conductor,Masculino,NO,N/A,SOLO DAÑOS,Choque,No mantener distancia de seguridad,Diagonal 31 E Transversal 34 B Sur,OBRERO,Urbana,"(6.172689669, -75.578827286)"
2172467,08/19/2017,11:30 a.m.,sábado,MOTOCICLETA,PARTICULAR,Motociclista,Masculino,NO,N/A,HERIDO,Caida Ocupante,Impericia en el manejo,Carrera 25 Calle 41 B Sur,SAN RAFAEL,Urbana,"(6.153938687, -75.586221839)"
2172458,08/19/2017,10:20 a.m.,sábado,CAMION,OFICIAL,Conductor,Masculino,NO,N/A,SOLO DAÑOS,Choque,Impericia en el manejo,Carrera 39 B Calle 48 B Sur,EL TRIANON,Urbana,"(6.157402192, -75.594595087)"
2172458,08/19/2017,10:20 a.m.,sábado,CAMPERO,PARTICULAR,Conductor,Masculino,NO,N/A,SOLO DAÑOS,Choque,Impericia en el manejo,Carrera 39 B Calle 48 B Sur,EL TRIANON,Urbana,"(6.157402192, -75.594595087)"
2172451,08/19/2017,9:20 a.m.,sábado,CAMPERO,PARTICULAR,Conductor,Masculino,NO,N/A,SOLO DAÑOS,Choque,Impericia en el manejo,Calle 37  Sur Carrera 39,ZONA CENTRO,Urbana,"(6.169035546, -75.584847552)"
2172451,08/19/2017,9:20 a.m.,sábado,MOTOCICLETA,PARTICULAR,Motociclista,Masculino,NO,N/A,SOLO DAÑOS,Choque,Impericia en el manejo,Calle 37  Sur Carrera 39,ZONA CENTRO,Urbana,"(6.169035546, -75.584847552)"
2172424,08/19/2017,12:20 p.m.,sábado,MOTOCICLETA,PARTICULAR,Motociclista,Masculino,NO,N/A,SOLO DAÑOS,Choque,No mantener distancia de seguridad,Carrera 50 Calle 49  Sur,LAS VEGAS,Urbana,
2172424,08/19/2017,12:20 p.m.,sábado,AUTOMOVIL,PARTICULAR,Conductor,Masculino,NO,N/A,SOLO DAÑOS,Choque,No mantener distancia de seguridad,Carrera 50 Calle 49  Sur,LAS VEGAS,Urbana,
2172445,08/19/2017,7:15 a.m.,sábado,AUTOMOVIL,PARTICULAR,Conductor,Femenino,NO,N/A,HERIDO,Choque,Impericia en el manejo,Carrera 50 Calle 49  Sur,LAS VEGAS,Urbana,
2172445,08/19/2017,7:15 a.m.,sábado,MOTOCICLETA,PARTICULAR,Motociclista,Masculino,NO,N/A,HERIDO,Choque,Impericia en el manejo,Carrera 50 Calle 49  Sur,LAS VEGAS,Urbana,
2172445,08/19/2017,7:15 a.m.,sábado,AUTOMOVIL,PARTICULAR,Conductor,Masculino,NO,N/A,HERIDO,Choque,Impericia en el manejo,Carrera 50 Calle 49  Sur,LAS VEGAS,Urbana,
2172434,08/19/2017,5:20 a.m.,sábado,AUTOMOVIL,PARTICULAR,Conductor,Masculino,NO,N/A,SOLO DAÑOS,Choque,Desobedecer senales,Carrera 42 Calle 35  Sur,ZONA CENTRO,Urbana,"(6.171623749, -75.586043385)"
2172434,08/19/2017,5:20 a.m.,sábado,MOTOCICLETA,PARTICULAR,Motociclista,Masculino,NO,N/A,SOLO DAÑOS,Choque,Desobedecer senales,Carrera 42 Calle 35  Sur,ZONA CENTRO,Urbana,"(6.171623749, -75.586043385)"
2172416,08/19/2017,7:10 p.m.,sábado,CAMIONETA,PARTICULAR,Conductor,Masculino,NO,N/A,HERIDO,Choque,Transitar entre vehiculos,Carrera 48 Calle 33 B Sur,LAS VEGAS,Urbana,"(6.175955833, -75.590461952)"
2172421,08/19/2017,11:30 p.m.,sábado,AUTOMOVIL,PUBLICO,Conductor,Masculino,NO,N/A,SOLO DAÑOS,Choque,Desobedecer senales,Carrera 43 Calle 33 B Sur,ZONA CENTRO,Urbana,"(6.172873357, -75.5860846)"
2172421,08/19/2017,11:30 p.m.,sábado,AUTOMOVIL,PARTICULAR,Conductor,Femenino,NO,N/A,SOLO DAÑOS,Choque,Desobedecer senales,Carrera 43 Calle 33 B Sur,ZONA CENTRO,Urbana,"(6.172873357, -75.5860846)"
2172446,08/19/2017,9:45 a.m.,sábado,CAMIONETA,PUBLICO,Conductor,Femenino,NO,N/A,SOLO DAÑOS,Choque,No respetar prelacion,Calle 38 A Sur Carrera 38,MESA,Urbana,"(6.167339205, -75.585136359)"
2172414,08/19/2017,1:30 a.m.,sábado,CAMPERO,PARTICULAR,Conductor,Masculino,NO,N/A,SOLO DAÑOS,Choque,Superficie lisa,Tramo 373 Kilometro  5,VEREDA PALMAS,Rural,
2172446,08/19/2017,9:45 a.m.,sábado,AUTOMOVIL,PARTICULAR,Conductor,Femenino,NO,N/A,SOLO DAÑOS,Choque,No respetar prelacion,Calle 38 A Sur Carrera 38,MESA,Urbana,"(6.167339205, -75.585136359)"
2172430,08/19/2017,3:45 a.m.,sábado,MOTOCICLETA,PARTICULAR,Motociclista,Masculino,NO,N/A,MUERTO,Choque,Impericia en el manejo,Tramo 373 Kilometro  13,VEREDA PALMAS,Rural,
2172419,08/19/2017,4:30 p.m.,sábado,CAMPERO,PARTICULAR,Conductor,Masculino,NO,N/A,SOLO DAÑOS,Choque,Otra,Calle 38 A Sur Carrera 33,MESA,Urbana,"(6.165645413, -75.582548776)"
2172427,08/18/2017,3:11 p.m.,viernes,AUTOMOVIL,PARTICULAR,Conductor,Masculino,NO,N/A,SOLO DAÑOS,Choque,No mantener distancia de seguridad,Calle 37  Sur Carrera 33,LOS NARANJOS,Urbana,"(6.167021726, -75.581684577)"
2172427,08/18/2017,3:11 p.m.,viernes,CAMIONETA,PARTICULAR,Conductor,Masculino,NO,N/A,SOLO DAÑOS,Choque,No mantener distancia de seguridad,Calle 37  Sur Carrera 33,LOS NARANJOS,Urbana,"(6.167021726, -75.581684577)"
2172415,08/18/2017,3:10 p.m.,viernes,AUTOMOVIL,PARTICULAR,Conductor,Masculino,NO,N/A,SOLO DAÑOS,Choque,Desobedecer senales,Transversal 33  Sur Diagonal 32,LA MAGNOLIA,Urbana,"(6.174666095, -75.58222807)"
2172415,08/18/2017,3:10 p.m.,viernes,AUTOMOVIL,PARTICULAR,Conductor,Masculino,NO,N/A,SOLO DAÑOS,Choque,Desobedecer senales,Transversal 33  Sur Diagonal 32,LA MAGNOLIA,Urbana,"(6.174666095, -75.58222807)"
2172444,08/18/2017,5:00 p.m.,viernes,MOTOCICLETA,PARTICULAR,Motociclista,Femenino,NO,N/A,HERIDO,Atropello,No mantener distancia de seguridad,Carrera 48 Calle 25 A Sur,LAS VEGAS,Urbana,"(6.184740152, -75.583657425)"
2172444,08/18/2017,5:00 p.m.,viernes,AUTOMOVIL,PARTICULAR,Conductor,Masculino,NO,N/A,HERIDO,Atropello,No mantener distancia de seguridad,Carrera 48 Calle 25 A Sur,LAS VEGAS,Urbana,"(6.184740152, -75.583657425)"
2172444,08/18/2017,5:00 p.m.,viernes,AUTOMOVIL,PUBLICO,Conductor,Masculino,NO,N/A,HERIDO,Atropello,No mantener distancia de seguridad,Carrera 48 Calle 25 A Sur,LAS VEGAS,Urbana,"(6.184740152, -75.583657425)"
2172443,08/18/2017,10:00 a.m.,viernes,MOTOCICLETA,PARTICULAR,Motociclista,Masculino,NO,N/A,SOLO DAÑOS,Otro,Superficie lisa,Tramo 371 Kilometro  2,VEREDA EL ESCOBERO,Rural,
2172441,08/18/2017,6:00 p.m.,viernes,MOTOCICLETA,PARTICULAR,Motociclista,Masculino,NO,N/A,SOLO DAÑOS,Choque,Semaforo en rojo,Transversal 33 A Sur Diagonal 31,LAS FLORES,Urbana,"(6.173844844, -75.579023171)"
2172441,08/18/2017,6:00 p.m.,viernes,MOTOCICLETA,PARTICULAR,Motociclista,Masculino,NO,N/A,SOLO DAÑOS,Choque,Semaforo en rojo,Transversal 33 A Sur Diagonal 31,LAS FLORES,Urbana,"(6.173844844, -75.579023171)"
2172436,08/18/2017,3:50 p.m.,viernes,BUS,PUBLICO,Conductor,Masculino,NO,N/A,SOLO DAÑOS,Choque,Reverso imprudente,Carrera 42 Calle 36  Sur,ZONA CENTRO,Urbana,"(6.170966181, -75.586463499)"
2172436,08/18/2017,3:50 p.m.,viernes,BUS,PUBLICO,Conductor,Masculino,NO,N/A,SOLO DAÑOS,Choque,Reverso imprudente,Carrera 42 Calle 36  Sur,ZONA CENTRO,Urbana,"(6.170966181, -75.586463499)"
2172432,08/18/2017,9:00 p.m.,viernes,AUTOMOVIL,PARTICULAR,Conductor,Femenino,NO,N/A,SOLO DAÑOS,Choque,Desobedecer senales,Calle 32  Sur Carrera 43 B,SAN MARCOS,Urbana,"(6.175811967, -75.586692005)"
2172432,08/18/2017,9:00 p.m.,viernes,AUTOMOVIL,DIPLOMATICO,Conductor,Femenino,NO,N/A,SOLO DAÑOS,Choque,Desobedecer senales,Calle 32  Sur Carrera 43 B,SAN MARCOS,Urbana,"(6.175811967, -75.586692005)"
2172417,08/18/2017,4:20 p.m.,viernes,MOTOCICLETA,PARTICULAR,Motociclista,Masculino,NO,N/A,SOLO DAÑOS,Choque,No mantener distancia de seguridad,Calle 50  Sur Carrera 48,LAS VEGAS,Urbana,
2172417,08/18/2017,4:20 p.m.,viernes,AUTOMOVIL,PARTICULAR,Conductor,Femenino,NO,N/A,SOLO DAÑOS,Choque,No mantener distancia de seguridad,Calle 50  Sur Carrera 48,LAS VEGAS,Urbana,
2172426,08/18/2017,10:10 a.m.,viernes,AUTOMOVIL,PARTICULAR,Conductor,Masculino,NO,N/A,SOLO DAÑOS,Choque,No mantener distancia de seguridad,Calle 39  Sur Carrera 50,LAS VEGAS,Urbana,
2172426,08/18/2017,10:10 a.m.,viernes,CAMIONETA,PUBLICO,Conductor,Masculino,NO,N/A,SOLO DAÑOS,Choque,No mantener distancia de seguridad,Calle 39  Sur Carrera 50,LAS VEGAS,Urbana,
2172456,08/17/2017,4:00 p.m.,jueves,AUTOMOVIL,PARTICULAR,Conductor,Femenino,NO,N/A,SOLO DAÑOS,Choque,Adelantar cerrando,Tramo 372 Kilometro  17,VEREDA PALMAS,Rural,
2172400,08/17/2017,8:55 a.m.,jueves,MOTOCICLETA,PARTICULAR,Motociclista,Masculino,NO,N/A,HERIDO,Choque,Transitar entre vehiculos,Tramo 376 Kilometro  0,VEREDA PERICO,Rural,
2172400,08/17/2017,8:55 a.m.,jueves,AUTOMOVIL,PARTICULAR,Conductor,Femenino,NO,N/A,HERIDO,Choque,Transitar entre vehiculos,Tramo 376 Kilometro  0,VEREDA PERICO,Rural,
2172435,08/17/2017,1:55 p.m.,jueves,CAMIONETA,PARTICULAR,Conductor,Masculino,NO,N/A,SOLO DAÑOS,Choque,Impericia en el manejo,Carrera 32 Calle 37  Sur,MESA,Urbana,"(6.1665774, -75.581163406)"
2172435,08/17/2017,1:55 p.m.,jueves,CAMIONETA,PARTICULAR,Conductor,Masculino,NO,N/A,SOLO DAÑOS,Choque,Impericia en el manejo,Carrera 32 Calle 37  Sur,MESA,Urbana,"(6.1665774, -75.581163406)"
2172402,08/17/2017,7:45 a.m.,jueves,CAMION,PUBLICO,Conductor,Masculino,NO,N/A,SOLO DAÑOS,Choque,Desobedecer senales,Calle 36  Sur Carrera 42,ZONA CENTRO,Urbana,"(6.17108429, -75.586487414)"
2172402,08/17/2017,7:45 a.m.,jueves,AUTOMOVIL,PUBLICO,Conductor,Masculino,NO,N/A,SOLO DAÑOS,Choque,Desobedecer senales,Calle 36  Sur Carrera 42,ZONA CENTRO,Urbana,"(6.17108429, -75.586487414)"
2172401,08/17/2017,6:40 p.m.,jueves,CAMIONETA,PUBLICO,Conductor,Masculino,NO,N/A,SOLO DAÑOS,Choque,Poner en marcha un vehiculo sin precauci,Calle 38  Sur Carrera 31,MESA,Urbana,"(6.165577674, -75.581121822)"
2172401,08/17/2017,6:40 p.m.,jueves,BUS,PUBLICO,Conductor,Masculino,NO,N/A,SOLO DAÑOS,Choque,Poner en marcha un vehiculo sin precauci,Calle 38  Sur Carrera 31,MESA,Urbana,"(6.165577674, -75.581121822)"
2172442,08/17/2017,8:45 p.m.,jueves,AUTOMOVIL,PARTICULAR,Conductor,Masculino,NO,N/A,SOLO DAÑOS,Choque,No respetar prelacion,Calle 46  Sur Carrera 46,PRIMAVERA,Urbana,"(6.164633401, -75.596689606)"
2172442,08/17/2017,8:45 p.m.,jueves,MOTOCICLETA,PARTICULAR,Motociclista,Masculino,NO,N/A,SOLO DAÑOS,Choque,No respetar prelacion,Calle 46  Sur Carrera 46,PRIMAVERA,Urbana,"(6.164633401, -75.596689606)"
2172422,08/17/2017,4:20 p.m.,jueves,CAMPERO,PARTICULAR,Conductor,Masculino,NO,N/A,SOLO DAÑOS,Choque,Reverso imprudente,Tramo 379 Kilometro  4,EL SALADO,Rural,
2172422,08/17/2017,4:20 p.m.,jueves,BUS,PUBLICO,Conductor,Masculino,NO,N/A,SOLO DAÑOS,Choque,Reverso imprudente,Tramo 379 Kilometro  4,EL SALADO,Rural,
2172405,08/17/2017,8:10 p.m.,jueves,AUTOMOVIL,PARTICULAR,Conductor,Femenino,NO,N/A,SOLO DAÑOS,Choque,Arrancar sin precaucion,Diagonal 31 B Transversal 32 C Sur,LAS FLORES,Urbana,"(6.175671184, -75.579158179)"
2172405,08/17/2017,8:10 p.m.,jueves,AUTOMOVIL,PARTICULAR,Conductor,Femenino,NO,N/A,SOLO DAÑOS,Choque,Arrancar sin precaucion,Diagonal 31 B Transversal 32 C Sur,LAS FLORES,Urbana,"(6.175671184, -75.579158179)"
2172423,08/17/2017,8:15 a.m.,jueves,MOTOCICLETA,PARTICULAR,Motociclista,Masculino,NO,N/A,SOLO DAÑOS,Choque,Otra,Carrera 42 B Calle 45  Sur,LA PAZ,Urbana,"(6.163500062, -75.593449568)"
2172423,08/17/2017,8:15 a.m.,jueves,AUTOMOVIL,PUBLICO,Conductor,Masculino,NO,N/A,SOLO DAÑOS,Choque,Otra,Carrera 42 B Calle 45  Sur,LA PAZ,Urbana,"(6.163500062, -75.593449568)"
2172466,08/17/2017,3:05 p.m.,jueves,MOTOCICLETA,PARTICULAR,Motociclista,Masculino,NO,N/A,HERIDO,Choque,Adelantar por la derecha,Carrera 50 Calle 34 A Sur,LAS VEGAS,Urbana,
2172466,08/17/2017,3:05 p.m.,jueves,MOTOCICLETA,PARTICULAR,Motociclista,Femenino,NO,N/A,HERIDO,Choque,Adelantar por la derecha,Carrera 50 Calle 34 A Sur,LAS VEGAS,Urbana,
2173716,08/17/2017,7:30 p.m.,jueves,CAMPERO,PARTICULAR,Conductor,Masculino,NO,N/A,SOLO DAÑOS,Choque,Impericia en el manejo,Tramo 372 Kilometro  12,VEREDA PALMAS,Rural,
2173716,08/17/2017,7:30 p.m.,jueves,CAMPERO,PARTICULAR,Conductor,Masculino,NO,N/A,SOLO DAÑOS,Choque,Impericia en el manejo,Tramo 372 Kilometro  12,VEREDA PALMAS,Rural,
2172456,08/17/2017,4:00 p.m.,jueves,AUTOMOVIL,PARTICULAR,Conductor,Masculino,NO,N/A,SOLO DAÑOS,Choque,Adelantar cerrando,Tramo 372 Kilometro  17,VEREDA PALMAS,Rural,
2172393,08/16/2017,7:50 a.m.,miércoles,CAMIONETA,PARTICULAR,Conductor,Femenino,NO,N/A,HERIDO,Choque,No mantener distancia de seguridad,Carrera 48 Calle 19  Sur,LAS VEGAS,Urbana,"(6.187349001, -75.581535682)"
2172393,08/16/2017,7:50 a.m.,miércoles,AUTOMOVIL,PUBLICO,Conductor,Masculino,NO,N/A,HERIDO,Choque,No mantener distancia de seguridad,Carrera 48 Calle 19  Sur,LAS VEGAS,Urbana,"(6.187349001, -75.581535682)"
2172399,08/16/2017,6:45 p.m.,miércoles,AUTOMOVIL,PARTICULAR,Conductor,Femenino,NO,N/A,SOLO DAÑOS,Choque,Desobedecer senales,Calle 39  Sur Carrera 27 B,EL CHINGU├ì,Urbana,"(6.159217585, -75.578834618)"
2172399,08/16/2017,6:45 p.m.,miércoles,AUTOMOVIL,PUBLICO,Conductor,Masculino,NO,N/A,SOLO DAÑOS,Choque,Desobedecer senales,Calle 39  Sur Carrera 27 B,EL CHINGU├ì,Urbana,"(6.159217585, -75.578834618)"
2172397,08/16/2017,2:40 p.m.,miércoles,CAMIONETA,PARTICULAR,Conductor,Femenino,NO,N/A,SOLO DAÑOS,Choque,Girar bruscamente,Calle 38 A Sur Carrera 44,ALCALA,Urbana,"(6.170343187, -75.58995471)"
2172397,08/16/2017,2:40 p.m.,miércoles,BUS,PUBLICO,Conductor,Masculino,NO,N/A,SOLO DAÑOS,Choque,Girar bruscamente,Calle 38 A Sur Carrera 44,ALCALA,Urbana,"(6.170343187, -75.58995471)"
2172413,08/16/2017,4:40 p.m.,miércoles,CAMIONETA,PARTICULAR,Conductor,Femenino,NO,N/A,SOLO DAÑOS,Choque,Otra,Calle 39  Sur Carrera 25 B,EL CHINGU├ì,Urbana,"(6.157563812, -75.579224131)"
2172413,08/16/2017,4:40 p.m.,miércoles,AUTOMOVIL,PARTICULAR,Conductor,Masculino,NO,N/A,SOLO DAÑOS,Choque,Otra,Calle 39  Sur Carrera 25 B,EL CHINGU├ì,Urbana,"(6.157563812, -75.579224131)"
2172411,08/16/2017,1:50 p.m.,miércoles,AUTOMOVIL,PARTICULAR,Conductor,Masculino,NO,N/A,SOLO DAÑOS,Choque,Otra,Tramo 372 Kilometro  14,VEREDA PALMAS,Rural,
2172411,08/16/2017,1:50 p.m.,miércoles,AUTOMOVIL,PARTICULAR,Conductor,Femenino,NO,N/A,SOLO DAÑOS,Choque,Otra,Tramo 372 Kilometro  14,VEREDA PALMAS,Rural,
2172411,08/16/2017,1:50 p.m.,miércoles,AUTOMOVIL,PARTICULAR,Conductor,Masculino,NO,N/A,SOLO DAÑOS,Choque,Otra,Tramo 372 Kilometro  14,VEREDA PALMAS,Rural,
2172412,08/16/2017,11:40 a.m.,miércoles,MOTOCICLETA,PARTICULAR,Motociclista,Masculino,NO,N/A,HERIDO,Choque,Otra,Calle 38  Sur Carrera 41,ZONA CENTRO,Urbana,"(6.169244976, -75.586588065)"
2172412,08/16/2017,11:40 a.m.,miércoles,MOTOCICLETA,PARTICULAR,Motociclista,Masculino,NO,N/A,HERIDO,Choque,Otra,Calle 38  Sur Carrera 41,ZONA CENTRO,Urbana,"(6.169244976, -75.586588065)"
2172392,08/16/2017,6:50 a.m.,miércoles,CAMIONETA,PARTICULAR,Conductor,Masculino,NO,N/A,SOLO DAÑOS,Choque,Adelantar cerrando,Carrera 43 A Calle 40  Sur,ALCALA,Urbana,"(6.168044687, -75.59026877)"
2172392,08/16/2017,6:50 a.m.,miércoles,BUS,PUBLICO,Conductor,Masculino,NO,N/A,SOLO DAÑOS,Choque,Adelantar cerrando,Carrera 43 A Calle 40  Sur,ALCALA,Urbana,"(6.168044687, -75.59026877)"
2172406,08/16/2017,10:30 a.m.,miércoles,BICICLETA,N/A,Ciclista,Masculino,NO,N/A,HERIDO,Choque,Transitar entre vehiculos,Calle 37  Sur Carrera 48,LAS VEGAS,Urbana,"(6.17412211, -75.593061115)"
2172406,08/16/2017,10:30 a.m.,miércoles,MOTOCICLETA,PARTICULAR,Motociclista,Masculino,NO,N/A,HERIDO,Choque,Transitar entre vehiculos,Calle 37  Sur Carrera 48,LAS VEGAS,Urbana,"(6.17412211, -75.593061115)"
2172403,08/16/2017,12:30 p.m.,miércoles,MOTOCICLETA,PARTICULAR,Motociclista,Masculino,NO,N/A,SOLO DAÑOS,Choque,No mantener distancia de seguridad,Calle 37  Sur Carrera 29 A,LA MAGNOLIA,Urbana,"(6.166159821, -75.580618636)"
2172403,08/16/2017,12:30 p.m.,miércoles,AUTOMOVIL,PARTICULAR,Conductor,Masculino,NO,N/A,SOLO DAÑOS,Choque,No mantener distancia de seguridad,Calle 37  Sur Carrera 29 A,LA MAGNOLIA,Urbana,"(6.166159821, -75.580618636)"
2172468,08/16/2017,3:30 p.m.,miércoles,MOTOCICLETA,PARTICULAR,Motociclista,Masculino,NO,N/A,SOLO DAÑOS,Choque,No mantener distancia de seguridad,Carrera 41 Diagonal 40,ZONA CENTRO,Urbana,"(6.166920833, -75.587995017)"