RADICADO,FECHA,HORA,DÍA DE LA SEMANA,CLASE DE VEHICULO,TIPO DE SERVICIO,TIPO DE VICTIMA,SEXO,ESTADO DE BEODEZ,RESULTADO DE BEODEZ,GRAVEDAD,CLASE DE ACCIDENTE,CAUSA,DIRECCIÓN,BARRIO,AREA,Coordenadas
2172468,08/16/2017,3:30 p.m.,miércoles,AUTOMOVIL,PARTICULAR,Conductor,Masculino,NO,N/A,SOLO DAÑOS,Choque,No mantener distancia de seguridad,Carrera 41 Diagonal 40,ZONA CENTRO,Urbana,"(6.166920833, -75.587995017)"
2172407,08/16/2017,6:40 a.m.,miércoles,AUTOMOVIL,PARTICULAR,Conductor,Femenino,NO,N/A,SOLO DAÑOS,Choque,No mantener distancia de seguridad,Calle 25  Sur Carrera 46,ZU├æIGA,Urbana,"(6.183044029, -75.582618497)"
2172407,08/16/2017,6:40 a.m.,miércoles,AUTOMOVIL,PARTICULAR,Conductor,Masculino,NO,N/A,SOLO DAÑOS,Choque,No mantener distancia de seguridad,Calle 25  Sur Carrera 46,ZU├æIGA,Urbana,"(6.183044029, -75.582618497)"
2172398,08/16/2017,2:20 p.m.,miércoles,AUTOMOVIL,PUBLICO,Conductor,Masculino,NO,N/A,SOLO DAÑOS,Choque,No mantener distancia de seguridad,Carrera 50 Calle 39 A Sur,LAS VEGAS,Urbana,
2172398,08/16/2017,2:20 p.m.,miércoles,CAMION,PUBLICO,Conductor,Masculino,NO,N/A,SOLO DAÑOS,Choque,No mantener distancia de seguridad,Carrera 50 Calle 39 A Sur,LAS VEGAS,Urbana,
2173878,08/16/2017,7:56 p.m.,miércoles,MOTOCICLETA,PARTICULAR,Motociclista,Femenino,NO,N/A,SOLO DAÑOS,Choque,Impericia en el manejo,Carrera 39 Calle 36  Sur,ZONA CENTRO,Urbana,"(6.169632254, -75.584337732)"
2173878,08/16/2017,7:56 p.m.,miércoles,AUTOMOVIL,PARTICULAR,Conductor,Sin Registro,NO,N/A,SOLO DAÑOS,Choque,Impericia en el manejo,Carrera 39 Calle 36  Sur,ZONA CENTRO,Urbana,"(6.169632254, -75.584337732)"
2172404,08/16/2017,6:25 a.m.,miércoles,BUS,PUBLICO,Conductor,Masculino,NO,N/A,SOLO DAÑOS,Choque,Adelantar invadiendo carril del mismo sentido en zigzag,Calle 36 D Sur Carrera 27 D,VEREDA EL ESCOBERO,Urbana,"(6.164970853, -75.574637268)"
2172404,08/16/2017,6:25 a.m.,miércoles,MICROBUS,PUBLICO,Conductor,Masculino,NO,N/A,SOLO DAÑOS,Choque,Adelantar invadiendo carril del mismo sentido en zigzag,Calle 36 D Sur Carrera 27 D,VEREDA EL ESCOBERO,Urbana,"(6.164970853, -75.574637268)"
2172410,08/16/2017,3:00 p.m.,miércoles,CAMPERO,PARTICULAR,Conductor,Masculino,NO,N/A,SOLO DAÑOS,Choque,Otra,Tramo 372 Kilometro  15,VEREDA PALMAS,Rural,
2172409,08/16/2017,6:50 p.m.,miércoles,MOTOCICLETA,PARTICULAR,Motociclista,Masculino,NO,N/A,HERIDO,Choque,Otra,Carrera 39 Calle 37  Sur,ZONA CENTRO,Urbana,"(6.16891714, -75.584818728)"
2172409,08/16/2017,6:50 p.m.,miércoles,MOTOCICLETA,PARTICULAR,Motociclista,Masculino,NO,N/A,HERIDO,Choque,Otra,Carrera 39 Calle 37  Sur,ZONA CENTRO,Urbana,"(6.16891714, -75.584818728)"
2180351,08/16/2017,9:55 a.m.,miércoles,CAMIONETA,PARTICULAR,Conductor,Masculino,NO,N/A,SOLO DAÑOS,Choque,Adelantar invadiendo carril del mismo sentido en zigzag,Carrera 48 Calle 37  Sur,GLORIETA DE PELDAR,Urbana,"(6.172859211, -75.592769925)"
2180351,08/16/2017,9:55 a.m.,miércoles,AUTOMOVIL,PARTICULAR,Conductor,Masculino,NO,N/A,SOLO DAÑOS,Choque,Adelantar invadiendo carril del mismo sentido en zigzag,Carrera 48 Calle 37  Sur,GLORIETA DE PELDAR,Urbana,"(6.172859211, -75.592769925)"
2172408,08/16/2017,12:50 p.m.,miércoles,AUTOMOVIL,PARTICULAR,Conductor,Masculino,NO,N/A,SOLO DAÑOS,Choque,Girar bruscamente,Calle 37  Sur Carrera 29 A,LA MAGNOLIA,Urbana,"(6.166159821, -75.580618636)"
2172408,08/16/2017,12:50 p.m.,miércoles,AUTOMOVIL,PUBLICO,Conductor,Masculino,NO,N/A,SOLO DAÑOS,Choque,Girar bruscamente,Calle 37  Sur Carrera 29 A,LA MAGNOLIA,Urbana,"(6.166159821, -75.580618636)"
2172381,08/15/2017,5:50 p.m.,martes,CAMIONETA,PARTICULAR,Conductor,Femenino,NO,N/A,SOLO DAÑOS,Choque,Adelantar cerrando,Carrera 29 A Calle 37  Sur,MANUEL URIBE ANGEL,Urbana,"(6.165896279, -75.58063202)"
2172381,08/15/2017,5:50 p.m.,martes,BUS,PUBLICO,Conductor,Masculino,NO,N/A,SOLO DAÑOS,Choque,Adelantar cerrando,Carrera 29 A Calle 37  Sur,MANUEL URIBE ANGEL,Urbana,"(6.165896279, -75.58063202)"
2172396,08/15/2017,10:43 a.m.,martes,CAMIONETA,PARTICULAR,Conductor,Femenino,NO,N/A,HERIDO,Choque,Desobedecer senales,Transversal 32 C Sur Diagonal 32,LA MAGNOLIA,Urbana,"(6.175116463, -75.58238464)"
2172396,08/15/2017,10:43 a.m.,martes,MOTOCICLETA,PARTICULAR,Motociclista,Masculino,NO,N/A,HERIDO,Choque,Desobedecer senales,Transversal 32 C Sur Diagonal 32,LA MAGNOLIA,Urbana,"(6.175116463, -75.58238464)"
2172394,08/15/2017,6:45 p.m.,martes,AUTOMOVIL,PARTICULAR,Conductor,Masculino,NO,N/A,SOLO DAÑOS,Choque,Exceso de velocidad,Tramo 372 Kilometro  16,VEREDA PALMAS,Rural,
2172394,08/15/2017,6:45 p.m.,martes,CAMPERO,PARTICULAR,Conductor,Masculino,NO,N/A,SOLO DAÑOS,Choque,Exceso de velocidad,Tramo 372 Kilometro  16,VEREDA PALMAS,Rural,
2172389,08/15/2017,10:20 a.m.,martes,MOTOCICLETA,PARTICULAR,Motociclista,Masculino,NO,N/A,HERIDO,Atropello,Cruzar sin observar,Carrera 43 A Calle 23  Sur,LAS ORQUIDEAS,Urbana,"(6.182555831, -75.580177931)"
2172380,08/15/2017,3:10 p.m.,martes,MOTOCICLETA,PARTICULAR,Motociclista,Masculino,NO,N/A,SOLO DAÑOS,Choque,No mantener distancia de seguridad,Carrera 43 A Calle 45 A Sur,LA PAZ,Urbana,"(6.165116925, -75.594483161)"
2172380,08/15/2017,3:10 p.m.,martes,AUTOMOVIL,PARTICULAR,Conductor,Masculino,NO,N/A,SOLO DAÑOS,Choque,No mantener distancia de seguridad,Carrera 43 A Calle 45 A Sur,LA PAZ,Urbana,"(6.165116925, -75.594483161)"
2172391,08/15/2017,5:00 p.m.,martes,AUTOMOVIL,PUBLICO,Conductor,Masculino,NO,N/A,HERIDO,Choque,No respetar prelacion,Tramo 373 Kilometro  10,VEREDA PALMAS,Rural,
2172391,08/15/2017,5:00 p.m.,martes,CAMPERO,PARTICULAR,Conductor,Femenino,NO,N/A,HERIDO,Choque,No respetar prelacion,Tramo 373 Kilometro  10,VEREDA PALMAS,Rural,
2172391,08/15/2017,5:00 p.m.,martes,MOTOCICLETA,PARTICULAR,Motociclista,Masculino,NO,N/A,HERIDO,Choque,No respetar prelacion,Tramo 373 Kilometro  10,VEREDA PALMAS,Rural,
2172391,08/15/2017,5:00 p.m.,martes,BUS,PUBLICO,Conductor,Masculino,NO,N/A,HERIDO,Choque,No respetar prelacion,Tramo 373 Kilometro  10,VEREDA PALMAS,Rural,
2172385,08/15/2017,5:00 p.m.,martes,AUTOMOVIL,PARTICULAR,Conductor,Masculino,NO,N/A,SOLO DAÑOS,Choque,Reverso imprudente,Calle 36 A Sur Carrera 26 D,LA INMACULADA,Urbana,"(6.167621297, -75.578524101)"
2172385,08/15/2017,5:00 p.m.,martes,CAMION,PUBLICO,Conductor,Masculino,NO,N/A,SOLO DAÑOS,Choque,Reverso imprudente,Calle 36 A Sur Carrera 26 D,LA INMACULADA,Urbana,"(6.167621297, -75.578524101)"
2172388,08/15/2017,6:00 a.m.,martes,AUTOMOVIL,PARTICULAR,Conductor,Femenino,NO,N/A,HERIDO,Choque,No mantener distancia de seguridad,Diagonal 33 Transversal 34 D Sur,LOS NARANJOS,Urbana,"(6.170891508, -75.583140175)"
2172388,08/15/2017,6:00 a.m.,martes,AUTOMOVIL,PUBLICO,Conductor,Masculino,NO,N/A,HERIDO,Choque,No mantener distancia de seguridad,Diagonal 33 Transversal 34 D Sur,LOS NARANJOS,Urbana,"(6.170891508, -75.583140175)"
2172374,08/14/2017,3:25 p.m.,lunes,AUTOMOVIL,PARTICULAR,Conductor,Masculino,NO,N/A,SOLO DAÑOS,Choque,Impericia en el manejo,Carrera 39 E Calle 45 C Sur,LAS ANTILLAS,Urbana,
2172378,08/14/2017,4:30 p.m.,lunes,AUTOMOVIL,PARTICULAR,Conductor,Masculino,NO,N/A,SOLO DAÑOS,Choque,No mantener distancia de seguridad,Calle 37  Sur Carrera 50,LAS VEGAS,Urbana,
2172383,08/14/2017,8:50 p.m.,lunes,MOTOCICLETA,PARTICULAR,Motociclista,Masculino,NO,N/A,SOLO DAÑOS,Choque,No respetar pelacion de interseccion o giros,Calle 40 F Sur Carrera 25 A,LA MINA,Urbana,"(6.155555232, -75.582316718)"
2172383,08/14/2017,8:50 p.m.,lunes,AUTOMOVIL,PARTICULAR,Conductor,Masculino,NO,N/A,SOLO DAÑOS,Choque,Adelantar en zona prohibida,Calle 40 F Sur Carrera 25 A,LA MINA,Urbana,"(6.155555232, -75.582316718)"
2173197,08/14/2017,3:50 p.m.,lunes,BUS,PUBLICO,Conductor,Masculino,NO,N/A,SOLO DAÑOS,Choque,Adelantar invadiendo carril del mismo sentido en zigzag,Calle 39  Sur Carrera 43,ZONA CENTRO,Urbana,"(6.168678771, -75.58876156)"
2172368,08/14/2017,2:30 p.m.,lunes,BICICLETA,N/A,Ciclista,Masculino,NO,N/A,MUERTO,Choque,Transitar entre vehiculos,Tramo 371 Kilometro  1,VEREDA EL ESCOBERO,Rural,
2173197,08/14/2017,3:50 p.m.,lunes,AUTOMOVIL,PUBLICO,Conductor,Femenino,NO,N/A,SOLO DAÑOS,Choque,Adelantar invadiendo carril del mismo sentido en zigzag,Calle 39  Sur Carrera 43,ZONA CENTRO,Urbana,"(6.168678771, -75.58876156)"
2172370,08/14/2017,9:05 p.m.,lunes,MOTOCICLETA,PARTICULAR,Motociclista,Masculino,NO,N/A,HERIDO,Atropello,Semaforo en rojo,Calle 37  Sur Carrera 48,LAS VEGAS,Urbana,"(6.17412211, -75.593061115)"
2172368,08/14/2017,2:30 p.m.,lunes,BUSETA,PUBLICO,Conductor,Masculino,NO,N/A,MUERTO,Choque,Transitar entre vehiculos,Tramo 371 Kilometro  1,VEREDA EL ESCOBERO,Rural,
2172387,08/14/2017,10:30 a.m.,lunes,CAMIONETA,PUBLICO,Conductor,Masculino,NO,N/A,HERIDO,Choque,No respetar prelacion,Calle 49 D Sur Carrera 40 A,LA INMACULADA,Urbana,"(6.155814881, -75.600754668)"
2172383,08/14/2017,8:50 p.m.,lunes,AUTOMOVIL,PARTICULAR,Conductor,Masculino,NO,N/A,SOLO DAÑOS,Choque,No respetar pelacion de interseccion o giros,Calle 40 F Sur Carrera 25 A,LA MINA,Urbana,"(6.155555232, -75.582316718)"
2172383,08/14/2017,8:50 p.m.,lunes,MOTOCICLETA,PARTICULAR,Motociclista,Masculino,NO,N/A,SOLO DAÑOS,Choque,Adelantar en zona prohibida,Calle 40 F Sur Carrera 25 A,LA MINA,Urbana,"(6.155555232, -75.582316718)"
2172378,08/14/2017,4:30 p.m.,lunes,CAMIONETA,PUBLICO,Conductor,Masculino,NO,N/A,SOLO DAÑOS,Choque,No mantener distancia de seguridad,Calle 37  Sur Carrera 50,LAS VEGAS,Urbana,
2172374,08/14/2017,3:25 p.m.,lunes,BUS,PUBLICO,Conductor,Masculino,NO,N/A,SOLO DAÑOS,Choque,Impericia en el manejo,Carrera 39 E Calle 45 C Sur,LAS ANTILLAS,Urbana,
2172377,08/14/2017,9:20 a.m.,lunes,MOTOCICLETA,PARTICULAR,Motociclista,Masculino,NO,N/A,SOLO DAÑOS,Choque,Poner en marcha un vehiculo sin precauci,Calle 38  Sur Carrera 32,MESA,Urbana,"(6.166011939, -75.581581213)"
2172376,08/14/2017,5:50 a.m.,lunes,BUS,PUBLICO,Conductor,Masculino,NO,N/A,SOLO DAÑOS,Choque,No mantener distancia de seguridad,Carrera 50 Calle 26  Sur,LAS VEGAS,Urbana,"(6.184812544, -75.586911093)"
2172377,08/14/2017,9:20 a.m.,lunes,BUS,PUBLICO,Conductor,Masculino,NO,N/A,SOLO DAÑOS,Choque,Poner en marcha un vehiculo sin precauci,Calle 38  Sur Carrera 32,MESA,Urbana,"(6.166011939, -75.581581213)"
2172363,08/14/2017,12:10 a.m.,lunes,AUTOMOVIL,PUBLICO,Conductor,Masculino,NO,N/A,SOLO DAÑOS,Choque,Semaforo en rojo,Carrera 43 A Calle 21  Sur,ZU├æIGA,Urbana,"(6.183599544, -75.579409862)"
2172363,08/14/2017,12:10 a.m.,lunes,AUTOMOVIL,PARTICULAR,Conductor,Femenino,NO,N/A,SOLO DAÑOS,Choque,Semaforo en rojo,Carrera 43 A Calle 21  Sur,ZU├æIGA,Urbana,"(6.183599544, -75.579409862)"
2172371,08/14/2017,6:10 p.m.,lunes,MOTOCICLETA,PARTICULAR,Motociclista,Masculino,NO,N/A,SOLO DAÑOS,Choque,Transitar entre vehiculos,Carrera 48 Calle 46  Sur,LAS VEGAS,Urbana,"(6.166195386, -75.599285489)"
2172371,08/14/2017,6:10 p.m.,lunes,CAMPERO,PARTICULAR,Conductor,Femenino,NO,N/A,SOLO DAÑOS,Choque,Transitar entre vehiculos,Carrera 48 Calle 46  Sur,LAS VEGAS,Urbana,"(6.166195386, -75.599285489)"
2172371,08/14/2017,6:10 p.m.,lunes,AUTOMOVIL,PARTICULAR,Conductor,Masculino,NO,N/A,SOLO DAÑOS,Choque,Transitar entre vehiculos,Carrera 48 Calle 46  Sur,LAS VEGAS,Urbana,"(6.166195386, -75.599285489)"
2172382,08/14/2017,12:10 p.m.,lunes,AUTOMOVIL,PARTICULAR,Conductor,Masculino,NO,N/A,SOLO DAÑOS,Choque,Reverso imprudente,Carrera 47 Calle 32 B Sur,EL PORTAL,Urbana,"(6.176063769, -75.589511936)"
2172382,08/14/2017,12:10 p.m.,lunes,AUTOMOVIL,PARTICULAR,Conductor,Masculino,NO,N/A,SOLO DAÑOS,Choque,Reverso imprudente,Carrera 47 Calle 32 B Sur,EL PORTAL,Urbana,"(6.176063769, -75.589511936)"
2172386,08/14/2017,1:15 p.m.,lunes,CAMPERO,PUBLICO,Conductor,Masculino,NO,N/A,HERIDO,Choque,No mantener distancia de seguridad,Carrera 43 A Calle 44  Sur,MILAN VALLEJUELOS,Urbana,"(6.1654766, -75.594017219)"
2172386,08/14/2017,1:15 p.m.,lunes,CAMIONETA,PARTICULAR,Conductor,Masculino,NO,N/A,HERIDO,Choque,No mantener distancia de seguridad,Carrera 43 A Calle 44  Sur,MILAN VALLEJUELOS,Urbana,"(6.1654766, -75.594017219)"
2172386,08/14/2017,1:15 p.m.,lunes,BUS,PUBLICO,Conductor,Masculino,NO,N/A,HERIDO,Choque,No mantener distancia de seguridad,Carrera 43 A Calle 44  Sur,MILAN VALLEJUELOS,Urbana,"(6.1654766, -75.594017219)"
2172384,08/14/2017,3:00 p.m.,lunes,TRACTOCAMION,PUBLICO,Conductor,Masculino,NO,N/A,SOLO DAÑOS,Choque,Adelantar cerrando,Carrera 48 Calle 37  Sur,LAS VEGAS,Urbana,"(6.172859211, -75.592769925)"
2172384,08/14/2017,3:00 p.m.,lunes,AUTOMOVIL,PARTICULAR,Conductor,Masculino,NO,N/A,SOLO DAÑOS,Choque,Adelantar cerrando,Carrera 48 Calle 37  Sur,LAS VEGAS,Urbana,"(6.172859211, -75.592769925)"
2172375,08/14/2017,6:00 a.m.,lunes,AUTOMOVIL,PARTICULAR,Conductor,Masculino,NO,N/A,SOLO DAÑOS,Choque,Reverso imprudente,Carrera 49 Calle 37  Sur,LAS VEGAS,Urbana,
2172375,08/14/2017,6:00 a.m.,lunes,BUS,PUBLICO,Conductor,Masculino,NO,N/A,SOLO DAÑOS,Choque,Reverso imprudente,Carrera 49 Calle 37  Sur,LAS VEGAS,Urbana,
2172387,08/14/2017,10:30 a.m.,lunes,MOTOCICLETA,PARTICULAR,Motociclista,Masculino,NO,N/A,HERIDO,Choque,Exceso de velocidad,Calle 49 D Sur Carrera 40 A,LA INMACULADA,Urbana,"(6.155814881, -75.600754668)"
2172376,08/14/2017,5:50 a.m.,lunes,AUTOMOVIL,PUBLICO,Conductor,Masculino,NO,N/A,SOLO DAÑOS,Choque,No mantener distancia de seguridad,Carrera 50 Calle 26  Sur,LAS VEGAS,Urbana,"(6.184812544, -75.586911093)"
2172387,08/14/2017,10:30 a.m.,lunes,MOTOCICLETA,PARTICULAR,Motociclista,Masculino,NO,N/A,HERIDO,Choque,No respetar prelacion,Calle 49 D Sur Carrera 40 A,LA INMACULADA,Urbana,"(6.155814881, -75.600754668)"
2172387,08/14/2017,10:30 a.m.,lunes,CAMIONETA,PUBLICO,Conductor,Masculino,NO,N/A,HERIDO,Choque,Exceso de velocidad,Calle 49 D Sur Carrera 40 A,LA INMACULADA,Urbana,"(6.155814881, -75.600754668)"
2172395,08/14/2017,6:30 p.m.,lunes,MOTOCICLETA,DIPLOMATICO,Motociclista,Masculino,NO,N/A,HERIDO,Choque,Semaforo en rojo,Carrera 48 Calle 25  Sur,LAS VEGAS,Urbana,"(6.185059174, -75.58329333)"
2172395,08/14/2017,6:30 p.m.,lunes,AUTOMOVIL,PARTICULAR,Conductor,Masculino,NO,N/A,HERIDO,Choque,Semaforo en rojo,Carrera 48 Calle 25  Sur,LAS VEGAS,Urbana,"(6.185059174, -75.58329333)"
2172355,08/13/2017,5:10 a.m.,domingo,MOTOCICLETA,PARTICULAR,Motociclista,Masculino,NO,N/A,HERIDO,Otro,Embriaguez o droga,Carrera 50 Calle 48 C Sur,LAS VEGAS,Urbana,
2172373,08/13/2017,9:00 a.m.,domingo,AUTOMOVIL,PARTICULAR,Conductor,Masculino,NO,N/A,SOLO DAÑOS,Choque,No mantener distancia de seguridad,Carrera 43 A Calle 40  Sur,ALCALA,Urbana,"(6.168044687, -75.59026877)"
2172373,08/13/2017,9:00 a.m.,domingo,MOTOCICLETA,PARTICULAR,Motociclista,Masculino,NO,N/A,SOLO DAÑOS,Choque,No mantener distancia de seguridad,Carrera 43 A Calle 40  Sur,ALCALA,Urbana,"(6.168044687, -75.59026877)"
2172369,08/13/2017,1:00 p.m.,domingo,MOTOCICLETA,PARTICULAR,Motociclista,Masculino,NO,N/A,HERIDO,Atropello,Impericia en el manejo,Carrera 50 Calle 37  Sur,LAS VEGAS,Urbana,
2172360,08/13/2017,7:00 p.m.,domingo,AUTOMOVIL,PARTICULAR,Conductor,Femenino,NO,N/A,SOLO DAÑOS,Choque,Impericia en el manejo,Diagonal 31 B Transversal 32 C Sur,LAS ORQUIDEAS,Urbana,"(6.175671184, -75.579158179)"
2172360,08/13/2017,7:00 p.m.,domingo,MOTOCICLETA,PARTICULAR,Motociclista,Masculino,NO,N/A,SOLO DAÑOS,Choque,Impericia en el manejo,Diagonal 31 B Transversal 32 C Sur,LAS ORQUIDEAS,Urbana,"(6.175671184, -75.579158179)"
2172360,08/13/2017,7:00 p.m.,domingo,AUTOMOVIL,PARTICULAR,Conductor,Femenino,NO,N/A,SOLO DAÑOS,Choque,Impericia en el manejo,Diagonal 31 B Transversal 32 C Sur,LAS ORQUIDEAS,Urbana,"(6.175671184, -75.579158179)"
2172362,08/13/2017,6:45 p.m.,domingo,AUTOMOVIL,PARTICULAR,Conductor,Masculino,NO,N/A,HERIDO,Atropello,Exceso de velocidad,Calle 40  Sur Carrera 27,SAN JOSE,Urbana,"(6.158366235, -75.580807934)"
2172361,08/13/2017,4:30 p.m.,domingo,CAMIONETA,PARTICULAR,Conductor,Masculino,NO,N/A,SOLO DAÑOS,Choque,Reverso imprudente,Carrera 35 Calle 37  Sur,LOS NARANJOS,Urbana,"(6.167581073, -75.582688557)"
2172361,08/13/2017,4:30 p.m.,domingo,AUTOMOVIL,PARTICULAR,Conductor,Masculino,NO,N/A,SOLO DAÑOS,Choque,Reverso imprudente,Carrera 35 Calle 37  Sur,LOS NARANJOS,Urbana,"(6.167581073, -75.582688557)"
2172379,08/13/2017,8:50 p.m.,domingo,MOTOCICLETA,PARTICULAR,Motociclista,Masculino,NO,N/A,HERIDO,Choque,Desobedecer senales,Transversal 34 D Sur Diagonal 31 A,LAS FLORES,Urbana,"(6.172106631, -75.579275117)"
2172379,08/13/2017,8:50 p.m.,domingo,MOTOCICLETA,PARTICULAR,Motociclista,Masculino,NO,N/A,HERIDO,Choque,Desobedecer senales,Transversal 34 D Sur Diagonal 31 A,LAS FLORES,Urbana,"(6.172106631, -75.579275117)"
2172355,08/13/2017,5:10 a.m.,domingo,MOTOCICLETA,PARTICULAR,Motociclista,Masculino,NO,N/A,HERIDO,Otro,Impericia en el manejo,Carrera 50 Calle 48 C Sur,LAS VEGAS,Urbana,
2172366,08/12/2017,10:30 p.m.,sábado,CAMIONETA,PARTICULAR,Conductor,Masculino,NO,N/A,SOLO DAÑOS,Choque,Reverso imprudente,Calle 46 A Sur Carrera 40 A,LAS ANTILLAS,Urbana,"(6.161564215, -75.593814103)"
2172366,08/12/2017,10:30 p.m.,sábado,AUTOMOVIL,PARTICULAR,Conductor,Masculino,NO,N/A,SOLO DAÑOS,Choque,Reverso imprudente,Calle 46 A Sur Carrera 40 A,LAS ANTILLAS,Urbana,"(6.161564215, -75.593814103)"
2172359,08/12/2017,10:45 a.m.,sábado,MOTOCICLETA,PARTICULAR,Motociclista,Masculino,NO,N/A,SOLO DAÑOS,Choque,Desobedecer senales,Carrera 37 Calle 37  Sur,ZONA CENTRO,Urbana,"(6.168235518, -75.58374706)"
2172359,08/12/2017,10:45 a.m.,sábado,AUTOMOVIL,PARTICULAR,Conductor,Masculino,NO,N/A,SOLO DAÑOS,Choque,Desobedecer senales,Carrera 37 Calle 37  Sur,ZONA CENTRO,Urbana,"(6.168235518, -75.58374706)"
2172352,08/12/2017,10:20 a.m.,sábado,MOTOCICLETA,PARTICULAR,Motociclista,Masculino,NO,N/A,HERIDO,Choque,No mantener distancia de seguridad,Tramo 373 Kilometro  7,VEREDA PALMAS,Rural,
2172352,08/12/2017,10:20 a.m.,sábado,AUTOMOVIL,PARTICULAR,Conductor,Femenino,NO,N/A,HERIDO,Choque,No mantener distancia de seguridad,Tramo 373 Kilometro  7,VEREDA PALMAS,Rural,
2172357,08/12/2017,2:10 p.m.,sábado,AUTOMOVIL,PARTICULAR,Conductor,Femenino,NO,N/A,SOLO DAÑOS,Choque,No mantener distancia de seguridad,Carrera 48 Calle 43  Sur,LAS VEGAS,Urbana,"(6.168335134, -75.597233576)"
2172357,08/12/2017,2:10 p.m.,sábado,CAMPERO,PARTICULAR,Conductor,Masculino,NO,N/A,SOLO DAÑOS,Choque,No mantener distancia de seguridad,Carrera 48 Calle 43  Sur,LAS VEGAS,Urbana,"(6.168335134, -75.597233576)"
2172365,08/12/2017,6:10 p.m.,sábado,AUTOMOVIL,PARTICULAR,Conductor,Masculino,NO,N/A,SOLO DAÑOS,Choque,Poner en marcha un vehiculo sin precauci,Calle 46  Sur Carrera 44,PRIMAVERA,Urbana,"(6.164371719, -75.596317156)"
2172365,08/12/2017,6:10 p.m.,sábado,MOTOCICLETA,PARTICULAR,Motociclista,Masculino,NO,N/A,SOLO DAÑOS,Choque,Poner en marcha un vehiculo sin precauci,Calle 46  Sur Carrera 44,PRIMAVERA,Urbana,"(6.164371719, -75.596317156)"
2172367,08/11/2017,8:30 a.m.,viernes,BUS,PUBLICO,Conductor,Masculino,NO,N/A,SOLO DAÑOS,Choque,Desobedecer senales,Carrera 30 A Calle 40 C Sur,SAN JOSE,Urbana,"(6.161584221, -75.583475742)"
2172367,08/11/2017,8:30 a.m.,viernes,AUTOMOVIL,PUBLICO,Conductor,Masculino,NO,N/A,SOLO DAÑOS,Choque,Desobedecer senales,Carrera 30 A Calle 40 C Sur,SAN JOSE,Urbana,"(6.161584221, -75.583475742)"
2172364,08/11/2017,4:15 p.m.,viernes,AUTOMOVIL,PARTICULAR,Conductor,Femenino,NO,N/A,SOLO DAÑOS,Choque,No mantener distancia de seguridad,Carrera 50 Calle 43  Sur,LAS VEGAS,Urbana,
2172364,08/11/2017,4:15 p.m.,viernes,TRACTOCAMION,PUBLICO,Conductor,Masculino,NO,N/A,SOLO DAÑOS,Choque,No mantener distancia de seguridad,Carrera 50 Calle 43  Sur,LAS VEGAS,Urbana,
2172372,08/11/2017,7:10 a.m.,viernes,AUTOMOVIL,PARTICULAR,Conductor,Masculino,NO,N/A,SOLO DAÑOS,Choque,No mantener distancia de seguridad,Carrera 43 A Calle 25  Sur,LAS VEGAS,Urbana,"(6.181616833, -75.581857267)"
2172372,08/11/2017,7:10 a.m.,viernes,AUTOMOVIL,PARTICULAR,Conductor,Masculino,NO,N/A,SOLO DAÑOS,Choque,No mantener distancia de seguridad,Carrera 43 A Calle 25  Sur,LAS VEGAS,Urbana,"(6.181616833, -75.581857267)"
2172372,08/11/2017,7:10 a.m.,viernes,CAMIONETA,PARTICULAR,Conductor,Masculino,NO,N/A,SOLO DAÑOS,Choque,No mantener distancia de seguridad,Carrera 43 A Calle 25  Sur,LAS VEGAS,Urbana,"(6.181616833, -75.581857267)"
2172372,08/11/2017,7:10 a.m.,viernes,CAMIONETA,PARTICULAR,Conductor,Masculino,NO,N/A,SOLO DAÑOS,Choque,No mantener distancia de seguridad,Carrera 43 A Calle 25  Sur,LAS VEGAS,Urbana,"(6.181616833, -75.581857267)"
2172358,08/11/2017,6:00 p.m.,viernes,MOTOCICLETA,PARTICULAR,Motociclista,Masculino,NO,N/A,SOLO DAÑOS,Choque,Desobedecer senales,Calle 39 B Sur Carrera 29 A,SAN JOSE,Urbana,"(6.163042511, -75.581527444)"
2172358,08/11/2017,6:00 p.m.,viernes,MICROBUS,PUBLICO,Conductor,Masculino,NO,N/A,SOLO DAÑOS,Choque,Desobedecer senales,Calle 39 B Sur Carrera 29 A,SAN JOSE,Urbana,"(6.163042511, -75.581527444)"
2172356,08/11/2017,6:30 p.m.,viernes,AUTOMOVIL,PARTICULAR,Conductor,Masculino,NO,N/A,SOLO DAÑOS,Choque,No mantener distancia de seguridad,Carrera 50 Calle 39  Sur,LAS VEGAS,Urbana,
2172356,08/11/2017,6:30 p.m.,viernes,AUTOMOVIL,PUBLICO,Conductor,Masculino,NO,N/A,SOLO DAÑOS,Choque,No mantener distancia de seguridad,Carrera 50 Calle 39  Sur,LAS VEGAS,Urbana,
2172353,08/11/2017,12:35 p.m.,viernes,AUTOMOVIL,PARTICULAR,Conductor,Masculino,NO,N/A,SOLO DAÑOS,Choque,No respetar prelacion,Carrera 41 B Calle 21  Sur,ZU├æIGA,Urbana,"(6.158002923, -75.584403759)"
2172353,08/11/2017,12:35 p.m.,viernes,AUTOMOVIL,PARTICULAR,Conductor,Masculino,NO,N/A,SOLO DAÑOS,Choque,No respetar prelacion,Carrera 41 B Calle 21  Sur,ZU├æIGA,Urbana,"(6.158002923, -75.584403759)"
2172354,08/11/2017,2:40 p.m.,viernes,BUSETA,PUBLICO,Conductor,Masculino,NO,N/A,SOLO DAÑOS,Choque,Adelantar cerrando,Calle 25  Sur Carrera 42 B,LA SEBASTIANA,Urbana,"(6.179561127, -75.579866326)"