RADICADO,FECHA,HORA,DÍA DE LA SEMANA,CLASE DE VEHICULO,TIPO DE SERVICIO,TIPO DE VICTIMA,SEXO,ESTADO DE BEODEZ,RESULTADO DE BEODEZ,GRAVEDAD,CLASE DE ACCIDENTE,CAUSA,DIRECCIÓN,BARRIO,AREA,Coordenadas
2172244,07/31/2017,8:50 a.m.,lunes,CAMIONETA,OFICIAL,Conductor,Masculino,NO,N/A,SOLO DAÑOS,Choque,Impericia en el manejo,Carrera 27 D Calle 34  Sur,LAS ORQUIDEAS,Urbana,"(6.171895479, -75.57503368)"
2172235,07/31/2017,9:50 p.m.,lunes,CAMPERO,PARTICULAR,Conductor,Femenino,NO,N/A,SOLO DAÑOS,Choque,Adelantar cerrando,Calle 25  Sur Carrera 48,ZU├æIGA,Urbana,
2172235,07/31/2017,9:50 p.m.,lunes,AUTOMOVIL,PARTICULAR,Conductor,Masculino,NO,N/A,SOLO DAÑOS,Choque,Adelantar cerrando,Calle 25  Sur Carrera 48,ZU├æIGA,Urbana,
2172231,07/31/2017,4:45 p.m.,lunes,MICROBUS,PUBLICO,Conductor,Masculino,NO,N/A,SOLO DAÑOS,Choque,Vehiculo mal estacionado,Calle 41 A Sur Carrera 25 AA,LA MINA,Urbana,"(6.158780813, -75.585208753)"
2172231,07/31/2017,4:45 p.m.,lunes,CAMIONETA,PARTICULAR,Conductor,Masculino,NO,N/A,SOLO DAÑOS,Choque,Impericia en el manejo,Calle 41 A Sur Carrera 25 AA,LA MINA,Urbana,"(6.158780813, -75.585208753)"
2172231,07/31/2017,4:45 p.m.,lunes,CAMIONETA,PARTICULAR,Conductor,Masculino,NO,N/A,SOLO DAÑOS,Choque,Vehiculo mal estacionado,Calle 41 A Sur Carrera 25 AA,LA MINA,Urbana,"(6.158780813, -75.585208753)"
2172231,07/31/2017,4:45 p.m.,lunes,MICROBUS,PUBLICO,Conductor,Masculino,NO,N/A,SOLO DAÑOS,Choque,Impericia en el manejo,Calle 41 A Sur Carrera 25 AA,LA MINA,Urbana,"(6.158780813, -75.585208753)"
2172232,07/31/2017,6:50 a.m.,lunes,CAMIONETA,PARTICULAR,Conductor,Masculino,NO,N/A,SOLO DAÑOS,Choque,Desobedecer senales,Carrera 39 Calle 40 B Sur,EL DORADO,Urbana,"(6.164830692, -75.587226743)"
2172232,07/31/2017,6:50 a.m.,lunes,MOTOCICLETA,PARTICULAR,Motociclista,Masculino,NO,N/A,SOLO DAÑOS,Choque,Desobedecer senales,Carrera 39 Calle 40 B Sur,EL DORADO,Urbana,"(6.164830692, -75.587226743)"
2172236,07/31/2017,9:15 p.m.,lunes,CAMIONETA,PARTICULAR,Conductor,Femenino,NO,N/A,SOLO DAÑOS,Choque,Estacionar sin seguridad,Calle 48 F Sur Carrera 39,LOMA DEL BARRO,Urbana,"(6.156024221, -75.598072554)"
2172236,07/31/2017,9:15 p.m.,lunes,CAMPERO,PARTICULAR,Conductor,Masculino,NO,N/A,SOLO DAÑOS,Choque,Estacionar sin seguridad,Calle 48 F Sur Carrera 39,LOMA DEL BARRO,Urbana,"(6.156024221, -75.598072554)"
2172256,07/31/2017,6:30 p.m.,lunes,MOTOCICLETA,PARTICULAR,Motociclista,Masculino,NO,N/A,HERIDO,Choque,Adelantar en zona prohibida,Calle 40 F Sur Carrera 29,SAN JOSE,Urbana,"(6.160257642, -75.584046412)"
2172256,07/31/2017,6:30 p.m.,lunes,BUS,PUBLICO,Conductor,Masculino,NO,N/A,HERIDO,Choque,Adelantar en zona prohibida,Calle 40 F Sur Carrera 29,SAN JOSE,Urbana,"(6.160257642, -75.584046412)"
2172247,07/31/2017,10:25 a.m.,lunes,MOTOCICLETA,PARTICULAR,Motociclista,Masculino,NO,N/A,SOLO DAÑOS,Choque,Desobedecer senales,Calle 37  Sur Carrera 45,ALCALA,Urbana,"(6.172286684, -75.590367365)"
2172247,07/31/2017,10:25 a.m.,lunes,MOTOCICLETA,PARTICULAR,Motociclista,Masculino,NO,N/A,SOLO DAÑOS,Choque,Desobedecer senales,Calle 37  Sur Carrera 45,ALCALA,Urbana,"(6.172286684, -75.590367365)"
2172246,07/31/2017,5:20 p.m.,lunes,CAMPERO,PARTICULAR,Conductor,Masculino,NO,N/A,SOLO DAÑOS,Choque,No mantener distancia de seguridad,Calle 38  Sur Carrera 47,ALCALA,Urbana,"(6.172469073, -75.592092518)"
2172246,07/31/2017,5:20 p.m.,lunes,AUTOMOVIL,PARTICULAR,Conductor,Femenino,NO,N/A,SOLO DAÑOS,Choque,No mantener distancia de seguridad,Calle 38  Sur Carrera 47,ALCALA,Urbana,"(6.172469073, -75.592092518)"
2172257,07/31/2017,6:20 p.m.,lunes,MOTOCICLETA,PARTICULAR,Motociclista,Masculino,NO,N/A,HERIDO,Choque,Otra,Carrera 50 Calle 25 A Sur,LAS VEGAS,Urbana,"(6.186515998, -75.585125414)"
2172257,07/31/2017,6:20 p.m.,lunes,MOTOCICLETA,PARTICULAR,Motociclista,Masculino,NO,N/A,HERIDO,Choque,Otra,Carrera 50 Calle 25 A Sur,LAS VEGAS,Urbana,"(6.186515998, -75.585125414)"
2172250,07/31/2017,2:20 p.m.,lunes,MOTOCICLETA,PARTICULAR,Motociclista,Femenino,NO,N/A,HERIDO,Choque,No mantener distancia de seguridad,Calle 37  Sur Carrera 50,LAS VEGAS,Urbana,
2172214,07/30/2017,5:10 p.m.,domingo,AUTOMOVIL,PARTICULAR,Conductor,Masculino,NO,N/A,SOLO DAÑOS,Choque,Desobedecer senales,Transversal 34 A Sur Diagonal 33,OBRERO,Urbana,"(6.172257269, -75.583756268)"
2172214,07/30/2017,5:10 p.m.,domingo,AUTOMOVIL,PUBLICO,Conductor,Masculino,NO,N/A,SOLO DAÑOS,Choque,Desobedecer senales,Transversal 34 A Sur Diagonal 33,OBRERO,Urbana,"(6.172257269, -75.583756268)"
2172229,07/30/2017,1:15 p.m.,domingo,AUTOMOVIL,PARTICULAR,Conductor,Femenino,NO,N/A,SOLO DAÑOS,Choque,Transitar entre vehiculos,Calle 37  Sur Carrera 48,LAS VEGAS,Urbana,"(6.17412211, -75.593061115)"
2172229,07/30/2017,1:15 p.m.,domingo,MOTOCICLETA,PARTICULAR,Motociclista,Masculino,NO,N/A,SOLO DAÑOS,Choque,Transitar entre vehiculos,Calle 37  Sur Carrera 48,LAS VEGAS,Urbana,"(6.17412211, -75.593061115)"
2172217,07/30/2017,9:10 a.m.,domingo,AUTOMOVIL,PARTICULAR,Conductor,Masculino,NO,N/A,SOLO DAÑOS,Choque,Adelantar cerrando,Carrera 32 Calle 39 B Sur,SAN JOSE,Urbana,"(6.163798053, -75.582897273)"
2172217,07/30/2017,9:10 a.m.,domingo,BUS,PUBLICO,Conductor,Masculino,NO,N/A,SOLO DAÑOS,Choque,Adelantar cerrando,Carrera 32 Calle 39 B Sur,SAN JOSE,Urbana,"(6.163798053, -75.582897273)"
2172238,07/30/2017,10:00 a.m.,domingo,MOTOCICLETA,PARTICULAR,Motociclista,Masculino,NO,N/A,HERIDO,Choque,Desobedecer senales,Carrera 39 Calle 37  Sur,ZONA CENTRO,Urbana,"(6.16891714, -75.584818728)"
2172238,07/30/2017,10:00 a.m.,domingo,AUTOMOVIL,PUBLICO,Conductor,Masculino,NO,N/A,HERIDO,Choque,Desobedecer senales,Carrera 39 Calle 37  Sur,ZONA CENTRO,Urbana,"(6.16891714, -75.584818728)"
2172203,07/30/2017,2:00 p.m.,domingo,AUTOMOVIL,PUBLICO,Conductor,Masculino,NO,N/A,SOLO DAÑOS,Choque,Desobedecer senales,Calle 37  Sur Diagonal 31,LA MAGNOLIA,Urbana,"(6.166120684, -75.580740605)"
2172203,07/30/2017,2:00 p.m.,domingo,CAMIONETA,PARTICULAR,Conductor,Femenino,NO,N/A,SOLO DAÑOS,Choque,Desobedecer senales,Calle 37  Sur Diagonal 31,LA MAGNOLIA,Urbana,"(6.166120684, -75.580740605)"
2172207,07/30/2017,6:00 p.m.,domingo,MOTOCICLETA,PARTICULAR,Motociclista,Masculino,NO,N/A,HERIDO,Caida Ocupante,Impericia en el manejo,Calle 36  Sur Carrera 50,LAS VEGAS,Urbana,
2172226,07/30/2017,5:25 p.m.,domingo,AUTOMOVIL,PARTICULAR,Conductor,Masculino,NO,N/A,SOLO DAÑOS,Choque,No mantener distancia de seguridad,Tramo 373 Kilometro  10,VEREDA PALMAS,Rural,
2172226,07/30/2017,5:25 p.m.,domingo,AUTOMOVIL,PUBLICO,Conductor,Masculino,NO,N/A,SOLO DAÑOS,Choque,No mantener distancia de seguridad,Tramo 373 Kilometro  10,VEREDA PALMAS,Rural,
2172200,07/30/2017,4:55 a.m.,domingo,AUTOMOVIL,PARTICULAR,Conductor,Masculino,NO,N/A,SOLO DAÑOS,Choque,Semaforo en rojo,Calle 39  Sur Carrera 40,MESA,Urbana,"(6.167409609, -75.586720978)"
2172200,07/30/2017,4:55 a.m.,domingo,MOTOCICLETA,PARTICULAR,Motociclista,Masculino,NO,N/A,SOLO DAÑOS,Choque,Embriaguez o droga,Calle 39  Sur Carrera 40,MESA,Urbana,"(6.167409609, -75.586720978)"
2172200,07/30/2017,4:55 a.m.,domingo,MOTOCICLETA,PARTICULAR,Motociclista,Masculino,NO,N/A,SOLO DAÑOS,Choque,Semaforo en rojo,Calle 39  Sur Carrera 40,MESA,Urbana,"(6.167409609, -75.586720978)"
2172200,07/30/2017,4:55 a.m.,domingo,AUTOMOVIL,PARTICULAR,Conductor,Masculino,NO,N/A,SOLO DAÑOS,Choque,Embriaguez o droga,Calle 39  Sur Carrera 40,MESA,Urbana,"(6.167409609, -75.586720978)"
2172218,07/29/2017,11:40 a.m.,sábado,AUTOMOVIL,PARTICULAR,Conductor,Masculino,NO,N/A,SOLO DAÑOS,Choque,Estacionar sin seguridad,Calle 25 AA Sur Carrera 48,LAS VEGAS,Urbana,"(6.18405129, -75.584783826)"
2172215,07/29/2017,12:30 p.m.,sábado,MOTOCICLETA,PARTICULAR,Motociclista,Femenino,NO,N/A,SOLO DAÑOS,Choque,Adelantar en zona prohibida,Carrera 27 Calle 36  Sur,LA INMACULADA,Urbana,"(6.167009975, -75.569278076)"
2172215,07/29/2017,12:30 p.m.,sábado,AUTOMOVIL,PARTICULAR,Conductor,Femenino,NO,N/A,SOLO DAÑOS,Choque,Adelantar en zona prohibida,Carrera 27 Calle 36  Sur,LA INMACULADA,Urbana,"(6.167009975, -75.569278076)"
2172212,07/29/2017,10:20 a.m.,sábado,CAMION,PARTICULAR,Conductor,Masculino,NO,N/A,SOLO DAÑOS,Choque,No mantener distancia de seguridad,Calle 37  Sur Carrera 50 A,LAS VEGAS,Urbana,
2172212,07/29/2017,10:20 a.m.,sábado,CAMPERO,PARTICULAR,Conductor,Femenino,NO,N/A,SOLO DAÑOS,Choque,No mantener distancia de seguridad,Calle 37  Sur Carrera 50 A,LAS VEGAS,Urbana,
2172208,07/29/2017,8:20 p.m.,sábado,AUTOMOVIL,PARTICULAR,Conductor,Masculino,NO,N/A,SOLO DAÑOS,Choque,Otra,Calle 38  Sur Carrera 34,MESA,Urbana,"(6.166700674, -75.58264033)"
2172208,07/29/2017,8:20 p.m.,sábado,MOTOCICLETA,PARTICULAR,Motociclista,Masculino,NO,N/A,SOLO DAÑOS,Choque,Otra,Calle 38  Sur Carrera 34,MESA,Urbana,"(6.166700674, -75.58264033)"
2172202,07/29/2017,8:00 p.m.,sábado,MOTOCICLETA,PARTICULAR,Motociclista,Masculino,NO,N/A,SOLO DAÑOS,Choque,No mantener distancia de seguridad,Calle 50  Sur Carrera 46,LAS VEGAS,Urbana,"(6.16131219, -75.603198185)"
2172202,07/29/2017,8:00 p.m.,sábado,AUTOMOVIL,PUBLICO,Conductor,Masculino,NO,N/A,SOLO DAÑOS,Choque,No mantener distancia de seguridad,Calle 50  Sur Carrera 46,LAS VEGAS,Urbana,"(6.16131219, -75.603198185)"
2172198,07/29/2017,1:15 p.m.,sábado,CAMION,PUBLICO,Conductor,Masculino,NO,N/A,SOLO DAÑOS,Choque,Reverso imprudente,Carrera 48 Calle 42 CC Sur,LOMA DEL BARRO,Urbana,"(6.168721442, -75.596842761)"
2172198,07/29/2017,1:15 p.m.,sábado,CAMION,PUBLICO,Conductor,Masculino,NO,N/A,SOLO DAÑOS,Choque,Reverso imprudente,Carrera 48 Calle 42 CC Sur,LOMA DEL BARRO,Urbana,"(6.168721442, -75.596842761)"
2172241,07/29/2017,7:30 p.m.,sábado,MOTOCICLETA,PARTICULAR,Motociclista,Femenino,NO,N/A,HERIDO,Choque,Desobedecer senales,Calle 39  Sur Carrera 27 B,EL CHINGU├ì,Urbana,"(6.159217585, -75.578834618)"
2172241,07/29/2017,7:30 p.m.,sábado,CAMIONETA,DIPLOMATICO,Conductor,Masculino,NO,N/A,HERIDO,Choque,Desobedecer senales,Calle 39  Sur Carrera 27 B,EL CHINGU├ì,Urbana,"(6.159217585, -75.578834618)"
2172228,07/29/2017,7:20 p.m.,sábado,AUTOMOVIL,PARTICULAR,Conductor,Masculino,NO,N/A,SOLO DAÑOS,Choque,No mantener distancia de seguridad,Tramo 373 Kilometro  8,VEREDA PALMAS,Rural,
2172228,07/29/2017,7:20 p.m.,sábado,AUTOMOVIL,PARTICULAR,Conductor,Masculino,NO,N/A,SOLO DAÑOS,Choque,No mantener distancia de seguridad,Tramo 373 Kilometro  8,VEREDA PALMAS,Rural,
2172219,07/29/2017,2:53 p.m.,sábado,CAMIONETA,PARTICULAR,Conductor,Masculino,NO,N/A,HERIDO,Choque,Adelantar en zona prohibida,Calle 36 D Sur Carrera 27,VEREDA EL ESCOBERO,Urbana,"(6.162479576, -75.570222573)"
2172219,07/29/2017,2:53 p.m.,sábado,MOTOCICLETA,PARTICULAR,Motociclista,Masculino,NO,N/A,HERIDO,Choque,Adelantar en zona prohibida,Calle 36 D Sur Carrera 27,VEREDA EL ESCOBERO,Urbana,"(6.162479576, -75.570222573)"
2172242,07/29/2017,12:50 p.m.,sábado,BICICLETA,N/A,Ciclista,Masculino,NO,N/A,HERIDO,Atropello,No respetar prelacion,Calle 21  Sur Carrera 41,ZU├æIGA,Urbana,"(6.182165945, -75.576776678)"
2172239,07/29/2017,12:40 p.m.,sábado,AUTOMOVIL,PUBLICO,Conductor,Masculino,NO,N/A,SOLO DAÑOS,Choque,No mantener distancia de seguridad,Calle 39 B Sur Carrera 25,EL SALADO,Urbana,"(6.154772856, -75.574886148)"
2172239,07/29/2017,12:40 p.m.,sábado,AUTOMOVIL,PARTICULAR,Conductor,Masculino,NO,N/A,SOLO DAÑOS,Choque,No mantener distancia de seguridad,Calle 39 B Sur Carrera 25,EL SALADO,Urbana,"(6.154772856, -75.574886148)"
2172218,07/29/2017,11:40 a.m.,sábado,CAMIONETA,PUBLICO,Conductor,Masculino,NO,N/A,SOLO DAÑOS,Choque,Estacionar sin seguridad,Calle 25 AA Sur Carrera 48,LAS VEGAS,Urbana,"(6.18405129, -75.584783826)"
2172221,07/28/2017,5:20 p.m.,viernes,MOTOCICLETA,PARTICULAR,Motociclista,Masculino,NO,N/A,SOLO DAÑOS,Choque,Adelantar por la derecha,Carrera 29 B Calle 39  Sur,SAN JOSE,Urbana,"(6.163948121, -75.581155458)"
2172204,07/28/2017,11:30 p.m.,viernes,AUTOMOVIL,PARTICULAR,Conductor,Femenino,NO,N/A,HERIDO,Atropello,Jugar en la via,Diagonal 30 Transversal 35 D Sur,LA SEBASTIANA,Urbana,"(6.16965492, -75.578529294)"
2172204,07/28/2017,11:30 p.m.,viernes,AUTOMOVIL,PARTICULAR,Conductor,Femenino,NO,N/A,HERIDO,Atropello,Exceso de velocidad,Diagonal 30 Transversal 35 D Sur,LA SEBASTIANA,Urbana,"(6.16965492, -75.578529294)"
2172939,07/28/2017,10:52 a.m.,viernes,AUTOMOVIL,PARTICULAR,Conductor,Masculino,NO,N/A,HERIDO,Choque,Impericia en el manejo,Calle 38  Sur Carrera 47 A,ALCALA,Urbana,"(6.172609491, -75.592299613)"
2172939,07/28/2017,10:52 a.m.,viernes,MOTOCICLETA,PARTICULAR,Motociclista,Masculino,NO,N/A,HERIDO,Choque,Impericia en el manejo,Calle 38  Sur Carrera 47 A,ALCALA,Urbana,"(6.172609491, -75.592299613)"
2172222,07/28/2017,7:50 a.m.,viernes,MOTOCICLETA,PARTICULAR,Motociclista,Masculino,NO,N/A,HERIDO,Choque,Transitar entre vehiculos,Calle 38  Sur Carrera 42,ZONA CENTRO,Urbana,"(6.16961293, -75.587384695)"
2172222,07/28/2017,7:50 a.m.,viernes,MOTOCICLETA,PARTICULAR,Motociclista,Masculino,NO,N/A,HERIDO,Choque,Transitar entre vehiculos,Calle 38  Sur Carrera 42,ZONA CENTRO,Urbana,"(6.16961293, -75.587384695)"
2172223,07/28/2017,12:40 p.m.,viernes,CAMPERO,PARTICULAR,Conductor,Masculino,NO,N/A,SOLO DAÑOS,Choque,No mantener distancia de seguridad,Calle 37  Sur Carrera 29,VEREDA EL ESCOBERO,Urbana,"(6.165886877, -75.579550992)"
2172223,07/28/2017,12:40 p.m.,viernes,BUS,PUBLICO,Conductor,Masculino,NO,N/A,SOLO DAÑOS,Choque,No mantener distancia de seguridad,Calle 37  Sur Carrera 29,VEREDA EL ESCOBERO,Urbana,"(6.165886877, -75.579550992)"
2172209,07/28/2017,9:30 p.m.,viernes,MOTOCICLETA,PARTICULAR,Motociclista,Masculino,NO,N/A,HERIDO,Choque,Semaforo en rojo,Carrera 35 Calle 37  Sur,MESA,Urbana,"(6.167581073, -75.582688557)"
2172209,07/28/2017,9:30 p.m.,viernes,AUTOMOVIL,PARTICULAR,Conductor,Femenino,NO,N/A,HERIDO,Choque,Semaforo en rojo,Carrera 35 Calle 37  Sur,MESA,Urbana,"(6.167581073, -75.582688557)"
2172213,07/28/2017,5:30 p.m.,viernes,MOTOCICLETA,PARTICULAR,Motociclista,Masculino,NO,N/A,HERIDO,Caida Ocupante,Impericia en el manejo,Carrera 50 Calle 19  Sur,LAS VEGAS,Urbana,
2172221,07/28/2017,5:20 p.m.,viernes,AUTOMOVIL,PARTICULAR,Conductor,Masculino,NO,N/A,SOLO DAÑOS,Choque,Adelantar por la derecha,Carrera 29 B Calle 39  Sur,SAN JOSE,Urbana,"(6.163948121, -75.581155458)"
2172216,07/28/2017,8:35 p.m.,viernes,AUTOMOVIL,PARTICULAR,Conductor,Femenino,NO,N/A,SOLO DAÑOS,Choque,No mantener distancia de seguridad,Calle 37  Sur Carrera 50,LAS VEGAS,Urbana,
2172216,07/28/2017,8:35 p.m.,viernes,AUTOMOVIL,PARTICULAR,Conductor,Masculino,NO,N/A,SOLO DAÑOS,Choque,No mantener distancia de seguridad,Calle 37  Sur Carrera 50,LAS VEGAS,Urbana,
2172253,07/28/2017,5:10 p.m.,viernes,AUTOMOVIL,PUBLICO,Conductor,Masculino,NO,N/A,SOLO DAÑOS,Choque,No mantener distancia de seguridad,Carrera 43 A Calle 50 D Sur,AVENIDA EL POBLADO,Urbana,"(6.160125495, -75.602078994)"
2172253,07/28/2017,5:10 p.m.,viernes,AUTOMOVIL,PARTICULAR,Conductor,Femenino,NO,N/A,SOLO DAÑOS,Choque,No mantener distancia de seguridad,Carrera 43 A Calle 50 D Sur,AVENIDA EL POBLADO,Urbana,"(6.160125495, -75.602078994)"
2172201,07/28/2017,4:20 a.m.,viernes,MOTOCICLETA,PARTICULAR,Motociclista,Masculino,NO,N/A,HERIDO,Choque,Exceso de velocidad,Tramo 373 Kilometro  8,VEREDA PALMAS,Rural,
2172201,07/28/2017,4:20 a.m.,viernes,CAMIONETA,PUBLICO,Conductor,Masculino,NO,N/A,HERIDO,Choque,Exceso de velocidad,Tramo 373 Kilometro  8,VEREDA PALMAS,Rural,
2172237,07/28/2017,7:10 a.m.,viernes,MOTOCICLETA,PARTICULAR,Motociclista,Masculino,NO,N/A,HERIDO,Choque,No mantener distancia de seguridad,Carrera 41 Calle 38  Sur,ZONA CENTRO,Urbana,"(6.169124429, -75.586560125)"
2172237,07/28/2017,7:10 a.m.,viernes,MOTOCICLETA,PARTICULAR,Motociclista,Femenino,NO,N/A,HERIDO,Choque,No mantener distancia de seguridad,Carrera 41 Calle 38  Sur,ZONA CENTRO,Urbana,"(6.169124429, -75.586560125)"
2172237,07/28/2017,7:10 a.m.,viernes,CAMPERO,PUBLICO,Conductor,Masculino,NO,N/A,HERIDO,Choque,No mantener distancia de seguridad,Carrera 41 Calle 38  Sur,ZONA CENTRO,Urbana,"(6.169124429, -75.586560125)"
2172210,07/28/2017,7:10 a.m.,viernes,CAMPERO,PARTICULAR,Conductor,Femenino,NO,N/A,SOLO DAÑOS,Choque,Adelantar cerrando,Tramo 372 Kilometro  17,VEREDA PALMAS,Rural,
2172210,07/28/2017,7:10 a.m.,viernes,AUTOMOVIL,PARTICULAR,Conductor,Masculino,NO,N/A,SOLO DAÑOS,Choque,Adelantar cerrando,Tramo 372 Kilometro  17,VEREDA PALMAS,Rural,
2172243,07/28/2017,2:00 p.m.,viernes,CAMION,PUBLICO,Conductor,Masculino,NO,N/A,SOLO DAÑOS,Choque,Impericia en el manejo,Calle 45 C Sur Carrera 46 A,PRIMAVERA,Urbana,"(6.164965043, -75.596400026)"
2172243,07/28/2017,2:00 p.m.,viernes,AUTOMOVIL,PARTICULAR,Conductor,Masculino,NO,N/A,SOLO DAÑOS,Choque,Impericia en el manejo,Calle 45 C Sur Carrera 46 A,PRIMAVERA,Urbana,"(6.164965043, -75.596400026)"
2172220,07/28/2017,7:10 p.m.,viernes,MOTOCICLETA,OFICIAL,Motociclista,Masculino,NO,N/A,HERIDO,Caida Ocupante,Impericia en el manejo,Calle 37  Sur Carrera 28,LA MAGNOLIA,Urbana,"(6.165679454, -75.578340422)"
2172205,07/28/2017,4:00 p.m.,viernes,AUTOMOVIL,PARTICULAR,Conductor,Femenino,NO,N/A,SOLO DAÑOS,Choque,Desobedecer senales,Carrera 41 AA Calle 21  Sur,ZU├æIGA,Urbana,"(6.158256501, -75.584394264)"
2172205,07/28/2017,4:00 p.m.,viernes,AUTOMOVIL,PUBLICO,Conductor,Masculino,NO,N/A,SOLO DAÑOS,Choque,Desobedecer senales,Carrera 41 AA Calle 21  Sur,ZU├æIGA,Urbana,"(6.158256501, -75.584394264)"
2172240,07/28/2017,7:00 a.m.,viernes,AUTOMOVIL,PARTICULAR,Conductor,Femenino,NO,N/A,HERIDO,Atropello,Poner en marcha un vehiculo sin precauci,Carrera 46 Calle 38 A Sur,ALCALA,Urbana,"(6.171334283, -75.591535865)"
2172225,07/28/2017,1:00 p.m.,viernes,CAMPERO,DIPLOMATICO,Conductor,Femenino,NO,N/A,SOLO DAÑOS,Choque,No mantener distancia de seguridad,Carrera 42 B Calle 45 A Sur,LA PAZ,Urbana,"(6.163379327, -75.593414762)"
2172225,07/28/2017,1:00 p.m.,viernes,AUTOMOVIL,PARTICULAR,Conductor,Femenino,NO,N/A,SOLO DAÑOS,Choque,No mantener distancia de seguridad,Carrera 42 B Calle 45 A Sur,LA PAZ,Urbana,"(6.163379327, -75.593414762)"
2172189,07/27/2017,1:00 p.m.,jueves,AUTOMOVIL,PARTICULAR,Conductor,Femenino,NO,N/A,SOLO DAÑOS,Choque,Poner en marcha un vehiculo sin precauci,Calle 31  Sur Carrera 43 A,JARDINES,Urbana,"(6.176823564, -75.585392151)"
2172189,07/27/2017,1:00 p.m.,jueves,AUTOMOVIL,PARTICULAR,Conductor,Masculino,NO,N/A,SOLO DAÑOS,Choque,Poner en marcha un vehiculo sin precauci,Calle 31  Sur Carrera 43 A,JARDINES,Urbana,"(6.176823564, -75.585392151)"
2172188,07/27/2017,2:30 p.m.,jueves,MOTOCICLETA,PARTICULAR,Motociclista,Masculino,NO,N/A,MUERTO,Choque,Transitar entre vehiculos,Carrera 50 Calle 25 A Sur,LAS VEGAS,Urbana,"(6.186515998, -75.585125414)"
2172188,07/27/2017,2:30 p.m.,jueves,BUS,PUBLICO,Conductor,Masculino,NO,N/A,MUERTO,Choque,Transitar entre vehiculos,Carrera 50 Calle 25 A Sur,LAS VEGAS,Urbana,"(6.186515998, -75.585125414)"
2172191,07/27/2017,9:50 a.m.,jueves,MOTOCICLETA,PARTICULAR,Motociclista,Masculino,NO,N/A,SOLO DAÑOS,Choque,No mantener distancia de seguridad,Carrera 48 Calle 40  Sur,LAS VEGAS,Urbana,"(6.168855316, -75.596887667)"
2172227,07/27/2017,2:00 p.m.,jueves,AUTOMOVIL,PARTICULAR,Conductor,Femenino,NO,N/A,SOLO DAÑOS,Choque,No mantener distancia de seguridad,Calle 39  Sur Carrera 27,EL CHINGU├ì,Urbana,"(6.159217585, -75.578834618)"
2172227,07/27/2017,2:00 p.m.,jueves,MOTOCICLETA,PARTICULAR,Motociclista,Masculino,NO,N/A,SOLO DAÑOS,Choque,No mantener distancia de seguridad,Calle 39  Sur Carrera 27,EL CHINGU├ì,Urbana,"(6.159217585, -75.578834618)"
2172193,07/27/2017,6:30 a.m.,jueves,AUTOMOVIL,PARTICULAR,Conductor,Masculino,NO,N/A,SOLO DAÑOS,Choque,No mantener distancia de seguridad,Carrera 48 Calle 34  Sur,LAS VEGAS,Urbana,"(6.175414344, -75.590782176)"
2172193,07/27/2017,6:30 a.m.,jueves,AUTOMOVIL,PARTICULAR,Conductor,Masculino,NO,N/A,SOLO DAÑOS,Choque,No mantener distancia de seguridad,Carrera 48 Calle 34  Sur,LAS VEGAS,Urbana,"(6.175414344, -75.590782176)"
2172190,07/27/2017,7:20 a.m.,jueves,AUTOMOVIL,PARTICULAR,Conductor,Femenino,NO,N/A,HERIDO,Choque,Transitar entre vehiculos,Carrera 50 Calle 25 A Sur,LAS VEGAS,Urbana,"(6.186515998, -75.585125414)"
2172190,07/27/2017,7:20 a.m.,jueves,MOTOCICLETA,PARTICULAR,Motociclista,Masculino,NO,N/A,HERIDO,Choque,Transitar entre vehiculos,Carrera 50 Calle 25 A Sur,LAS VEGAS,Urbana,"(6.186515998, -75.585125414)"
2172191,07/27/2017,9:50 a.m.,jueves,AUTOMOVIL,PARTICULAR,Conductor,Femenino,NO,N/A,SOLO DAÑOS,Choque,No mantener distancia de seguridad,Carrera 48 Calle 40  Sur,LAS VEGAS,Urbana,"(6.168855316, -75.596887667)"
2172199,07/27/2017,10:40 a.m.,jueves,CAMIONETA,PARTICULAR,Conductor,Femenino,NO,N/A,SOLO DAÑOS,Choque,Semaforo en rojo,Carrera 48 Calle 32 B Sur,EL PORTAL,Urbana,"(6.176994311, -75.589841192)"
2172206,07/27/2017,6:00 p.m.,jueves,CAMIONETA,PARTICULAR,Conductor,Femenino,NO,N/A,SOLO DAÑOS,Choque,No mantener distancia de seguridad,Carrera 32 Calle 38  Sur,MESA,Urbana,"(6.165895782, -75.581563851)"
2172199,07/27/2017,10:40 a.m.,jueves,MOTOCICLETA,PARTICULAR,Motociclista,Masculino,NO,N/A,SOLO DAÑOS,Choque,Semaforo en rojo,Carrera 48 Calle 32 B Sur,EL PORTAL,Urbana,"(6.176994311, -75.589841192)"
2172188,07/27/2017,2:30 p.m.,jueves,CAMION,PUBLICO,Conductor,Masculino,NO,N/A,MUERTO,Choque,Transitar entre vehiculos,Carrera 50 Calle 25 A Sur,LAS VEGAS,Urbana,"(6.186515998, -75.585125414)"
2172206,07/27/2017,6:00 p.m.,jueves,CAMPERO,PARTICULAR,Conductor,Masculino,NO,N/A,SOLO DAÑOS,Choque,No mantener distancia de seguridad,Carrera 32 Calle 38  Sur,MESA,Urbana,"(6.165895782, -75.581563851)"
2172192,07/27/2017,1:00 p.m.,jueves,MOTOCICLETA,PARTICULAR,Motociclista,Masculino,NO,N/A,SOLO DAÑOS,Choque,Girar bruscamente,Diagonal 32 Transversal 34 B Sur,LOS NARANJOS,Urbana,"(6.172622284, -75.581338171)"