RADICADO,FECHA,HORA,DÍA DE LA SEMANA,CLASE DE VEHICULO,TIPO DE SERVICIO,TIPO DE VICTIMA,SEXO,ESTADO DE BEODEZ,RESULTADO DE BEODEZ,GRAVEDAD,CLASE DE ACCIDENTE,CAUSA,DIRECCIÓN,BARRIO,AREA,Coordenadas
2172099,07/15/2017,3:20 p.m.,sábado,CAMPERO,PARTICULAR,Conductor,Femenino,NO,N/A,SOLO DAÑOS,Choque,No mantener distancia de seguridad,Calle 33  Sur Carrera 43,ZONA CENTRO,Urbana,"(6.173912569, -75.586974728)"
2172108,07/15/2017,9:20 a.m.,sábado,CAMIONETA,PUBLICO,Conductor,Masculino,NO,N/A,SOLO DAÑOS,Choque,No respetar prelacion,Carrera 41 Calle 45 A Sur,LAS ANTILLAS,Urbana,"(6.162364197, -75.592592357)"
2172108,07/15/2017,9:20 a.m.,sábado,AUTOMOVIL,PARTICULAR,Conductor,Masculino,NO,N/A,SOLO DAÑOS,Choque,No respetar prelacion,Carrera 41 Calle 45 A Sur,LAS ANTILLAS,Urbana,"(6.162364197, -75.592592357)"
2172065,07/15/2017,11:20 a.m.,sábado,AUTOMOVIL,PARTICULAR,Conductor,Femenino,NO,N/A,SOLO DAÑOS,Choque,No mantener distancia de seguridad,Calle 36  Sur Carrera 25,EL CHOCHO,Urbana,"(6.167194335, -75.564826277)"
2172065,07/15/2017,11:20 a.m.,sábado,CAMPERO,PARTICULAR,Conductor,Masculino,NO,N/A,SOLO DAÑOS,Choque,No mantener distancia de seguridad,Calle 36  Sur Carrera 25,EL CHOCHO,Urbana,"(6.167194335, -75.564826277)"
2172080,07/15/2017,4:30 a.m.,sábado,AUTOMOVIL,PARTICULAR,Conductor,Masculino,NO,N/A,SOLO DAÑOS,Choque,No respetar prelacion,Diagonal 33 Transversal 32 C Sur,LA MAGNOLIA,Urbana,"(6.174362764, -75.584458996)"
2172080,07/15/2017,4:30 a.m.,sábado,AUTOMOVIL,DIPLOMATICO,Conductor,Masculino,NO,N/A,SOLO DAÑOS,Choque,No respetar prelacion,Diagonal 33 Transversal 32 C Sur,LA MAGNOLIA,Urbana,"(6.174362764, -75.584458996)"
2172063,07/15/2017,3:30 p.m.,sábado,CAMIONETA,DIPLOMATICO,Conductor,Masculino,NO,N/A,SOLO DAÑOS,Choque,Cargue o descarge en horas/sitios prohib,Carrera 40 A Calle 40 F Sur,EL DORADO,Urbana,"(6.164685452, -75.589594868)"
2172063,07/15/2017,3:30 p.m.,sábado,MOTOCICLETA,PARTICULAR,Motociclista,Masculino,NO,N/A,SOLO DAÑOS,Choque,Cargue o descarge en horas/sitios prohib,Carrera 40 A Calle 40 F Sur,EL DORADO,Urbana,"(6.164685452, -75.589594868)"
2172057,07/15/2017,5:30 p.m.,sábado,AUTOMOVIL,PARTICULAR,Conductor,Masculino,NO,N/A,SOLO DAÑOS,Choque,No mantener distancia de seguridad,Tramo 12 Kilometro  15,VEREDA PALMAS,Rural,
2172057,07/15/2017,5:30 p.m.,sábado,MOTOCICLETA,PARTICULAR,Motociclista,Masculino,NO,N/A,SOLO DAÑOS,Choque,No mantener distancia de seguridad,Tramo 12 Kilometro  15,VEREDA PALMAS,Rural,
2172059,07/15/2017,9:40 a.m.,sábado,CAMIONETA,OFICIAL,Conductor,Masculino,NO,N/A,SOLO DAÑOS,Choque,No mantener distancia de seguridad,Carrera 50 Calle 39  Sur,LAS VEGAS,Urbana,
2172059,07/15/2017,9:40 a.m.,sábado,AUTOMOVIL,PARTICULAR,Conductor,Masculino,NO,N/A,SOLO DAÑOS,Choque,No mantener distancia de seguridad,Carrera 50 Calle 39  Sur,LAS VEGAS,Urbana,
2172059,07/15/2017,9:40 a.m.,sábado,AUTOMOVIL,PARTICULAR,Conductor,Femenino,NO,N/A,SOLO DAÑOS,Choque,No mantener distancia de seguridad,Carrera 50 Calle 39  Sur,LAS VEGAS,Urbana,
2172098,07/15/2017,12:40 p.m.,sábado,MICROBUS,PUBLICO,Conductor,Masculino,NO,N/A,HERIDO,Caida Ocupante,Poner en marcha un vehiculo sin precauci,Calle 47  Sur Carrera 40,EL TRIANON,Urbana,"(6.15929595, -75.593774797)"
2172066,07/15/2017,4:50 p.m.,sábado,MOTOCICLETA,PARTICULAR,Motociclista,Masculino,NO,N/A,SOLO DAÑOS,Choque,Adelantar cerrando,Transversal 34 C Sur Diagonal 39,OBRERO,Urbana,"(6.171097602, -75.584051382)"
2172066,07/15/2017,4:50 p.m.,sábado,AUTOMOVIL,PARTICULAR,Conductor,Masculino,NO,N/A,SOLO DAÑOS,Choque,Adelantar cerrando,Transversal 34 C Sur Diagonal 39,OBRERO,Urbana,"(6.171097602, -75.584051382)"
2172072,07/15/2017,9:50 a.m.,sábado,AUTOMOVIL,PARTICULAR,Conductor,Femenino,NO,N/A,SOLO DAÑOS,Choque,No respetar prelacion,Calle 38  Sur Carrera 48,GLORIETA EXITO,Urbana,
2172072,07/15/2017,9:50 a.m.,sábado,CAMIONETA,PUBLICO,Conductor,Masculino,NO,N/A,SOLO DAÑOS,Choque,No respetar prelacion,Calle 38  Sur Carrera 48,GLORIETA EXITO,Urbana,
2172073,07/15/2017,10:10 p.m.,sábado,AUTOMOVIL,PARTICULAR,Conductor,Masculino,NO,N/A,SOLO DAÑOS,Choque,No mantener distancia de seguridad,Tramo 12 Kilometro  8,VEREDA PALMAS,Rural,
2172073,07/15/2017,10:10 p.m.,sábado,AUTOMOVIL,PARTICULAR,Conductor,Masculino,NO,N/A,SOLO DAÑOS,Choque,No mantener distancia de seguridad,Tramo 12 Kilometro  8,VEREDA PALMAS,Rural,
2172104,07/15/2017,5:50 p.m.,sábado,CAMPERO,PARTICULAR,Conductor,Masculino,NO,N/A,SOLO DAÑOS,Choque,Adelantar por la derecha,Carrera 27 Calle 23  Sur,EL ESMERALDAL,Urbana,"(6.176588834, -75.567445991)"
2172104,07/15/2017,5:50 p.m.,sábado,MOTOCICLETA,PARTICULAR,Motociclista,Masculino,NO,N/A,SOLO DAÑOS,Choque,Adelantar por la derecha,Carrera 27 Calle 23  Sur,EL ESMERALDAL,Urbana,"(6.176588834, -75.567445991)"
2172074,07/15/2017,11:10 p.m.,sábado,AUTOMOVIL,PUBLICO,Conductor,Masculino,NO,N/A,HERIDO,Choque,Vehiculo mal estacionado,Diagonal 29 Transversal 28  Sur,ALTO DE MISAEL,Urbana,"(6.175122612, -75.576955937)"
2172074,07/15/2017,11:10 p.m.,sábado,MOTOCICLETA,PARTICULAR,Motociclista,Masculino,NO,N/A,HERIDO,Choque,Adelantar por la derecha,Diagonal 29 Transversal 28  Sur,ALTO DE MISAEL,Urbana,"(6.175122612, -75.576955937)"
2172074,07/15/2017,11:10 p.m.,sábado,MOTOCICLETA,PARTICULAR,Motociclista,Masculino,NO,N/A,HERIDO,Choque,Vehiculo mal estacionado,Diagonal 29 Transversal 28  Sur,ALTO DE MISAEL,Urbana,"(6.175122612, -75.576955937)"
2172074,07/15/2017,11:10 p.m.,sábado,AUTOMOVIL,PUBLICO,Conductor,Masculino,NO,N/A,HERIDO,Choque,Adelantar por la derecha,Diagonal 29 Transversal 28  Sur,ALTO DE MISAEL,Urbana,"(6.175122612, -75.576955937)"
2172058,07/14/2017,1:00 p.m.,viernes,MOTOCICLETA,PARTICULAR,Motociclista,Femenino,NO,N/A,HERIDO,Choque,No mantener distancia de seguridad,Tramo 12 Kilometro  15,VEREDA PALMAS,Rural,
2172058,07/14/2017,1:00 p.m.,viernes,MOTOCICLETA,PARTICULAR,Motociclista,Masculino,NO,N/A,HERIDO,Choque,No mantener distancia de seguridad,Tramo 12 Kilometro  15,VEREDA PALMAS,Rural,
2172081,07/14/2017,7:00 p.m.,viernes,BICICLETA,N/A,Ciclista,Masculino,NO,N/A,HERIDO,Atropello,Transitar en contravia,Calle 41 B Sur Carrera 32 B,SAN RAFAEL,Urbana,"(6.160267107, -75.586879185)"
2172078,07/14/2017,6:50 a.m.,viernes,AUTOMOVIL,PARTICULAR,Conductor,Femenino,NO,N/A,SOLO DAÑOS,Choque,Transitar entre vehiculos,Carrera 48 Calle 30  Sur,LAS VEGAS,Urbana,"(6.179366643, -75.588084104)"
2172078,07/14/2017,6:50 a.m.,viernes,MOTOCICLETA,PARTICULAR,Motociclista,Masculino,NO,N/A,SOLO DAÑOS,Choque,Transitar entre vehiculos,Carrera 48 Calle 30  Sur,LAS VEGAS,Urbana,"(6.179366643, -75.588084104)"
2172082,07/14/2017,5:35 p.m.,viernes,CAMPERO,PARTICULAR,Conductor,Masculino,NO,N/A,SOLO DAÑOS,Choque,Impericia en el manejo,Calle 26  Sur Carrera 48,LAS VEGAS,Urbana,"(6.183423583, -75.585428952)"
2172082,07/14/2017,5:35 p.m.,viernes,MOTOCICLETA,PARTICULAR,Motociclista,Femenino,NO,N/A,SOLO DAÑOS,Choque,Impericia en el manejo,Calle 26  Sur Carrera 48,LAS VEGAS,Urbana,"(6.183423583, -75.585428952)"
2172070,07/14/2017,8:50 a.m.,viernes,AUTOMOVIL,PARTICULAR,Conductor,Femenino,NO,N/A,SOLO DAÑOS,Choque,Impericia en el manejo,Calle 45  Sur Carrera 43,LA PAZ,Urbana,"(6.164788767, -75.594211126)"
2172060,07/14/2017,7:30 a.m.,viernes,AUTOMOVIL,PUBLICO,Conductor,Masculino,NO,N/A,SOLO DAÑOS,Choque,Poner en marcha un vehiculo sin precauci,Calle 34  Sur Carrera 48,LAS VEGAS,Urbana,
2172070,07/14/2017,8:50 a.m.,viernes,BUS,PUBLICO,Conductor,Masculino,NO,N/A,SOLO DAÑOS,Choque,Impericia en el manejo,Calle 45  Sur Carrera 43,LA PAZ,Urbana,"(6.164788767, -75.594211126)"
2172068,07/14/2017,10:00 p.m.,viernes,AUTOMOVIL,PARTICULAR,Conductor,Masculino,NO,N/A,SOLO DAÑOS,Choque,Exceso de velocidad,Tramo 12 Kilometro  13,VEREDA PALMAS,Rural,
2172060,07/14/2017,7:30 a.m.,viernes,AUTOMOVIL,PARTICULAR,Conductor,Femenino,NO,N/A,SOLO DAÑOS,Choque,Poner en marcha un vehiculo sin precauci,Calle 34  Sur Carrera 48,LAS VEGAS,Urbana,
2172079,07/14/2017,4:30 p.m.,viernes,MOTOCICLETA,PARTICULAR,Motociclista,Masculino,NO,N/A,SOLO DAÑOS,Choque,Otra,Carrera 48 Calle 31  Sur,LAS VEGAS,Urbana,"(6.178537792, -75.588851894)"
2172079,07/14/2017,4:30 p.m.,viernes,AUTOMOVIL,PARTICULAR,Conductor,Masculino,NO,N/A,SOLO DAÑOS,Choque,Otra,Carrera 48 Calle 31  Sur,LAS VEGAS,Urbana,"(6.178537792, -75.588851894)"
2172094,07/14/2017,10:20 a.m.,viernes,CAMIONETA,PARTICULAR,Conductor,Masculino,NO,N/A,SOLO DAÑOS,Choque,No respetar prelacion,Calle 38  Sur Carrera 48,GLORIETA EXITO,Urbana,
2172094,07/14/2017,10:20 a.m.,viernes,MICROBUS,PUBLICO,Conductor,Masculino,NO,N/A,SOLO DAÑOS,Choque,No respetar prelacion,Calle 38  Sur Carrera 48,GLORIETA EXITO,Urbana,
2172086,07/14/2017,1:30 p.m.,viernes,CAMPERO,PARTICULAR,Conductor,Masculino,NO,N/A,SOLO DAÑOS,Choque,Reverso imprudente,Calle 19  Sur Carrera 47,ZU├æIGA,Urbana,
2172086,07/14/2017,1:30 p.m.,viernes,COMPACTADORA,PARTICULAR,Conductor,Masculino,NO,N/A,SOLO DAÑOS,Choque,Reverso imprudente,Calle 19  Sur Carrera 47,ZU├æIGA,Urbana,
2172090,07/14/2017,7:20 a.m.,viernes,CAMIONETA,PUBLICO,Conductor,Masculino,NO,N/A,SOLO DAÑOS,Choque,Impericia en el manejo,Calle 34  Sur Carrera 47,EL PORTAL,Urbana,"(6.175152875, -75.590256231)"
2172090,07/14/2017,7:20 a.m.,viernes,MOTOCICLETA,PARTICULAR,Motociclista,Femenino,NO,N/A,SOLO DAÑOS,Choque,Impericia en el manejo,Calle 34  Sur Carrera 47,EL PORTAL,Urbana,"(6.175152875, -75.590256231)"
2172096,07/14/2017,8:20 a.m.,viernes,MOTOCICLETA,PARTICULAR,Motociclista,Masculino,NO,N/A,HERIDO,Choque,Girar bruscamente,Calle 33 B Sur Carrera 44,SAN MARCOS,Urbana,"(6.173779627, -75.587340404)"
2172096,07/14/2017,8:20 a.m.,viernes,CAMIONETA,PARTICULAR,Conductor,Femenino,NO,N/A,HERIDO,Choque,Girar bruscamente,Calle 33 B Sur Carrera 44,SAN MARCOS,Urbana,"(6.173779627, -75.587340404)"
2172075,07/14/2017,11:10 a.m.,viernes,AUTOMOVIL,PARTICULAR,Conductor,Masculino,NO,N/A,SOLO DAÑOS,Choque,No mantener distancia de seguridad,Calle 40 A Sur Carrera 14,LA MINA,Urbana,
2172075,07/14/2017,11:10 a.m.,viernes,CAMIONETA,DIPLOMATICO,Conductor,Masculino,NO,N/A,SOLO DAÑOS,Choque,No mantener distancia de seguridad,Calle 40 A Sur Carrera 14,LA MINA,Urbana,
2172062,07/14/2017,2:00 p.m.,viernes,MOTOCICLETA,PARTICULAR,Motociclista,Femenino,NO,N/A,HERIDO,Choque,Desobedecer senales,Transversal 34  Sur Diagonal 32,LA MAGNOLIA,Urbana,"(6.173524185, -75.581799423)"
2172062,07/14/2017,2:00 p.m.,viernes,MICROBUS,PUBLICO,Conductor,Masculino,NO,N/A,HERIDO,Choque,Desobedecer senales,Transversal 34  Sur Diagonal 32,LA MAGNOLIA,Urbana,"(6.173524185, -75.581799423)"
2172054,07/13/2017,6:10 a.m.,jueves,AUTOMOVIL,PARTICULAR,Conductor,Masculino,NO,N/A,SOLO DAÑOS,Choque,No mantener distancia de seguridad,Calle 37  Sur Carrera 50,LAS VEGAS,Urbana,
2172051,07/13/2017,9:00 a.m.,jueves,CAMIONETA,PARTICULAR,Conductor,Femenino,NO,N/A,SOLO DAÑOS,Choque,Adelantar por la derecha,Transversal 31  Sur Carrera 43 A,SAN MARCOS,Urbana,"(6.176823564, -75.585392151)"
2172051,07/13/2017,9:00 a.m.,jueves,MOTOCICLETA,PARTICULAR,Motociclista,Masculino,NO,N/A,SOLO DAÑOS,Choque,Adelantar por la derecha,Transversal 31  Sur Carrera 43 A,SAN MARCOS,Urbana,"(6.176823564, -75.585392151)"
2172052,07/13/2017,7:40 a.m.,jueves,AUTOMOVIL,PARTICULAR,Conductor,Femenino,NO,N/A,SOLO DAÑOS,Choque,Reverso imprudente,Calle 36  Sur Carrera 22,EL CHOCHO,Urbana,"(6.167809801, -75.56098471)"
2172052,07/13/2017,7:40 a.m.,jueves,CAMIONETA,OFICIAL,Conductor,Masculino,NO,N/A,SOLO DAÑOS,Choque,Reverso imprudente,Calle 36  Sur Carrera 22,EL CHOCHO,Urbana,"(6.167809801, -75.56098471)"
2172050,07/13/2017,4:30 p.m.,jueves,MOTOCICLETA,PARTICULAR,Motociclista,Masculino,NO,N/A,HERIDO,Choque,No respetar prelacion,Calle 45  Sur Carrera 46 A,PRIMAVERA,Urbana,
2172050,07/13/2017,4:30 p.m.,jueves,AUTOMOVIL,PARTICULAR,Conductor,Masculino,NO,N/A,HERIDO,Choque,No respetar prelacion,Calle 45  Sur Carrera 46 A,PRIMAVERA,Urbana,
2172049,07/13/2017,8:25 a.m.,jueves,AUTOMOVIL,PARTICULAR,Conductor,Masculino,NO,N/A,HERIDO,Atropello,Adelantar cerrando,Calle 45 A Sur Carrera 41,LAS ANTILLAS,Urbana,"(6.162373073, -75.592714285)"
2172053,07/13/2017,7:20 a.m.,jueves,AUTOMOVIL,PARTICULAR,Conductor,Femenino,NO,N/A,SOLO DAÑOS,Choque,Girar bruscamente,Calle 39 A Sur Carrera 49,LAS VEGAS,Urbana,"(6.168916704, -75.59147177)"
2172053,07/13/2017,7:20 a.m.,jueves,MICROBUS,PUBLICO,Conductor,Masculino,NO,N/A,SOLO DAÑOS,Choque,Girar bruscamente,Calle 39 A Sur Carrera 49,LAS VEGAS,Urbana,"(6.168916704, -75.59147177)"
2172056,07/13/2017,6:10 a.m.,jueves,AUTOMOVIL,PARTICULAR,Conductor,Masculino,NO,N/A,SOLO DAÑOS,Choque,Otra,Calle 36  Sur Carrera 43 A,ZONA CENTRO,Urbana,"(6.171868319, -75.587748226)"
2172056,07/13/2017,6:10 a.m.,jueves,CAMIONETA,PUBLICO,Conductor,Masculino,NO,N/A,SOLO DAÑOS,Choque,Otra,Calle 36  Sur Carrera 43 A,ZONA CENTRO,Urbana,"(6.171868319, -75.587748226)"
2172054,07/13/2017,6:10 a.m.,jueves,AUTOMOVIL,PARTICULAR,Conductor,Femenino,NO,N/A,SOLO DAÑOS,Choque,No mantener distancia de seguridad,Calle 37  Sur Carrera 50,LAS VEGAS,Urbana,
2172055,07/12/2017,8:30 p.m.,miércoles,MOTOCICLETA,PARTICULAR,Motociclista,Masculino,NO,N/A,SOLO DAÑOS,Choque,No mantener distancia de seguridad,Calle 39  Sur Carrera 43,ZONA CENTRO,Urbana,"(6.168678771, -75.58876156)"
2172061,07/12/2017,7:00 p.m.,miércoles,AUTOMOVIL,PARTICULAR,Conductor,Masculino,NO,N/A,SOLO DAÑOS,Choque,Adelantar en zona prohibida,Carrera 40 Calle 48 B Sur,EL TRIANON,Urbana,"(6.158358186, -75.595261486)"
2172061,07/12/2017,7:00 p.m.,miércoles,MOTOCICLETA,PARTICULAR,Motociclista,Masculino,NO,N/A,SOLO DAÑOS,Choque,Adelantar en zona prohibida,Carrera 40 Calle 48 B Sur,EL TRIANON,Urbana,"(6.158358186, -75.595261486)"
2181111,07/12/2017,7:00 a.m.,miércoles,CAMION,PUBLICO,Conductor,Sin Registro,NO,N/A,SOLO DAÑOS,Choque,Adelantar cerrando,Carrera 49 Calle 36  Sur,GLORIETA DE PELDAR,Urbana,"(6.176317818, -75.592567242)"
2181111,07/12/2017,7:00 a.m.,miércoles,CAMIONETA,PARTICULAR,Conductor,Masculino,NO,N/A,SOLO DAÑOS,Choque,Adelantar cerrando,Carrera 49 Calle 36  Sur,GLORIETA DE PELDAR,Urbana,"(6.176317818, -75.592567242)"
2172048,07/12/2017,4:50 p.m.,miércoles,MOTOCICLETA,PARTICULAR,Motociclista,Masculino,NO,N/A,SOLO DAÑOS,Choque,Adelantar por la derecha,Calle 36 D Sur Carrera 27,VEREDA EL ESCOBERO,Urbana,"(6.162479576, -75.570222573)"
2172048,07/12/2017,4:50 p.m.,miércoles,CAMIONETA,PARTICULAR,Conductor,Femenino,NO,N/A,SOLO DAÑOS,Choque,Adelantar por la derecha,Calle 36 D Sur Carrera 27,VEREDA EL ESCOBERO,Urbana,"(6.162479576, -75.570222573)"
2172047,07/12/2017,5:40 p.m.,miércoles,CAMIONETA,PARTICULAR,Conductor,Masculino,NO,N/A,SOLO DAÑOS,Choque,Otra,Calle 48  Sur Carrera 48,LAS VEGAS,Urbana,"(6.164595282, -75.601380414)"
2172047,07/12/2017,5:40 p.m.,miércoles,MOTOCICLETA,PARTICULAR,Motociclista,Masculino,NO,N/A,SOLO DAÑOS,Choque,Otra,Calle 48  Sur Carrera 48,LAS VEGAS,Urbana,"(6.164595282, -75.601380414)"
2172047,07/12/2017,5:40 p.m.,miércoles,MOTOCICLETA,PARTICULAR,Motociclista,Masculino,NO,N/A,SOLO DAÑOS,Choque,Otra,Calle 48  Sur Carrera 48,LAS VEGAS,Urbana,"(6.164595282, -75.601380414)"
2172041,07/12/2017,1:50 p.m.,miércoles,MOTOCICLETA,PARTICULAR,Motociclista,Masculino,NO,N/A,HERIDO,Atropello,Semaforo en rojo,Calle 40  Sur Carrera 46 A,ALCALA,Urbana,"(6.169204277, -75.594295389)"
2172055,07/12/2017,8:30 p.m.,miércoles,MOTOCICLETA,PARTICULAR,Motociclista,Masculino,NO,N/A,SOLO DAÑOS,Choque,No mantener distancia de seguridad,Calle 39  Sur Carrera 43,ZONA CENTRO,Urbana,"(6.168678771, -75.58876156)"
2172042,07/11/2017,12:50 p.m.,martes,MOTOCICLETA,PARTICULAR,Motociclista,Masculino,NO,N/A,HERIDO,Choque,Adelantar cerrando,Calle 25  Sur Carrera 47,ZU├æIGA,Urbana,
2172040,07/11/2017,8:00 a.m.,martes,AUTOMOVIL,PARTICULAR,Conductor,Masculino,NO,N/A,HERIDO,Atropello,Cruzar sin observar,Calle 40  Sur Carrera 29,SAN JOSE,Urbana,"(6.159832302, -75.582595296)"
2172039,07/11/2017,3:00 p.m.,martes,BUSETA,PUBLICO,Conductor,Masculino,NO,N/A,SOLO DAÑOS,Choque,Desobedecer senales,Carrera 43 Calle 45 A Sur,LA PAZ,Urbana,"(6.164788627, -75.594306786)"
2172038,07/11/2017,10:50 a.m.,martes,AUTOMOVIL,PARTICULAR,Conductor,Femenino,NO,N/A,SOLO DAÑOS,Choque,Reverso imprudente,Calle 36  Sur Carrera 39,ZONA CENTRO,Urbana,"(6.169751787, -75.584351131)"
2172038,07/11/2017,10:50 a.m.,martes,CAMIONETA,PARTICULAR,Conductor,Masculino,NO,N/A,SOLO DAÑOS,Choque,Reverso imprudente,Calle 36  Sur Carrera 39,ZONA CENTRO,Urbana,"(6.169751787, -75.584351131)"
2172042,07/11/2017,12:50 p.m.,martes,AUTOMOVIL,DIPLOMATICO,Conductor,Masculino,NO,N/A,HERIDO,Choque,Adelantar cerrando,Calle 25  Sur Carrera 47,ZU├æIGA,Urbana,
2172036,07/11/2017,6:50 a.m.,martes,AUTOMOVIL,PARTICULAR,Conductor,Femenino,NO,N/A,SOLO DAÑOS,Choque,No mantener distancia de seguridad,Carrera 48 Calle 30  Sur,LAS VEGAS,Urbana,"(6.179366643, -75.588084104)"
2172036,07/11/2017,6:50 a.m.,martes,CAMIONETA,PARTICULAR,Conductor,Masculino,NO,N/A,SOLO DAÑOS,Choque,No mantener distancia de seguridad,Carrera 48 Calle 30  Sur,LAS VEGAS,Urbana,"(6.179366643, -75.588084104)"
2172032,07/11/2017,10:30 a.m.,martes,CAMPERO,PARTICULAR,Conductor,Femenino,NO,N/A,SOLO DAÑOS,Choque,Otra,Calle 36 D Sur Carrera 27 B,VEREDA EL ESCOBERO,Urbana,"(6.162479576, -75.570222573)"
2172032,07/11/2017,10:30 a.m.,martes,CAMPERO,PARTICULAR,Conductor,Femenino,NO,N/A,SOLO DAÑOS,Choque,Otra,Calle 36 D Sur Carrera 27 B,VEREDA EL ESCOBERO,Urbana,"(6.162479576, -75.570222573)"
2172035,07/11/2017,4:20 p.m.,martes,AUTOMOVIL,PARTICULAR,Conductor,Femenino,NO,N/A,SOLO DAÑOS,Choque,Adelantar cerrando,Calle 37  Sur Carrera 43,ZONA CENTRO,Urbana,"(6.170662973, -75.587448517)"
2172035,07/11/2017,4:20 p.m.,martes,Sin registro,PUBLICO,Conductor,Masculino,NO,N/A,SOLO DAÑOS,Choque,Adelantar cerrando,Calle 37  Sur Carrera 43,ZONA CENTRO,Urbana,"(6.170662973, -75.587448517)"
2172045,07/11/2017,11:20 a.m.,martes,AUTOMOVIL,PUBLICO,Conductor,Masculino,NO,N/A,SOLO DAÑOS,Choque,No mantener distancia de seguridad,Tramo 372 Kilometro  8,VEREDA PALMAS,Rural,
2172045,07/11/2017,11:20 a.m.,martes,AUTOMOVIL,PARTICULAR,Conductor,Masculino,NO,N/A,SOLO DAÑOS,Choque,No mantener distancia de seguridad,Tramo 372 Kilometro  8,VEREDA PALMAS,Rural,
2172031,07/11/2017,10:10 a.m.,martes,MOTOCICLETA,PARTICULAR,Motociclista,Masculino,NO,N/A,SOLO DAÑOS,Choque,Desobedecer senales,Calle 37  Sur Carrera 38,ZONA CENTRO,Urbana,"(6.168685416, -75.584291241)"
2172031,07/11/2017,10:10 a.m.,martes,AUTOMOVIL,PARTICULAR,Conductor,Masculino,NO,N/A,SOLO DAÑOS,Choque,Desobedecer senales,Calle 37  Sur Carrera 38,ZONA CENTRO,Urbana,"(6.168685416, -75.584291241)"
2172044,07/11/2017,7:15 a.m.,martes,AUTOMOVIL,PARTICULAR,Conductor,Masculino,NO,N/A,SOLO DAÑOS,Choque,No mantener distancia de seguridad,Calle 25 A Sur Carrera 48,LAS VEGAS,Urbana,"(6.185202689, -75.583587178)"
2172044,07/11/2017,7:15 a.m.,martes,BUS,PUBLICO,Conductor,Masculino,NO,N/A,SOLO DAÑOS,Choque,No mantener distancia de seguridad,Calle 25 A Sur Carrera 48,LAS VEGAS,Urbana,"(6.185202689, -75.583587178)"
2172030,07/11/2017,12:00 p.m.,martes,AUTOMOVIL,PARTICULAR,Conductor,Masculino,NO,N/A,HERIDO,Choque,Desobedecer senales,Transversal 32 A Sur Diagonal 32,LA MAGNOLIA,Urbana,"(6.175680905, -75.58257581)"
2172030,07/11/2017,12:00 p.m.,martes,CAMIONETA,PARTICULAR,Conductor,Femenino,NO,N/A,HERIDO,Choque,Desobedecer senales,Transversal 32 A Sur Diagonal 32,LA MAGNOLIA,Urbana,"(6.175680905, -75.58257581)"
2172039,07/11/2017,3:00 p.m.,martes,AUTOMOVIL,PARTICULAR,Conductor,Masculino,NO,N/A,SOLO DAÑOS,Choque,Desobedecer senales,Carrera 43 Calle 45 A Sur,LA PAZ,Urbana,"(6.164788627, -75.594306786)"
2172036,07/11/2017,6:50 a.m.,martes,AUTOMOVIL,PARTICULAR,Conductor,Masculino,NO,N/A,SOLO DAÑOS,Choque,No mantener distancia de seguridad,Carrera 48 Calle 30  Sur,LAS VEGAS,Urbana,"(6.179366643, -75.588084104)"
2172022,07/10/2017,7:40 p.m.,lunes,AUTOMOVIL,PARTICULAR,Conductor,Femenino,NO,N/A,SOLO DAÑOS,Choque,No mantener distancia de seguridad,Carrera 48 Calle 43  Sur,LAS VEGAS,Urbana,"(6.168335134, -75.597233576)"
2172037,07/10/2017,8:00 a.m.,lunes,AUTOMOVIL,PUBLICO,Conductor,Masculino,NO,N/A,HERIDO,Choque,Embriaguez o droga,Calle 25 A Sur Carrera 50,LAS VEGAS,Urbana,
2172037,07/10/2017,8:00 a.m.,lunes,AUTOMOVIL,PUBLICO,Conductor,Masculino,NO,N/A,HERIDO,Choque,Transitar entre vehiculos,Calle 25 A Sur Carrera 50,LAS VEGAS,Urbana,
2172037,07/10/2017,8:00 a.m.,lunes,MOTOCICLETA,PARTICULAR,Motociclista,Masculino,NO,N/A,HERIDO,Choque,Embriaguez o droga,Calle 25 A Sur Carrera 50,LAS VEGAS,Urbana,
2172037,07/10/2017,8:00 a.m.,lunes,MOTOCICLETA,PARTICULAR,Motociclista,Masculino,NO,N/A,HERIDO,Choque,Transitar entre vehiculos,Calle 25 A Sur Carrera 50,LAS VEGAS,Urbana,
2172043,07/10/2017,5:00 p.m.,lunes,CAMION,PARTICULAR,Conductor,Masculino,NO,N/A,SOLO DAÑOS,Choque,Impericia en el manejo,Tramo 372 Kilometro  14,VEREDA PALMAS,Rural,
2172022,07/10/2017,7:40 p.m.,lunes,AUTOMOVIL,PARTICULAR,Conductor,Masculino,NO,N/A,SOLO DAÑOS,Choque,No mantener distancia de seguridad,Carrera 48 Calle 43  Sur,LAS VEGAS,Urbana,"(6.168335134, -75.597233576)"
2172027,07/10/2017,8:30 a.m.,lunes,AUTOMOVIL,PARTICULAR,Conductor,Masculino,NO,N/A,SOLO DAÑOS,Choque,No mantener distancia de seguridad,Calle 40 H Sur Carrera 42,EL DORADO,Urbana,"(6.165615633, -75.590771507)"
2172027,07/10/2017,8:30 a.m.,lunes,MOTOCICLETA,PARTICULAR,Motociclista,Masculino,NO,N/A,SOLO DAÑOS,Choque,No mantener distancia de seguridad,Calle 40 H Sur Carrera 42,EL DORADO,Urbana,"(6.165615633, -75.590771507)"
2172016,07/10/2017,5:50 a.m.,lunes,AUTOMOVIL,PARTICULAR,Conductor,Femenino,NO,N/A,HERIDO,Choque,Trasportar otras personas o cosas,Calle 37  Sur Carrera 28,LA MAGNOLIA,Urbana,"(6.165679454, -75.578340422)"