RADICADO,FECHA,HORA,DÍA DE LA SEMANA,CLASE DE VEHICULO,TIPO DE SERVICIO,TIPO DE VICTIMA,SEXO,ESTADO DE BEODEZ,RESULTADO DE BEODEZ,GRAVEDAD,CLASE DE ACCIDENTE,CAUSA,DIRECCIÓN,BARRIO,AREA,Coordenadas
2171606,05/27/2017,11:00 a.m.,sábado,AUTOMOVIL,PUBLICO,Conductor,Masculino,NO,N/A,SOLO DAÑOS,Choque,No respetar prelacion,Calle 37  Sur Carrera 49,GLORIETA DE PELDAR,Urbana,"(6.174789471, -75.594204243)"
2171606,05/27/2017,11:00 a.m.,sábado,CAMION,PUBLICO,Conductor,Masculino,NO,N/A,SOLO DAÑOS,Choque,No respetar prelacion,Calle 37  Sur Carrera 49,GLORIETA DE PELDAR,Urbana,"(6.174789471, -75.594204243)"
2171586,05/27/2017,1:50 p.m.,sábado,AUTOMOVIL,PUBLICO,Conductor,Masculino,NO,N/A,SOLO DAÑOS,Choque,No mantener distancia de seguridad,Carrera 48 Calle 50  Sur,LAS VEGAS,Urbana,
2171574,05/27/2017,1:45 a.m.,sábado,AUTOMOVIL,PARTICULAR,Conductor,Femenino,NO,N/A,SOLO DAÑOS,Choque,Semaforo en rojo,Calle 25  Sur Carrera 43 A,ZU├æIGA,Urbana,"(6.181560189, -75.582016491)"
2171574,05/27/2017,1:45 a.m.,sábado,AUTOMOVIL,PARTICULAR,Conductor,Masculino,NO,N/A,SOLO DAÑOS,Choque,Semaforo en rojo,Calle 25  Sur Carrera 43 A,ZU├æIGA,Urbana,"(6.181560189, -75.582016491)"
2171609,05/27/2017,6:45 p.m.,sábado,CAMPERO,PARTICULAR,Conductor,Masculino,NO,N/A,SOLO DAÑOS,Choque,No mantener distancia de seguridad,Tramo 12 Kilometro  8,VEREDA PALMAS,Rural,
2171609,05/27/2017,6:45 p.m.,sábado,BUS,PUBLICO,Conductor,Masculino,NO,N/A,SOLO DAÑOS,Choque,No mantener distancia de seguridad,Tramo 12 Kilometro  8,VEREDA PALMAS,Rural,
2171610,05/27/2017,8:50 a.m.,sábado,AUTOMOVIL,PUBLICO,Conductor,Masculino,NO,N/A,SOLO DAÑOS,Choque,No mantener distancia de seguridad,Calle 37  Sur Carrera 40,ZONA CENTRO,Urbana,"(6.169435767, -75.585507247)"
2171610,05/27/2017,8:50 a.m.,sábado,AUTOMOVIL,PARTICULAR,Conductor,Masculino,NO,N/A,SOLO DAÑOS,Choque,No mantener distancia de seguridad,Calle 37  Sur Carrera 40,ZONA CENTRO,Urbana,"(6.169435767, -75.585507247)"
2171593,05/27/2017,9:45 p.m.,sábado,AUTOMOVIL,PARTICULAR,Conductor,Masculino,NO,N/A,SOLO DAÑOS,Choque,No mantener distancia de seguridad,Carrera 48 Calle 40  Sur,LAS VEGAS,Urbana,"(6.168855316, -75.596887667)"
2171593,05/27/2017,9:45 p.m.,sábado,AUTOMOVIL,PARTICULAR,Conductor,Femenino,NO,N/A,SOLO DAÑOS,Choque,No mantener distancia de seguridad,Carrera 48 Calle 40  Sur,LAS VEGAS,Urbana,"(6.168855316, -75.596887667)"
2171581,05/27/2017,10:40 a.m.,sábado,AUTOMOVIL,PARTICULAR,Conductor,Masculino,NO,N/A,SOLO DAÑOS,Choque,Reverso imprudente,Calle 48 D Sur Carrera 42 BB,LOMA DEL BARRO,Urbana,"(6.16057831, -75.598194846)"
2171581,05/27/2017,10:40 a.m.,sábado,CAMIONETA,PUBLICO,Conductor,Masculino,NO,N/A,SOLO DAÑOS,Choque,Reverso imprudente,Calle 48 D Sur Carrera 42 BB,LOMA DEL BARRO,Urbana,"(6.16057831, -75.598194846)"
2171600,05/27/2017,2:40 p.m.,sábado,CAMIONETA,PARTICULAR,Conductor,Masculino,NO,N/A,SOLO DAÑOS,Choque,Impericia en el manejo,Diagonal 33 Transversal 36  Sur,LOS NARANJOS,Urbana,
2171600,05/27/2017,2:40 p.m.,sábado,MICROBUS,PUBLICO,Conductor,Masculino,NO,N/A,SOLO DAÑOS,Choque,Impericia en el manejo,Diagonal 33 Transversal 36  Sur,LOS NARANJOS,Urbana,
2171586,05/27/2017,1:50 p.m.,sábado,CAMIONETA,PUBLICO,Conductor,Masculino,NO,N/A,SOLO DAÑOS,Choque,No mantener distancia de seguridad,Carrera 48 Calle 50  Sur,LAS VEGAS,Urbana,
2171602,05/27/2017,9:40 a.m.,sábado,AUTOMOVIL,PUBLICO,Conductor,Masculino,NO,N/A,HERIDO,Atropello,Cruzar sin observar,Calle 40 DD Sur Carrera 42,EL DORADO,Urbana,"(6.165700924, -75.589245512)"
2171601,05/27/2017,5:50 a.m.,sábado,MOTOCICLETA,PARTICULAR,Motociclista,Masculino,NO,N/A,HERIDO,Choque,Adelantar por la derecha,Calle 46 A Sur Carrera 49,LAS VEGAS,Urbana,"(6.167038176, -75.600817262)"
2171601,05/27/2017,5:50 a.m.,sábado,CAMION,PUBLICO,Conductor,Masculino,NO,N/A,HERIDO,Choque,Adelantar por la derecha,Calle 46 A Sur Carrera 49,LAS VEGAS,Urbana,"(6.167038176, -75.600817262)"
2171589,05/26/2017,3:55 p.m.,viernes,AUTOMOVIL,PARTICULAR,Conductor,Masculino,NO,N/A,SOLO DAÑOS,Choque,No mantener distancia de seguridad,Carrera 40 Calle 35  Sur,ZONA CENTRO,Urbana,"(6.170776136, -75.584583255)"
2171589,05/26/2017,3:55 p.m.,viernes,CAMION,PARTICULAR,Conductor,Masculino,NO,N/A,SOLO DAÑOS,Choque,No mantener distancia de seguridad,Carrera 40 Calle 35  Sur,ZONA CENTRO,Urbana,"(6.170776136, -75.584583255)"
2171572,05/26/2017,10:40 p.m.,viernes,AUTOMOVIL,PARTICULAR,Conductor,Masculino,NO,N/A,HERIDO,Atropello,Salir por delante de un vehiculo,Calle 37  Sur Carrera 41,ZONA CENTRO,Urbana,"(6.169855492, -75.586196006)"
2171576,05/26/2017,10:10 p.m.,viernes,AUTOMOVIL,PARTICULAR,Conductor,Femenino,NO,N/A,SOLO DAÑOS,Choque,No mantener distancia de seguridad,Calle 50  Sur Carrera 43 A,LAS CASITAS,Urbana,
2171576,05/26/2017,10:10 p.m.,viernes,AUTOMOVIL,PARTICULAR,Conductor,Masculino,NO,N/A,SOLO DAÑOS,Choque,No mantener distancia de seguridad,Calle 50  Sur Carrera 43 A,LAS CASITAS,Urbana,
2171608,05/26/2017,6:50 p.m.,viernes,AUTOMOVIL,PARTICULAR,Conductor,Masculino,NO,N/A,HERIDO,Choque,No mantener distancia de seguridad,Diagonal 31 D Transversal 34 C Sur,LA MAGNOLIA,Urbana,"(6.175500114, -75.580946797)"
2171608,05/26/2017,6:50 p.m.,viernes,BUSETA,PUBLICO,Conductor,Masculino,NO,N/A,HERIDO,Choque,No mantener distancia de seguridad,Diagonal 31 D Transversal 34 C Sur,LA MAGNOLIA,Urbana,"(6.175500114, -75.580946797)"
2171575,05/26/2017,10:00 p.m.,viernes,AUTOMOVIL,PARTICULAR,Conductor,Masculino,NO,N/A,SOLO DAÑOS,Choque,No mantener distancia de seguridad,Calle 37  Sur Carrera 50,LAS VEGAS,Urbana,
2171575,05/26/2017,10:00 p.m.,viernes,AUTOMOVIL,PUBLICO,Conductor,Masculino,NO,N/A,SOLO DAÑOS,Choque,No mantener distancia de seguridad,Calle 37  Sur Carrera 50,LAS VEGAS,Urbana,
2171587,05/26/2017,6:55 a.m.,viernes,MOTOCICLETA,PARTICULAR,Motociclista,Femenino,NO,N/A,SOLO DAÑOS,Choque,Transitar entre vehiculos,Carrera 48 Calle 19  Sur,LAS VEGAS,Urbana,"(6.187349001, -75.581535682)"
2171587,05/26/2017,6:55 a.m.,viernes,AUTOMOVIL,PARTICULAR,Conductor,Masculino,NO,N/A,SOLO DAÑOS,Choque,Transitar entre vehiculos,Carrera 48 Calle 19  Sur,LAS VEGAS,Urbana,"(6.187349001, -75.581535682)"
2172524,05/26/2017,12:30 p.m.,viernes,CAMION,PARTICULAR,Conductor,Sin Registro,NO,N/A,SOLO DAÑOS,Choque,Otra,Calle 38  Sur Carrera 34,N/R,Urbana,"(6.166700674, -75.58264033)"
2171585,05/26/2017,2:30 p.m.,viernes,CAMIONETA,PARTICULAR,Conductor,Masculino,NO,N/A,SOLO DAÑOS,Choque,Adelantar cerrando,Calle 37  Sur Carrera 46 A,EL PORTAL,Urbana,"(6.173105489, -75.591260929)"
2171585,05/26/2017,2:30 p.m.,viernes,AUTOMOVIL,PUBLICO,Conductor,Masculino,NO,N/A,SOLO DAÑOS,Choque,Adelantar cerrando,Calle 37  Sur Carrera 46 A,EL PORTAL,Urbana,"(6.173105489, -75.591260929)"
2171584,05/26/2017,5:20 p.m.,viernes,MOTOCICLETA,PARTICULAR,Motociclista,Masculino,NO,N/A,SOLO DAÑOS,Choque,No mantener distancia de seguridad,Calle 27  Sur Carrera 28,EL ESMERALDAL,Urbana,"(6.175346318, -75.574583402)"
2171584,05/26/2017,5:20 p.m.,viernes,AUTOMOVIL,PARTICULAR,Conductor,Masculino,NO,N/A,SOLO DAÑOS,Choque,No mantener distancia de seguridad,Calle 27  Sur Carrera 28,EL ESMERALDAL,Urbana,"(6.175346318, -75.574583402)"
2171597,05/26/2017,9:25 a.m.,viernes,MOTOCICLETA,PARTICULAR,Motociclista,Masculino,NO,N/A,SOLO DAÑOS,Choque,Adelantar por la derecha,Calle 35  Sur Carrera 50,LAS VEGAS,Urbana,
2171597,05/26/2017,9:25 a.m.,viernes,AUTOMOVIL,PARTICULAR,Conductor,Femenino,NO,N/A,SOLO DAÑOS,Choque,Adelantar por la derecha,Calle 35  Sur Carrera 50,LAS VEGAS,Urbana,
2171592,05/26/2017,6:40 a.m.,viernes,AUTOMOVIL,PARTICULAR,Conductor,Masculino,NO,N/A,SOLO DAÑOS,Choque,No mantener distancia de seguridad,Carrera 50 Calle 39 B Sur,LAS VEGAS,Urbana,
2171592,05/26/2017,6:40 a.m.,viernes,CAMIONETA,PUBLICO,Conductor,Masculino,NO,N/A,SOLO DAÑOS,Choque,No mantener distancia de seguridad,Carrera 50 Calle 39 B Sur,LAS VEGAS,Urbana,
2171591,05/26/2017,2:15 p.m.,viernes,AUTOMOVIL,PUBLICO,Conductor,Masculino,NO,N/A,SOLO DAÑOS,Choque,Adelantar por la derecha,Calle 35  Sur Carrera 41,ZONA CENTRO,Urbana,"(6.171300757, -75.585342241)"
2171591,05/26/2017,2:15 p.m.,viernes,MOTOCICLETA,PARTICULAR,Motociclista,Masculino,NO,N/A,SOLO DAÑOS,Choque,Poner en marcha un vehiculo sin precauci,Calle 35  Sur Carrera 41,ZONA CENTRO,Urbana,"(6.171300757, -75.585342241)"
2171591,05/26/2017,2:15 p.m.,viernes,MOTOCICLETA,PARTICULAR,Motociclista,Masculino,NO,N/A,SOLO DAÑOS,Choque,Adelantar por la derecha,Calle 35  Sur Carrera 41,ZONA CENTRO,Urbana,"(6.171300757, -75.585342241)"
2171591,05/26/2017,2:15 p.m.,viernes,AUTOMOVIL,PUBLICO,Conductor,Masculino,NO,N/A,SOLO DAÑOS,Choque,Poner en marcha un vehiculo sin precauci,Calle 35  Sur Carrera 41,ZONA CENTRO,Urbana,"(6.171300757, -75.585342241)"
2171577,05/26/2017,12:15 p.m.,viernes,CAMIONETA,PARTICULAR,Conductor,Masculino,NO,N/A,SOLO DAÑOS,Choque,Otra,Tramo 372 Kilometro  17,VEREDA PALMAS,Rural,
2171577,05/26/2017,12:15 p.m.,viernes,AUTOMOVIL,PARTICULAR,Conductor,Femenino,NO,N/A,SOLO DAÑOS,Choque,Otra,Tramo 372 Kilometro  17,VEREDA PALMAS,Rural,
2171590,05/26/2017,7:50 p.m.,viernes,AUTOMOVIL,PARTICULAR,Conductor,Masculino,NO,N/A,SOLO DAÑOS,Choque,Otra,Calle 34 DD Sur Carrera 27 D,ALTO DE MISAEL,Urbana,"(6.1706621, -75.575772717)"
2171582,05/26/2017,7:45 p.m.,viernes,BUSETA,PUBLICO,Conductor,Masculino,NO,N/A,SOLO DAÑOS,Choque,Poner en marcha un vehiculo sin precauci,Carrera 49 Calle 39  Sur,LAS VEGAS,Urbana,"(6.173609359, -75.597070569)"
2171582,05/26/2017,7:45 p.m.,viernes,AUTOMOVIL,PUBLICO,Conductor,Masculino,NO,N/A,SOLO DAÑOS,Choque,Poner en marcha un vehiculo sin precauci,Carrera 49 Calle 39  Sur,LAS VEGAS,Urbana,"(6.173609359, -75.597070569)"
2171562,05/26/2017,1:00 a.m.,viernes,AUTOMOVIL,PARTICULAR,Conductor,Masculino,NO,N/A,SOLO DAÑOS,Choque,No mantener distancia de seguridad,Calle 37  Sur Carrera 28,ALTO DE MISAEL,Urbana,"(6.165679454, -75.578340422)"
2171562,05/26/2017,1:00 a.m.,viernes,AUTOMOVIL,PUBLICO,Conductor,Masculino,NO,N/A,SOLO DAÑOS,Choque,No mantener distancia de seguridad,Calle 37  Sur Carrera 28,ALTO DE MISAEL,Urbana,"(6.165679454, -75.578340422)"
2171599,05/26/2017,3:00 p.m.,viernes,CAMIONETA,PARTICULAR,Conductor,Masculino,NO,N/A,SOLO DAÑOS,Choque,Poner en marcha un vehiculo sin precauci,Calle 34  Sur Carrera 45 A,SAN MARCOS,Urbana,"(6.173780549, -75.588204225)"
2171599,05/26/2017,3:00 p.m.,viernes,MOTOCICLETA,PARTICULAR,Motociclista,Masculino,NO,N/A,SOLO DAÑOS,Choque,Poner en marcha un vehiculo sin precauci,Calle 34  Sur Carrera 45 A,SAN MARCOS,Urbana,"(6.173780549, -75.588204225)"
2171599,05/26/2017,3:00 p.m.,viernes,AUTOMOVIL,PARTICULAR,Conductor,Femenino,NO,N/A,SOLO DAÑOS,Choque,Poner en marcha un vehiculo sin precauci,Calle 34  Sur Carrera 45 A,SAN MARCOS,Urbana,"(6.173780549, -75.588204225)"
2172524,05/26/2017,12:30 p.m.,viernes,BUS,PUBLICO,Conductor,Masculino,NO,N/A,SOLO DAÑOS,Choque,Otra,Calle 38  Sur Carrera 34,N/R,Urbana,"(6.166700674, -75.58264033)"
2171603,05/26/2017,2:30 p.m.,viernes,CAMIONETA,PARTICULAR,Conductor,Femenino,NO,N/A,HERIDO,Atropello,Otra,Calle 23  Sur Carrera 38,ZU├æIGA,Urbana,
2171563,05/25/2017,1:50 p.m.,jueves,AUTOMOVIL,PARTICULAR,Conductor,Femenino,NO,N/A,SOLO DAÑOS,Choque,No respetar prelacion,Carrera 48 Calle 25 A Sur,LAS VEGAS,Urbana,"(6.184740152, -75.583657425)"
2171556,05/25/2017,11:00 p.m.,jueves,CAMIONETA,PARTICULAR,Conductor,Masculino,NO,N/A,HERIDO,Volcamiento,Exceso de velocidad,Tramo 371 Kilometro  2,VEREDA EL ESCOBERO,Rural,
2171563,05/25/2017,1:50 p.m.,jueves,MICROBUS,PARTICULAR,Conductor,Masculino,NO,N/A,SOLO DAÑOS,Choque,No respetar prelacion,Carrera 48 Calle 25 A Sur,LAS VEGAS,Urbana,"(6.184740152, -75.583657425)"
2171558,05/25/2017,2:35 p.m.,jueves,MOTOCICLETA,PARTICULAR,Motociclista,Masculino,NO,N/A,HERIDO,Atropello,Recoger o dejar pasajeros en calzada,Calle 38 A Sur Carrera 36,MESA,Urbana,"(6.166666222, -75.584118268)"
2171558,05/25/2017,2:35 p.m.,jueves,BUS,PUBLICO,Conductor,Masculino,NO,N/A,HERIDO,Atropello,Recoger o dejar pasajeros en calzada,Calle 38 A Sur Carrera 36,MESA,Urbana,"(6.166666222, -75.584118268)"
2171564,05/25/2017,6:20 p.m.,jueves,AUTOMOVIL,PARTICULAR,Conductor,Masculino,NO,N/A,SOLO DAÑOS,Choque,Impericia en el manejo,Calle 36  Sur Carrera 41,ZONA CENTRO,Urbana,"(6.170639628, -75.58578509)"
2171564,05/25/2017,6:20 p.m.,jueves,AUTOMOVIL,PARTICULAR,Conductor,Femenino,NO,N/A,SOLO DAÑOS,Choque,Impericia en el manejo,Calle 36  Sur Carrera 41,ZONA CENTRO,Urbana,"(6.170639628, -75.58578509)"
2171596,05/25/2017,10:10 a.m.,jueves,AUTOMOVIL,PARTICULAR,Conductor,Masculino,NO,N/A,SOLO DAÑOS,Choque,Adelantar cerrando,Calle 48 C Sur Carrera 43 A,LAS CASITAS,Urbana,"(6.162378903, -75.597630589)"
2171596,05/25/2017,10:10 a.m.,jueves,BUS,PUBLICO,Conductor,Masculino,NO,N/A,SOLO DAÑOS,Choque,Adelantar cerrando,Calle 48 C Sur Carrera 43 A,LAS CASITAS,Urbana,"(6.162378903, -75.597630589)"
2171559,05/25/2017,8:01 a.m.,jueves,CAMIONETA,PARTICULAR,Conductor,Masculino,NO,N/A,SOLO DAÑOS,Choque,No mantener distancia de seguridad,Tramo 372 Kilometro  13,VEREDA PALMAS,Rural,
2171559,05/25/2017,8:01 a.m.,jueves,CAMIONETA,PARTICULAR,Conductor,Femenino,NO,N/A,SOLO DAÑOS,Choque,No mantener distancia de seguridad,Tramo 372 Kilometro  13,VEREDA PALMAS,Rural,
2171559,05/25/2017,8:01 a.m.,jueves,CAMIONETA,PARTICULAR,Conductor,Masculino,NO,N/A,SOLO DAÑOS,Choque,No mantener distancia de seguridad,Tramo 372 Kilometro  13,VEREDA PALMAS,Rural,
2171559,05/25/2017,8:01 a.m.,jueves,AUTOMOVIL,PARTICULAR,Conductor,Femenino,NO,N/A,SOLO DAÑOS,Choque,No mantener distancia de seguridad,Tramo 372 Kilometro  13,VEREDA PALMAS,Rural,
2171559,05/25/2017,8:01 a.m.,jueves,CAMPERO,PARTICULAR,Conductor,Masculino,NO,N/A,SOLO DAÑOS,Choque,No mantener distancia de seguridad,Tramo 372 Kilometro  13,VEREDA PALMAS,Rural,
2171561,05/25/2017,2:00 p.m.,jueves,AUTOMOVIL,PARTICULAR,Conductor,Masculino,NO,N/A,SOLO DAÑOS,Choque,No mantener distancia de seguridad,Calle 38  Sur Carrera 43 A,ZONA CENTRO,Urbana,"(6.170537577, -75.588625139)"
2171561,05/25/2017,2:00 p.m.,jueves,CAMIONETA,PARTICULAR,Conductor,Masculino,NO,N/A,SOLO DAÑOS,Choque,No mantener distancia de seguridad,Calle 38  Sur Carrera 43 A,ZONA CENTRO,Urbana,"(6.170537577, -75.588625139)"
2171553,05/24/2017,3:40 p.m.,miércoles,MICROBUS,PUBLICO,Conductor,Femenino,NO,N/A,SOLO DAÑOS,Choque,No respetar prelacion,Calle 27  Sur Carrera 27,EL ESMERALDAL,Urbana,"(6.17243521, -75.567871917)"
2171553,05/24/2017,3:40 p.m.,miércoles,AUTOMOVIL,PARTICULAR,Conductor,Masculino,NO,N/A,SOLO DAÑOS,Choque,No respetar prelacion,Calle 27  Sur Carrera 27,EL ESMERALDAL,Urbana,"(6.17243521, -75.567871917)"
2171595,05/24/2017,2:30 p.m.,miércoles,CAMION,PUBLICO,Conductor,Masculino,NO,N/A,SOLO DAÑOS,Choque,Reverso imprudente,Calle 34  Sur Carrera 43 A,EL PORTAL,Urbana,"(6.173041737, -75.586969821)"
2171595,05/24/2017,2:30 p.m.,miércoles,AUTOMOVIL,PARTICULAR,Conductor,Masculino,NO,N/A,SOLO DAÑOS,Choque,Reverso imprudente,Calle 34  Sur Carrera 43 A,EL PORTAL,Urbana,"(6.173041737, -75.586969821)"
2171566,05/24/2017,11:55 a.m.,miércoles,CAMIONETA,PUBLICO,Conductor,Masculino,NO,N/A,SOLO DAÑOS,Choque,Impericia en el manejo,Calle 36  Sur Carrera 41,ZONA CENTRO,Urbana,"(6.170639628, -75.58578509)"
2171560,05/24/2017,3:30 p.m.,miércoles,CAMPERO,PARTICULAR,Conductor,Masculino,NO,N/A,SOLO DAÑOS,Choque,No respetar prelacion,Tramo 379 Kilometro  4,EL VALLANO,Rural,
2171566,05/24/2017,11:55 a.m.,miércoles,CAMIONETA,PARTICULAR,Conductor,Masculino,NO,N/A,SOLO DAÑOS,Choque,Impericia en el manejo,Calle 36  Sur Carrera 41,ZONA CENTRO,Urbana,"(6.170639628, -75.58578509)"
2171560,05/24/2017,3:30 p.m.,miércoles,AUTOMOVIL,PARTICULAR,Conductor,Masculino,NO,N/A,SOLO DAÑOS,Choque,No respetar prelacion,Tramo 379 Kilometro  4,EL VALLANO,Rural,
2171557,05/24/2017,12:15 p.m.,miércoles,MOTOCICLETA,PARTICULAR,Motociclista,Masculino,NO,N/A,HERIDO,Otro,Impericia en el manejo,Calle 32 B Sur Carrera 48,LAS VEGAS,Urbana,"(6.177255701, -75.590031365)"
2171573,05/24/2017,8:00 p.m.,miércoles,MOTOCICLETA,PARTICULAR,Motociclista,Masculino,NO,N/A,HERIDO,Caida Ocupante,Otra,Calle 52 B Sur Carrera 40 B,LA INMACULADA,Urbana,"(6.155899821, -75.601282788)"
2171544,05/24/2017,5:20 a.m.,miércoles,MOTOCICLETA,PARTICULAR,Motociclista,Masculino,NO,N/A,HERIDO,Choque,No respetar prelacion,Calle 21  Sur Carrera 41,ZU├æIGA,Urbana,"(6.182165945, -75.576776678)"
2171544,05/24/2017,5:20 a.m.,miércoles,MOTOCICLETA,PARTICULAR,Motociclista,Masculino,NO,N/A,HERIDO,Choque,No respetar prelacion,Calle 21  Sur Carrera 41,ZU├æIGA,Urbana,"(6.182165945, -75.576776678)"
2171567,05/24/2017,1:10 p.m.,miércoles,BICICLETA,N/A,Ciclista,Masculino,NO,N/A,SOLO DAÑOS,Choque,Otra,Carrera 48 Calle 48  Sur,LAS VEGAS,Urbana,"(6.164595282, -75.601380414)"
2171567,05/24/2017,1:10 p.m.,miércoles,CAMIONETA,PARTICULAR,Conductor,Masculino,NO,N/A,SOLO DAÑOS,Choque,Otra,Carrera 48 Calle 48  Sur,LAS VEGAS,Urbana,"(6.164595282, -75.601380414)"
2171571,05/24/2017,5:00 p.m.,miércoles,AUTOMOVIL,PARTICULAR,Conductor,Masculino,NO,N/A,SOLO DAÑOS,Choque,Otra,Calle 45  Sur Carrera 43 A,LAS VEGAS,Urbana,"(6.165246116, -75.594494166)"
2171571,05/24/2017,5:00 p.m.,miércoles,CAMION,PUBLICO,Conductor,Masculino,NO,N/A,SOLO DAÑOS,Choque,Otra,Calle 45  Sur Carrera 43 A,LAS VEGAS,Urbana,"(6.165246116, -75.594494166)"
2171554,05/24/2017,4:00 p.m.,miércoles,MOTOCICLETA,OFICIAL,Motociclista,Masculino,NO,N/A,HERIDO,Choque,Exceso de velocidad,Calle 48 C Sur Carrera 46,LAS VEGAS,Urbana,"(6.162854875, -75.599744367)"
2171554,05/24/2017,4:00 p.m.,miércoles,AUTOMOVIL,PARTICULAR,Conductor,Masculino,NO,N/A,HERIDO,Choque,No respetar prelacion,Calle 48 C Sur Carrera 46,LAS VEGAS,Urbana,"(6.162854875, -75.599744367)"
2171554,05/24/2017,4:00 p.m.,miércoles,AUTOMOVIL,PARTICULAR,Conductor,Masculino,NO,N/A,HERIDO,Choque,Exceso de velocidad,Calle 48 C Sur Carrera 46,LAS VEGAS,Urbana,"(6.162854875, -75.599744367)"
2171554,05/24/2017,4:00 p.m.,miércoles,MOTOCICLETA,OFICIAL,Motociclista,Masculino,NO,N/A,HERIDO,Choque,No respetar prelacion,Calle 48 C Sur Carrera 46,LAS VEGAS,Urbana,"(6.162854875, -75.599744367)"
2171551,05/24/2017,11:00 a.m.,miércoles,AUTOMOVIL,PARTICULAR,Conductor,Masculino,NO,N/A,SOLO DAÑOS,Choque,No mantener distancia de seguridad,Calle 37  Sur Carrera 50,LAS VEGAS,Urbana,
2171551,05/24/2017,11:00 a.m.,miércoles,CAMIONETA,PARTICULAR,Conductor,Femenino,NO,N/A,SOLO DAÑOS,Choque,No mantener distancia de seguridad,Calle 37  Sur Carrera 50,LAS VEGAS,Urbana,
2171565,05/24/2017,9:00 a.m.,miércoles,CAMPERO,PARTICULAR,Conductor,Femenino,NO,N/A,SOLO DAÑOS,Choque,Otra,Carrera 27 D Calle 27  Sur,EL ESMERALDAL,Urbana,"(6.172858114, -75.571424146)"
2171565,05/24/2017,9:00 a.m.,miércoles,CAMIONETA,PARTICULAR,Conductor,Femenino,NO,N/A,SOLO DAÑOS,Choque,Otra,Carrera 27 D Calle 27  Sur,EL ESMERALDAL,Urbana,"(6.172858114, -75.571424146)"
2171552,05/24/2017,1:00 p.m.,miércoles,AUTOMOVIL,PARTICULAR,Conductor,Masculino,NO,N/A,SOLO DAÑOS,Choque,No mantener distancia de seguridad,Carrera 50 Calle 48  Sur,LAS VEGAS,Urbana,
2171552,05/24/2017,1:00 p.m.,miércoles,AUTOMOVIL,PARTICULAR,Conductor,Masculino,NO,N/A,SOLO DAÑOS,Choque,No mantener distancia de seguridad,Carrera 50 Calle 48  Sur,LAS VEGAS,Urbana,
2171527,05/23/2017,10:56 a.m.,martes,AUTOMOVIL,PARTICULAR,Conductor,Masculino,NO,N/A,SOLO DAÑOS,Choque,No mantener distancia de seguridad,Calle 29  Sur Carrera 48,LAS VEGAS,Urbana,
2171527,05/23/2017,10:56 a.m.,martes,AUTOMOVIL,PARTICULAR,Conductor,Femenino,NO,N/A,SOLO DAÑOS,Choque,No mantener distancia de seguridad,Calle 29  Sur Carrera 48,LAS VEGAS,Urbana,
2171527,05/23/2017,10:56 a.m.,martes,AUTOMOVIL,PARTICULAR,Conductor,Femenino,NO,N/A,SOLO DAÑOS,Choque,No mantener distancia de seguridad,Calle 29  Sur Carrera 48,LAS VEGAS,Urbana,
2171537,05/23/2017,10:20 p.m.,martes,AUTOMOVIL,PARTICULAR,Conductor,Masculino,NO,N/A,SOLO DAÑOS,Choque,No mantener distancia de seguridad,Calle 38  Sur Carrera 42,ZONA CENTRO,Urbana,"(6.16961293, -75.587384695)"
2171537,05/23/2017,10:20 p.m.,martes,AUTOMOVIL,PUBLICO,Conductor,Masculino,NO,N/A,SOLO DAÑOS,Choque,No mantener distancia de seguridad,Calle 38  Sur Carrera 42,ZONA CENTRO,Urbana,"(6.16961293, -75.587384695)"
2171538,05/23/2017,10:15 p.m.,martes,CAMIONETA,PARTICULAR,Conductor,Femenino,NO,N/A,SOLO DAÑOS,Choque,Adelantar en zona prohibida,Calle 36 D Sur Carrera 27,VEREDA EL ESCOBERO,Urbana,"(6.162479576, -75.570222573)"
2171538,05/23/2017,10:15 p.m.,martes,MOTOCICLETA,PARTICULAR,Motociclista,Masculino,NO,N/A,SOLO DAÑOS,Choque,Adelantar en zona prohibida,Calle 36 D Sur Carrera 27,VEREDA EL ESCOBERO,Urbana,"(6.162479576, -75.570222573)"
2171542,05/23/2017,2:45 p.m.,martes,MOTOCICLETA,PARTICULAR,Motociclista,Masculino,NO,N/A,SOLO DAÑOS,Choque,Desobedecer senales,Calle 38  Sur Carrera 32,MESA,Urbana,"(6.166011939, -75.581581213)"
2171542,05/23/2017,2:45 p.m.,martes,AUTOMOVIL,PARTICULAR,Conductor,Masculino,NO,N/A,SOLO DAÑOS,Choque,Desobedecer senales,Calle 38  Sur Carrera 32,MESA,Urbana,"(6.166011939, -75.581581213)"
2171546,05/23/2017,6:50 p.m.,martes,MOTOCICLETA,PARTICULAR,Motociclista,Masculino,NO,N/A,HERIDO,Atropello,Cruzar sin observar,Calle 40  Sur Carrera 27,SAN JOSE,Urbana,"(6.158366235, -75.580807934)"
2171555,05/23/2017,6:35 p.m.,martes,MOTOCICLETA,DIPLOMATICO,Motociclista,Masculino,NO,N/A,SOLO DAÑOS,Choque,No respetar pelacion de interseccion o giros,Calle 40  Sur Carrera 48,LAS VEGAS,Urbana,"(6.158744179, -75.594597118)"
2171555,05/23/2017,6:35 p.m.,martes,AUTOMOVIL,PUBLICO,Conductor,Masculino,NO,N/A,SOLO DAÑOS,Choque,No respetar pelacion de interseccion o giros,Calle 40  Sur Carrera 48,LAS VEGAS,Urbana,"(6.158744179, -75.594597118)"