RADICADO,FECHA,HORA,DÍA DE LA SEMANA,CLASE DE VEHICULO,TIPO DE SERVICIO,TIPO DE VICTIMA,SEXO,ESTADO DE BEODEZ,RESULTADO DE BEODEZ,GRAVEDAD,CLASE DE ACCIDENTE,CAUSA,DIRECCIÓN,BARRIO,AREA,Coordenadas
2171268,05/01/2017,2:40 p.m.,lunes,AUTOMOVIL,PARTICULAR,Conductor,Masculino,NO,N/A,SOLO DAÑOS,Choque,Desobedecer senales,Calle 39  Sur Carrera 47 A,ALCALA,Urbana,"(6.171457478, -75.593352997)"
2171264,05/01/2017,4:20 p.m.,lunes,AUTOMOVIL,PUBLICO,Conductor,Masculino,NO,N/A,HERIDO,Atropello,Cruzar sin observar,Calle 46  Sur Carrera 43 A,PRIMAVERA,Urbana,"(6.164149951, -75.595997505)"
2171291,05/01/2017,7:45 p.m.,lunes,AUTOMOVIL,PARTICULAR,Conductor,Masculino,NO,N/A,SOLO DAÑOS,Choque,Otra,Calle 21  Sur Carrera 43 A,ZU├æIGA,Urbana,"(6.18399286, -75.579597643)"
2171291,05/01/2017,7:45 p.m.,lunes,MOTOCICLETA,PARTICULAR,Motociclista,Masculino,NO,N/A,SOLO DAÑOS,Choque,Otra,Calle 21  Sur Carrera 43 A,ZU├æIGA,Urbana,"(6.18399286, -75.579597643)"
2171265,05/01/2017,8:00 p.m.,lunes,AUTOMOVIL,PARTICULAR,Conductor,Femenino,NO,N/A,SOLO DAÑOS,Choque,No mantener distancia de seguridad,Calle 48 C Sur Carrera 42 D,LOMA DEL BARRO,Urbana,"(6.161910694, -75.596854256)"
2171265,05/01/2017,8:00 p.m.,lunes,AUTOMOVIL,PARTICULAR,Conductor,Masculino,NO,N/A,SOLO DAÑOS,Choque,No mantener distancia de seguridad,Calle 48 C Sur Carrera 42 D,LOMA DEL BARRO,Urbana,"(6.161910694, -75.596854256)"
2171268,05/01/2017,2:40 p.m.,lunes,AUTOMOVIL,PUBLICO,Conductor,Masculino,NO,N/A,SOLO DAÑOS,Choque,Desobedecer senales,Calle 39  Sur Carrera 47 A,ALCALA,Urbana,"(6.171457478, -75.593352997)"
2171290,05/01/2017,9:15 p.m.,lunes,BUS,PUBLICO,Conductor,Masculino,NO,N/A,SOLO DAÑOS,Choque,No mantener distancia de seguridad,Carrera 39 Calle 38  Sur,ZONA CENTRO,Urbana,"(6.168272399, -75.585220918)"
2171279,04/30/2017,3:00 p.m.,domingo,MOTOCICLETA,OFICIAL,Motociclista,Masculino,NO,N/A,HERIDO,Choque,Impericia en el manejo,Calle 39 D Sur Carrera 24 EE,EL SALADO,Urbana,"(6.154343948, -75.578021489)"
2171274,04/30/2017,6:10 p.m.,domingo,AUTOMOVIL,PARTICULAR,Conductor,Femenino,NO,N/A,SOLO DAÑOS,Choque,No mantener distancia de seguridad,Tramo 12 Kilometro  7,VEREDA PALMAS,Rural,
2171274,04/30/2017,6:10 p.m.,domingo,AUTOMOVIL,PARTICULAR,Conductor,Masculino,NO,N/A,SOLO DAÑOS,Choque,No mantener distancia de seguridad,Tramo 12 Kilometro  7,VEREDA PALMAS,Rural,
2171252,04/30/2017,7:25 p.m.,domingo,MOTOCICLETA,PARTICULAR,Motociclista,Masculino,NO,N/A,HERIDO,Atropello,Exceso de velocidad,Calle 37  Sur Carrera 35,MESA,Urbana,"(6.167699744, -75.582707548)"
2171279,04/30/2017,3:00 p.m.,domingo,BICICLETA,N/A,Ciclista,Masculino,NO,N/A,HERIDO,Choque,Impericia en el manejo,Calle 39 D Sur Carrera 24 EE,EL SALADO,Urbana,"(6.154343948, -75.578021489)"
2171249,04/30/2017,4:40 a.m.,domingo,BUS,PUBLICO,Conductor,Masculino,NO,N/A,HERIDO,Choque,Exceso de velocidad,Calle 25  Sur Carrera 50,LAS VEGAS,Urbana,
2171261,04/30/2017,9:20 p.m.,domingo,AUTOMOVIL,PARTICULAR,Conductor,Masculino,NO,N/A,SOLO DAÑOS,Choque,Exceso de velocidad,Carrera 43 A Calle 50  Sur,LAS CASITAS,Urbana,"(6.160125495, -75.602078994)"
2171249,04/30/2017,4:40 a.m.,domingo,AUTOMOVIL,PARTICULAR,Conductor,Masculino,NO,N/A,HERIDO,Choque,Exceso de velocidad,Calle 25  Sur Carrera 50,LAS VEGAS,Urbana,
2171280,04/29/2017,10:00 a.m.,sábado,MOTOCICLETA,PARTICULAR,Motociclista,Femenino,NO,N/A,HERIDO,Caida Ocupante,No respetar prelacion,Calle 46  Sur Carrera 46 B,PRIMAVERA,Urbana,"(6.165325085, -75.59741757)"
2171278,04/29/2017,8:00 a.m.,sábado,CAMIONETA,PARTICULAR,Conductor,Masculino,NO,N/A,HERIDO,Choque,Girar bruscamente,Calle 32 B Sur Carrera 48,LAS VEGAS,Urbana,"(6.177255701, -75.590031365)"
2171278,04/29/2017,8:00 a.m.,sábado,CAMIONETA,PUBLICO,Conductor,Masculino,NO,N/A,HERIDO,Choque,Girar bruscamente,Calle 32 B Sur Carrera 48,LAS VEGAS,Urbana,"(6.177255701, -75.590031365)"
2171278,04/29/2017,8:00 a.m.,sábado,MOTOCICLETA,DIPLOMATICO,Motociclista,Masculino,NO,N/A,HERIDO,Choque,Girar bruscamente,Calle 32 B Sur Carrera 48,LAS VEGAS,Urbana,"(6.177255701, -75.590031365)"
2171248,04/29/2017,3:45 p.m.,sábado,AUTOMOVIL,PARTICULAR,Conductor,Femenino,NO,N/A,SOLO DAÑOS,Choque,No mantener distancia de seguridad,Tramo 12 Kilometro  13,VEREDA PALMAS,Rural,
2171248,04/29/2017,3:45 p.m.,sábado,AUTOMOVIL,PARTICULAR,Conductor,Masculino,NO,N/A,SOLO DAÑOS,Choque,No mantener distancia de seguridad,Tramo 12 Kilometro  13,VEREDA PALMAS,Rural,
2171258,04/29/2017,1:50 p.m.,sábado,AUTOMOVIL,DIPLOMATICO,Conductor,Masculino,NO,N/A,HERIDO,Atropello,Exceso de velocidad,Tramo 372 Kilometro  7,VEREDA PALMAS,Rural,
2171258,04/29/2017,1:50 p.m.,sábado,MOTOCICLETA,PARTICULAR,Motociclista,Masculino,NO,N/A,HERIDO,Atropello,Exceso de velocidad,Tramo 372 Kilometro  7,VEREDA PALMAS,Rural,
2171258,04/29/2017,1:50 p.m.,sábado,AUTOMOVIL,PARTICULAR,Conductor,Masculino,NO,N/A,HERIDO,Atropello,Exceso de velocidad,Tramo 372 Kilometro  7,VEREDA PALMAS,Rural,
2171270,04/29/2017,3:40 p.m.,sábado,AUTOMOVIL,PARTICULAR,Conductor,Masculino,NO,N/A,SOLO DAÑOS,Choque,No mantener distancia de seguridad,Calle 37  Sur Carrera 50,LAS VEGAS,Urbana,
2171270,04/29/2017,3:40 p.m.,sábado,CAMION,PUBLICO,Conductor,Masculino,NO,N/A,SOLO DAÑOS,Choque,No mantener distancia de seguridad,Calle 37  Sur Carrera 50,LAS VEGAS,Urbana,
2171721,04/29/2017,3:30 p.m.,sábado,CAMIONETA,PARTICULAR,Conductor,Masculino,NO,N/A,SOLO DAÑOS,Choque,Otra,Calle 37  Sur Carrera 39,ZONA CENTRO,Urbana,"(6.169035546, -75.584847552)"
2171721,04/29/2017,3:30 p.m.,sábado,CAMPERO,PARTICULAR,Conductor,Femenino,NO,N/A,SOLO DAÑOS,Choque,Otra,Calle 37  Sur Carrera 39,ZONA CENTRO,Urbana,"(6.169035546, -75.584847552)"
2171255,04/29/2017,11:30 a.m.,sábado,AUTOMOVIL,PARTICULAR,Conductor,Femenino,NO,N/A,SOLO DAÑOS,Choque,No mantener distancia de seguridad,Carrera 41 Calle 35  Sur,ZONA CENTRO,Urbana,"(6.171178893, -75.585314019)"
2171255,04/29/2017,11:30 a.m.,sábado,AUTOMOVIL,PARTICULAR,Conductor,Masculino,NO,N/A,SOLO DAÑOS,Choque,No mantener distancia de seguridad,Carrera 41 Calle 35  Sur,ZONA CENTRO,Urbana,"(6.171178893, -75.585314019)"
2171275,04/29/2017,12:00 p.m.,sábado,CAMIONETA,PARTICULAR,Conductor,Masculino,NO,N/A,HERIDO,Choque,Impericia en el manejo,Calle 43  Sur Carrera 50,LAS VEGAS,Urbana,"(6.159203801, -75.602594962)"
2171275,04/29/2017,12:00 p.m.,sábado,MOTOCICLETA,PARTICULAR,Motociclista,Masculino,NO,N/A,HERIDO,Choque,Impericia en el manejo,Calle 43  Sur Carrera 50,LAS VEGAS,Urbana,"(6.159203801, -75.602594962)"
2171271,04/29/2017,12:00 p.m.,sábado,AUTOMOVIL,PARTICULAR,Conductor,Masculino,NO,N/A,SOLO DAÑOS,Choque,No mantener distancia de seguridad,Tramo 12 Kilometro  13,VEREDA PALMAS,Rural,
2171271,04/29/2017,12:00 p.m.,sábado,CAMIONETA,PARTICULAR,Conductor,Femenino,NO,N/A,SOLO DAÑOS,Choque,No mantener distancia de seguridad,Tramo 12 Kilometro  13,VEREDA PALMAS,Rural,
2171293,04/29/2017,10:00 a.m.,sábado,AUTOMOVIL,PUBLICO,Conductor,Masculino,NO,N/A,SOLO DAÑOS,Choque,No mantener distancia de seguridad,Calle 38  Sur Carrera 43 A,ZONA CENTRO,Urbana,"(6.170537577, -75.588625139)"
2171293,04/29/2017,10:00 a.m.,sábado,AUTOMOVIL,PARTICULAR,Conductor,Femenino,NO,N/A,SOLO DAÑOS,Choque,No mantener distancia de seguridad,Calle 38  Sur Carrera 43 A,ZONA CENTRO,Urbana,"(6.170537577, -75.588625139)"
2171246,04/28/2017,6:40 p.m.,viernes,MOTOCICLETA,PARTICULAR,Motociclista,Masculino,NO,N/A,MUERTO,Caida Ocupante,Otra,Calle 39  Sur Carrera 50,LAS VEGAS,Urbana,
2171253,04/28/2017,5:30 p.m.,viernes,MOTOCICLETA,PARTICULAR,Motociclista,Masculino,NO,N/A,SOLO DAÑOS,Choque,No mantener distancia de seguridad,Carrera 50 Calle 36  Sur,LAS VEGAS,Urbana,
2171253,04/28/2017,5:30 p.m.,viernes,AUTOMOVIL,PARTICULAR,Conductor,Masculino,NO,N/A,SOLO DAÑOS,Choque,No mantener distancia de seguridad,Carrera 50 Calle 36  Sur,LAS VEGAS,Urbana,
2171273,04/28/2017,1:40 p.m.,viernes,AUTOMOVIL,PUBLICO,Conductor,Masculino,NO,N/A,SOLO DAÑOS,Choque,Adelantar cerrando,Carrera 43 A Calle 38  Sur,ZONA CENTRO,Urbana,"(6.170421178, -75.588598773)"
2171273,04/28/2017,1:40 p.m.,viernes,MICROBUS,PUBLICO,Conductor,Masculino,NO,N/A,SOLO DAÑOS,Choque,Adelantar cerrando,Carrera 43 A Calle 38  Sur,ZONA CENTRO,Urbana,"(6.170421178, -75.588598773)"
2171260,04/28/2017,9:00 p.m.,viernes,AUTOMOVIL,PARTICULAR,Conductor,Masculino,NO,N/A,SOLO DAÑOS,Choque,Desobedecer senales,Diagonal 33 Transversal 33  Sur,LA MAGNOLIA,Urbana,"(6.173879308, -75.584283827)"
2171260,04/28/2017,9:00 p.m.,viernes,CAMPERO,PARTICULAR,Conductor,Femenino,NO,N/A,SOLO DAÑOS,Choque,Desobedecer senales,Diagonal 33 Transversal 33  Sur,LA MAGNOLIA,Urbana,"(6.173879308, -75.584283827)"
2171257,04/28/2017,4:30 p.m.,viernes,MOTOCICLETA,PARTICULAR,Motociclista,Masculino,NO,N/A,HERIDO,Choque,Transitar entre vehiculos,Calle 31  Sur Carrera 50,LAS VEGAS,Urbana,
2171257,04/28/2017,4:30 p.m.,viernes,TRACTOCAMION,PUBLICO,Conductor,Masculino,NO,N/A,HERIDO,Choque,Transitar entre vehiculos,Calle 31  Sur Carrera 50,LAS VEGAS,Urbana,
2171272,04/28/2017,5:45 a.m.,viernes,AUTOMOVIL,PARTICULAR,Conductor,Masculino,NO,N/A,SOLO DAÑOS,Choque,No mantener distancia de seguridad,Calle 40  Sur Carrera 47 A,ALCALA,Urbana,"(6.169781261, -75.594986017)"
2171272,04/28/2017,5:45 a.m.,viernes,AUTOMOVIL,PUBLICO,Conductor,Masculino,NO,N/A,SOLO DAÑOS,Choque,No mantener distancia de seguridad,Calle 40  Sur Carrera 47 A,ALCALA,Urbana,"(6.169781261, -75.594986017)"
2171296,04/28/2017,12:15 p.m.,viernes,MICROBUS,PUBLICO,Conductor,Masculino,NO,N/A,SOLO DAÑOS,Choque,Impericia en el manejo,Calle 39 B Sur Carrera 25,EL CHINGU├ì,Urbana,"(6.154772856, -75.574886148)"
2171296,04/28/2017,12:15 p.m.,viernes,Sin registro,PUBLICO,Conductor,Masculino,NO,N/A,SOLO DAÑOS,Choque,Impericia en el manejo,Calle 39 B Sur Carrera 25,EL CHINGU├ì,Urbana,"(6.154772856, -75.574886148)"
2171286,04/28/2017,6:30 a.m.,viernes,CAMPERO,PARTICULAR,Conductor,Masculino,NO,N/A,HERIDO,Choque,No mantener distancia de seguridad,Tramo 372 Kilometro  11,VEREDA PALMAS,Rural,
2171286,04/28/2017,6:30 a.m.,viernes,MICROBUS,PUBLICO,Conductor,Masculino,NO,N/A,HERIDO,Choque,No mantener distancia de seguridad,Tramo 372 Kilometro  11,VEREDA PALMAS,Rural,
2171254,04/28/2017,4:05 p.m.,viernes,MOTOCICLETA,PARTICULAR,Motociclista,Masculino,NO,N/A,SOLO DAÑOS,Choque,Impericia en el manejo,Tramo 12 Kilometro  12,VEREDA PALMAS,Rural,
2171254,04/28/2017,4:05 p.m.,viernes,CAMPERO,PARTICULAR,Conductor,Masculino,NO,N/A,SOLO DAÑOS,Choque,Impericia en el manejo,Tramo 12 Kilometro  12,VEREDA PALMAS,Rural,
2171277,04/28/2017,12:00 p.m.,viernes,CAMION,PUBLICO,Conductor,Masculino,NO,N/A,HERIDO,Atropello,Impericia en el manejo,Calle 38  Sur Carrera 40 A,ZONA CENTRO,Urbana,"(6.169040015, -75.586268246)"
2171251,04/28/2017,4:00 p.m.,viernes,BUSETA,PUBLICO,Conductor,Masculino,NO,N/A,SOLO DAÑOS,Choque,Reverso imprudente,Calle 25  Sur Carrera 43 B,PONTE VEDRA,Urbana,"(6.181560189, -75.582016491)"
2171251,04/28/2017,4:00 p.m.,viernes,AUTOMOVIL,PUBLICO,Conductor,Masculino,NO,N/A,SOLO DAÑOS,Choque,Reverso imprudente,Calle 25  Sur Carrera 43 B,PONTE VEDRA,Urbana,"(6.181560189, -75.582016491)"
2171247,04/28/2017,11:00 a.m.,viernes,AUTOMOVIL,PUBLICO,Conductor,Masculino,NO,N/A,SOLO DAÑOS,Choque,No mantener distancia de seguridad,Carrera 50 Calle 37  Sur,LAS VEGAS,Urbana,
2171247,04/28/2017,11:00 a.m.,viernes,MOTOCICLETA,PARTICULAR,Motociclista,Masculino,NO,N/A,SOLO DAÑOS,Choque,No mantener distancia de seguridad,Carrera 50 Calle 37  Sur,LAS VEGAS,Urbana,
2171262,04/28/2017,4:45 p.m.,viernes,MOTOCICLETA,PARTICULAR,Motociclista,Masculino,NO,N/A,HERIDO,Choque,No respetar prelacion,Calle 38  Sur Carrera 38,MESA,Urbana,"(6.16803936, -75.584694353)"
2171262,04/28/2017,4:45 p.m.,viernes,AUTOMOVIL,PARTICULAR,Conductor,Masculino,NO,N/A,HERIDO,Choque,No respetar prelacion,Calle 38  Sur Carrera 38,MESA,Urbana,"(6.16803936, -75.584694353)"
2171259,04/28/2017,12:50 p.m.,viernes,CAMION,PUBLICO,Conductor,Masculino,NO,N/A,SOLO DAÑOS,Choque,No mantener distancia de seguridad,Calle 37  Sur Carrera 50,LAS VEGAS,Urbana,
2171259,04/28/2017,12:50 p.m.,viernes,AUTOMOVIL,PARTICULAR,Conductor,Masculino,NO,N/A,SOLO DAÑOS,Choque,No mantener distancia de seguridad,Calle 37  Sur Carrera 50,LAS VEGAS,Urbana,
2171250,04/27/2017,9:00 p.m.,jueves,MOTOCICLETA,PARTICULAR,Motociclista,Masculino,NO,N/A,HERIDO,Choque,Otra,Calle 37  Sur Carrera 48,LAS VEGAS,Urbana,"(6.17412211, -75.593061115)"
2171267,04/27/2017,10:30 p.m.,jueves,AUTOMOVIL,PARTICULAR,Conductor,Masculino,NO,N/A,SOLO DAÑOS,Choque,Impericia en el manejo,Calle 26 A Sur Carrera 42 A,LAS ORQUIDEAS,Urbana,"(6.177324883, -75.579423678)"
2171267,04/27/2017,10:30 p.m.,jueves,CAMION,PUBLICO,Conductor,Masculino,NO,N/A,SOLO DAÑOS,Choque,Impericia en el manejo,Calle 26 A Sur Carrera 42 A,LAS ORQUIDEAS,Urbana,"(6.177324883, -75.579423678)"
2171267,04/27/2017,10:30 p.m.,jueves,MOTOCICLETA,PARTICULAR,Conductor,Masculino,NO,N/A,SOLO DAÑOS,Choque,Impericia en el manejo,Calle 26 A Sur Carrera 42 A,LAS ORQUIDEAS,Urbana,"(6.177324883, -75.579423678)"
2171256,04/27/2017,11:45 a.m.,jueves,CAMPERO,PARTICULAR,Conductor,Masculino,NO,N/A,SOLO DAÑOS,Choque,Desobedecer senales,Carrera 43 Calle 40 H Sur,EL DORADO,Urbana,"(6.166951299, -75.59088678)"
2171256,04/27/2017,11:45 a.m.,jueves,MOTOCICLETA,PARTICULAR,Motociclista,Masculino,NO,N/A,SOLO DAÑOS,Choque,Desobedecer senales,Carrera 43 Calle 40 H Sur,EL DORADO,Urbana,"(6.166951299, -75.59088678)"
2171263,04/27/2017,12:45 p.m.,jueves,AUTOMOVIL,PARTICULAR,Conductor,Masculino,NO,N/A,SOLO DAÑOS,Choque,Reverso imprudente,Calle 36 D Sur Carrera 25,VEREDA EL ESCOBERO,Urbana,"(6.157838588, -75.566521566)"
2171263,04/27/2017,12:45 p.m.,jueves,CAMIONETA,PUBLICO,Conductor,Masculino,NO,N/A,SOLO DAÑOS,Choque,Reverso imprudente,Calle 36 D Sur Carrera 25,VEREDA EL ESCOBERO,Urbana,"(6.157838588, -75.566521566)"
2171226,04/27/2017,10:35 a.m.,jueves,TRACTOCAMION,PUBLICO,Conductor,Masculino,NO,N/A,MUERTO,Choque,Exceso de velocidad,Calle 27  Sur Carrera 50,LAS VEGAS,Urbana,
2171226,04/27/2017,10:35 a.m.,jueves,MOTOCICLETA,PARTICULAR,Motociclista,Femenino,NO,N/A,MUERTO,Choque,Exceso de velocidad,Calle 27  Sur Carrera 50,LAS VEGAS,Urbana,
2171241,04/27/2017,9:30 p.m.,jueves,MOTOCICLETA,PARTICULAR,Motociclista,Masculino,NO,N/A,SOLO DAÑOS,Choque,Impericia en el manejo,Calle 36 A Sur Carrera 26 D,LA INMACULADA,Urbana,"(6.167621297, -75.578524101)"
2171241,04/27/2017,9:30 p.m.,jueves,AUTOMOVIL,PARTICULAR,Conductor,Masculino,NO,N/A,SOLO DAÑOS,Choque,Impericia en el manejo,Calle 36 A Sur Carrera 26 D,LA INMACULADA,Urbana,"(6.167621297, -75.578524101)"
2171269,04/27/2017,5:30 p.m.,jueves,MOTOCICLETA,PARTICULAR,Motociclista,Femenino,NO,N/A,SOLO DAÑOS,Choque,Reverso imprudente,Diagonal 40 Transversal 33  Sur,LA MAGNOLIA,Urbana,"(6.173507784, -75.585457506)"
2171269,04/27/2017,5:30 p.m.,jueves,CAMPERO,PARTICULAR,Conductor,Masculino,NO,N/A,SOLO DAÑOS,Choque,Reverso imprudente,Diagonal 40 Transversal 33  Sur,LA MAGNOLIA,Urbana,"(6.173507784, -75.585457506)"
2171233,04/27/2017,5:30 p.m.,jueves,AUTOMOVIL,PARTICULAR,Conductor,Femenino,NO,N/A,SOLO DAÑOS,Choque,Semaforo en rojo,Diagonal 31 Transversal 34 D Sur,LAS FLORES,Urbana,"(6.17201459, -75.579216112)"
2171233,04/27/2017,5:30 p.m.,jueves,CAMPERO,PARTICULAR,Conductor,Masculino,NO,N/A,SOLO DAÑOS,Choque,Semaforo en rojo,Diagonal 31 Transversal 34 D Sur,LAS FLORES,Urbana,"(6.17201459, -75.579216112)"
2171250,04/27/2017,9:00 p.m.,jueves,BICICLETA,N/A,Ciclista,Masculino,NO,N/A,HERIDO,Choque,Otra,Calle 37  Sur Carrera 48,LAS VEGAS,Urbana,"(6.17412211, -75.593061115)"
2171276,04/27/2017,12:30 p.m.,jueves,CAMPERO,PARTICULAR,Conductor,Masculino,NO,N/A,HERIDO,Choque,Exceso de velocidad,Tramo 371 Kilometro  0,VEREDA EL ESCOBERO,Rural,
2171239,04/27/2017,1:20 p.m.,jueves,CAMION,PUBLICO,Conductor,Masculino,NO,N/A,SOLO DAÑOS,Choque,Impericia en el manejo,Carrera 50 Calle 39 A Sur,LAS VEGAS,Urbana,
2171239,04/27/2017,1:20 p.m.,jueves,AUTOMOVIL,PARTICULAR,Conductor,Femenino,NO,N/A,SOLO DAÑOS,Choque,Impericia en el manejo,Carrera 50 Calle 39 A Sur,LAS VEGAS,Urbana,
2171237,04/27/2017,7:20 p.m.,jueves,AUTOMOVIL,PARTICULAR,Conductor,Femenino,NO,N/A,SOLO DAÑOS,Choque,No mantener distancia de seguridad,Calle 37  Sur Carrera 50,LAS VEGAS,Urbana,
2171237,04/27/2017,7:20 p.m.,jueves,AUTOMOVIL,PARTICULAR,Conductor,Masculino,NO,N/A,SOLO DAÑOS,Choque,No mantener distancia de seguridad,Calle 37  Sur Carrera 50,LAS VEGAS,Urbana,
2171236,04/27/2017,2:00 p.m.,jueves,TRACTOCAMION,PUBLICO,Conductor,Masculino,NO,N/A,SOLO DAÑOS,Choque,Reverso imprudente,Carrera 50 Calle 36  Sur,LAS VEGAS,Urbana,
2171236,04/27/2017,2:00 p.m.,jueves,CAMIONETA,PARTICULAR,Conductor,Masculino,NO,N/A,SOLO DAÑOS,Choque,Reverso imprudente,Carrera 50 Calle 36  Sur,LAS VEGAS,Urbana,
2171238,04/27/2017,5:00 p.m.,jueves,BUSETA,PUBLICO,Conductor,Masculino,NO,N/A,SOLO DAÑOS,Choque,No mantener distancia de seguridad,Calle 36 D Sur Carrera 27,VEREDA EL ESCOBERO,Urbana,"(6.162479576, -75.570222573)"
2171238,04/27/2017,5:00 p.m.,jueves,AUTOMOVIL,PARTICULAR,Conductor,Femenino,NO,N/A,SOLO DAÑOS,Choque,No mantener distancia de seguridad,Calle 36 D Sur Carrera 27,VEREDA EL ESCOBERO,Urbana,"(6.162479576, -75.570222573)"
2171214,04/26/2017,10:00 p.m.,miércoles,MOTOCICLETA,PARTICULAR,Motociclista,Masculino,SI,0,HERIDO,Choque,No respetar prelacion,Calle 40  Sur Carrera 24 F,EL SALADO,Urbana,"(6.151179811, -75.577599332)"
2171214,04/26/2017,10:00 p.m.,miércoles,MOTOCICLETA,PARTICULAR,Motociclista,Masculino,NO,N/A,HERIDO,Choque,No respetar prelacion,Calle 40  Sur Carrera 24 F,EL SALADO,Urbana,"(6.151179811, -75.577599332)"
2171266,04/26/2017,6:35 p.m.,miércoles,CAMIONETA,PARTICULAR,Conductor,Masculino,NO,N/A,HERIDO,Choque,Impericia en el manejo,Calle 48 F Sur Carrera 42 BB,LOMA DEL BARRO,Urbana,"(6.157476884, -75.598032245)"
2171266,04/26/2017,6:35 p.m.,miércoles,AUTOMOVIL,PARTICULAR,Conductor,Femenino,NO,N/A,HERIDO,Choque,Exceso de velocidad,Calle 48 F Sur Carrera 42 BB,LOMA DEL BARRO,Urbana,"(6.157476884, -75.598032245)"
2171266,04/26/2017,6:35 p.m.,miércoles,AUTOMOVIL,PARTICULAR,Conductor,Femenino,NO,N/A,HERIDO,Choque,Impericia en el manejo,Calle 48 F Sur Carrera 42 BB,LOMA DEL BARRO,Urbana,"(6.157476884, -75.598032245)"
2171266,04/26/2017,6:35 p.m.,miércoles,CAMIONETA,PARTICULAR,Conductor,Masculino,NO,N/A,HERIDO,Choque,Exceso de velocidad,Calle 48 F Sur Carrera 42 BB,LOMA DEL BARRO,Urbana,"(6.157476884, -75.598032245)"
2171223,04/26/2017,7:30 a.m.,miércoles,MOTOCICLETA,PARTICULAR,Motociclista,Masculino,NO,N/A,SOLO DAÑOS,Choque,Desobedecer senales,Carrera 39 Calle 36  Sur,ZONA CENTRO,Urbana,"(6.169632254, -75.584337732)"
2171223,04/26/2017,7:30 a.m.,miércoles,MICROBUS,PUBLICO,Conductor,Masculino,NO,N/A,SOLO DAÑOS,Choque,Desobedecer senales,Carrera 39 Calle 36  Sur,ZONA CENTRO,Urbana,"(6.169632254, -75.584337732)"
2171240,04/26/2017,6:42 a.m.,miércoles,AUTOMOVIL,PARTICULAR,Conductor,Femenino,NO,N/A,SOLO DAÑOS,Choque,No mantener distancia de seguridad,Calle 46  Sur Carrera 46 B,PRIMAVERA,Urbana,"(6.165325085, -75.59741757)"
2171240,04/26/2017,6:42 a.m.,miércoles,AUTOMOVIL,PARTICULAR,Conductor,Femenino,NO,N/A,SOLO DAÑOS,Choque,No mantener distancia de seguridad,Calle 46  Sur Carrera 46 B,PRIMAVERA,Urbana,"(6.165325085, -75.59741757)"
2171234,04/26/2017,3:30 p.m.,miércoles,AUTOMOVIL,PARTICULAR,Conductor,Femenino,NO,N/A,SOLO DAÑOS,Choque,No mantener distancia de seguridad,Tramo 372 Kilometro  11,VEREDA PALMAS,Rural,
2171224,04/26/2017,9:25 a.m.,miércoles,AUTOMOVIL,PARTICULAR,Conductor,Masculino,NO,N/A,SOLO DAÑOS,Choque,Adelantar cerrando,Carrera 43 Calle 36  Sur,ZONA CENTRO,Urbana,"(6.171314659, -75.587007533)"
2171224,04/26/2017,9:25 a.m.,miércoles,CAMIONETA,PUBLICO,Conductor,Masculino,NO,N/A,SOLO DAÑOS,Choque,Adelantar cerrando,Carrera 43 Calle 36  Sur,ZONA CENTRO,Urbana,"(6.171314659, -75.587007533)"
2171234,04/26/2017,3:30 p.m.,miércoles,AUTOMOVIL,PUBLICO,Conductor,Masculino,NO,N/A,SOLO DAÑOS,Choque,No mantener distancia de seguridad,Tramo 372 Kilometro  11,VEREDA PALMAS,Rural,
2171229,04/26/2017,6:40 a.m.,miércoles,BICICLETA,N/A,Ciclista,Masculino,NO,N/A,HERIDO,Choque,Desobedecer senales,Calle 39 B Sur Carrera 36,MESA,Urbana,"(6.165295179, -75.5850387)"
2171229,04/26/2017,6:40 a.m.,miércoles,AUTOMOVIL,PARTICULAR,Conductor,Masculino,NO,N/A,HERIDO,Choque,Desobedecer senales,Calle 39 B Sur Carrera 36,MESA,Urbana,"(6.165295179, -75.5850387)"
2171227,04/26/2017,8:35 p.m.,miércoles,CAMPERO,PARTICULAR,Conductor,Masculino,NO,N/A,HERIDO,Choque,Impericia en el manejo,Calle 45 A Sur Carrera 42 D,LA PAZ,Urbana,"(6.163477254, -75.593363846)"
2171227,04/26/2017,8:35 p.m.,miércoles,MOTOCICLETA,PARTICULAR,Motociclista,Masculino,NO,N/A,HERIDO,Choque,Impericia en el manejo,Calle 45 A Sur Carrera 42 D,LA PAZ,Urbana,"(6.163477254, -75.593363846)"
2171227,04/26/2017,8:35 p.m.,miércoles,MOTOCICLETA,PARTICULAR,Motociclista,Masculino,NO,N/A,HERIDO,Choque,Impericia en el manejo,Calle 45 A Sur Carrera 42 D,LA PAZ,Urbana,"(6.163477254, -75.593363846)"
2171244,04/26/2017,7:50 p.m.,miércoles,MOTOCICLETA,PARTICULAR,Motociclista,Masculino,NO,N/A,SOLO DAÑOS,Choque,Transitar entre vehiculos,Calle 21  Sur Carrera 44,ZU├æIGA,Urbana,
2171244,04/26/2017,7:50 p.m.,miércoles,CAMIONETA,PARTICULAR,Conductor,Masculino,NO,N/A,SOLO DAÑOS,Choque,Transitar entre vehiculos,Calle 21  Sur Carrera 44,ZU├æIGA,Urbana,
2171242,04/26/2017,12:05 p.m.,miércoles,MOTOCICLETA,PARTICULAR,Motociclista,Masculino,NO,N/A,SOLO DAÑOS,Choque,Adelantar por la derecha,Calle 25  Sur Carrera 48,LAS VEGAS,Urbana,
2171242,04/26/2017,12:05 p.m.,miércoles,AUTOMOVIL,PUBLICO,Conductor,Masculino,NO,N/A,SOLO DAÑOS,Choque,Adelantar por la derecha,Calle 25  Sur Carrera 48,LAS VEGAS,Urbana,