RADICADO,FECHA,HORA,DÍA DE LA SEMANA,CLASE DE VEHICULO,TIPO DE SERVICIO,TIPO DE VICTIMA,SEXO,ESTADO DE BEODEZ,RESULTADO DE BEODEZ,GRAVEDAD,CLASE DE ACCIDENTE,CAUSA,DIRECCIÓN,BARRIO,AREA,Coordenadas
2171225,04/26/2017,7:00 a.m.,miércoles,AUTOMOVIL,PARTICULAR,Conductor,Masculino,NO,N/A,SOLO DAÑOS,Choque,Adelantar cerrando,Carrera 43 A Calle 48 C Sur,LOMA DEL BARRO,Urbana,"(6.162218777, -75.597644457)"
2171225,04/26/2017,7:00 a.m.,miércoles,CAMPERO,PARTICULAR,Conductor,Femenino,NO,N/A,SOLO DAÑOS,Choque,Adelantar cerrando,Carrera 43 A Calle 48 C Sur,LOMA DEL BARRO,Urbana,"(6.162218777, -75.597644457)"
2171212,04/26/2017,8:00 a.m.,miércoles,MOTOCICLETA,PARTICULAR,Motociclista,Masculino,NO,N/A,HERIDO,Choque,Transitar entre vehiculos,Calle 38  Sur Carrera 42,ZONA CENTRO,Urbana,"(6.16961293, -75.587384695)"
2171212,04/26/2017,8:00 a.m.,miércoles,MOTOCICLETA,PARTICULAR,Motociclista,Masculino,NO,N/A,HERIDO,Choque,Transitar entre vehiculos,Calle 38  Sur Carrera 42,ZONA CENTRO,Urbana,"(6.16961293, -75.587384695)"
2171230,04/26/2017,1:00 p.m.,miércoles,AUTOMOVIL,PARTICULAR,Conductor,Masculino,NO,N/A,HERIDO,Atropello,Impericia en el manejo,Tramo 372 Kilometro  14,VEREDA PALMAS,Rural,
2171235,04/26/2017,3:50 p.m.,miércoles,AUTOMOVIL,PARTICULAR,Conductor,Masculino,NO,N/A,SOLO DAÑOS,Choque,Desobedecer senales,Calle 37  Sur Carrera 32,MESA,Urbana,"(6.166691719, -75.581185995)"
2171235,04/26/2017,3:50 p.m.,miércoles,MOTOCICLETA,PARTICULAR,Motociclista,Masculino,NO,N/A,SOLO DAÑOS,Choque,Desobedecer senales,Calle 37  Sur Carrera 32,MESA,Urbana,"(6.166691719, -75.581185995)"
2171243,04/26/2017,5:45 p.m.,miércoles,AUTOMOVIL,PUBLICO,Conductor,Masculino,NO,N/A,SOLO DAÑOS,Choque,No mantener distancia de seguridad,Calle 38  Sur Carrera 31,MESA,Urbana,"(6.165577674, -75.581121822)"
2171243,04/26/2017,5:45 p.m.,miércoles,CAMIONETA,PARTICULAR,Conductor,Masculino,NO,N/A,SOLO DAÑOS,Choque,No mantener distancia de seguridad,Calle 38  Sur Carrera 31,MESA,Urbana,"(6.165577674, -75.581121822)"
2171216,04/25/2017,5:20 p.m.,martes,AUTOMOVIL,PARTICULAR,Conductor,Masculino,NO,N/A,SOLO DAÑOS,Choque,No mantener distancia de seguridad,Carrera 43 A Calle 26  Sur,AVENIDA EL POBLADO,Urbana,"(6.180756284, -75.582954419)"
2171211,04/25/2017,6:50 p.m.,martes,CAMIONETA,PARTICULAR,Conductor,Masculino,NO,N/A,HERIDO,Choque,No mantener distancia de seguridad,Calle 25  Sur Carrera 43 A,LAS ORQUIDEAS,Urbana,"(6.181560189, -75.582016491)"
2171213,04/25/2017,2:45 p.m.,martes,CAMIONETA,PARTICULAR,Conductor,Masculino,NO,N/A,SOLO DAÑOS,Choque,No mantener distancia de seguridad,Carrera 43 A Calle 48 C Sur,LOMA DEL BARRO,Urbana,"(6.162218777, -75.597644457)"
2171213,04/25/2017,2:45 p.m.,martes,MICROBUS,PUBLICO,Conductor,Masculino,NO,N/A,SOLO DAÑOS,Choque,No mantener distancia de seguridad,Carrera 43 A Calle 48 C Sur,LOMA DEL BARRO,Urbana,"(6.162218777, -75.597644457)"
2171219,04/25/2017,11:50 a.m.,martes,AUTOMOVIL,PUBLICO,Conductor,Masculino,NO,N/A,SOLO DAÑOS,Choque,No mantener distancia de seguridad,Carrera 48 Calle 50  Sur,LAS VEGAS,Urbana,
2171211,04/25/2017,6:50 p.m.,martes,MOTOCICLETA,PARTICULAR,Motociclista,Masculino,NO,N/A,HERIDO,Choque,No mantener distancia de seguridad,Calle 25  Sur Carrera 43 A,LAS ORQUIDEAS,Urbana,"(6.181560189, -75.582016491)"
2171218,04/25/2017,5:40 p.m.,martes,BUS,PUBLICO,Conductor,Masculino,NO,N/A,HERIDO,Caida Ocupante,Otra,Carrera 49 Calle 39 A Sur,LAS VEGAS,Urbana,"(6.173609359, -75.597070569)"
2171219,04/25/2017,11:50 a.m.,martes,AUTOMOVIL,PARTICULAR,Conductor,Masculino,NO,N/A,SOLO DAÑOS,Choque,No mantener distancia de seguridad,Carrera 48 Calle 50  Sur,LAS VEGAS,Urbana,
2171228,04/25/2017,1:55 p.m.,martes,MOTOCICLETA,PARTICULAR,Motociclista,Masculino,NO,N/A,SOLO DAÑOS,Choque,No respetar prelacion,Calle 39 D Sur Carrera 39 D Sur,EL SALADO,Urbana,
2171228,04/25/2017,1:55 p.m.,martes,AUTOMOVIL,PARTICULAR,Conductor,Masculino,NO,N/A,SOLO DAÑOS,Choque,No respetar prelacion,Calle 39 D Sur Carrera 39 D Sur,EL SALADO,Urbana,
2171210,04/25/2017,4:40 p.m.,martes,AUTOMOVIL,PARTICULAR,Conductor,Masculino,NO,N/A,SOLO DAÑOS,Choque,Poner en marcha un vehiculo sin precauci,Calle 35  Sur Carrera 42,ZONA CENTRO,Urbana,"(6.17174158, -75.586068572)"
2171210,04/25/2017,4:40 p.m.,martes,AUTOMOVIL,PARTICULAR,Conductor,Masculino,NO,N/A,SOLO DAÑOS,Choque,Poner en marcha un vehiculo sin precauci,Calle 35  Sur Carrera 42,ZONA CENTRO,Urbana,"(6.17174158, -75.586068572)"
2171209,04/25/2017,9:30 p.m.,martes,AUTOMOVIL,PUBLICO,Conductor,Masculino,NO,N/A,SOLO DAÑOS,Choque,Desobedecer senales,Calle 40 C Sur Carrera 29,SAN JOSE,Urbana,"(6.160404351, -75.582515029)"
2171209,04/25/2017,9:30 p.m.,martes,AUTOMOVIL,PUBLICO,Conductor,Masculino,NO,N/A,SOLO DAÑOS,Choque,Desobedecer senales,Calle 40 C Sur Carrera 29,SAN JOSE,Urbana,"(6.160404351, -75.582515029)"
2171231,04/25/2017,9:00 p.m.,martes,MOTOCICLETA,PARTICULAR,Motociclista,Masculino,NO,N/A,SOLO DAÑOS,Choque,No mantener distancia de seguridad,Calle 30  Sur Carrera 48,JARDINES,Urbana,"(6.180376127, -75.590288049)"
2171231,04/25/2017,9:00 p.m.,martes,CAMIONETA,PARTICULAR,Conductor,Masculino,NO,N/A,SOLO DAÑOS,Choque,No mantener distancia de seguridad,Calle 30  Sur Carrera 48,JARDINES,Urbana,"(6.180376127, -75.590288049)"
2171207,04/25/2017,7:30 a.m.,martes,BUS,PUBLICO,Conductor,Masculino,NO,N/A,SOLO DAÑOS,Choque,No mantener distancia de seguridad,Carrera 40 Calle 47  Sur,EL TRIANON,Urbana,"(6.159120887, -75.593927939)"
2171207,04/25/2017,7:30 a.m.,martes,AUTOMOVIL,PARTICULAR,Conductor,Masculino,NO,N/A,SOLO DAÑOS,Choque,No mantener distancia de seguridad,Carrera 40 Calle 47  Sur,EL TRIANON,Urbana,"(6.159120887, -75.593927939)"
2171222,04/25/2017,5:20 p.m.,martes,CAMION,PUBLICO,Conductor,Masculino,NO,N/A,SOLO DAÑOS,Choque,No mantener distancia de seguridad,Carrera 48 Calle 32  Sur,LAS VEGAS,Urbana,"(6.177503621, -75.589485382)"
2171222,04/25/2017,5:20 p.m.,martes,AUTOMOVIL,PARTICULAR,Conductor,Masculino,NO,N/A,SOLO DAÑOS,Choque,No mantener distancia de seguridad,Carrera 48 Calle 32  Sur,LAS VEGAS,Urbana,"(6.177503621, -75.589485382)"
2171216,04/25/2017,5:20 p.m.,martes,MICROBUS,PUBLICO,Conductor,Masculino,NO,N/A,SOLO DAÑOS,Choque,No mantener distancia de seguridad,Carrera 43 A Calle 26  Sur,AVENIDA EL POBLADO,Urbana,"(6.180756284, -75.582954419)"
2171220,04/25/2017,3:10 p.m.,martes,MOTOCICLETA,PARTICULAR,Motociclista,Femenino,NO,N/A,SOLO DAÑOS,Choque,Desobedecer senales,Carrera 41 Calle 38  Sur,ZONA CENTRO,Urbana,"(6.169124429, -75.586560125)"
2171220,04/25/2017,3:10 p.m.,martes,CAMION,PUBLICO,Conductor,Masculino,NO,N/A,SOLO DAÑOS,Choque,No respetar prelacion,Carrera 41 Calle 38  Sur,ZONA CENTRO,Urbana,"(6.169124429, -75.586560125)"
2171220,04/25/2017,3:10 p.m.,martes,CAMION,PUBLICO,Conductor,Masculino,NO,N/A,SOLO DAÑOS,Choque,Desobedecer senales,Carrera 41 Calle 38  Sur,ZONA CENTRO,Urbana,"(6.169124429, -75.586560125)"
2171220,04/25/2017,3:10 p.m.,martes,MOTOCICLETA,PARTICULAR,Motociclista,Femenino,NO,N/A,SOLO DAÑOS,Choque,No respetar prelacion,Carrera 41 Calle 38  Sur,ZONA CENTRO,Urbana,"(6.169124429, -75.586560125)"
2171204,04/25/2017,6:20 a.m.,martes,CAMIONETA,PARTICULAR,Conductor,Masculino,NO,N/A,SOLO DAÑOS,Choque,Adelantar cerrando,Diagonal 31 Transversal 34 E Sur,URIBE ANGEL,Urbana,"(6.172689669, -75.578827286)"
2171204,04/25/2017,6:20 a.m.,martes,CAMIONETA,PARTICULAR,Conductor,Masculino,NO,N/A,SOLO DAÑOS,Choque,Adelantar cerrando,Diagonal 31 Transversal 34 E Sur,URIBE ANGEL,Urbana,"(6.172689669, -75.578827286)"
2171217,04/25/2017,4:00 p.m.,martes,BICICLETA,N/A,Ciclista,Masculino,NO,N/A,HERIDO,Choque,No respetar prelacion,Calle 40 F Sur Carrera 40 A,EL DORADO,Urbana,"(6.164811069, -75.58956509)"
2171217,04/25/2017,4:00 p.m.,martes,AUTOMOVIL,PARTICULAR,Conductor,Masculino,NO,N/A,HERIDO,Choque,No respetar prelacion,Calle 40 F Sur Carrera 40 A,EL DORADO,Urbana,"(6.164811069, -75.58956509)"
2171215,04/25/2017,7:00 p.m.,martes,AUTOMOVIL,PARTICULAR,Conductor,Masculino,NO,N/A,SOLO DAÑOS,Choque,No mantener distancia de seguridad,Calle 25 A Sur Carrera 43 A,ZU├æIGA,Urbana,"(6.181689385, -75.582417986)"
2171215,04/25/2017,7:00 p.m.,martes,MOTOCICLETA,PARTICULAR,Motociclista,Masculino,NO,N/A,SOLO DAÑOS,Choque,No mantener distancia de seguridad,Calle 25 A Sur Carrera 43 A,ZU├æIGA,Urbana,"(6.181689385, -75.582417986)"
2171199,04/24/2017,8:30 p.m.,lunes,AUTOMOVIL,PARTICULAR,Conductor,Masculino,NO,N/A,SOLO DAÑOS,Choque,No respetar prelacion,Tramo 12 Kilometro  11,VEREDA PALMAS,Rural,
2171185,04/24/2017,9:40 p.m.,lunes,AUTOMOVIL,PARTICULAR,Conductor,Masculino,NO,N/A,HERIDO,Choque,No respetar pelacion de interseccion o giros,Calle 36 D Sur Carrera 27,VEREDA EL ESCOBERO,Urbana,"(6.162479576, -75.570222573)"
2171232,04/24/2017,5:30 p.m.,lunes,BUSETA,PUBLICO,Conductor,Masculino,NO,N/A,SOLO DAÑOS,Choque,No mantener distancia de seguridad,Calle 36  Sur Carrera 27,EL CHOCHO,Urbana,"(6.167154903, -75.569336965)"
2171187,04/24/2017,2:35 p.m.,lunes,CAMIONETA,PUBLICO,Conductor,Masculino,NO,N/A,SOLO DAÑOS,Choque,No mantener distancia de seguridad,Calle 37  Sur Carrera 48,LAS VEGAS,Urbana,"(6.17412211, -75.593061115)"
2171187,04/24/2017,2:35 p.m.,lunes,AUTOMOVIL,PARTICULAR,Conductor,Femenino,NO,N/A,SOLO DAÑOS,Choque,No mantener distancia de seguridad,Calle 37  Sur Carrera 48,LAS VEGAS,Urbana,"(6.17412211, -75.593061115)"
2171200,04/24/2017,11:30 a.m.,lunes,AUTOMOVIL,PARTICULAR,Conductor,Masculino,NO,N/A,SOLO DAÑOS,Choque,Exceso de velocidad,Carrera 42 Calle 39  Sur,EL DORADO,Urbana,"(6.168170129, -75.588141925)"
2171200,04/24/2017,11:30 a.m.,lunes,CAMIONETA,PUBLICO,Conductor,Masculino,NO,N/A,SOLO DAÑOS,Choque,Exceso de velocidad,Carrera 42 Calle 39  Sur,EL DORADO,Urbana,"(6.168170129, -75.588141925)"
2171201,04/24/2017,3:30 p.m.,lunes,MOTOCICLETA,PARTICULAR,Motociclista,Masculino,NO,N/A,HERIDO,Choque,Adelantar en zona prohibida,Calle 23  Sur Carrera 27 B,ZU├æIGA,Urbana,"(6.177244364, -75.568535353)"
2171201,04/24/2017,3:30 p.m.,lunes,BUS,PUBLICO,Conductor,Masculino,NO,N/A,HERIDO,Choque,Adelantar en zona prohibida,Calle 23  Sur Carrera 27 B,ZU├æIGA,Urbana,"(6.177244364, -75.568535353)"
2171186,04/24/2017,5:40 p.m.,lunes,MOTOCICLETA,PARTICULAR,Motociclista,Masculino,NO,N/A,SOLO DAÑOS,Choque,No mantener distancia de seguridad,Calle 50  Sur Carrera 48,LAS VEGAS,Urbana,
2171232,04/24/2017,5:30 p.m.,lunes,AUTOMOVIL,PARTICULAR,Conductor,Masculino,NO,N/A,SOLO DAÑOS,Choque,No mantener distancia de seguridad,Calle 36  Sur Carrera 27,EL CHOCHO,Urbana,"(6.167154903, -75.569336965)"
2171199,04/24/2017,8:30 p.m.,lunes,CAMIONETA,PARTICULAR,Conductor,Masculino,NO,N/A,SOLO DAÑOS,Choque,No respetar prelacion,Tramo 12 Kilometro  11,VEREDA PALMAS,Rural,
2171206,04/24/2017,5:35 a.m.,lunes,MOTOCICLETA,PARTICULAR,Motociclista,Masculino,NO,N/A,HERIDO,Choque,Adelantar por la derecha,Calle 26  Sur Carrera 50,LAS VEGAS,Urbana,
2171206,04/24/2017,5:35 a.m.,lunes,CAMION,PUBLICO,Conductor,Masculino,NO,N/A,HERIDO,Choque,Adelantar por la derecha,Calle 26  Sur Carrera 50,LAS VEGAS,Urbana,
2171181,04/24/2017,7:20 a.m.,lunes,AUTOMOVIL,PARTICULAR,Conductor,Masculino,NO,N/A,SOLO DAÑOS,Choque,No mantener distancia de seguridad,Carrera 50 Calle 46 A Sur,LAS CASITAS,Urbana,"(6.16131219, -75.603198185)"
2171184,04/24/2017,4:50 p.m.,lunes,CAMIONETA,PARTICULAR,Conductor,Masculino,NO,N/A,SOLO DAÑOS,Choque,No mantener distancia de seguridad,Diagonal 33 Transversal 34 C Sur,OBRERO,Urbana,"(6.17132755, -75.583312498)"
2171183,04/24/2017,4:40 p.m.,lunes,AUTOMOVIL,PARTICULAR,Conductor,Femenino,NO,N/A,SOLO DAÑOS,Choque,Reverso imprudente,Carrera 27 Calle 36  Sur,EL CHOCHO,Urbana,"(6.167009975, -75.569278076)"
2171181,04/24/2017,7:20 a.m.,lunes,BUS,PUBLICO,Conductor,Masculino,NO,N/A,SOLO DAÑOS,Choque,No mantener distancia de seguridad,Carrera 50 Calle 46 A Sur,LAS CASITAS,Urbana,"(6.16131219, -75.603198185)"
2171205,04/24/2017,7:15 a.m.,lunes,CAMPERO,PARTICULAR,Conductor,Masculino,NO,N/A,SOLO DAÑOS,Choque,Girar bruscamente,Carrera 47 Calle 20  Sur,VILLA GRANDE,Urbana,"(6.185657752, -75.581745219)"
2171185,04/24/2017,9:40 p.m.,lunes,MOTOCICLETA,OFICIAL,Motociclista,Masculino,NO,N/A,HERIDO,Choque,No respetar pelacion de interseccion o giros,Calle 36 D Sur Carrera 27,VEREDA EL ESCOBERO,Urbana,"(6.162479576, -75.570222573)"
2171183,04/24/2017,4:40 p.m.,lunes,BUS,PUBLICO,Conductor,Masculino,NO,N/A,SOLO DAÑOS,Choque,Reverso imprudente,Carrera 27 Calle 36  Sur,EL CHOCHO,Urbana,"(6.167009975, -75.569278076)"
2171186,04/24/2017,5:40 p.m.,lunes,CAMION,PUBLICO,Conductor,Masculino,NO,N/A,SOLO DAÑOS,Choque,No mantener distancia de seguridad,Calle 50  Sur Carrera 48,LAS VEGAS,Urbana,
2171205,04/24/2017,7:15 a.m.,lunes,CAMIONETA,PARTICULAR,Conductor,Masculino,NO,N/A,SOLO DAÑOS,Choque,Girar bruscamente,Carrera 47 Calle 20  Sur,VILLA GRANDE,Urbana,"(6.185657752, -75.581745219)"
2171203,04/24/2017,11:10 a.m.,lunes,BUS,PUBLICO,Conductor,Masculino,NO,N/A,HERIDO,Atropello,Cruzar sin observar,Calle 48 C Sur Carrera 48,LAS VEGAS,Urbana,"(6.159138282, -75.596259706)"
2171184,04/24/2017,4:50 p.m.,lunes,AUTOMOVIL,PARTICULAR,Conductor,Masculino,NO,N/A,SOLO DAÑOS,Choque,No mantener distancia de seguridad,Diagonal 33 Transversal 34 C Sur,OBRERO,Urbana,"(6.17132755, -75.583312498)"
2171182,04/24/2017,4:10 p.m.,lunes,CAMIONETA,PARTICULAR,Conductor,Masculino,NO,N/A,SOLO DAÑOS,Choque,Adelantar invadiendo carril de sentido contrario,Carrera 49 Calle 36  Sur,LAS VEGAS,Urbana,"(6.176317818, -75.592567242)"
2171182,04/24/2017,4:10 p.m.,lunes,MOTOCICLETA,PARTICULAR,Motociclista,Femenino,NO,N/A,SOLO DAÑOS,Choque,Adelantar invadiendo carril de sentido contrario,Carrera 49 Calle 36  Sur,LAS VEGAS,Urbana,"(6.176317818, -75.592567242)"
2171197,04/24/2017,1:15 p.m.,lunes,MOTOCICLETA,PARTICULAR,Motociclista,Masculino,NO,N/A,SOLO DAÑOS,Choque,No respetar prelacion,Calle 37  Sur Carrera 50,LAS VEGAS,Urbana,
2171197,04/24/2017,1:15 p.m.,lunes,CAMIONETA,PUBLICO,Conductor,Masculino,NO,N/A,SOLO DAÑOS,Choque,No respetar prelacion,Calle 37  Sur Carrera 50,LAS VEGAS,Urbana,
2171198,04/24/2017,7:10 p.m.,lunes,AUTOMOVIL,PARTICULAR,Conductor,Femenino,NO,N/A,SOLO DAÑOS,Choque,No respetar prelacion,Carrera 48 Calle 25 A Sur,LAS VEGAS,Urbana,"(6.184740152, -75.583657425)"
2171198,04/24/2017,7:10 p.m.,lunes,AUTOMOVIL,PUBLICO,Conductor,Masculino,NO,N/A,SOLO DAÑOS,Choque,No respetar prelacion,Carrera 48 Calle 25 A Sur,LAS VEGAS,Urbana,"(6.184740152, -75.583657425)"
2171221,04/24/2017,3:00 p.m.,lunes,AUTOMOVIL,PARTICULAR,Conductor,Masculino,NO,N/A,SOLO DAÑOS,Choque,Otra,Calle 25 B Sur Carrera 27  Sur,EL ESMERALDAL,Urbana,"(6.170994915, -75.565801178)"
2171221,04/24/2017,3:00 p.m.,lunes,BUSETA,PUBLICO,Conductor,Masculino,NO,N/A,SOLO DAÑOS,Choque,Otra,Calle 25 B Sur Carrera 27  Sur,EL ESMERALDAL,Urbana,"(6.170994915, -75.565801178)"
2171208,04/24/2017,1:50 p.m.,lunes,MOTOCICLETA,PARTICULAR,Motociclista,Masculino,NO,N/A,HERIDO,Choque,Desobedecer senales,Diagonal 32 Transversal 34  Sur,OBRERO,Urbana,"(6.173484731, -75.581690487)"
2171208,04/24/2017,1:50 p.m.,lunes,AUTOMOVIL,PARTICULAR,Conductor,Femenino,NO,N/A,HERIDO,Choque,Desobedecer senales,Diagonal 32 Transversal 34  Sur,OBRERO,Urbana,"(6.173484731, -75.581690487)"
2171232,04/24/2017,5:30 p.m.,lunes,AUTOMOVIL,PARTICULAR,Conductor,Masculino,NO,N/A,SOLO DAÑOS,Choque,No mantener distancia de seguridad,Calle 36  Sur Carrera 27,EL CHOCHO,Urbana,"(6.167154903, -75.569336965)"
2171188,04/23/2017,6:45 p.m.,domingo,AUTOMOVIL,PARTICULAR,Conductor,Masculino,NO,N/A,HERIDO,Choque,No mantener distancia de seguridad,Calle 44  Sur Carrera 43 A,LAS VEGAS,Urbana,"(6.165598746, -75.594021133)"
2171196,04/23/2017,3:40 p.m.,domingo,AUTOMOVIL,PARTICULAR,Conductor,Masculino,NO,N/A,SOLO DAÑOS,Choque,No mantener distancia de seguridad,Calle 36 D Sur Carrera 27,VEREDA EL ESCOBERO,Urbana,"(6.162479576, -75.570222573)"
2171196,04/23/2017,3:40 p.m.,domingo,CAMPERO,PARTICULAR,Conductor,Masculino,NO,N/A,SOLO DAÑOS,Choque,No mantener distancia de seguridad,Calle 36 D Sur Carrera 27,VEREDA EL ESCOBERO,Urbana,"(6.162479576, -75.570222573)"
2171172,04/23/2017,4:25 a.m.,domingo,CAMIONETA,PARTICULAR,Conductor,Masculino,NO,N/A,SOLO DAÑOS,Choque,Semaforo en rojo,Calle 38 A Sur Carrera 41,ZONA CENTRO,Urbana,"(6.168560755, -75.587015366)"
2171172,04/23/2017,4:25 a.m.,domingo,MOTOCICLETA,PARTICULAR,Motociclista,Masculino,NO,N/A,SOLO DAÑOS,Choque,Semaforo en rojo,Calle 38 A Sur Carrera 41,ZONA CENTRO,Urbana,"(6.168560755, -75.587015366)"
2171189,04/23/2017,4:05 p.m.,domingo,CAMIONETA,PARTICULAR,Conductor,Masculino,NO,N/A,HERIDO,Atropello,Transitar entre vehiculos,Diagonal 32 B Transversal 34  Sur,OBRERO,Urbana,"(6.172777915, -75.582237861)"
2171189,04/23/2017,4:05 p.m.,domingo,MOTOCICLETA,PARTICULAR,Motociclista,Masculino,NO,N/A,HERIDO,Atropello,Transitar entre vehiculos,Diagonal 32 B Transversal 34  Sur,OBRERO,Urbana,"(6.172777915, -75.582237861)"
2171173,04/23/2017,7:15 p.m.,domingo,AUTOMOVIL,PARTICULAR,Conductor,Masculino,NO,N/A,HERIDO,Atropello,Cruzar en estado de embriaguez,Calle 25 AA Sur Carrera 48,ZU├æIGA,Urbana,"(6.18405129, -75.584783826)"
2171177,04/23/2017,12:50 p.m.,domingo,AUTOMOVIL,PARTICULAR,Conductor,Masculino,NO,N/A,SOLO DAÑOS,Choque,Otra,Calle 40  Sur Carrera 30,SAN JOSE,Urbana,"(6.162574498, -75.582346729)"
2171177,04/23/2017,12:50 p.m.,domingo,CAMIONETA,PARTICULAR,Conductor,Masculino,NO,N/A,SOLO DAÑOS,Choque,Otra,Calle 40  Sur Carrera 30,SAN JOSE,Urbana,"(6.162574498, -75.582346729)"
2171188,04/23/2017,6:45 p.m.,domingo,AUTOMOVIL,PARTICULAR,Conductor,Masculino,NO,N/A,HERIDO,Choque,No mantener distancia de seguridad,Calle 44  Sur Carrera 43 A,LAS VEGAS,Urbana,"(6.165598746, -75.594021133)"
2171169,04/22/2017,9:00 p.m.,sábado,AUTOMOVIL,PARTICULAR,Conductor,Femenino,NO,N/A,SOLO DAÑOS,Choque,No mantener distancia de seguridad,Calle 50  Sur Carrera 48,LAS VEGAS,Urbana,
2171171,04/22/2017,4:50 p.m.,sábado,MOTOCICLETA,PARTICULAR,Motociclista,Masculino,NO,N/A,SOLO DAÑOS,Choque,Desobedecer senales,Diagonal 39 Transversal 34 B Sur,OBRERO,Urbana,"(6.171523576, -75.584132439)"
2171171,04/22/2017,4:50 p.m.,sábado,AUTOMOVIL,PUBLICO,Conductor,Masculino,NO,N/A,SOLO DAÑOS,Choque,Desobedecer senales,Diagonal 39 Transversal 34 B Sur,OBRERO,Urbana,"(6.171523576, -75.584132439)"
2171202,04/22/2017,12:40 p.m.,sábado,CAMIONETA,PARTICULAR,Conductor,Femenino,NO,N/A,HERIDO,Choque,No mantener distancia de seguridad,Calle 31  Sur Carrera 50,LAS VEGAS,Urbana,
2171202,04/22/2017,12:40 p.m.,sábado,MOTOCICLETA,PARTICULAR,Motociclista,Masculino,NO,N/A,HERIDO,Choque,No mantener distancia de seguridad,Calle 31  Sur Carrera 50,LAS VEGAS,Urbana,
2171169,04/22/2017,9:00 p.m.,sábado,AUTOMOVIL,PARTICULAR,Conductor,Masculino,NO,N/A,SOLO DAÑOS,Choque,No mantener distancia de seguridad,Calle 50  Sur Carrera 48,LAS VEGAS,Urbana,
2171170,04/22/2017,2:30 p.m.,sábado,AUTOMOVIL,DIPLOMATICO,Conductor,Masculino,NO,N/A,SOLO DAÑOS,Choque,No mantener distancia de seguridad,Calle 25  Sur Carrera 43 A,LAS ORQUIDEAS,Urbana,"(6.181560189, -75.582016491)"
2171170,04/22/2017,2:30 p.m.,sábado,AUTOMOVIL,PARTICULAR,Conductor,Masculino,NO,N/A,SOLO DAÑOS,Choque,No mantener distancia de seguridad,Calle 25  Sur Carrera 43 A,LAS ORQUIDEAS,Urbana,"(6.181560189, -75.582016491)"
2171180,04/22/2017,5:20 p.m.,sábado,MOTOCICLETA,PARTICULAR,Motociclista,Masculino,NO,N/A,SOLO DAÑOS,Choque,No respetar pelacion de interseccion o giros,Calle 23  Sur Carrera 28,EL ESMERALDAL,Urbana,"(6.178187463, -75.570433109)"
2171180,04/22/2017,5:20 p.m.,sábado,AUTOMOVIL,PARTICULAR,Conductor,Femenino,NO,N/A,SOLO DAÑOS,Choque,No respetar pelacion de interseccion o giros,Calle 23  Sur Carrera 28,EL ESMERALDAL,Urbana,"(6.178187463, -75.570433109)"
2171174,04/22/2017,8:30 a.m.,sábado,AUTOMOVIL,PUBLICO,Conductor,Masculino,NO,N/A,SOLO DAÑOS,Choque,No respetar prelacion,Calle 37  Sur Carrera 50,LAS VEGAS,Urbana,
2171174,04/22/2017,8:30 a.m.,sábado,CAMIONETA,PUBLICO,Conductor,Masculino,NO,N/A,SOLO DAÑOS,Choque,No respetar prelacion,Calle 37  Sur Carrera 50,LAS VEGAS,Urbana,
2171195,04/22/2017,1:10 a.m.,sábado,AUTOMOVIL,PARTICULAR,Conductor,Masculino,NO,N/A,SOLO DAÑOS,Choque,Impericia en el manejo,Calle 25 A Sur Carrera 48,LAS VEGAS,Urbana,"(6.185202689, -75.583587178)"
2171195,04/22/2017,1:10 a.m.,sábado,AUTOMOVIL,PARTICULAR,Conductor,Masculino,NO,N/A,SOLO DAÑOS,Choque,Impericia en el manejo,Calle 25 A Sur Carrera 48,LAS VEGAS,Urbana,"(6.185202689, -75.583587178)"
2171168,04/22/2017,4:10 p.m.,sábado,CAMPERO,PARTICULAR,Conductor,Masculino,NO,N/A,SOLO DAÑOS,Choque,No mantener distancia de seguridad,Calle 37  Sur Carrera 29 A,MANUEL URIBE ANGEL,Urbana,"(6.166159821, -75.580618636)"
2171168,04/22/2017,4:10 p.m.,sábado,CAMPERO,PARTICULAR,Conductor,Masculino,NO,N/A,SOLO DAÑOS,Choque,No mantener distancia de seguridad,Calle 37  Sur Carrera 29 A,MANUEL URIBE ANGEL,Urbana,"(6.166159821, -75.580618636)"
2171166,04/22/2017,12:00 p.m.,sábado,MOTOCICLETA,PARTICULAR,Motociclista,Masculino,NO,N/A,SOLO DAÑOS,Choque,Transitar entre vehiculos,Transversal 33 A Sur Diagonal 31 B,LAS FLORES,Urbana,"(6.17392881, -75.579806927)"
2171166,04/22/2017,12:00 p.m.,sábado,AUTOMOVIL,PARTICULAR,Conductor,Masculino,NO,N/A,SOLO DAÑOS,Choque,Transitar entre vehiculos,Transversal 33 A Sur Diagonal 31 B,LAS FLORES,Urbana,"(6.17392881, -75.579806927)"
2171176,04/22/2017,5:00 p.m.,sábado,AUTOMOVIL,PARTICULAR,Conductor,Masculino,NO,N/A,SOLO DAÑOS,Choque,Otra,Tramo 376 Kilometro  1,VEREDA PERICO,Rural,
2171176,04/22/2017,5:00 p.m.,sábado,AUTOMOVIL,PARTICULAR,Conductor,Masculino,NO,N/A,SOLO DAÑOS,Choque,Otra,Tramo 376 Kilometro  1,VEREDA PERICO,Rural,