RADICADO,FECHA,HORA,DÍA DE LA SEMANA,CLASE DE VEHICULO,TIPO DE SERVICIO,TIPO DE VICTIMA,SEXO,ESTADO DE BEODEZ,RESULTADO DE BEODEZ,GRAVEDAD,CLASE DE ACCIDENTE,CAUSA,DIRECCIÓN,BARRIO,AREA,Coordenadas
2171167,04/22/2017,1:00 p.m.,sábado,AUTOMOVIL,PARTICULAR,Conductor,Masculino,NO,N/A,SOLO DAÑOS,Choque,No mantener distancia de seguridad,Carrera 50 Calle 49  Sur,LAS VEGAS,Urbana,
2171167,04/22/2017,1:00 p.m.,sábado,Sin registro,PARTICULAR,Conductor,Masculino,NO,N/A,SOLO DAÑOS,Choque,No mantener distancia de seguridad,Carrera 50 Calle 49  Sur,LAS VEGAS,Urbana,
2171161,04/21/2017,7:30 p.m.,viernes,CAMION,PUBLICO,Conductor,Masculino,NO,N/A,SOLO DAÑOS,Choque,Desobedecer senales,Calle 38 B Sur Carrera 47,ALCALA,Urbana,"(6.171647318, -75.592597278)"
2171161,04/21/2017,7:30 p.m.,viernes,AUTOMOVIL,PARTICULAR,Conductor,Masculino,NO,N/A,SOLO DAÑOS,Choque,Desobedecer senales,Calle 38 B Sur Carrera 47,ALCALA,Urbana,"(6.171647318, -75.592597278)"
2171178,04/21/2017,12:15 p.m.,viernes,BICICLETA,N/A,Ciclista,Masculino,NO,N/A,SOLO DAÑOS,Choque,Desobedecer senales,Calle 40  Sur Carrera 27,SAN JOSE,Urbana,"(6.158366235, -75.580807934)"
2171164,04/21/2017,3:00 p.m.,viernes,CAMION,PUBLICO,Conductor,Masculino,NO,N/A,SOLO DAÑOS,Choque,Reverso imprudente,Calle 43  Sur Carrera 48,GLORIETA DE PELDAR,Urbana,"(6.168592602, -75.597528999)"
2171164,04/21/2017,3:00 p.m.,viernes,CAMION,PUBLICO,Conductor,Masculino,NO,N/A,SOLO DAÑOS,Choque,Reverso imprudente,Calle 43  Sur Carrera 48,GLORIETA DE PELDAR,Urbana,"(6.168592602, -75.597528999)"
2171162,04/21/2017,8:00 p.m.,viernes,AUTOMOVIL,PARTICULAR,Conductor,Masculino,NO,N/A,SOLO DAÑOS,Choque,Reverso imprudente,Carrera 49 Calle 46  Sur,LAS VEGAS,Urbana,"(6.166966077, -75.600888173)"
2171178,04/21/2017,12:15 p.m.,viernes,AUTOMOVIL,PARTICULAR,Conductor,Masculino,NO,N/A,SOLO DAÑOS,Choque,Desobedecer senales,Calle 40  Sur Carrera 27,SAN JOSE,Urbana,"(6.158366235, -75.580807934)"
2171162,04/21/2017,8:00 p.m.,viernes,AUTOMOVIL,PARTICULAR,Conductor,Masculino,NO,N/A,SOLO DAÑOS,Choque,Reverso imprudente,Carrera 49 Calle 46  Sur,LAS VEGAS,Urbana,"(6.166966077, -75.600888173)"
2171194,04/21/2017,11:30 p.m.,viernes,AUTOMOVIL,PUBLICO,Conductor,Masculino,NO,N/A,SOLO DAÑOS,Choque,No respetar prelacion,Tramo 372 Kilometro  7,VEREDA PALMAS,Rural,
2171194,04/21/2017,11:30 p.m.,viernes,AUTOMOVIL,PARTICULAR,Conductor,Femenino,NO,N/A,SOLO DAÑOS,Choque,No respetar prelacion,Tramo 372 Kilometro  7,VEREDA PALMAS,Rural,
2171148,04/20/2017,4:20 p.m.,jueves,MOTOCICLETA,PARTICULAR,Motociclista,Masculino,NO,N/A,SOLO DAÑOS,Choque,Transitar entre vehiculos,Diagonal 31 Transversal 34 D Sur,MANUEL URIBE ANGEL,Urbana,"(6.17201459, -75.579216112)"
2171155,04/20/2017,12:20 p.m.,jueves,VOLQUETA,PUBLICO,Conductor,Masculino,NO,N/A,SOLO DAÑOS,Choque,Reverso imprudente,Carrera 39 Calle 35  Sur,ZONA CENTRO,Urbana,"(6.170244983, -75.583941503)"
2171155,04/20/2017,12:20 p.m.,jueves,CAMIONETA,PARTICULAR,Conductor,Masculino,NO,N/A,SOLO DAÑOS,Choque,Reverso imprudente,Carrera 39 Calle 35  Sur,ZONA CENTRO,Urbana,"(6.170244983, -75.583941503)"
2171154,04/20/2017,10:10 a.m.,jueves,BUS,PUBLICO,Conductor,Masculino,NO,N/A,SOLO DAÑOS,Choque,No mantener distancia de seguridad,Carrera 43 A Calle 31  Sur,AVENIDA EL POBLADO,Urbana,"(6.176754685, -75.585468966)"
2171193,04/20/2017,8:00 p.m.,jueves,CAMIONETA,PARTICULAR,Conductor,Masculino,NO,N/A,SOLO DAÑOS,Choque,No mantener distancia de seguridad,Calle 39 B Sur Carrera 29 A,SAN JOSE,Urbana,"(6.163042511, -75.581527444)"
2171193,04/20/2017,8:00 p.m.,jueves,AUTOMOVIL,PUBLICO,Conductor,Masculino,NO,N/A,SOLO DAÑOS,Choque,No mantener distancia de seguridad,Calle 39 B Sur Carrera 29 A,SAN JOSE,Urbana,"(6.163042511, -75.581527444)"
2171154,04/20/2017,10:10 a.m.,jueves,AUTOMOVIL,PARTICULAR,Conductor,Masculino,NO,N/A,SOLO DAÑOS,Choque,No mantener distancia de seguridad,Carrera 43 A Calle 31  Sur,AVENIDA EL POBLADO,Urbana,"(6.176754685, -75.585468966)"
2171190,04/20/2017,7:50 p.m.,jueves,AUTOMOVIL,PUBLICO,Conductor,Masculino,NO,N/A,SOLO DAÑOS,Choque,No mantener distancia de seguridad,Calle 37  Sur Carrera 43,ZONA CENTRO,Urbana,"(6.170662973, -75.587448517)"
2171190,04/20/2017,7:50 p.m.,jueves,MOTOCICLETA,DIPLOMATICO,Motociclista,Masculino,NO,N/A,SOLO DAÑOS,Choque,No mantener distancia de seguridad,Calle 37  Sur Carrera 43,ZONA CENTRO,Urbana,"(6.170662973, -75.587448517)"
2171159,04/20/2017,11:10 a.m.,jueves,AUTOMOVIL,PARTICULAR,Conductor,Femenino,NO,N/A,SOLO DAÑOS,Choque,No mantener distancia de seguridad,Tramo 12 Kilometro  7,VEREDA PALMAS,Rural,
2171159,04/20/2017,11:10 a.m.,jueves,AUTOMOVIL,PUBLICO,Conductor,Masculino,NO,N/A,SOLO DAÑOS,Choque,No mantener distancia de seguridad,Tramo 12 Kilometro  7,VEREDA PALMAS,Rural,
2171192,04/20/2017,7:10 a.m.,jueves,CAMIONETA,PARTICULAR,Conductor,Masculino,NO,N/A,SOLO DAÑOS,Choque,Impericia en el manejo,Tramo 372 Kilometro  17,VEREDA PALMAS,Rural,
2171192,04/20/2017,7:10 a.m.,jueves,AUTOMOVIL,PARTICULAR,Conductor,Masculino,NO,N/A,SOLO DAÑOS,Choque,Impericia en el manejo,Tramo 372 Kilometro  17,VEREDA PALMAS,Rural,
2171157,04/20/2017,7:30 p.m.,jueves,CAMPERO,PARTICULAR,Conductor,Masculino,NO,N/A,SOLO DAÑOS,Choque,Impericia en el manejo,Carrera 27 Calle 37  Sur,EL CHOCHO,Urbana,"(6.159249048, -75.573789312)"
2171157,04/20/2017,7:30 p.m.,jueves,AUTOMOVIL,PARTICULAR,Conductor,Femenino,NO,N/A,SOLO DAÑOS,Choque,Impericia en el manejo,Carrera 27 Calle 37  Sur,EL CHOCHO,Urbana,"(6.159249048, -75.573789312)"
2171153,04/20/2017,10:00 a.m.,jueves,BUS,PUBLICO,Conductor,Masculino,NO,N/A,HERIDO,Caida Ocupante,Impericia en el manejo,Calle 38 A Sur Carrera 41,ZONA CENTRO,Urbana,"(6.168560755, -75.587015366)"
2171160,04/20/2017,5:00 p.m.,jueves,AUTOMOVIL,PARTICULAR,Conductor,Femenino,NO,N/A,SOLO DAÑOS,Choque,No mantener distancia de seguridad,Tramo 12 Kilometro  6,VEREDA PALMAS,Rural,
2171160,04/20/2017,5:00 p.m.,jueves,BUSETA,PUBLICO,Conductor,Masculino,NO,N/A,SOLO DAÑOS,Choque,No mantener distancia de seguridad,Tramo 12 Kilometro  6,VEREDA PALMAS,Rural,
2171160,04/20/2017,5:00 p.m.,jueves,AUTOMOVIL,PARTICULAR,Conductor,Masculino,NO,N/A,SOLO DAÑOS,Choque,No mantener distancia de seguridad,Tramo 12 Kilometro  6,VEREDA PALMAS,Rural,
2171156,04/20/2017,9:00 a.m.,jueves,AUTOMOVIL,PARTICULAR,Conductor,Femenino,NO,N/A,SOLO DAÑOS,Choque,Otra,Calle 37 D Sur Carrera 27 D,EL CHOCHO,Urbana,
2171156,04/20/2017,9:00 a.m.,jueves,AUTOMOVIL,PARTICULAR,Conductor,Femenino,NO,N/A,SOLO DAÑOS,Choque,Otra,Calle 37 D Sur Carrera 27 D,EL CHOCHO,Urbana,
2171959,04/20/2017,3:30 p.m.,jueves,AUTOMOVIL,PARTICULAR,Conductor,Masculino,NO,N/A,SOLO DAÑOS,Choque,Otra,Calle 45 C Sur Carrera 39 DD,N/R,Urbana,"(6.16131154, -75.591741772)"
2171152,04/20/2017,5:45 p.m.,jueves,MOTOCICLETA,PARTICULAR,Motociclista,Masculino,NO,N/A,MUERTO,Atropello,Transitar entre vehiculos,Calle 37  Sur Carrera 43,ZONA CENTRO,Urbana,"(6.170662973, -75.587448517)"
2171158,04/20/2017,6:53 a.m.,jueves,AUTOMOVIL,PARTICULAR,Conductor,Femenino,NO,N/A,SOLO DAÑOS,Choque,Impericia en el manejo,Carrera 43 A Calle 48 C Sur,LOMA DEL BARRO,Urbana,"(6.162218777, -75.597644457)"
2171158,04/20/2017,6:53 a.m.,jueves,AUTOMOVIL,PARTICULAR,Conductor,Femenino,NO,N/A,SOLO DAÑOS,Choque,Impericia en el manejo,Carrera 43 A Calle 48 C Sur,LOMA DEL BARRO,Urbana,"(6.162218777, -75.597644457)"
2171191,04/20/2017,2:40 p.m.,jueves,AUTOMOVIL,PARTICULAR,Conductor,Masculino,NO,N/A,SOLO DAÑOS,Choque,No mantener distancia de seguridad,Calle 50  Sur Carrera 48,LAS VEGAS,Urbana,
2171191,04/20/2017,2:40 p.m.,jueves,AUTOMOVIL,PARTICULAR,Conductor,Masculino,NO,N/A,SOLO DAÑOS,Choque,No mantener distancia de seguridad,Calle 50  Sur Carrera 48,LAS VEGAS,Urbana,
2171179,04/20/2017,7:40 a.m.,jueves,AUTOMOVIL,PARTICULAR,Conductor,Femenino,NO,N/A,SOLO DAÑOS,Choque,No mantener distancia de seguridad,Carrera 50 Calle 32 B Sur,LAS VEGAS,Urbana,"(6.178248378, -75.591688281)"
2171179,04/20/2017,7:40 a.m.,jueves,MICROBUS,PUBLICO,Conductor,Femenino,NO,N/A,SOLO DAÑOS,Choque,No mantener distancia de seguridad,Carrera 50 Calle 32 B Sur,LAS VEGAS,Urbana,"(6.178248378, -75.591688281)"
2171959,04/20/2017,3:30 p.m.,jueves,AUTOMOVIL,PUBLICO,Conductor,Masculino,NO,N/A,SOLO DAÑOS,Choque,Otra,Calle 45 C Sur Carrera 39 DD,N/R,Urbana,"(6.16131154, -75.591741772)"
2171148,04/20/2017,4:20 p.m.,jueves,AUTOMOVIL,PARTICULAR,Conductor,Masculino,NO,N/A,SOLO DAÑOS,Choque,Transitar entre vehiculos,Diagonal 31 Transversal 34 D Sur,MANUEL URIBE ANGEL,Urbana,"(6.17201459, -75.579216112)"
2171147,04/19/2017,3:45 p.m.,miércoles,AUTOMOVIL,PARTICULAR,Conductor,Masculino,NO,N/A,SOLO DAÑOS,Choque,No mantener distancia de seguridad,Tramo 372 Kilometro  9,VEREDA PALMAS,Rural,
2171144,04/19/2017,6:50 a.m.,miércoles,AUTOMOVIL,PUBLICO,Conductor,Masculino,NO,N/A,SOLO DAÑOS,Choque,Impericia en el manejo,Calle 33 B Sur Carrera 48,LAS VEGAS,Urbana,"(6.172981087, -75.586076226)"
2171144,04/19/2017,6:50 a.m.,miércoles,AUTOMOVIL,PARTICULAR,Conductor,Masculino,NO,N/A,SOLO DAÑOS,Choque,Impericia en el manejo,Calle 33 B Sur Carrera 48,LAS VEGAS,Urbana,"(6.172981087, -75.586076226)"
2171165,04/19/2017,1:40 p.m.,miércoles,MOTOCICLETA,PARTICULAR,Motociclista,Masculino,NO,N/A,HERIDO,Choque,Desobedecer senales,Calle 50  Sur Carrera 48,LAS CASITAS,Urbana,
2171165,04/19/2017,1:40 p.m.,miércoles,AUTOMOVIL,PARTICULAR,Conductor,Masculino,NO,N/A,HERIDO,Choque,Desobedecer senales,Calle 50  Sur Carrera 48,LAS CASITAS,Urbana,
2171143,04/19/2017,6:30 p.m.,miércoles,AUTOMOVIL,PARTICULAR,Conductor,Masculino,NO,N/A,SOLO DAÑOS,Choque,No mantener distancia de seguridad,Calle 21  Sur Carrera 44,ZU├æIGA,Urbana,
2171143,04/19/2017,6:30 p.m.,miércoles,AUTOMOVIL,PARTICULAR,Conductor,Femenino,NO,N/A,SOLO DAÑOS,Choque,No mantener distancia de seguridad,Calle 21  Sur Carrera 44,ZU├æIGA,Urbana,
2171150,04/19/2017,12:25 p.m.,miércoles,AUTOMOVIL,PARTICULAR,Conductor,Masculino,NO,N/A,SOLO DAÑOS,Choque,Impericia en el manejo,Transversal 31  Sur Diagonal 32 D,LA MAGNOLIA,Urbana,"(6.176477274, -75.584375698)"
2171150,04/19/2017,12:25 p.m.,miércoles,MICROBUS,PUBLICO,Conductor,Masculino,NO,N/A,SOLO DAÑOS,Choque,Impericia en el manejo,Transversal 31  Sur Diagonal 32 D,LA MAGNOLIA,Urbana,"(6.176477274, -75.584375698)"
2171142,04/19/2017,5:15 p.m.,miércoles,CAMPERO,PARTICULAR,Conductor,Masculino,NO,N/A,SOLO DAÑOS,Choque,Adelantar invadiendo carril del mismo sentido en zigzag,Calle 25  Sur Carrera 46,VILLA GRANDE,Urbana,"(6.183044029, -75.582618497)"
2171142,04/19/2017,5:15 p.m.,miércoles,MICROBUS,PUBLICO,Conductor,Masculino,NO,N/A,SOLO DAÑOS,Choque,Adelantar invadiendo carril del mismo sentido en zigzag,Calle 25  Sur Carrera 46,VILLA GRANDE,Urbana,"(6.183044029, -75.582618497)"
2171149,04/19/2017,9:20 a.m.,miércoles,MOTOCICLETA,PARTICULAR,Motociclista,Masculino,NO,N/A,SOLO DAÑOS,Choque,Transitar entre vehiculos,Calle 41 B Sur Carrera 24 DD,SAN RAFAEL,Urbana,"(6.153176934, -75.58760244)"
2171149,04/19/2017,9:20 a.m.,miércoles,BUS,PUBLICO,Conductor,Masculino,NO,N/A,SOLO DAÑOS,Choque,Transitar entre vehiculos,Calle 41 B Sur Carrera 24 DD,SAN RAFAEL,Urbana,"(6.153176934, -75.58760244)"
2171151,04/19/2017,7:15 a.m.,miércoles,CAMIONETA,PARTICULAR,Conductor,Femenino,NO,N/A,SOLO DAÑOS,Choque,No mantener distancia de seguridad,Calle 50  Sur Carrera 48,LAS VEGAS,Urbana,
2171151,04/19/2017,7:15 a.m.,miércoles,AUTOMOVIL,PARTICULAR,Conductor,Femenino,NO,N/A,SOLO DAÑOS,Choque,No mantener distancia de seguridad,Calle 50  Sur Carrera 48,LAS VEGAS,Urbana,
2171146,04/19/2017,7:10 p.m.,miércoles,CAMIONETA,PARTICULAR,Conductor,Masculino,NO,N/A,SOLO DAÑOS,Choque,No respetar prelacion,Calle 39  Sur Carrera 43 A,ALCALA,Urbana,"(6.169120914, -75.589530358)"
2171146,04/19/2017,7:10 p.m.,miércoles,MICROBUS,PUBLICO,Conductor,Masculino,NO,N/A,SOLO DAÑOS,Choque,No respetar prelacion,Calle 39  Sur Carrera 43 A,ALCALA,Urbana,"(6.169120914, -75.589530358)"
2171147,04/19/2017,3:45 p.m.,miércoles,CAMION,PARTICULAR,Conductor,Masculino,NO,N/A,SOLO DAÑOS,Choque,No mantener distancia de seguridad,Tramo 372 Kilometro  9,VEREDA PALMAS,Rural,
2171163,04/19/2017,4:45 p.m.,miércoles,CAMIONETA,PARTICULAR,Conductor,Masculino,NO,N/A,HERIDO,Atropello,Reverso imprudente,Calle 36 D Sur Carrera 27,VEREDA EL ESCOBERO,Urbana,"(6.162479576, -75.570222573)"
2171132,04/18/2017,9:15 a.m.,martes,MOTOCICLETA,PARTICULAR,Motociclista,Masculino,NO,N/A,SOLO DAÑOS,Choque,Transitar entre vehiculos,Carrera 48 Calle 49  Sur,LAS VEGAS,Urbana,"(6.162978079, -75.602401613)"
2171125,04/18/2017,10:40 p.m.,martes,MOTOCICLETA,PARTICULAR,Motociclista,Masculino,NO,N/A,SOLO DAÑOS,Choque,Impericia en el manejo,Carrera 30 Calle 39 B Sur,SAN JOSE,Urbana,"(6.163159855, -75.581895473)"
2171125,04/18/2017,10:40 p.m.,martes,AUTOMOVIL,PARTICULAR,Conductor,Masculino,NO,N/A,SOLO DAÑOS,Choque,Impericia en el manejo,Carrera 30 Calle 39 B Sur,SAN JOSE,Urbana,"(6.163159855, -75.581895473)"
2171140,04/18/2017,7:52 a.m.,martes,MOTOCICLETA,PARTICULAR,Motociclista,Masculino,NO,N/A,HERIDO,Choque,Transitar entre vehiculos,Diagonal 31 C Sur Transversal 34 E Sur,LA SEBASTIANA,Urbana,"(6.172072691, -75.57995837)"
2171140,04/18/2017,7:52 a.m.,martes,AUTOMOVIL,PARTICULAR,Conductor,Masculino,NO,N/A,HERIDO,Choque,Transitar entre vehiculos,Diagonal 31 C Sur Transversal 34 E Sur,LA SEBASTIANA,Urbana,"(6.172072691, -75.57995837)"
2171140,04/18/2017,7:52 a.m.,martes,CAMIONETA,PUBLICO,Conductor,Masculino,NO,N/A,HERIDO,Choque,Transitar entre vehiculos,Diagonal 31 C Sur Transversal 34 E Sur,LA SEBASTIANA,Urbana,"(6.172072691, -75.57995837)"
2171127,04/18/2017,8:50 a.m.,martes,CAMIONETA,PARTICULAR,Conductor,Masculino,NO,N/A,SOLO DAÑOS,Choque,No mantener distancia de seguridad,Carrera 42 B Transversal 27 A Sur,LA MAGNOLIA,Urbana,"(6.177282566, -75.579838163)"
2171127,04/18/2017,8:50 a.m.,martes,MOTOCICLETA,DIPLOMATICO,Motociclista,Masculino,NO,N/A,SOLO DAÑOS,Choque,Desobedecer senales,Carrera 42 B Transversal 27 A Sur,LA MAGNOLIA,Urbana,"(6.177282566, -75.579838163)"
2171127,04/18/2017,8:50 a.m.,martes,MOTOCICLETA,DIPLOMATICO,Motociclista,Masculino,NO,N/A,SOLO DAÑOS,Choque,No mantener distancia de seguridad,Carrera 42 B Transversal 27 A Sur,LA MAGNOLIA,Urbana,"(6.177282566, -75.579838163)"
2171127,04/18/2017,8:50 a.m.,martes,CAMIONETA,PARTICULAR,Conductor,Masculino,NO,N/A,SOLO DAÑOS,Choque,Desobedecer senales,Carrera 42 B Transversal 27 A Sur,LA MAGNOLIA,Urbana,"(6.177282566, -75.579838163)"
2171137,04/18/2017,6:20 p.m.,martes,CAMION,PUBLICO,Conductor,Masculino,NO,N/A,SOLO DAÑOS,Choque,Otra,Calle 42  Sur Carrera 50,LAS VEGAS,Urbana,
2171126,04/18/2017,8:25 a.m.,martes,AUTOMOVIL,PARTICULAR,Conductor,Masculino,NO,N/A,HERIDO,Atropello,Impericia en el manejo,Calle 40  Sur Carrera 40,EL DORADO,Urbana,"(6.166958927, -75.587854034)"
2171137,04/18/2017,6:20 p.m.,martes,AUTOMOVIL,DIPLOMATICO,Conductor,Masculino,NO,N/A,SOLO DAÑOS,Choque,Otra,Calle 42  Sur Carrera 50,LAS VEGAS,Urbana,
2171129,04/18/2017,7:20 a.m.,martes,MOTOCICLETA,PARTICULAR,Motociclista,Femenino,NO,N/A,SOLO DAÑOS,Choque,Impericia en el manejo,Carrera 48 Calle 37  Sur,GLORIETA PELDAR,Urbana,"(6.172859211, -75.592769925)"
2171129,04/18/2017,7:20 a.m.,martes,AUTOMOVIL,PUBLICO,Conductor,Masculino,NO,N/A,SOLO DAÑOS,Choque,Impericia en el manejo,Carrera 48 Calle 37  Sur,GLORIETA PELDAR,Urbana,"(6.172859211, -75.592769925)"
2171134,04/18/2017,3:15 p.m.,martes,CAMIONETA,PARTICULAR,Conductor,Masculino,NO,N/A,SOLO DAÑOS,Choque,No respetar prelacion,Carrera 29 A Calle 38  Sur,EL CHINGU├ì,Urbana,"(6.16496822, -75.580828364)"
2171134,04/18/2017,3:15 p.m.,martes,MOTOCICLETA,PARTICULAR,Motociclista,Masculino,NO,N/A,SOLO DAÑOS,Choque,No respetar prelacion,Carrera 29 A Calle 38  Sur,EL CHINGU├ì,Urbana,"(6.16496822, -75.580828364)"
2171135,04/18/2017,2:10 p.m.,martes,BICICLETA,N/A,Ciclista,Masculino,NO,N/A,SOLO DAÑOS,Choque,Impericia en el manejo,Calle 37  Sur Carrera 29 A,URIBE ANGEL,Urbana,"(6.166159821, -75.580618636)"
2171135,04/18/2017,2:10 p.m.,martes,CAMPERO,PARTICULAR,Conductor,Femenino,NO,N/A,SOLO DAÑOS,Choque,Impericia en el manejo,Calle 37  Sur Carrera 29 A,URIBE ANGEL,Urbana,"(6.166159821, -75.580618636)"
2171132,04/18/2017,9:15 a.m.,martes,MOTOCICLETA,PARTICULAR,Motociclista,Masculino,NO,N/A,SOLO DAÑOS,Choque,Transitar entre vehiculos,Carrera 48 Calle 49  Sur,LAS VEGAS,Urbana,"(6.162978079, -75.602401613)"
2171121,04/18/2017,5:20 a.m.,martes,BUS,PUBLICO,Conductor,Masculino,NO,N/A,HERIDO,Choque,Desobedecer senales,Calle 37  Sur Carrera 36,MESA,Urbana,"(6.168044613, -75.583236971)"
2171121,04/18/2017,5:20 a.m.,martes,MOTOCICLETA,PARTICULAR,Motociclista,Masculino,NO,N/A,HERIDO,Choque,Desobedecer senales,Calle 37  Sur Carrera 36,MESA,Urbana,"(6.168044613, -75.583236971)"
2171130,04/18/2017,6:15 a.m.,martes,AUTOMOVIL,PARTICULAR,Conductor,Masculino,NO,N/A,SOLO DAÑOS,Choque,No mantener distancia de seguridad,Tramo 12 Kilometro  5,VEREDA PALMAS,Rural,
2171130,04/18/2017,6:15 a.m.,martes,AUTOMOVIL,PARTICULAR,Conductor,Masculino,NO,N/A,SOLO DAÑOS,Choque,No mantener distancia de seguridad,Tramo 12 Kilometro  5,VEREDA PALMAS,Rural,
2171128,04/18/2017,4:00 p.m.,martes,BUS,PUBLICO,Conductor,Masculino,NO,N/A,SOLO DAÑOS,Choque,Reverso imprudente,Calle 40 A Sur Carrera 27 B,LA MINA,Urbana,"(6.151984005, -75.58064483)"
2171120,04/17/2017,6:55 a.m.,lunes,CAMIONETA,PARTICULAR,Conductor,Masculino,NO,N/A,SOLO DAÑOS,Choque,Reverso imprudente,Carrera 39 Calle 38  Sur,ZONA CENTRO,Urbana,"(6.168272399, -75.585220918)"
2171145,04/17/2017,11:45 a.m.,lunes,AUTOMOVIL,DIPLOMATICO,Conductor,Femenino,NO,N/A,SOLO DAÑOS,Choque,No mantener distancia de seguridad,Diagonal 32 D Transversal 34 D Sur,LOS NARANJOS,Urbana,"(6.172908151, -75.583144415)"
2171116,04/17/2017,7:40 a.m.,lunes,AUTOMOVIL,PARTICULAR,Conductor,Masculino,NO,N/A,SOLO DAÑOS,Choque,No mantener distancia de seguridad,Calle 37  Sur Carrera 50,LAS VEGAS,Urbana,
2171120,04/17/2017,6:55 a.m.,lunes,AUTOMOVIL,PARTICULAR,Conductor,Femenino,NO,N/A,SOLO DAÑOS,Choque,Reverso imprudente,Carrera 39 Calle 38  Sur,ZONA CENTRO,Urbana,"(6.168272399, -75.585220918)"
2171116,04/17/2017,7:40 a.m.,lunes,AUTOMOVIL,PUBLICO,Conductor,Masculino,NO,N/A,SOLO DAÑOS,Choque,No mantener distancia de seguridad,Calle 37  Sur Carrera 50,LAS VEGAS,Urbana,
2171122,04/17/2017,11:40 a.m.,lunes,MOTOCICLETA,PARTICULAR,Motociclista,Masculino,NO,N/A,SOLO DAÑOS,Choque,No mantener distancia de seguridad,Calle 39 B Sur Carrera 34 A,MESA,Urbana,"(6.164803144, -75.584295445)"
2171122,04/17/2017,11:40 a.m.,lunes,AUTOMOVIL,PARTICULAR,Conductor,Femenino,NO,N/A,SOLO DAÑOS,Choque,No mantener distancia de seguridad,Calle 39 B Sur Carrera 34 A,MESA,Urbana,"(6.164803144, -75.584295445)"
2171133,04/17/2017,6:30 p.m.,lunes,AUTOMOVIL,PARTICULAR,Conductor,Masculino,NO,N/A,SOLO DAÑOS,Choque,Impericia en el manejo,Calle 34  Sur Carrera 44,EL PORTAL,Urbana,"(6.173381936, -75.587554377)"
2171133,04/17/2017,6:30 p.m.,lunes,BUS,PUBLICO,Conductor,Masculino,NO,N/A,SOLO DAÑOS,Choque,Impericia en el manejo,Calle 34  Sur Carrera 44,EL PORTAL,Urbana,"(6.173381936, -75.587554377)"
2171141,04/17/2017,4:30 p.m.,lunes,CAMPERO,PARTICULAR,Conductor,Masculino,NO,N/A,SOLO DAÑOS,Choque,Reverso imprudente,Calle 32 B Sur Carrera 48,LAS VEGAS,Urbana,"(6.177255701, -75.590031365)"
2171119,04/17/2017,7:50 a.m.,lunes,AUTOMOVIL,PARTICULAR,Conductor,Femenino,NO,N/A,SOLO DAÑOS,Choque,No mantener distancia de seguridad,Calle 36 D Sur Carrera 27,VEREDA EL ESCOBERO,Urbana,"(6.162479576, -75.570222573)"
2171141,04/17/2017,4:30 p.m.,lunes,CAMPERO,PARTICULAR,Conductor,Masculino,NO,N/A,SOLO DAÑOS,Choque,Reverso imprudente,Calle 32 B Sur Carrera 48,LAS VEGAS,Urbana,"(6.177255701, -75.590031365)"
2171113,04/17/2017,5:20 p.m.,lunes,AUTOMOVIL,PARTICULAR,Conductor,Femenino,NO,N/A,SOLO DAÑOS,Choque,No mantener distancia de seguridad,Carrera 39 A Calle 37  Sur,URIBE ANGEL,Urbana,
2171119,04/17/2017,7:50 a.m.,lunes,MOTOCICLETA,PARTICULAR,Motociclista,Masculino,NO,N/A,SOLO DAÑOS,Choque,No mantener distancia de seguridad,Calle 36 D Sur Carrera 27,VEREDA EL ESCOBERO,Urbana,"(6.162479576, -75.570222573)"
2171113,04/17/2017,5:20 p.m.,lunes,AUTOMOVIL,PARTICULAR,Conductor,Masculino,NO,N/A,SOLO DAÑOS,Choque,No mantener distancia de seguridad,Carrera 39 A Calle 37  Sur,URIBE ANGEL,Urbana,
2171124,04/17/2017,6:30 a.m.,lunes,MOTOCICLETA,PARTICULAR,Motociclista,Masculino,NO,N/A,HERIDO,Caida Ocupante,Transitar entre vehiculos,Calle 45 A Sur Carrera 39 D,EL TRIANON,Urbana,"(6.161471458, -75.590981836)"
2171112,04/17/2017,2:00 p.m.,lunes,MOTOCICLETA,PARTICULAR,Motociclista,Femenino,NO,N/A,HERIDO,Caida Ocupante,Transitar entre vehiculos,Diagonal 29 Transversal 34 F Sur,ALTO DE MISAEL,Urbana,"(6.169949011, -75.577578888)"
2171145,04/17/2017,11:45 a.m.,lunes,AUTOMOVIL,PARTICULAR,Conductor,Masculino,NO,N/A,SOLO DAÑOS,Choque,No mantener distancia de seguridad,Diagonal 32 D Transversal 34 D Sur,LOS NARANJOS,Urbana,"(6.172908151, -75.583144415)"
2171093,04/16/2017,10:30 p.m.,domingo,AUTOMOVIL,PUBLICO,Conductor,Masculino,NO,N/A,SOLO DAÑOS,Choque,Semaforo en rojo,Diagonal 32 Transversal 36  Sur,LOS NARANJOS,Urbana,"(6.168258576, -75.580670172)"
2171100,04/16/2017,2:25 p.m.,domingo,AUTOMOVIL,PARTICULAR,Conductor,Masculino,NO,N/A,SOLO DAÑOS,Choque,Reverso imprudente,Carrera 48 Calle 32 B Sur,GLORIETA DE PELDAR,Urbana,"(6.176994311, -75.589841192)"
2171100,04/16/2017,2:25 p.m.,domingo,AUTOMOVIL,PUBLICO,Conductor,Masculino,NO,N/A,SOLO DAÑOS,Choque,Reverso imprudente,Carrera 48 Calle 32 B Sur,GLORIETA DE PELDAR,Urbana,"(6.176994311, -75.589841192)"
2171111,04/16/2017,3:00 p.m.,domingo,MOTOCICLETA,PARTICULAR,Motociclista,Masculino,NO,N/A,SOLO DAÑOS,Choque,No mantener distancia de seguridad,Tramo 12 Kilometro  14,VEREDA PALMAS,Rural,