RADICADO,FECHA,HORA,DÍA DE LA SEMANA,CLASE DE VEHICULO,TIPO DE SERVICIO,TIPO DE VICTIMA,SEXO,ESTADO DE BEODEZ,RESULTADO DE BEODEZ,GRAVEDAD,CLASE DE ACCIDENTE,CAUSA,DIRECCIÓN,BARRIO,AREA,Coordenadas
2171016,04/05/2017,5:00 p.m.,miércoles,AUTOMOVIL,PARTICULAR,Conductor,Femenino,NO,N/A,SOLO DAÑOS,Choque,Otra,Carrera 50 Calle 39  Sur,LAS VEGAS,Urbana,
2171016,04/05/2017,5:00 p.m.,miércoles,TRACTOCAMION,PUBLICO,Conductor,Masculino,NO,N/A,SOLO DAÑOS,Choque,Otra,Carrera 50 Calle 39  Sur,LAS VEGAS,Urbana,
2171006,04/05/2017,4:00 p.m.,miércoles,AUTOMOVIL,PARTICULAR,Conductor,Masculino,NO,N/A,SOLO DAÑOS,Choque,No mantener distancia de seguridad,Calle 21  Sur Carrera 43 A,AVENIDA EL POBLADO,Urbana,"(6.18399286, -75.579597643)"
2171006,04/05/2017,4:00 p.m.,miércoles,AUTOMOVIL,PARTICULAR,Conductor,Femenino,NO,N/A,SOLO DAÑOS,Choque,No mantener distancia de seguridad,Calle 21  Sur Carrera 43 A,AVENIDA EL POBLADO,Urbana,"(6.18399286, -75.579597643)"
2170995,04/04/2017,9:00 a.m.,martes,MOTOCICLETA,PARTICULAR,Motociclista,Masculino,NO,N/A,HERIDO,Choque,Otra,Diagonal 31 E Transversal 34  Sur,LAS FLORES,Urbana,"(6.172689669, -75.578827286)"
2171000,04/04/2017,5:40 p.m.,martes,MOTOCICLETA,PARTICULAR,Motociclista,Masculino,NO,N/A,HERIDO,Atropello,Impericia en el manejo,Calle 41  Sur Carrera 26,LA MINA,Urbana,
2171026,04/04/2017,8:50 a.m.,martes,CAMIONETA,PARTICULAR,Conductor,Femenino,NO,N/A,SOLO DAÑOS,Choque,Desobedecer senales,Calle 38 A Sur Carrera 43 A Sur,ZONA CENTRO,Urbana,"(6.169807343, -75.589125359)"
2171026,04/04/2017,8:50 a.m.,martes,AUTOMOVIL,PARTICULAR,Conductor,Masculino,NO,N/A,SOLO DAÑOS,Choque,Desobedecer senales,Calle 38 A Sur Carrera 43 A Sur,ZONA CENTRO,Urbana,"(6.169807343, -75.589125359)"
2171009,04/04/2017,3:45 p.m.,martes,AUTOMOVIL,PARTICULAR,Conductor,Masculino,NO,N/A,SOLO DAÑOS,Choque,Reverso imprudente,Calle 36  Sur Carrera 41,ZONA CENTRO,Urbana,"(6.170639628, -75.58578509)"
2171009,04/04/2017,3:45 p.m.,martes,CAMIONETA,PARTICULAR,Conductor,Masculino,NO,N/A,SOLO DAÑOS,Choque,Reverso imprudente,Calle 36  Sur Carrera 41,ZONA CENTRO,Urbana,"(6.170639628, -75.58578509)"
2170996,04/04/2017,5:20 p.m.,martes,AUTOMOVIL,PARTICULAR,Conductor,Masculino,NO,N/A,SOLO DAÑOS,Choque,Transitar entre vehiculos,Calle 46 A Sur Carrera 43 A,LAS VEGAS,Urbana,"(6.163929718, -75.598167455)"
2170996,04/04/2017,5:20 p.m.,martes,MOTOCICLETA,PARTICULAR,Motociclista,Masculino,NO,N/A,SOLO DAÑOS,Choque,Transitar entre vehiculos,Calle 46 A Sur Carrera 43 A,LAS VEGAS,Urbana,"(6.163929718, -75.598167455)"
2170996,04/04/2017,5:20 p.m.,martes,AUTOMOVIL,PARTICULAR,Conductor,Femenino,NO,N/A,SOLO DAÑOS,Choque,Transitar entre vehiculos,Calle 46 A Sur Carrera 43 A,LAS VEGAS,Urbana,"(6.163929718, -75.598167455)"
2171002,04/04/2017,3:29 p.m.,martes,BUS,PUBLICO,Conductor,Masculino,NO,N/A,SOLO DAÑOS,Choque,Impericia en el manejo,Calle 37 A Sur Carrera 37 E,LA MAGNOLIA,Urbana,"(6.166332677, -75.582037182)"
2171027,04/04/2017,1:05 p.m.,martes,CAMPERO,PARTICULAR,Conductor,Masculino,NO,N/A,SOLO DAÑOS,Choque,Otra,Calle 39  Sur Carrera 38,MESA,Urbana,"(6.166656476, -75.585553364)"
2171027,04/04/2017,1:05 p.m.,martes,AUTOMOVIL,DIPLOMATICO,Conductor,Masculino,NO,N/A,SOLO DAÑOS,Choque,Otra,Calle 39  Sur Carrera 38,MESA,Urbana,"(6.166656476, -75.585553364)"
2171011,04/04/2017,5:00 p.m.,martes,AUTOMOVIL,PARTICULAR,Conductor,Masculino,NO,N/A,SOLO DAÑOS,Choque,Impericia en el manejo,Carrera 50 Calle 38  Sur,LAS VEGAS,Urbana,
2171011,04/04/2017,5:00 p.m.,martes,TRACTOCAMION,PUBLICO,Conductor,Masculino,NO,N/A,SOLO DAÑOS,Choque,Impericia en el manejo,Carrera 50 Calle 38  Sur,LAS VEGAS,Urbana,
2170995,04/04/2017,9:00 a.m.,martes,CAMION,PUBLICO,Conductor,Masculino,NO,N/A,HERIDO,Choque,Otra,Diagonal 31 E Transversal 34  Sur,LAS FLORES,Urbana,"(6.172689669, -75.578827286)"
2170997,04/03/2017,1:25 p.m.,lunes,AUTOMOVIL,PARTICULAR,Conductor,Masculino,NO,N/A,SOLO DAÑOS,Choque,No respetar prelacion,Calle 50  Sur Carrera 48,LAS VEGAS,Urbana,
2170981,04/03/2017,5:50 p.m.,lunes,MOTOCICLETA,PARTICULAR,Motociclista,Masculino,NO,N/A,SOLO DAÑOS,Choque,No mantener distancia de seguridad,Carrera 48 Calle 26  Sur,LAS VEGAS,Urbana,"(6.183318111, -75.585537184)"
2170981,04/03/2017,5:50 p.m.,lunes,AUTOMOVIL,PUBLICO,Conductor,Masculino,NO,N/A,SOLO DAÑOS,Choque,No mantener distancia de seguridad,Carrera 48 Calle 26  Sur,LAS VEGAS,Urbana,"(6.183318111, -75.585537184)"
2170970,04/03/2017,12:40 p.m.,lunes,CAMIONETA,PUBLICO,Conductor,Masculino,NO,N/A,HERIDO,Atropello,No respetar pelacion de interseccion o giros,Calle 46 A Sur Carrera 49,LAS VEGAS,Urbana,"(6.167038176, -75.600817262)"
2170998,04/03/2017,5:20 p.m.,lunes,MOTOCICLETA,PARTICULAR,Motociclista,Masculino,NO,N/A,SOLO DAÑOS,Choque,Otra,Calle 46  Sur Carrera 48,LAS VEGAS,Urbana,"(6.162824447, -75.599686607)"
2170998,04/03/2017,5:20 p.m.,lunes,MOTOCICLETA,PARTICULAR,Motociclista,Masculino,NO,N/A,SOLO DAÑOS,Choque,Otra,Calle 46  Sur Carrera 48,LAS VEGAS,Urbana,"(6.162824447, -75.599686607)"
2170998,04/03/2017,5:20 p.m.,lunes,AUTOMOVIL,PARTICULAR,Conductor,Femenino,NO,N/A,SOLO DAÑOS,Choque,Otra,Calle 46  Sur Carrera 48,LAS VEGAS,Urbana,"(6.162824447, -75.599686607)"
2170984,04/03/2017,10:20 a.m.,lunes,TRACTOCAMION,PUBLICO,Conductor,Masculino,NO,N/A,SOLO DAÑOS,Choque,No mantener distancia de seguridad,Calle 46 A Sur Carrera 50,LAS VEGAS,Urbana,
2170984,04/03/2017,10:20 a.m.,lunes,CAMIONETA,PARTICULAR,Conductor,Masculino,NO,N/A,SOLO DAÑOS,Choque,No mantener distancia de seguridad,Calle 46 A Sur Carrera 50,LAS VEGAS,Urbana,
2170980,04/03/2017,8:15 p.m.,lunes,MOTOCICLETA,PARTICULAR,Motociclista,Masculino,NO,N/A,SOLO DAÑOS,Choque,Transitar entre vehiculos,Calle 38  Sur Carrera 42,ZONA CENTRO,Urbana,"(6.16961293, -75.587384695)"
2170980,04/03/2017,8:15 p.m.,lunes,AUTOMOVIL,PARTICULAR,Conductor,Masculino,NO,N/A,SOLO DAÑOS,Choque,Transitar entre vehiculos,Calle 38  Sur Carrera 42,ZONA CENTRO,Urbana,"(6.16961293, -75.587384695)"
2170974,04/03/2017,11:20 a.m.,lunes,AUTOMOVIL,PARTICULAR,Conductor,Femenino,NO,N/A,SOLO DAÑOS,Choque,Reverso imprudente,Calle 46  Sur Carrera 40,EL DORADO,Urbana,"(6.160435061, -75.592847737)"
2170974,04/03/2017,11:20 a.m.,lunes,CAMIONETA,PUBLICO,Conductor,Masculino,NO,N/A,SOLO DAÑOS,Choque,Reverso imprudente,Calle 46  Sur Carrera 40,EL DORADO,Urbana,"(6.160435061, -75.592847737)"
2170997,04/03/2017,1:25 p.m.,lunes,AUTOMOVIL,PARTICULAR,Conductor,Femenino,NO,N/A,SOLO DAÑOS,Choque,No respetar prelacion,Calle 50  Sur Carrera 48,LAS VEGAS,Urbana,
2170977,04/03/2017,5:10 p.m.,lunes,MOTOCICLETA,OFICIAL,Motociclista,Masculino,NO,N/A,SOLO DAÑOS,Choque,No respetar prelacion,Tramo 192 Kilometro  6,VEREDA EL ESCOBERO,Rural,
2170977,04/03/2017,5:10 p.m.,lunes,AUTOMOVIL,PARTICULAR,Conductor,Masculino,NO,N/A,SOLO DAÑOS,Choque,No respetar prelacion,Tramo 192 Kilometro  6,VEREDA EL ESCOBERO,Rural,
2170972,04/03/2017,6:05 a.m.,lunes,AUTOMOVIL,PARTICULAR,Conductor,Femenino,NO,N/A,SOLO DAÑOS,Choque,Poner en marcha un vehiculo sin precauci,Carrera 43 A Calle 48 C Sur,AVENIDA EL POBLADO,Urbana,"(6.162218777, -75.597644457)"
2170972,04/03/2017,6:05 a.m.,lunes,BUS,PUBLICO,Conductor,Masculino,NO,N/A,SOLO DAÑOS,Choque,Poner en marcha un vehiculo sin precauci,Carrera 43 A Calle 48 C Sur,AVENIDA EL POBLADO,Urbana,"(6.162218777, -75.597644457)"
2171024,04/03/2017,3:00 p.m.,lunes,CAMIONETA,PUBLICO,Conductor,Masculino,NO,N/A,SOLO DAÑOS,Choque,No mantener distancia de seguridad,Tramo 12 Kilometro  13,VEREDA PALMAS,Rural,
2171024,04/03/2017,3:00 p.m.,lunes,CAMIONETA,PARTICULAR,Conductor,Femenino,NO,N/A,SOLO DAÑOS,Choque,No mantener distancia de seguridad,Tramo 12 Kilometro  13,VEREDA PALMAS,Rural,
2170982,04/02/2017,7:40 p.m.,domingo,CAMPERO,PARTICULAR,Conductor,Masculino,NO,N/A,SOLO DAÑOS,Choque,No mantener distancia de seguridad,Calle 37  Sur Carrera 49,LAS VEGAS,Urbana,"(6.174789471, -75.594204243)"
2170982,04/02/2017,7:40 p.m.,domingo,MOTOCICLETA,PARTICULAR,Motociclista,Masculino,NO,N/A,SOLO DAÑOS,Choque,No mantener distancia de seguridad,Calle 37  Sur Carrera 49,LAS VEGAS,Urbana,"(6.174789471, -75.594204243)"
2170969,04/02/2017,7:00 a.m.,domingo,AUTOMOVIL,PARTICULAR,Conductor,Masculino,NO,N/A,SOLO DAÑOS,Choque,Impericia en el manejo,Tramo 12 Kilometro  11,VEREDA PALMAS,Rural,
2170968,04/02/2017,6:00 p.m.,domingo,MOTOCICLETA,PARTICULAR,Motociclista,Masculino,NO,N/A,HERIDO,Caida Ocupante,Otra,Calle 38 A Sur Carrera 32,MESA,Urbana,"(6.165315433, -75.582029486)"
2170989,04/02/2017,2:00 p.m.,domingo,AUTOMOVIL,PARTICULAR,Conductor,Femenino,NO,N/A,SOLO DAÑOS,Choque,No mantener distancia de seguridad,Calle 28  Sur Carrera 50,LAS VEGAS,Urbana,
2170989,04/02/2017,2:00 p.m.,domingo,AUTOMOVIL,PARTICULAR,Conductor,Femenino,NO,N/A,SOLO DAÑOS,Choque,No mantener distancia de seguridad,Calle 28  Sur Carrera 50,LAS VEGAS,Urbana,
2170989,04/02/2017,2:00 p.m.,domingo,AUTOMOVIL,PARTICULAR,Conductor,Masculino,NO,N/A,SOLO DAÑOS,Choque,No mantener distancia de seguridad,Calle 28  Sur Carrera 50,LAS VEGAS,Urbana,
2170991,04/02/2017,11:00 p.m.,domingo,CAMIONETA,PUBLICO,Conductor,Masculino,NO,N/A,SOLO DAÑOS,Choque,Adelantar invadiendo carril de sentido contrario,Tramo 12 Kilometro  13,VEREDA PALMAS,Rural,
2170991,04/02/2017,11:00 p.m.,domingo,AUTOMOVIL,PUBLICO,Conductor,Masculino,NO,N/A,SOLO DAÑOS,Choque,Adelantar invadiendo carril de sentido contrario,Tramo 12 Kilometro  13,VEREDA PALMAS,Rural,
2170993,04/02/2017,6:50 p.m.,domingo,CAMPERO,PARTICULAR,Conductor,Femenino,NO,N/A,SOLO DAÑOS,Choque,Poner en marcha un vehiculo sin precauci,Carrera 31 Calle 37  Sur,MESA,Urbana,"(6.166081055, -75.580642165)"
2170993,04/02/2017,6:50 p.m.,domingo,MICROBUS,PUBLICO,Conductor,Masculino,NO,N/A,SOLO DAÑOS,Choque,Poner en marcha un vehiculo sin precauci,Carrera 31 Calle 37  Sur,MESA,Urbana,"(6.166081055, -75.580642165)"
2170978,04/02/2017,12:40 p.m.,domingo,AUTOMOVIL,PARTICULAR,Conductor,Masculino,NO,N/A,SOLO DAÑOS,Choque,No mantener distancia de seguridad,Calle 36  Sur Carrera 25 A,VEREDA EL ESCOBERO,Urbana,"(6.167194335, -75.564826277)"
2170978,04/02/2017,12:40 p.m.,domingo,AUTOMOVIL,PARTICULAR,Conductor,Femenino,NO,N/A,SOLO DAÑOS,Choque,No mantener distancia de seguridad,Calle 36  Sur Carrera 25 A,VEREDA EL ESCOBERO,Urbana,"(6.167194335, -75.564826277)"
2170978,04/02/2017,12:40 p.m.,domingo,MOTOCICLETA,PARTICULAR,Motociclista,Masculino,NO,N/A,SOLO DAÑOS,Choque,No mantener distancia de seguridad,Calle 36  Sur Carrera 25 A,VEREDA EL ESCOBERO,Urbana,"(6.167194335, -75.564826277)"
2170986,04/02/2017,2:25 p.m.,domingo,AUTOMOVIL,DIPLOMATICO,Conductor,Masculino,NO,N/A,SOLO DAÑOS,Choque,No mantener distancia de seguridad,Carrera 30 Calle 40  Sur,SAN JOSE,Urbana,"(6.162460007, -75.582360188)"
2170989,04/02/2017,2:00 p.m.,domingo,MOTOCICLETA,PARTICULAR,Motociclista,Masculino,NO,N/A,SOLO DAÑOS,Choque,No mantener distancia de seguridad,Calle 28  Sur Carrera 50,LAS VEGAS,Urbana,
2170986,04/02/2017,2:25 p.m.,domingo,MOTOCICLETA,PARTICULAR,Motociclista,Masculino,NO,N/A,SOLO DAÑOS,Choque,No mantener distancia de seguridad,Carrera 30 Calle 40  Sur,SAN JOSE,Urbana,"(6.162460007, -75.582360188)"
2170967,04/02/2017,4:10 p.m.,domingo,BICICLETA,N/A,Ciclista,Masculino,NO,N/A,HERIDO,Atropello,Cruzar sin observar,Calle 38  Sur Carrera 29 A,LAS VEGAS,Urbana,"(6.165022576, -75.580713107)"
2170965,04/01/2017,12:15 a.m.,sábado,MOTOCICLETA,PARTICULAR,Motociclista,Masculino,NO,N/A,HERIDO,Caida Ocupante,Impericia en el manejo,Calle 17 A Sur Carrera 48,LAS VEGAS,Urbana,
2170962,04/01/2017,11:28 p.m.,sábado,MOTOCICLETA,PARTICULAR,Motociclista,Masculino,NO,N/A,HERIDO,Atropello,Transitar entre vehiculos,Calle 25  Sur Carrera 20,EL ESMERALDAL,Urbana,
2170962,04/01/2017,11:28 p.m.,sábado,MOTOCICLETA,PARTICULAR,Motociclista,Masculino,NO,N/A,HERIDO,Atropello,Transitar entre vehiculos,Calle 25  Sur Carrera 20,EL ESMERALDAL,Urbana,
2170987,04/01/2017,10:00 p.m.,sábado,AUTOMOVIL,PARTICULAR,Conductor,Masculino,NO,N/A,SOLO DAÑOS,Choque,Reverso imprudente,Calle 26  Sur Carrera 43 A,AVENIDA EL POBLADO,Urbana,"(6.180841534, -75.582938146)"
2170987,04/01/2017,10:00 p.m.,sábado,AUTOMOVIL,PARTICULAR,Conductor,Masculino,NO,N/A,SOLO DAÑOS,Choque,Reverso imprudente,Calle 26  Sur Carrera 43 A,AVENIDA EL POBLADO,Urbana,"(6.180841534, -75.582938146)"
2170990,04/01/2017,9:50 p.m.,sábado,AUTOMOVIL,PARTICULAR,Conductor,Masculino,NO,N/A,SOLO DAÑOS,Choque,No mantener distancia de seguridad,Carrera 50 Calle 37  Sur,LAS VEGAS,Urbana,
2170990,04/01/2017,9:50 p.m.,sábado,CAMIONETA,PARTICULAR,Conductor,Femenino,NO,N/A,SOLO DAÑOS,Choque,No mantener distancia de seguridad,Carrera 50 Calle 37  Sur,LAS VEGAS,Urbana,
2170992,04/01/2017,6:40 p.m.,sábado,AUTOMOVIL,PARTICULAR,Conductor,Masculino,NO,N/A,SOLO DAÑOS,Choque,No mantener distancia de seguridad,Tramo 12 Kilometro  13,VEREDA EL ESCOBERO,Rural,
2170992,04/01/2017,6:40 p.m.,sábado,AUTOMOVIL,PARTICULAR,Conductor,Femenino,NO,N/A,SOLO DAÑOS,Choque,No mantener distancia de seguridad,Tramo 12 Kilometro  13,VEREDA EL ESCOBERO,Rural,
2170979,04/01/2017,1:50 p.m.,sábado,AUTOMOVIL,PARTICULAR,Conductor,Masculino,NO,N/A,SOLO DAÑOS,Choque,No mantener distancia de seguridad,Diagonal 32 Transversal 34 D Sur,LOS NARANJOS,Urbana,"(6.171707481, -75.580948111)"
2170979,04/01/2017,1:50 p.m.,sábado,AUTOMOVIL,PUBLICO,Conductor,Masculino,NO,N/A,SOLO DAÑOS,Choque,No mantener distancia de seguridad,Diagonal 32 Transversal 34 D Sur,LOS NARANJOS,Urbana,"(6.171707481, -75.580948111)"
2170979,04/01/2017,1:50 p.m.,sábado,AUTOMOVIL,PUBLICO,Conductor,Masculino,NO,N/A,SOLO DAÑOS,Choque,No mantener distancia de seguridad,Diagonal 32 Transversal 34 D Sur,LOS NARANJOS,Urbana,"(6.171707481, -75.580948111)"
2170963,04/01/2017,9:00 p.m.,sábado,AUTOMOVIL,PARTICULAR,Conductor,Masculino,NO,N/A,HERIDO,Choque,No respetar prelacion,Calle 19  Sur Carrera 50,LAS VEGAS,Urbana,
2170963,04/01/2017,9:00 p.m.,sábado,MOTOCICLETA,PARTICULAR,Motociclista,Femenino,NO,N/A,HERIDO,Choque,No respetar prelacion,Calle 19  Sur Carrera 50,LAS VEGAS,Urbana,
2170983,04/01/2017,6:45 a.m.,sábado,MOTOCICLETA,PARTICULAR,Motociclista,Masculino,NO,N/A,SOLO DAÑOS,Choque,No respetar prelacion,Calle 40 B Sur Carrera 39 A,EL DORADO,Urbana,"(6.165386968, -75.587185007)"
2170983,04/01/2017,6:45 a.m.,sábado,AUTOMOVIL,PUBLICO,Conductor,Masculino,NO,N/A,SOLO DAÑOS,Choque,No respetar prelacion,Calle 40 B Sur Carrera 39 A,EL DORADO,Urbana,"(6.165386968, -75.587185007)"
2170964,04/01/2017,8:50 p.m.,sábado,AUTOMOVIL,PUBLICO,Conductor,Masculino,NO,N/A,HERIDO,Choque,Impericia en el manejo,Calle 33 B Sur Carrera 43,ZONA CENTRO,Urbana,"(6.172981087, -75.586076226)"
2170964,04/01/2017,8:50 p.m.,sábado,CAMIONETA,PARTICULAR,Conductor,Femenino,NO,N/A,HERIDO,Choque,Impericia en el manejo,Calle 33 B Sur Carrera 43,ZONA CENTRO,Urbana,"(6.172981087, -75.586076226)"
2170985,04/01/2017,10:20 a.m.,sábado,CAMIONETA,PARTICULAR,Conductor,Masculino,NO,N/A,SOLO DAÑOS,Choque,No mantener distancia de seguridad,Calle 37  Sur Carrera 29 A,MESA,Urbana,"(6.166159821, -75.580618636)"
2170985,04/01/2017,10:20 a.m.,sábado,CAMPERO,PARTICULAR,Conductor,Masculino,NO,N/A,SOLO DAÑOS,Choque,No mantener distancia de seguridad,Calle 37  Sur Carrera 29 A,MESA,Urbana,"(6.166159821, -75.580618636)"
2170961,04/01/2017,8:10 p.m.,sábado,AUTOMOVIL,PARTICULAR,Conductor,Femenino,NO,N/A,HERIDO,Choque,Otra,Calle 43  Sur Carrera 48,LAS VEGAS,Urbana,"(6.168592602, -75.597528999)"
2170961,04/01/2017,8:10 p.m.,sábado,MOTOCICLETA,PARTICULAR,Motociclista,Masculino,NO,N/A,HERIDO,Choque,Otra,Calle 43  Sur Carrera 48,LAS VEGAS,Urbana,"(6.168592602, -75.597528999)"
2170994,04/01/2017,3:10 p.m.,sábado,AUTOMOVIL,PARTICULAR,Conductor,Femenino,NO,N/A,SOLO DAÑOS,Choque,No mantener distancia de seguridad,Calle 37  Sur Carrera 40,ZONA CENTRO,Urbana,"(6.169435767, -75.585507247)"
2170994,04/01/2017,3:10 p.m.,sábado,AUTOMOVIL,PARTICULAR,Conductor,Masculino,NO,N/A,SOLO DAÑOS,Choque,No mantener distancia de seguridad,Calle 37  Sur Carrera 40,ZONA CENTRO,Urbana,"(6.169435767, -75.585507247)"
2170976,04/01/2017,12:00 p.m.,sábado,CAMIONETA,PARTICULAR,Conductor,Femenino,NO,N/A,SOLO DAÑOS,Choque,Adelantar cerrando,Carrera 28 Calle 37  Sur,VEREDA EL ESCOBERO,Urbana,"(6.164229297, -75.578821455)"
2170976,04/01/2017,12:00 p.m.,sábado,BUSETA,PUBLICO,Conductor,Masculino,NO,N/A,SOLO DAÑOS,Choque,Adelantar cerrando,Carrera 28 Calle 37  Sur,VEREDA EL ESCOBERO,Urbana,"(6.164229297, -75.578821455)"
2170988,04/01/2017,3:00 p.m.,sábado,AUTOMOVIL,PARTICULAR,Conductor,Masculino,NO,N/A,SOLO DAÑOS,Choque,No mantener distancia de seguridad,Tramo 12 Kilometro  16,VEREDA PALMAS,Rural,
2170988,04/01/2017,3:00 p.m.,sábado,CAMPERO,PARTICULAR,Conductor,Masculino,NO,N/A,SOLO DAÑOS,Choque,No mantener distancia de seguridad,Tramo 12 Kilometro  16,VEREDA PALMAS,Rural,
2170941,03/31/2017,6:55 a.m.,viernes,CAMIONETA,PARTICULAR,Conductor,Masculino,NO,N/A,HERIDO,Choque,Transitar entre vehiculos,Tramo 377 Kilometro  17,VEREDA PALMAS,Rural,
2170958,03/31/2017,2:50 p.m.,viernes,AUTOMOVIL,PARTICULAR,Conductor,Masculino,NO,N/A,SOLO DAÑOS,Choque,Poner en marcha un vehiculo sin precauci,Calle 36  Sur Carrera 42,ZONA CENTRO,Urbana,"(6.17108429, -75.586487414)"
2170960,03/31/2017,11:50 a.m.,viernes,AUTOMOVIL,PARTICULAR,Conductor,Masculino,NO,N/A,SOLO DAÑOS,Choque,Reverso imprudente,Calle 49  Sur Carrera 48,LAS VEGAS,Urbana,"(6.163238618, -75.602507178)"
2170960,03/31/2017,11:50 a.m.,viernes,MICROBUS,PUBLICO,Conductor,Masculino,NO,N/A,SOLO DAÑOS,Choque,Reverso imprudente,Calle 49  Sur Carrera 48,LAS VEGAS,Urbana,"(6.163238618, -75.602507178)"
2170954,03/31/2017,5:40 p.m.,viernes,MOTOCICLETA,PARTICULAR,Motociclista,Masculino,NO,N/A,SOLO DAÑOS,Choque,No mantener distancia de seguridad,Diagonal 31 Transversal 31,LAS VEGAS,Urbana,
2170954,03/31/2017,5:40 p.m.,viernes,AUTOMOVIL,PARTICULAR,Conductor,Masculino,NO,N/A,SOLO DAÑOS,Choque,No mantener distancia de seguridad,Diagonal 31 Transversal 31,LAS VEGAS,Urbana,
2170944,03/31/2017,1:51 p.m.,viernes,CAMIONETA,PARTICULAR,Conductor,Masculino,NO,N/A,HERIDO,Choque,No mantener distancia de seguridad,Calle 37 B Sur Carrera 27 B,VEREDA EL ESCOBERO,Urbana,"(6.161472845, -75.576107866)"
2170944,03/31/2017,1:51 p.m.,viernes,AUTOMOVIL,PARTICULAR,Conductor,Masculino,NO,N/A,HERIDO,Choque,No mantener distancia de seguridad,Calle 37 B Sur Carrera 27 B,VEREDA EL ESCOBERO,Urbana,"(6.161472845, -75.576107866)"
2170941,03/31/2017,6:55 a.m.,viernes,MOTOCICLETA,PARTICULAR,Motociclista,Masculino,NO,N/A,HERIDO,Choque,Transitar entre vehiculos,Tramo 377 Kilometro  17,VEREDA PALMAS,Rural,
2170956,03/31/2017,10:35 a.m.,viernes,AUTOMOVIL,PARTICULAR,Conductor,Masculino,NO,N/A,SOLO DAÑOS,Choque,No mantener distancia de seguridad,Calle 43  Sur Carrera 50,LAS VEGAS,Urbana,"(6.159203801, -75.602594962)"
2170956,03/31/2017,10:35 a.m.,viernes,CAMIONETA,PARTICULAR,Conductor,Masculino,NO,N/A,SOLO DAÑOS,Choque,No mantener distancia de seguridad,Calle 43  Sur Carrera 50,LAS VEGAS,Urbana,"(6.159203801, -75.602594962)"
2170953,03/31/2017,5:30 p.m.,viernes,AUTOMOVIL,PARTICULAR,Conductor,Masculino,NO,N/A,SOLO DAÑOS,Choque,Reverso imprudente,Calle 37  Sur Carrera 49 A,LAS VEGAS,Urbana,"(6.174789471, -75.594204243)"
2170953,03/31/2017,5:30 p.m.,viernes,CAMIONETA,PARTICULAR,Conductor,Femenino,NO,N/A,SOLO DAÑOS,Choque,Reverso imprudente,Calle 37  Sur Carrera 49 A,LAS VEGAS,Urbana,"(6.174789471, -75.594204243)"
2170971,03/31/2017,6:30 p.m.,viernes,BUS,PUBLICO,Conductor,Masculino,NO,N/A,SOLO DAÑOS,Choque,Impericia en el manejo,Calle 37  Sur Carrera 49,LAS VEGAS,Urbana,"(6.174789471, -75.594204243)"
2170971,03/31/2017,6:30 p.m.,viernes,AUTOMOVIL,PUBLICO,Conductor,Masculino,NO,N/A,SOLO DAÑOS,Choque,Impericia en el manejo,Calle 37  Sur Carrera 49,LAS VEGAS,Urbana,"(6.174789471, -75.594204243)"
2170952,03/31/2017,11:30 a.m.,viernes,AUTOMOVIL,PARTICULAR,Conductor,Masculino,NO,N/A,SOLO DAÑOS,Choque,Adelantar cerrando,Calle 38  Sur Carrera 40,ZONA CENTRO,Urbana,"(6.16879573, -75.585889779)"
2170975,03/31/2017,3:30 p.m.,viernes,AUTOMOVIL,PARTICULAR,Conductor,Masculino,NO,N/A,SOLO DAÑOS,Choque,Adelantar en zona prohibida,Calle 40 C Sur Carrera 29,LA MINA,Urbana,"(6.160404351, -75.582515029)"
2170975,03/31/2017,3:30 p.m.,viernes,MOTOCICLETA,PARTICULAR,Motociclista,Masculino,NO,N/A,SOLO DAÑOS,Choque,Adelantar en zona prohibida,Calle 40 C Sur Carrera 29,LA MINA,Urbana,"(6.160404351, -75.582515029)"
2170952,03/31/2017,11:30 a.m.,viernes,MOTOCICLETA,PARTICULAR,Motociclista,Masculino,NO,N/A,SOLO DAÑOS,Choque,Adelantar cerrando,Calle 38  Sur Carrera 40,ZONA CENTRO,Urbana,"(6.16879573, -75.585889779)"
2170959,03/31/2017,9:20 a.m.,viernes,CAMPERO,PARTICULAR,Conductor,Masculino,NO,N/A,SOLO DAÑOS,Choque,Reverso imprudente,Calle 38 A Sur Carrera 43 A,ZONA CENTRO,Urbana,"(6.169807343, -75.589125359)"
2170959,03/31/2017,9:20 a.m.,viernes,AUTOMOVIL,PARTICULAR,Conductor,Femenino,NO,N/A,SOLO DAÑOS,Choque,Reverso imprudente,Calle 38 A Sur Carrera 43 A,ZONA CENTRO,Urbana,"(6.169807343, -75.589125359)"
2170957,03/31/2017,2:05 p.m.,viernes,MOTOCICLETA,PARTICULAR,Motociclista,Masculino,NO,N/A,SOLO DAÑOS,Choque,Desobedecer senales,Calle 48 C Sur Carrera 46,LAS VEGAS,Urbana,"(6.162854875, -75.599744367)"
2170957,03/31/2017,2:05 p.m.,viernes,CAMIONETA,PUBLICO,Conductor,Masculino,NO,N/A,SOLO DAÑOS,Choque,Desobedecer senales,Calle 48 C Sur Carrera 46,LAS VEGAS,Urbana,"(6.162854875, -75.599744367)"
2170966,03/31/2017,6:10 p.m.,viernes,AUTOMOVIL,PARTICULAR,Conductor,Masculino,NO,N/A,HERIDO,Choque,Semaforo en rojo,Calle 21  Sur Carrera 43 A,ZU├æIGA,Urbana,"(6.18399286, -75.579597643)"
2170966,03/31/2017,6:10 p.m.,viernes,CAMIONETA,PARTICULAR,Conductor,Masculino,NO,N/A,HERIDO,Choque,Semaforo en rojo,Calle 21  Sur Carrera 43 A,ZU├æIGA,Urbana,"(6.18399286, -75.579597643)"