RADICADO,FECHA,HORA,DÍA DE LA SEMANA,CLASE DE VEHICULO,TIPO DE SERVICIO,TIPO DE VICTIMA,SEXO,ESTADO DE BEODEZ,RESULTADO DE BEODEZ,GRAVEDAD,CLASE DE ACCIDENTE,CAUSA,DIRECCIÓN,BARRIO,AREA,Coordenadas
2170966,03/31/2017,6:10 p.m.,viernes,AUTOMOVIL,PARTICULAR,Conductor,Masculino,NO,N/A,HERIDO,Choque,Semaforo en rojo,Calle 21  Sur Carrera 43 A,ZU├æIGA,Urbana,"(6.18399286, -75.579597643)"
2170942,03/31/2017,12:00 p.m.,viernes,MOTOCICLETA,PARTICULAR,Motociclista,Masculino,NO,N/A,HERIDO,Choque,Desobedecer senales,Calle 46  Sur Carrera 50,LAS VEGAS,Urbana,
2170942,03/31/2017,12:00 p.m.,viernes,AUTOMOVIL,PARTICULAR,Conductor,Masculino,NO,N/A,HERIDO,Choque,Desobedecer senales,Calle 46  Sur Carrera 50,LAS VEGAS,Urbana,
2170973,03/31/2017,7:30 p.m.,viernes,AUTOMOVIL,PARTICULAR,Conductor,Femenino,NO,N/A,SOLO DAÑOS,Choque,Adelantar cerrando,Calle 39  Sur Carrera 43 A,ZONA CENTRO,Urbana,"(6.169120914, -75.589530358)"
2170973,03/31/2017,7:30 p.m.,viernes,MICROBUS,PUBLICO,Conductor,Masculino,NO,N/A,SOLO DAÑOS,Choque,Adelantar cerrando,Calle 39  Sur Carrera 43 A,ZONA CENTRO,Urbana,"(6.169120914, -75.589530358)"
2170943,03/31/2017,10:00 a.m.,viernes,MOTOCICLETA,PARTICULAR,Motociclista,Masculino,NO,N/A,HERIDO,Choque,No respetar prelacion,Calle 25  Sur Carrera 42,ZU├æIGA,Urbana,"(6.179561127, -75.579866326)"
2170943,03/31/2017,10:00 a.m.,viernes,CAMIONETA,PARTICULAR,Conductor,Masculino,NO,N/A,HERIDO,Choque,No respetar prelacion,Calle 25  Sur Carrera 42,ZU├æIGA,Urbana,"(6.179561127, -75.579866326)"
2170955,03/31/2017,5:00 p.m.,viernes,AUTOMOVIL,PARTICULAR,Conductor,Femenino,NO,N/A,SOLO DAÑOS,Choque,No mantener distancia de seguridad,Calle 21  Sur Carrera 43 A,LAS VEGAS,Urbana,"(6.18399286, -75.579597643)"
2170955,03/31/2017,5:00 p.m.,viernes,BUS,PUBLICO,Conductor,Masculino,NO,N/A,SOLO DAÑOS,Choque,No mantener distancia de seguridad,Calle 21  Sur Carrera 43 A,LAS VEGAS,Urbana,"(6.18399286, -75.579597643)"
2170947,03/31/2017,10:40 p.m.,viernes,CAMION,PUBLICO,Conductor,Masculino,NO,N/A,SOLO DAÑOS,Choque,Reverso imprudente,Calle 43  Sur Carrera 48,LAS VEGAS,Urbana,"(6.168592602, -75.597528999)"
2170947,03/31/2017,10:40 p.m.,viernes,CAMION,PUBLICO,Conductor,Masculino,NO,N/A,SOLO DAÑOS,Choque,Reverso imprudente,Calle 43  Sur Carrera 48,LAS VEGAS,Urbana,"(6.168592602, -75.597528999)"
2170958,03/31/2017,2:50 p.m.,viernes,CAMPERO,PARTICULAR,Conductor,Masculino,NO,N/A,SOLO DAÑOS,Choque,Poner en marcha un vehiculo sin precauci,Calle 36  Sur Carrera 42,ZONA CENTRO,Urbana,"(6.17108429, -75.586487414)"
2170934,03/30/2017,7:00 a.m.,jueves,MOTOCICLETA,PARTICULAR,Motociclista,Masculino,NO,N/A,SOLO DAÑOS,Choque,Adelantar por la derecha,Carrera 40 Calle 27  Sur,ZONA CENTRO,Urbana,"(6.158366235, -75.580807934)"
2170934,03/30/2017,7:00 a.m.,jueves,AUTOMOVIL,PARTICULAR,Conductor,Femenino,NO,N/A,SOLO DAÑOS,Choque,Adelantar por la derecha,Carrera 40 Calle 27  Sur,ZONA CENTRO,Urbana,"(6.158366235, -75.580807934)"
2170933,03/30/2017,4:00 p.m.,jueves,AUTOMOVIL,PARTICULAR,Conductor,Masculino,NO,N/A,SOLO DAÑOS,Choque,Falta de precaucion niebla,,,,
2170931,03/30/2017,12:00 a.m.,jueves,AUTOMOVIL,PARTICULAR,Conductor,Masculino,NO,N/A,SOLO DAÑOS,Choque,Impericia en el manejo,Calle 39  Sur Carrera 43 A,ALCALA,Urbana,"(6.169120914, -75.589530358)"
2170950,03/30/2017,1:25 p.m.,jueves,AUTOMOVIL,PARTICULAR,Conductor,Masculino,NO,N/A,SOLO DAÑOS,Choque,No mantener distancia de seguridad,Calle 36 D Sur Carrera 27 D,VEREDA EL ESCOBERO,Urbana,"(6.164970853, -75.574637268)"
2170950,03/30/2017,1:25 p.m.,jueves,AUTOMOVIL,PARTICULAR,Conductor,Masculino,NO,N/A,SOLO DAÑOS,Choque,No mantener distancia de seguridad,Calle 36 D Sur Carrera 27 D,VEREDA EL ESCOBERO,Urbana,"(6.164970853, -75.574637268)"
2170930,03/30/2017,7:10 a.m.,jueves,AUTOMOVIL,PARTICULAR,Conductor,Masculino,NO,N/A,SOLO DAÑOS,Choque,Adelantar por la derecha,Tramo 12 Kilometro  14,VEREDA PALMAS,Rural,
2170930,03/30/2017,7:10 a.m.,jueves,MOTOCICLETA,PARTICULAR,Motociclista,Masculino,NO,N/A,SOLO DAÑOS,Choque,Girar bruscamente,Tramo 12 Kilometro  14,VEREDA PALMAS,Rural,
2170930,03/30/2017,7:10 a.m.,jueves,MOTOCICLETA,PARTICULAR,Motociclista,Masculino,NO,N/A,SOLO DAÑOS,Choque,Adelantar por la derecha,Tramo 12 Kilometro  14,VEREDA PALMAS,Rural,
2170933,03/30/2017,4:00 p.m.,jueves,AUTOMOVIL,PUBLICO,Conductor,Masculino,NO,N/A,SOLO DAÑOS,Choque,Falta de precaucion niebla,,,,
2170930,03/30/2017,7:10 a.m.,jueves,AUTOMOVIL,PARTICULAR,Conductor,Masculino,NO,N/A,SOLO DAÑOS,Choque,Girar bruscamente,Tramo 12 Kilometro  14,VEREDA PALMAS,Rural,
2170918,03/30/2017,12:05 a.m.,jueves,MOTOCICLETA,PARTICULAR,Motociclista,Masculino,NO,N/A,MUERTO,Choque,Exceso de velocidad,Calle 43  Sur Carrera 50,LAS VEGAS,Urbana,"(6.159203801, -75.602594962)"
2171426,03/30/2017,10:10 p.m.,jueves,AUTOMOVIL,PARTICULAR,Conductor,Femenino,NO,N/A,SOLO DAÑOS,Choque,Otra,Calle 45 C Sur Carrera 42,LA PAZ,Urbana,"(6.16308661, -75.594368811)"
2171426,03/30/2017,10:10 p.m.,jueves,AUTOMOVIL,PARTICULAR,Conductor,Masculino,NO,N/A,SOLO DAÑOS,Choque,Otra,Calle 45 C Sur Carrera 42,LA PAZ,Urbana,"(6.16308661, -75.594368811)"
2170932,03/30/2017,9:50 a.m.,jueves,MOTOCICLETA,PARTICULAR,Motociclista,Masculino,NO,N/A,SOLO DAÑOS,Choque,No mantener distancia de seguridad,Carrera 50 Calle 31  Sur,LAS VEGAS,Urbana,
2170940,03/30/2017,7:20 p.m.,jueves,MOTOCICLETA,PARTICULAR,Motociclista,Masculino,NO,N/A,HERIDO,Atropello,Poner en marcha un vehiculo sin precauci,Calle 40 B Sur Carrera 27 A,LA MINA,Urbana,"(6.158297101, -75.581665654)"
2170932,03/30/2017,9:50 a.m.,jueves,AUTOMOVIL,PARTICULAR,Conductor,Femenino,NO,N/A,SOLO DAÑOS,Choque,No mantener distancia de seguridad,Carrera 50 Calle 31  Sur,LAS VEGAS,Urbana,
2170935,03/30/2017,5:53 a.m.,jueves,AUTOMOVIL,PUBLICO,Conductor,Masculino,NO,N/A,SOLO DAÑOS,Choque,No mantener distancia de seguridad,Tramo 12 Kilometro  12,VEREDA PALMAS,Rural,
2170935,03/30/2017,5:53 a.m.,jueves,AUTOMOVIL,PARTICULAR,Conductor,Femenino,NO,N/A,SOLO DAÑOS,Choque,No mantener distancia de seguridad,Tramo 12 Kilometro  12,VEREDA PALMAS,Rural,
2170935,03/30/2017,5:53 a.m.,jueves,CAMPERO,PARTICULAR,Conductor,Femenino,NO,N/A,SOLO DAÑOS,Choque,No mantener distancia de seguridad,Tramo 12 Kilometro  12,VEREDA PALMAS,Rural,
2170951,03/30/2017,12:35 p.m.,jueves,MOTOCICLETA,PARTICULAR,Motociclista,Masculino,NO,N/A,SOLO DAÑOS,Choque,Transitar entre vehiculos,Calle 45 B Sur Carrera 35,LAS ANTILLAS,Urbana,"(6.156508956, -75.589876613)"
2170949,03/30/2017,8:40 a.m.,jueves,MOTOCICLETA,PARTICULAR,Motociclista,Masculino,NO,N/A,SOLO DAÑOS,Choque,No respetar pelacion de interseccion o giros,Diagonal 29 Carrera 42 A,ALTO DE MISAEL,Urbana,
2170949,03/30/2017,8:40 a.m.,jueves,BUS,PUBLICO,Conductor,Masculino,NO,N/A,SOLO DAÑOS,Choque,No respetar pelacion de interseccion o giros,Diagonal 29 Carrera 42 A,ALTO DE MISAEL,Urbana,
2170948,03/30/2017,2:30 p.m.,jueves,MOTOCICLETA,PARTICULAR,Motociclista,Masculino,NO,N/A,SOLO DAÑOS,Choque,Transitar entre vehiculos,Calle 43  Sur Carrera 50,LAS VEGAS,Urbana,"(6.159203801, -75.602594962)"
2170948,03/30/2017,2:30 p.m.,jueves,MOTOCICLETA,PARTICULAR,Motociclista,Femenino,NO,N/A,SOLO DAÑOS,Choque,Transitar entre vehiculos,Calle 43  Sur Carrera 50,LAS VEGAS,Urbana,"(6.159203801, -75.602594962)"
2170946,03/30/2017,7:25 a.m.,jueves,AUTOMOVIL,PUBLICO,Conductor,Masculino,NO,N/A,SOLO DAÑOS,Choque,Adelantar invadiendo carril del mismo sentido en zigzag,Calle 40  Sur Carrera 43 A,ZONA CENTRO,Urbana,"(6.167965983, -75.590242146)"
2170946,03/30/2017,7:25 a.m.,jueves,MICROBUS,PUBLICO,Conductor,Masculino,NO,N/A,SOLO DAÑOS,Choque,Adelantar invadiendo carril del mismo sentido en zigzag,Calle 40  Sur Carrera 43 A,ZONA CENTRO,Urbana,"(6.167965983, -75.590242146)"
2170933,03/30/2017,4:00 p.m.,jueves,AUTOMOVIL,PARTICULAR,Conductor,Masculino,NO,N/A,SOLO DAÑOS,Choque,Falta de precaucion niebla,,,,
2170945,03/30/2017,6:40 a.m.,jueves,CAMPERO,PARTICULAR,Conductor,Masculino,NO,N/A,SOLO DAÑOS,Choque,No mantener distancia de seguridad,Calle 29  Sur Carrera 43 A,LAS VEGAS,Urbana,"(6.178121023, -75.584561222)"
2170939,03/30/2017,3:30 p.m.,jueves,AUTOMOVIL,PARTICULAR,Conductor,Femenino,NO,N/A,HERIDO,Atropello,Otra,Calle 27 D Sur Carrera 27,EL ESMERALDAL,Urbana,"(6.169224506, -75.571738164)"
2170945,03/30/2017,6:40 a.m.,jueves,CAMPERO,PARTICULAR,Conductor,Masculino,NO,N/A,SOLO DAÑOS,Choque,No mantener distancia de seguridad,Calle 29  Sur Carrera 43 A,LAS VEGAS,Urbana,"(6.178121023, -75.584561222)"
2170936,03/30/2017,6:40 a.m.,jueves,AUTOMOVIL,DIPLOMATICO,Conductor,Masculino,NO,N/A,SOLO DAÑOS,Choque,No respetar prelacion,Carrera 49 Calle 39 A Sur,LAS VEGAS,Urbana,"(6.173609359, -75.597070569)"
2170936,03/30/2017,6:40 a.m.,jueves,AUTOMOVIL,PARTICULAR,Conductor,Masculino,NO,N/A,SOLO DAÑOS,Choque,No respetar prelacion,Carrera 49 Calle 39 A Sur,LAS VEGAS,Urbana,"(6.173609359, -75.597070569)"
2170928,03/29/2017,5:15 p.m.,miércoles,AUTOMOVIL,PARTICULAR,Conductor,Femenino,NO,N/A,SOLO DAÑOS,Choque,Reverso imprudente,Calle 29  Sur Carrera 46 A,VILLA GRANDE,Urbana,"(6.180673523, -75.586905751)"
2171425,03/29/2017,3:55 p.m.,miércoles,AUTOMOVIL,PARTICULAR,Conductor,Femenino,NO,N/A,SOLO DAÑOS,Choque,Otra,Calle 45  Sur Carrera 43,LA PAZ,Urbana,"(6.164788767, -75.594211126)"
2171425,03/29/2017,3:55 p.m.,miércoles,MOTOCICLETA,PARTICULAR,Motociclista,Sin Registro,NO,N/A,SOLO DAÑOS,Choque,Otra,Calle 45  Sur Carrera 43,LA PAZ,Urbana,"(6.164788767, -75.594211126)"
2170917,03/29/2017,10:40 a.m.,miércoles,AUTOMOVIL,PARTICULAR,Conductor,Masculino,NO,N/A,SOLO DAÑOS,Choque,No mantener distancia de seguridad,Carrera 48 Calle 25  Sur,LAS VEGAS,Urbana,"(6.185059174, -75.58329333)"
2170917,03/29/2017,10:40 a.m.,miércoles,MOTOCICLETA,PARTICULAR,Motociclista,Masculino,NO,N/A,SOLO DAÑOS,Choque,No mantener distancia de seguridad,Carrera 48 Calle 25  Sur,LAS VEGAS,Urbana,"(6.185059174, -75.58329333)"
2170937,03/29/2017,12:35 p.m.,miércoles,BUS,PUBLICO,Conductor,Masculino,NO,N/A,HERIDO,Caida Ocupante,Otra,Diagonal 33 Transversal 34  Sur,LA MAGNOLIA,Urbana,"(6.172651904, -75.583822418)"
2170922,03/29/2017,7:35 a.m.,miércoles,CAMION,OFICIAL,Conductor,Masculino,NO,N/A,SOLO DAÑOS,Choque,Estacionar sin seguridad,Calle 37  Sur Carrera 41,ZONA CENTRO,Urbana,"(6.169855492, -75.586196006)"
2170922,03/29/2017,7:35 a.m.,miércoles,CAMION,PUBLICO,Conductor,Masculino,NO,N/A,SOLO DAÑOS,Choque,Estacionar sin seguridad,Calle 37  Sur Carrera 41,ZONA CENTRO,Urbana,"(6.169855492, -75.586196006)"
2170929,03/29/2017,1:40 p.m.,miércoles,AUTOMOVIL,PARTICULAR,Conductor,Masculino,NO,N/A,SOLO DAÑOS,Choque,Otra,Carrera 50 Calle 25 AA Sur,LAS VEGAS,Urbana,"(6.18564452, -75.586338909)"
2170929,03/29/2017,1:40 p.m.,miércoles,BUS,PUBLICO,Conductor,Masculino,NO,N/A,SOLO DAÑOS,Choque,Otra,Carrera 50 Calle 25 AA Sur,LAS VEGAS,Urbana,"(6.18564452, -75.586338909)"
2170927,03/29/2017,7:30 a.m.,miércoles,CAMIONETA,PARTICULAR,Conductor,Femenino,NO,N/A,SOLO DAÑOS,Choque,No mantener distancia de seguridad,Tramo 12 Kilometro  13,VEREDA PALMAS,Rural,
2170927,03/29/2017,7:30 a.m.,miércoles,AUTOMOVIL,PARTICULAR,Conductor,Masculino,NO,N/A,SOLO DAÑOS,Choque,No mantener distancia de seguridad,Tramo 12 Kilometro  13,VEREDA PALMAS,Rural,
2170923,03/29/2017,9:30 a.m.,miércoles,AUTOMOVIL,PUBLICO,Conductor,Masculino,NO,N/A,SOLO DAÑOS,Choque,Adelantar cerrando,Carrera 40 Calle 36  Sur,ZONA CENTRO,Urbana,"(6.17006539, -75.585029162)"
2170923,03/29/2017,9:30 a.m.,miércoles,BUS,PUBLICO,Conductor,Masculino,NO,N/A,SOLO DAÑOS,Choque,Adelantar cerrando,Carrera 40 Calle 36  Sur,ZONA CENTRO,Urbana,"(6.17006539, -75.585029162)"
2170919,03/29/2017,4:20 p.m.,miércoles,BUS,PUBLICO,Conductor,Masculino,NO,N/A,SOLO DAÑOS,Choque,Reverso imprudente,Carrera 27 B Calle 27  Sur,EL CHOCHO,Urbana,"(6.169317472, -75.572212264)"
2170919,03/29/2017,4:20 p.m.,miércoles,BUS,PUBLICO,Conductor,Masculino,NO,N/A,SOLO DAÑOS,Choque,Reverso imprudente,Carrera 27 B Calle 27  Sur,EL CHOCHO,Urbana,"(6.169317472, -75.572212264)"
2170928,03/29/2017,5:15 p.m.,miércoles,AUTOMOVIL,PARTICULAR,Conductor,Femenino,NO,N/A,SOLO DAÑOS,Choque,Reverso imprudente,Calle 29  Sur Carrera 46 A,VILLA GRANDE,Urbana,"(6.180673523, -75.586905751)"
2170920,03/29/2017,3:10 p.m.,miércoles,AUTOMOVIL,PARTICULAR,Conductor,Masculino,NO,N/A,SOLO DAÑOS,Choque,Semaforo en rojo,Diagonal 31 E Transversal 34  Sur,OBRERO,Urbana,"(6.172689669, -75.578827286)"
2170920,03/29/2017,3:10 p.m.,miércoles,AUTOMOVIL,PARTICULAR,Conductor,Masculino,NO,N/A,SOLO DAÑOS,Choque,Semaforo en rojo,Diagonal 31 E Transversal 34  Sur,OBRERO,Urbana,"(6.172689669, -75.578827286)"
2170926,03/29/2017,7:30 p.m.,miércoles,AUTOMOVIL,PARTICULAR,Conductor,Femenino,NO,N/A,SOLO DAÑOS,Choque,Otra,Calle 25  Sur Carrera 48,LAS VEGAS,Urbana,
2170926,03/29/2017,7:30 p.m.,miércoles,AUTOMOVIL,PARTICULAR,Conductor,Masculino,NO,N/A,SOLO DAÑOS,Choque,Otra,Calle 25  Sur Carrera 48,LAS VEGAS,Urbana,
2170916,03/29/2017,8:00 a.m.,miércoles,CAMIONETA,DIPLOMATICO,Conductor,Masculino,NO,N/A,HERIDO,Choque,No mantener distancia de seguridad,Calle 36  Sur Carrera 50,LAS VEGAS,Urbana,
2170916,03/29/2017,8:00 a.m.,miércoles,MOTOCICLETA,PARTICULAR,Motociclista,Femenino,NO,N/A,HERIDO,Choque,Transitar entre vehiculos,Calle 36  Sur Carrera 50,LAS VEGAS,Urbana,
2170916,03/29/2017,8:00 a.m.,miércoles,MOTOCICLETA,PARTICULAR,Motociclista,Femenino,NO,N/A,HERIDO,Choque,No mantener distancia de seguridad,Calle 36  Sur Carrera 50,LAS VEGAS,Urbana,
2170916,03/29/2017,8:00 a.m.,miércoles,MOTOCICLETA,PARTICULAR,Motociclista,Masculino,NO,N/A,HERIDO,Choque,Transitar entre vehiculos,Calle 36  Sur Carrera 50,LAS VEGAS,Urbana,
2170916,03/29/2017,8:00 a.m.,miércoles,MOTOCICLETA,PARTICULAR,Motociclista,Masculino,NO,N/A,HERIDO,Choque,No mantener distancia de seguridad,Calle 36  Sur Carrera 50,LAS VEGAS,Urbana,
2170916,03/29/2017,8:00 a.m.,miércoles,CAMIONETA,DIPLOMATICO,Conductor,Masculino,NO,N/A,HERIDO,Choque,Transitar entre vehiculos,Calle 36  Sur Carrera 50,LAS VEGAS,Urbana,
2170912,03/28/2017,8:20 a.m.,martes,AUTOMOVIL,PARTICULAR,Conductor,Masculino,NO,N/A,SOLO DAÑOS,Choque,Adelantar cerrando,Calle 36 D Sur Carrera 25,VEREDA EL ESCOBERO,Urbana,"(6.157838588, -75.566521566)"
2171409,03/28/2017,9:15 a.m.,martes,AUTOMOVIL,PUBLICO,Conductor,Masculino,NO,N/A,HERIDO,Atropello,Otra,Diagonal 31 F Sur Transversal 34 D Sur,N/R,Urbana,"(6.171847931, -75.580619215)"
2170910,03/28/2017,5:20 a.m.,martes,AUTOMOVIL,PARTICULAR,Conductor,Masculino,NO,N/A,HERIDO,Atropello,Otra,Calle 38  Sur Carrera 40,ZONA CENTRO,Urbana,"(6.16879573, -75.585889779)"
2170921,03/28/2017,4:40 p.m.,martes,MOTOCICLETA,PARTICULAR,Motociclista,Masculino,NO,N/A,HERIDO,Choque,Transitar entre vehiculos,Calle 19  Sur Carrera 50,LAS VEGAS,Urbana,
2170921,03/28/2017,4:40 p.m.,martes,MOTOCICLETA,PARTICULAR,Motociclista,Masculino,NO,N/A,HERIDO,Choque,Transitar entre vehiculos,Calle 19  Sur Carrera 50,LAS VEGAS,Urbana,
2170938,03/28/2017,2:27 p.m.,martes,BUSETA,PUBLICO,Conductor,Femenino,NO,N/A,SOLO DAÑOS,Choque,Otra,Calle 25 A Sur Carrera 43 A,VILLA GRANDE,Urbana,"(6.181689385, -75.582417986)"
2170938,03/28/2017,2:27 p.m.,martes,AUTOMOVIL,PARTICULAR,Conductor,Femenino,NO,N/A,SOLO DAÑOS,Choque,Otra,Calle 25 A Sur Carrera 43 A,VILLA GRANDE,Urbana,"(6.181689385, -75.582417986)"
2170912,03/28/2017,8:20 a.m.,martes,MICROBUS,PUBLICO,Conductor,Masculino,NO,N/A,SOLO DAÑOS,Choque,Adelantar cerrando,Calle 36 D Sur Carrera 25,VEREDA EL ESCOBERO,Urbana,"(6.157838588, -75.566521566)"
2170924,03/27/2017,5:35 a.m.,lunes,AUTOMOVIL,PARTICULAR,Conductor,Masculino,NO,N/A,HERIDO,Choque,Desobedecer senales,Calle 25  Sur Carrera 50,LAS VEGAS,Urbana,
2170924,03/27/2017,5:35 a.m.,lunes,MOTOCICLETA,PARTICULAR,Motociclista,Masculino,NO,N/A,HERIDO,Choque,Desobedecer senales,Calle 25  Sur Carrera 50,LAS VEGAS,Urbana,
2170914,03/27/2017,4:10 p.m.,lunes,AUTOMOVIL,PUBLICO,Conductor,Masculino,NO,N/A,HERIDO,Choque,Girar bruscamente,Calle 38 A Sur Carrera 42,ZONA CENTRO,Urbana,"(6.169022232, -75.587722385)"
2170914,03/27/2017,4:10 p.m.,lunes,BICICLETA,N/A,Ciclista,Masculino,NO,N/A,HERIDO,Choque,Transitar entre vehiculos,Calle 38 A Sur Carrera 42,ZONA CENTRO,Urbana,"(6.169022232, -75.587722385)"
2170914,03/27/2017,4:10 p.m.,lunes,BICICLETA,N/A,Ciclista,Masculino,NO,N/A,HERIDO,Choque,Girar bruscamente,Calle 38 A Sur Carrera 42,ZONA CENTRO,Urbana,"(6.169022232, -75.587722385)"
2170914,03/27/2017,4:10 p.m.,lunes,AUTOMOVIL,PUBLICO,Conductor,Masculino,NO,N/A,HERIDO,Choque,Transitar entre vehiculos,Calle 38 A Sur Carrera 42,ZONA CENTRO,Urbana,"(6.169022232, -75.587722385)"
2170891,03/27/2017,11:00 a.m.,lunes,TRACTOCAMION,PUBLICO,Conductor,Masculino,NO,N/A,SOLO DAÑOS,Choque,Superficie humeda,Calle 49  Sur Carrera 43 A,LAS CASITAS,Urbana,"(6.160925818, -75.599980088)"
2170915,03/27/2017,10:40 p.m.,lunes,BICICLETA,N/A,Ciclista,Masculino,NO,N/A,HERIDO,Choque,Reverso imprudente,Calle 40  Sur Carrera 45 AA,ALCALA,Urbana,"(6.168477449, -75.591967354)"
2170905,03/27/2017,5:05 a.m.,lunes,MICROBUS,PUBLICO,Conductor,Masculino,NO,N/A,SOLO DAÑOS,Choque,Reverso imprudente,Carrera 49 Calle 25 A Sur,LAS VEGAS,Urbana,"(6.18641241, -75.585062957)"
2170915,03/27/2017,10:40 p.m.,lunes,AUTOMOVIL,PARTICULAR,Conductor,Masculino,NO,N/A,HERIDO,Choque,Reverso imprudente,Calle 40  Sur Carrera 45 AA,ALCALA,Urbana,"(6.168477449, -75.591967354)"
2170905,03/27/2017,5:05 a.m.,lunes,BUS,PUBLICO,Conductor,Masculino,NO,N/A,SOLO DAÑOS,Choque,Reverso imprudente,Carrera 49 Calle 25 A Sur,LAS VEGAS,Urbana,"(6.18641241, -75.585062957)"
2172046,03/27/2017,11:45 a.m.,lunes,MOTOCICLETA,PARTICULAR,Motociclista,Sin Registro,NO,N/A,SOLO DAÑOS,Choque,Otra,Diagonal 42 B Transversal 27 A Sur,LAS VEGAS,Urbana,"(6.177282566, -75.579838163)"
2172046,03/27/2017,11:45 a.m.,lunes,AUTOMOVIL,PARTICULAR,Conductor,Femenino,NO,N/A,SOLO DAÑOS,Choque,Otra,Diagonal 42 B Transversal 27 A Sur,LAS VEGAS,Urbana,"(6.177282566, -75.579838163)"
2170909,03/27/2017,6:50 a.m.,lunes,AUTOMOVIL,PUBLICO,Conductor,Masculino,NO,N/A,SOLO DAÑOS,Choque,No mantener distancia de seguridad,Carrera 43 A Calle 34  Sur,ZONA CENTRO,Urbana,"(6.172927746, -75.586943997)"
2170909,03/27/2017,6:50 a.m.,lunes,BUS,PUBLICO,Conductor,Masculino,NO,N/A,SOLO DAÑOS,Choque,No mantener distancia de seguridad,Carrera 43 A Calle 34  Sur,ZONA CENTRO,Urbana,"(6.172927746, -75.586943997)"
2170906,03/27/2017,10:30 a.m.,lunes,AUTOMOVIL,PARTICULAR,Conductor,Masculino,NO,N/A,SOLO DAÑOS,Choque,Impericia en el manejo,Calle 38 A Sur Carrera 44,ALCALA,Urbana,"(6.170343187, -75.58995471)"
2170906,03/27/2017,10:30 a.m.,lunes,AUTOMOVIL,PARTICULAR,Conductor,Masculino,NO,N/A,SOLO DAÑOS,Choque,Impericia en el manejo,Calle 38 A Sur Carrera 44,ALCALA,Urbana,"(6.170343187, -75.58995471)"
2170907,03/27/2017,11:30 p.m.,lunes,MOTOCICLETA,PARTICULAR,Motociclista,Masculino,NO,N/A,SOLO DAÑOS,Choque,Semaforo en rojo,Carrera 43 A Calle 38  Sur,ZONA CENTRO,Urbana,"(6.170421178, -75.588598773)"
2170908,03/27/2017,4:30 p.m.,lunes,CAMIONETA,PUBLICO,Conductor,Masculino,NO,N/A,SOLO DAÑOS,Choque,Adelantar cerrando,Carrera 50 Calle 46 A Sur,LAS VEGAS,Urbana,"(6.16131219, -75.603198185)"
2170907,03/27/2017,11:30 p.m.,lunes,AUTOMOVIL,PARTICULAR,Conductor,Masculino,NO,N/A,SOLO DAÑOS,Choque,Semaforo en rojo,Carrera 43 A Calle 38  Sur,ZONA CENTRO,Urbana,"(6.170421178, -75.588598773)"
2170908,03/27/2017,4:30 p.m.,lunes,AUTOMOVIL,PARTICULAR,Conductor,Masculino,NO,N/A,SOLO DAÑOS,Choque,Adelantar cerrando,Carrera 50 Calle 46 A Sur,LAS VEGAS,Urbana,"(6.16131219, -75.603198185)"
2170911,03/26/2017,5:11 p.m.,domingo,MOTOCICLETA,PARTICULAR,Motociclista,Masculino,NO,N/A,HERIDO,Caida Ocupante,Impericia en el manejo,Calle 26  Sur Carrera 48,LAS VEGAS,Urbana,"(6.183423583, -75.585428952)"
2170890,03/26/2017,12:45 p.m.,domingo,AUTOMOVIL,PARTICULAR,Conductor,Masculino,NO,N/A,SOLO DAÑOS,Choque,No mantener distancia de seguridad,Carrera 42 B Calle 44 B Sur,EL DORADO,Urbana,"(6.164043359, -75.592903574)"
2170890,03/26/2017,12:45 p.m.,domingo,AUTOMOVIL,PARTICULAR,Conductor,Masculino,NO,N/A,SOLO DAÑOS,Choque,No mantener distancia de seguridad,Carrera 42 B Calle 44 B Sur,EL DORADO,Urbana,"(6.164043359, -75.592903574)"
2170898,03/26/2017,4:40 p.m.,domingo,MOTOCICLETA,PARTICULAR,Motociclista,Masculino,SI,2,HERIDO,Choque,Embriaguez o droga,Tramo 372 Kilometro  16,VEREDA PALMAS,Rural,
2170898,03/26/2017,4:40 p.m.,domingo,AUTOMOVIL,PUBLICO,Conductor,Masculino,NO,N/A,HERIDO,Choque,Embriaguez o droga,Tramo 372 Kilometro  16,VEREDA PALMAS,Rural,
2170896,03/26/2017,7:00 p.m.,domingo,AUTOMOVIL,PUBLICO,Conductor,Masculino,NO,N/A,HERIDO,Choque,Desobedecer senales,Calle 47  Sur Carrera 40 A,LA PAZ,Urbana,"(6.159620236, -75.594057892)"
2170880,03/26/2017,12:20 a.m.,domingo,MOTOCICLETA,PARTICULAR,Motociclista,Masculino,NO,N/A,SOLO DAÑOS,Choque,No respetar prelacion,Calle 36  Sur Carrera 24,EL CHOCHO,Urbana,"(6.167448218, -75.563785077)"
2170870,03/26/2017,11:00 a.m.,domingo,MOTOCICLETA,PARTICULAR,Motociclista,Masculino,SI,2,HERIDO,Choque,No respetar prelacion,Calle 45 B Sur Carrera 43 A,LA PAZ,Urbana,"(6.164485785, -75.594678415)"
2170896,03/26/2017,7:00 p.m.,domingo,AUTOMOVIL,PUBLICO,Conductor,Masculino,NO,N/A,HERIDO,Choque,Desobedecer senales,Calle 47  Sur Carrera 40 A,LA PAZ,Urbana,"(6.159620236, -75.594057892)"
2170873,03/26/2017,7:00 p.m.,domingo,BICICLETA,N/A,Ciclista,Masculino,NO,N/A,SOLO DAÑOS,Choque,Desobedecer senales,Carrera 42 D Calle 46 D Sur,LA PAZ,Urbana,"(6.161230751, -75.595806071)"
2170925,03/26/2017,2:15 p.m.,domingo,MOTOCICLETA,PARTICULAR,Motociclista,Femenino,NO,N/A,HERIDO,Caida Ocupante,Impericia en el manejo,Calle 36  Sur Carrera 25,EL CHOCHO,Urbana,"(6.167194335, -75.564826277)"