RADICADO,FECHA,HORA,DÍA DE LA SEMANA,CLASE DE VEHICULO,TIPO DE SERVICIO,TIPO DE VICTIMA,SEXO,ESTADO DE BEODEZ,RESULTADO DE BEODEZ,GRAVEDAD,CLASE DE ACCIDENTE,CAUSA,DIRECCIÓN,BARRIO,AREA,Coordenadas
2170713,03/10/2017,7:45 a.m.,viernes,CAMIONETA,PARTICULAR,Conductor,Femenino,NO,N/A,HERIDO,Atropello,Cruzar sin observar,Calle 30  Sur Carrera 48,LAS VEGAS,Urbana,"(6.180376127, -75.590288049)"
2170734,03/10/2017,9:20 a.m.,viernes,CAMION,PUBLICO,Conductor,Masculino,NO,N/A,SOLO DAÑOS,Choque,No mantener distancia de seguridad,Calle 37  Sur Carrera 50,LAS VEGAS,Urbana,
2170734,03/10/2017,9:20 a.m.,viernes,AUTOMOVIL,PUBLICO,Conductor,Masculino,NO,N/A,SOLO DAÑOS,Choque,No mantener distancia de seguridad,Calle 37  Sur Carrera 50,LAS VEGAS,Urbana,
2170733,03/10/2017,6:00 p.m.,viernes,BICICLETA,N/A,Ciclista,Masculino,NO,N/A,HERIDO,Choque,Transitar entre vehiculos,Tramo 372 Kilometro  12,VEREDA PALMAS,Rural,
2170726,03/09/2017,9:00 p.m.,jueves,AUTOMOVIL,PARTICULAR,Conductor,Masculino,NO,N/A,SOLO DAÑOS,Choque,Semaforo en rojo,Calle 25  Sur Carrera 48,LAS VEGAS,Urbana,
2170705,03/09/2017,9:30 p.m.,jueves,AUTOMOVIL,PARTICULAR,Conductor,Masculino,NO,N/A,HERIDO,Choque,No mantener distancia de seguridad,Carrera 48 Calle 31  Sur,LAS VEGAS,Urbana,"(6.178537792, -75.588851894)"
2170705,03/09/2017,9:30 p.m.,jueves,AUTOMOVIL,PARTICULAR,Conductor,Masculino,NO,N/A,HERIDO,Choque,No mantener distancia de seguridad,Carrera 48 Calle 31  Sur,LAS VEGAS,Urbana,"(6.178537792, -75.588851894)"
2170705,03/09/2017,9:30 p.m.,jueves,MICROBUS,PUBLICO,Conductor,Masculino,NO,N/A,HERIDO,Choque,No mantener distancia de seguridad,Carrera 48 Calle 31  Sur,LAS VEGAS,Urbana,"(6.178537792, -75.588851894)"
2170699,03/09/2017,8:40 a.m.,jueves,AUTOMOVIL,PARTICULAR,Conductor,Masculino,NO,N/A,SOLO DAÑOS,Choque,No respetar prelacion,Calle 37  Sur Carrera 48,GLORIETA DE PELDAR,Urbana,"(6.17412211, -75.593061115)"
2170699,03/09/2017,8:40 a.m.,jueves,Sin registro,PUBLICO,Conductor,Masculino,NO,N/A,SOLO DAÑOS,Choque,No respetar prelacion,Calle 37  Sur Carrera 48,GLORIETA DE PELDAR,Urbana,"(6.17412211, -75.593061115)"
2170726,03/09/2017,9:00 p.m.,jueves,MOTOCICLETA,PARTICULAR,Motociclista,Masculino,NO,N/A,SOLO DAÑOS,Choque,Semaforo en rojo,Calle 25  Sur Carrera 48,LAS VEGAS,Urbana,
2170745,03/09/2017,4:30 p.m.,jueves,CAMION,OFICIAL,Conductor,Masculino,NO,N/A,SOLO DAÑOS,Choque,Poner en marcha un vehiculo sin precauci,Calle 38 A Sur Carrera 42,ZONA CENTRO,Urbana,"(6.169022232, -75.587722385)"
2170745,03/09/2017,4:30 p.m.,jueves,BUSETA,PUBLICO,Conductor,Masculino,NO,N/A,SOLO DAÑOS,Choque,Poner en marcha un vehiculo sin precauci,Calle 38 A Sur Carrera 42,ZONA CENTRO,Urbana,"(6.169022232, -75.587722385)"
2170703,03/09/2017,4:30 p.m.,jueves,MOTOCARRO,PARTICULAR,Motociclista,Masculino,NO,N/A,SOLO DAÑOS,Choque,Desobedecer senales,Calle 39 A Sur Carrera 32,MESA,Urbana,
2170703,03/09/2017,4:30 p.m.,jueves,CAMPERO,PARTICULAR,Conductor,Masculino,NO,N/A,SOLO DAÑOS,Choque,Desobedecer senales,Calle 39 A Sur Carrera 32,MESA,Urbana,
2170710,03/09/2017,12:30 p.m.,jueves,MOTOCICLETA,PARTICULAR,Motociclista,Femenino,NO,N/A,HERIDO,Choque,Desobedecer senales,Calle 26 B Sur Carrera 42,ZU├æIGA,Urbana,"(6.176911315, -75.58005899)"
2170710,03/09/2017,12:30 p.m.,jueves,MOTOCICLETA,PARTICULAR,Motociclista,Masculino,NO,N/A,HERIDO,Choque,Desobedecer senales,Calle 26 B Sur Carrera 42,ZU├æIGA,Urbana,"(6.176911315, -75.58005899)"
2170709,03/09/2017,1:17 a.m.,jueves,CAMIONETA,PARTICULAR,Conductor,Masculino,NO,N/A,HERIDO,Choque,Semaforo en rojo,Calle 38  Sur Carrera 29 A,MESA,Urbana,"(6.165022576, -75.580713107)"
2170729,03/09/2017,1:30 p.m.,jueves,AUTOMOVIL,PARTICULAR,Conductor,Masculino,NO,N/A,SOLO DAÑOS,Choque,Adelantar por la derecha,Transversal 32 CC Sur Diagonal 31 BB,LA SEBASTIANA,Urbana,"(6.176862887, -75.580801001)"
2170729,03/09/2017,1:30 p.m.,jueves,BUS,PUBLICO,Conductor,Masculino,NO,N/A,SOLO DAÑOS,Choque,Adelantar por la derecha,Transversal 32 CC Sur Diagonal 31 BB,LA SEBASTIANA,Urbana,"(6.176862887, -75.580801001)"
2170706,03/09/2017,5:35 a.m.,jueves,MOTOCICLETA,PARTICULAR,Motociclista,Masculino,NO,N/A,HERIDO,Caida Ocupante,Adelantar cerrando,Carrera 50 Calle 43  Sur,LAS VEGAS,Urbana,
2170709,03/09/2017,1:17 a.m.,jueves,AUTOMOVIL,PARTICULAR,Conductor,Masculino,SI,1,HERIDO,Choque,Embriaguez aparente,Calle 38  Sur Carrera 29 A,MESA,Urbana,"(6.165022576, -75.580713107)"
2170709,03/09/2017,1:17 a.m.,jueves,AUTOMOVIL,PARTICULAR,Conductor,Masculino,SI,1,HERIDO,Choque,Semaforo en rojo,Calle 38  Sur Carrera 29 A,MESA,Urbana,"(6.165022576, -75.580713107)"
2170709,03/09/2017,1:17 a.m.,jueves,CAMIONETA,PARTICULAR,Conductor,Masculino,NO,N/A,HERIDO,Choque,Embriaguez aparente,Calle 38  Sur Carrera 29 A,MESA,Urbana,"(6.165022576, -75.580713107)"
2170704,03/09/2017,9:05 a.m.,jueves,BICICLETA,N/A,Ciclista,Masculino,NO,N/A,HERIDO,Choque,Semaforo en rojo,Calle 45  Sur Carrera 42 B,LA PAZ,Urbana,"(6.163744297, -75.593137879)"
2170730,03/09/2017,7:30 p.m.,jueves,MOTOCICLETA,PARTICULAR,Motociclista,Masculino,NO,N/A,HERIDO,Choque,No mantener distancia de seguridad,Calle 23  Sur Carrera 27,LAS VEGAS,Urbana,"(6.176668041, -75.567525633)"
2170730,03/09/2017,7:30 p.m.,jueves,AUTOMOVIL,PARTICULAR,Conductor,Masculino,NO,N/A,HERIDO,Choque,No mantener distancia de seguridad,Calle 23  Sur Carrera 27,LAS VEGAS,Urbana,"(6.176668041, -75.567525633)"
2170704,03/09/2017,9:05 a.m.,jueves,AUTOMOVIL,PARTICULAR,Conductor,Masculino,NO,N/A,HERIDO,Choque,Semaforo en rojo,Calle 45  Sur Carrera 42 B,LA PAZ,Urbana,"(6.163744297, -75.593137879)"
2170707,03/09/2017,10:00 a.m.,jueves,AUTOMOVIL,PARTICULAR,Conductor,Masculino,NO,N/A,HERIDO,Choque,No mantener distancia de seguridad,Carrera 50 Calle 43  Sur,LAS VEGAS,Urbana,
2170707,03/09/2017,10:00 a.m.,jueves,MOTOCICLETA,PARTICULAR,Motociclista,Femenino,NO,N/A,HERIDO,Choque,No mantener distancia de seguridad,Carrera 50 Calle 43  Sur,LAS VEGAS,Urbana,
2170707,03/09/2017,10:00 a.m.,jueves,CAMIONETA,PUBLICO,Conductor,Masculino,NO,N/A,HERIDO,Choque,No mantener distancia de seguridad,Carrera 50 Calle 43  Sur,LAS VEGAS,Urbana,
2170707,03/09/2017,10:00 a.m.,jueves,CAMIONETA,PARTICULAR,Conductor,Masculino,NO,N/A,HERIDO,Choque,No mantener distancia de seguridad,Carrera 50 Calle 43  Sur,LAS VEGAS,Urbana,
2170725,03/09/2017,4:00 p.m.,jueves,MOTOCICLETA,PARTICULAR,Motociclista,Masculino,NO,N/A,SOLO DAÑOS,Choque,Desobedecer senales,Carrera 41 Calle 44  Sur,EL DORADO,Urbana,"(6.163946425, -75.590904342)"
2170725,03/09/2017,4:00 p.m.,jueves,AUTOMOVIL,PARTICULAR,Conductor,Masculino,NO,N/A,SOLO DAÑOS,Choque,Desobedecer senales,Carrera 41 Calle 44  Sur,EL DORADO,Urbana,"(6.163946425, -75.590904342)"
2170746,03/09/2017,8:00 a.m.,jueves,CAMPERO,PARTICULAR,Conductor,Masculino,NO,N/A,SOLO DAÑOS,Choque,No respetar prelacion,Tramo 12 Kilometro  17,VEREDA PALMAS,Rural,
2170746,03/09/2017,8:00 a.m.,jueves,CAMIONETA,PARTICULAR,Conductor,Masculino,NO,N/A,SOLO DAÑOS,Choque,No respetar prelacion,Tramo 12 Kilometro  17,VEREDA PALMAS,Rural,
2170695,03/08/2017,5:10 p.m.,miércoles,CAMIONETA,PARTICULAR,Conductor,Masculino,NO,N/A,SOLO DAÑOS,Choque,No respetar prelacion,Diagonal 31 Transversal 32 C Sur,LAS FLORES,Urbana,"(6.174681134, -75.578471041)"
2170688,03/08/2017,9:00 a.m.,miércoles,CAMPERO,PARTICULAR,Conductor,Masculino,NO,N/A,SOLO DAÑOS,Choque,No mantener distancia de seguridad,Calle 25 A Sur Carrera 48,LAS VEGAS,Urbana,"(6.185202689, -75.583587178)"
2170688,03/08/2017,9:00 a.m.,miércoles,MOTOCICLETA,PARTICULAR,Motociclista,Masculino,NO,N/A,SOLO DAÑOS,Choque,No mantener distancia de seguridad,Calle 25 A Sur Carrera 48,LAS VEGAS,Urbana,"(6.185202689, -75.583587178)"
2170727,03/08/2017,5:00 p.m.,miércoles,AUTOMOVIL,PARTICULAR,Conductor,Masculino,NO,N/A,SOLO DAÑOS,Choque,No mantener distancia de seguridad,Carrera 48 Calle 35  Sur,PUENTE FUNDADORES,Urbana,"(6.174910353, -75.591144032)"
2170727,03/08/2017,5:00 p.m.,miércoles,AUTOMOVIL,PUBLICO,Conductor,Masculino,NO,N/A,SOLO DAÑOS,Choque,No mantener distancia de seguridad,Carrera 48 Calle 35  Sur,PUENTE FUNDADORES,Urbana,"(6.174910353, -75.591144032)"
2170727,03/08/2017,5:00 p.m.,miércoles,AUTOMOVIL,PARTICULAR,Conductor,Masculino,NO,N/A,SOLO DAÑOS,Choque,No mantener distancia de seguridad,Carrera 48 Calle 35  Sur,PUENTE FUNDADORES,Urbana,"(6.174910353, -75.591144032)"
2170702,03/08/2017,9:50 a.m.,miércoles,AUTOMOVIL,PARTICULAR,Conductor,Masculino,NO,N/A,SOLO DAÑOS,Choque,Reverso imprudente,Carrera 48 Calle 34  Sur,GLORIETA DE PELDAR,Urbana,"(6.175414344, -75.590782176)"
2170702,03/08/2017,9:50 a.m.,miércoles,AUTOMOVIL,PUBLICO,Conductor,Masculino,NO,N/A,SOLO DAÑOS,Choque,Reverso imprudente,Carrera 48 Calle 34  Sur,GLORIETA DE PELDAR,Urbana,"(6.175414344, -75.590782176)"
2170696,03/08/2017,2:45 p.m.,miércoles,MICROBUS,PUBLICO,Conductor,Femenino,NO,N/A,SOLO DAÑOS,Choque,Transitar entre vehiculos,Carrera 48 Calle 26  Sur,LAS VEGAS,Urbana,"(6.183318111, -75.585537184)"
2170696,03/08/2017,2:45 p.m.,miércoles,MOTOCICLETA,PARTICULAR,Motociclista,Masculino,NO,N/A,SOLO DAÑOS,Choque,Transitar entre vehiculos,Carrera 48 Calle 26  Sur,LAS VEGAS,Urbana,"(6.183318111, -75.585537184)"
2170701,03/08/2017,5:40 p.m.,miércoles,AUTOMOVIL,PARTICULAR,Conductor,Femenino,NO,N/A,SOLO DAÑOS,Choque,No respetar prelacion,Carrera 48 Calle 27  Sur,LAS VEGAS,Urbana,"(6.181312425, -75.58688511)"
2170701,03/08/2017,5:40 p.m.,miércoles,CAMPERO,PARTICULAR,Conductor,Femenino,NO,N/A,SOLO DAÑOS,Choque,No respetar prelacion,Carrera 48 Calle 27  Sur,LAS VEGAS,Urbana,"(6.181312425, -75.58688511)"
2170697,03/08/2017,10:40 a.m.,miércoles,CAMIONETA,PARTICULAR,Conductor,Masculino,NO,N/A,SOLO DAÑOS,Choque,Superficie lisa,Carrera 42 Calle 41  Sur,EL DORADO,Urbana,"(6.16564857, -75.591250012)"
2170697,03/08/2017,10:40 a.m.,miércoles,AUTOMOVIL,PARTICULAR,Conductor,Masculino,NO,N/A,SOLO DAÑOS,Choque,Superficie lisa,Carrera 42 Calle 41  Sur,EL DORADO,Urbana,"(6.16564857, -75.591250012)"
2170690,03/08/2017,9:40 p.m.,miércoles,MOTOCICLETA,PARTICULAR,Motociclista,Femenino,NO,N/A,HERIDO,Caida Ocupante,Impericia en el manejo,Diagonal 32 B Transversal 34  Sur,OBRERO,Urbana,"(6.172777915, -75.582237861)"
2170698,03/08/2017,9:40 a.m.,miércoles,AUTOMOVIL,PARTICULAR,Conductor,Masculino,NO,N/A,SOLO DAÑOS,Choque,Impericia en el manejo,Carrera 48 Calle 38  Sur,LAS VEGAS,Urbana,"(6.172747818, -75.592698171)"
2170698,03/08/2017,9:40 a.m.,miércoles,AUTOMOVIL,PARTICULAR,Conductor,Femenino,NO,N/A,SOLO DAÑOS,Choque,Impericia en el manejo,Carrera 48 Calle 38  Sur,LAS VEGAS,Urbana,"(6.172747818, -75.592698171)"
2170698,03/08/2017,9:40 a.m.,miércoles,AUTOMOVIL,PARTICULAR,Conductor,Masculino,NO,N/A,SOLO DAÑOS,Choque,Impericia en el manejo,Carrera 48 Calle 38  Sur,LAS VEGAS,Urbana,"(6.172747818, -75.592698171)"
2170700,03/08/2017,12:25 p.m.,miércoles,AUTOMOVIL,PARTICULAR,Conductor,Masculino,NO,N/A,SOLO DAÑOS,Choque,Adelantar cerrando,Calle 45  Sur Carrera 25 A Sur,LA MINA,Urbana,"(6.181791822, -75.582627626)"
2170700,03/08/2017,12:25 p.m.,miércoles,CAMION,PUBLICO,Conductor,Masculino,NO,N/A,SOLO DAÑOS,Choque,Adelantar cerrando,Calle 45  Sur Carrera 25 A Sur,LA MINA,Urbana,"(6.181791822, -75.582627626)"
2170692,03/08/2017,10:20 a.m.,miércoles,MOTOCICLETA,PARTICULAR,Motociclista,Masculino,NO,N/A,HERIDO,Choque,No respetar prelacion,Calle 38 A Sur Carrera 33,MESA,Urbana,"(6.165645413, -75.582548776)"
2170692,03/08/2017,10:20 a.m.,miércoles,AUTOMOVIL,PARTICULAR,Conductor,Femenino,NO,N/A,HERIDO,Choque,No respetar prelacion,Calle 38 A Sur Carrera 33,MESA,Urbana,"(6.165645413, -75.582548776)"
2170753,03/08/2017,8:20 p.m.,miércoles,AUTOMOVIL,PARTICULAR,Conductor,Masculino,NO,N/A,SOLO DAÑOS,Choque,Reverso imprudente,Calle 23  Sur Carrera 27,LA INMACULADA,Urbana,"(6.176668041, -75.567525633)"
2170753,03/08/2017,8:20 p.m.,miércoles,CAMIONETA,PARTICULAR,Conductor,Masculino,NO,N/A,SOLO DAÑOS,Choque,Reverso imprudente,Calle 23  Sur Carrera 27,LA INMACULADA,Urbana,"(6.176668041, -75.567525633)"
2170708,03/08/2017,10:10 a.m.,miércoles,MOTOCICLETA,PARTICULAR,Motociclista,Masculino,NO,N/A,HERIDO,Choque,No respetar prelacion,Carrera 43 A Calle 32 A Sur,AVENIDA EL POBLADO,Urbana,"(6.175019606, -75.585929167)"
2170708,03/08/2017,10:10 a.m.,miércoles,MOTOCICLETA,PARTICULAR,Motociclista,Femenino,NO,N/A,HERIDO,Choque,No respetar prelacion,Carrera 43 A Calle 32 A Sur,AVENIDA EL POBLADO,Urbana,"(6.175019606, -75.585929167)"
2170720,03/08/2017,5:10 p.m.,miércoles,AUTOMOVIL,PUBLICO,Conductor,Masculino,NO,N/A,SOLO DAÑOS,Choque,No mantener distancia de seguridad,Carrera 42 Calle 41 A Sur,EL DORADO,Urbana,"(6.16564857, -75.591250012)"
2170720,03/08/2017,5:10 p.m.,miércoles,AUTOMOVIL,PARTICULAR,Conductor,Masculino,NO,N/A,SOLO DAÑOS,Choque,No mantener distancia de seguridad,Carrera 42 Calle 41 A Sur,EL DORADO,Urbana,"(6.16564857, -75.591250012)"
2170695,03/08/2017,5:10 p.m.,miércoles,MOTOCICLETA,PARTICULAR,Motociclista,Masculino,NO,N/A,SOLO DAÑOS,Choque,No respetar prelacion,Diagonal 31 Transversal 32 C Sur,LAS FLORES,Urbana,"(6.174681134, -75.578471041)"
2170683,03/07/2017,4:30 p.m.,martes,BUS,PUBLICO,Conductor,Masculino,NO,N/A,SOLO DAÑOS,Choque,No mantener distancia de seguridad,Calle 25  Sur Carrera 43 A,VILLA GRANDE,Urbana,"(6.181560189, -75.582016491)"
2170680,03/07/2017,5:30 p.m.,martes,MOTOCICLETA,PARTICULAR,Motociclista,Masculino,NO,N/A,SOLO DAÑOS,Choque,Adelantar por la derecha,Carrera 48 Calle 27 A Sur,LAS VEGAS,Urbana,"(6.181312425, -75.58688511)"
2170680,03/07/2017,5:30 p.m.,martes,CAMIONETA,PARTICULAR,Conductor,Masculino,NO,N/A,SOLO DAÑOS,Choque,Adelantar por la derecha,Carrera 48 Calle 27 A Sur,LAS VEGAS,Urbana,"(6.181312425, -75.58688511)"
2170687,03/07/2017,1:40 p.m.,martes,AUTOMOVIL,PARTICULAR,Conductor,Masculino,NO,N/A,SOLO DAÑOS,Choque,Otra,Calle 38  Sur Carrera 32,MESA,Urbana,"(6.166011939, -75.581581213)"
2170687,03/07/2017,1:40 p.m.,martes,CAMIONETA,PARTICULAR,Conductor,Femenino,NO,N/A,SOLO DAÑOS,Choque,Otra,Calle 38  Sur Carrera 32,MESA,Urbana,"(6.166011939, -75.581581213)"
2170681,03/07/2017,1:40 p.m.,martes,MOTOCICLETA,PARTICULAR,Motociclista,Femenino,NO,N/A,SOLO DAÑOS,Choque,Transitar entre vehiculos,Transversal 34 D Sur Diagonal 39,LA MAGNOLIA,Urbana,"(6.170687237, -75.583838389)"
2170711,03/07/2017,9:00 p.m.,martes,AUTOMOVIL,PARTICULAR,Conductor,Masculino,NO,N/A,SOLO DAÑOS,Choque,No mantener distancia de seguridad,Calle 25 AA Sur Carrera 50,LAS VEGAS,Urbana,"(6.182478523, -75.583313359)"
2170711,03/07/2017,9:00 p.m.,martes,CAMIONETA,PARTICULAR,Conductor,Masculino,NO,N/A,SOLO DAÑOS,Choque,No mantener distancia de seguridad,Calle 25 AA Sur Carrera 50,LAS VEGAS,Urbana,"(6.182478523, -75.583313359)"
2170711,03/07/2017,9:00 p.m.,martes,AUTOMOVIL,PARTICULAR,Conductor,Masculino,NO,N/A,SOLO DAÑOS,Choque,No mantener distancia de seguridad,Calle 25 AA Sur Carrera 50,LAS VEGAS,Urbana,"(6.182478523, -75.583313359)"
2170678,03/07/2017,9:00 p.m.,martes,AUTOMOVIL,PARTICULAR,Conductor,Femenino,NO,N/A,SOLO DAÑOS,Choque,Adelantar cerrando,Carrera 43 A Calle 36  Sur,ZONA CENTRO,Urbana,"(6.171753325, -75.587727675)"
2170678,03/07/2017,9:00 p.m.,martes,MICROBUS,PUBLICO,Conductor,Masculino,NO,N/A,SOLO DAÑOS,Choque,Adelantar cerrando,Carrera 43 A Calle 36  Sur,ZONA CENTRO,Urbana,"(6.171753325, -75.587727675)"
2170681,03/07/2017,1:40 p.m.,martes,MOTOCICLETA,PARTICULAR,Motociclista,Masculino,NO,N/A,SOLO DAÑOS,Choque,Transitar entre vehiculos,Transversal 34 D Sur Diagonal 39,LA MAGNOLIA,Urbana,"(6.170687237, -75.583838389)"
2170683,03/07/2017,4:30 p.m.,martes,AUTOMOVIL,PARTICULAR,Conductor,Masculino,NO,N/A,SOLO DAÑOS,Choque,No mantener distancia de seguridad,Calle 25  Sur Carrera 43 A,VILLA GRANDE,Urbana,"(6.181560189, -75.582016491)"
2170679,03/07/2017,2:30 p.m.,martes,AUTOMOVIL,PARTICULAR,Conductor,Femenino,NO,N/A,SOLO DAÑOS,Choque,Reverso imprudente,Carrera 49 Calle 29  Sur,LAS VEGAS,Urbana,
2170679,03/07/2017,2:30 p.m.,martes,CAMION,PUBLICO,Conductor,Masculino,NO,N/A,SOLO DAÑOS,Choque,Reverso imprudente,Carrera 49 Calle 29  Sur,LAS VEGAS,Urbana,
2170689,03/07/2017,3:30 p.m.,martes,MOTOCICLETA,PARTICULAR,Motociclista,Masculino,NO,N/A,HERIDO,Choque,Exceso de velocidad,Tramo 372 Kilometro  6,VEREDA PALMAS,Rural,
2170689,03/07/2017,3:30 p.m.,martes,MOTOCICLETA,PARTICULAR,Motociclista,Masculino,NO,N/A,HERIDO,Choque,Exceso de velocidad,Tramo 372 Kilometro  6,VEREDA PALMAS,Rural,
2170689,03/07/2017,3:30 p.m.,martes,AUTOMOVIL,PARTICULAR,Conductor,Masculino,NO,N/A,HERIDO,Choque,Exceso de velocidad,Tramo 372 Kilometro  6,VEREDA PALMAS,Rural,
2170682,03/07/2017,4:20 p.m.,martes,MOTOCICLETA,PARTICULAR,Motociclista,Masculino,NO,N/A,SOLO DAÑOS,Choque,No respetar prelacion,Calle 38  Sur Carrera 39,ZONA CENTRO,Urbana,"(6.16839174, -75.585247797)"
2170682,03/07/2017,4:20 p.m.,martes,CAMIONETA,PARTICULAR,Conductor,Masculino,NO,N/A,SOLO DAÑOS,Choque,No respetar prelacion,Calle 38  Sur Carrera 39,ZONA CENTRO,Urbana,"(6.16839174, -75.585247797)"
2170694,03/07/2017,8:15 p.m.,martes,AUTOMOVIL,PARTICULAR,Conductor,Masculino,NO,N/A,SOLO DAÑOS,Choque,No respetar prelacion,Calle 19  Sur Carrera 48,LAS VEGAS,Urbana,
2170694,03/07/2017,8:15 p.m.,martes,AUTOMOVIL,PARTICULAR,Conductor,Masculino,NO,N/A,SOLO DAÑOS,Choque,No respetar prelacion,Calle 19  Sur Carrera 48,LAS VEGAS,Urbana,
2170685,03/07/2017,6:30 a.m.,martes,BUS,PUBLICO,Conductor,Masculino,NO,N/A,SOLO DAÑOS,Choque,No mantener distancia de seguridad,Calle 34 DD Sur Carrera 28,LA MAGNOLIA,Urbana,"(6.170939487, -75.576690595)"
2170685,03/07/2017,6:30 a.m.,martes,AUTOMOVIL,PUBLICO,Conductor,Masculino,NO,N/A,SOLO DAÑOS,Choque,No mantener distancia de seguridad,Calle 34 DD Sur Carrera 28,LA MAGNOLIA,Urbana,"(6.170939487, -75.576690595)"
2170684,03/07/2017,7:05 a.m.,martes,AUTOMOVIL,PARTICULAR,Conductor,Femenino,NO,N/A,SOLO DAÑOS,Choque,Impericia en el manejo,Calle 38 A Sur Carrera 45,ALCALA,Urbana,"(6.168560755, -75.587015366)"
2170684,03/07/2017,7:05 a.m.,martes,AUTOMOVIL,PARTICULAR,Conductor,Masculino,NO,N/A,SOLO DAÑOS,Choque,Impericia en el manejo,Calle 38 A Sur Carrera 45,ALCALA,Urbana,"(6.168560755, -75.587015366)"
2170691,03/07/2017,7:00 p.m.,martes,MOTOCICLETA,PARTICULAR,Motociclista,Femenino,NO,N/A,HERIDO,Caida Ocupante,Impericia en el manejo,Diagonal 31 Transversal 32 A Sur,LA MAGNOLIA,Urbana,"(6.174681134, -75.578471041)"
2170668,03/06/2017,1:15 p.m.,lunes,AUTOMOVIL,PARTICULAR,Conductor,Femenino,NO,N/A,SOLO DAÑOS,Choque,No mantener distancia de seguridad,Tramo 372 Kilometro  17,VEREDA PALMAS,Rural,
2170693,03/06/2017,11:00 a.m.,lunes,MOTOCICLETA,PARTICULAR,Motociclista,Masculino,NO,N/A,SOLO DAÑOS,Choque,Transitar entre vehiculos,Calle 38  Sur Carrera 41,ZONA CENTRO,Urbana,"(6.169244976, -75.586588065)"
2170693,03/06/2017,11:00 a.m.,lunes,AUTOMOVIL,PUBLICO,Conductor,Masculino,NO,N/A,SOLO DAÑOS,Choque,Transitar entre vehiculos,Calle 38  Sur Carrera 41,ZONA CENTRO,Urbana,"(6.169244976, -75.586588065)"
2170675,03/06/2017,7:30 p.m.,lunes,AUTOMOVIL,PARTICULAR,Conductor,Femenino,NO,N/A,SOLO DAÑOS,Choque,No mantener distancia de seguridad,Carrera 43 A Calle 25 D Sur,VILLA GRANDE,Urbana,"(6.181616833, -75.581857267)"
2170675,03/06/2017,7:30 p.m.,lunes,CAMIONETA,PARTICULAR,Conductor,Masculino,NO,N/A,SOLO DAÑOS,Choque,No mantener distancia de seguridad,Carrera 43 A Calle 25 D Sur,VILLA GRANDE,Urbana,"(6.181616833, -75.581857267)"
2170676,03/06/2017,6:15 a.m.,lunes,MOTOCICLETA,PARTICULAR,Motociclista,Masculino,NO,N/A,SOLO DAÑOS,Choque,No mantener distancia de seguridad,Carrera 50 Calle 43  Sur,LAS VEGAS,Urbana,
2170676,03/06/2017,6:15 a.m.,lunes,MOTOCICLETA,PARTICULAR,Motociclista,Masculino,NO,N/A,SOLO DAÑOS,Choque,No mantener distancia de seguridad,Carrera 50 Calle 43  Sur,LAS VEGAS,Urbana,
2170659,03/06/2017,7:45 a.m.,lunes,MOTOCICLETA,PARTICULAR,Motociclista,Masculino,NO,N/A,HERIDO,Choque,Adelantar en zona prohibida,Calle 26  Sur Carrera 48,LAS VEGAS,Urbana,"(6.183423583, -75.585428952)"
2170659,03/06/2017,7:45 a.m.,lunes,AUTOMOVIL,PARTICULAR,Conductor,Femenino,NO,N/A,HERIDO,Choque,Adelantar en zona prohibida,Calle 26  Sur Carrera 48,LAS VEGAS,Urbana,"(6.183423583, -75.585428952)"
2170672,03/06/2017,6:35 p.m.,lunes,MOTOCICLETA,PARTICULAR,Motociclista,Masculino,NO,N/A,HERIDO,Atropello,Cruzar sin observar,Calle 39 B Sur Carrera 29 A,SAN JOSE,Urbana,"(6.163042511, -75.581527444)"
2170661,03/06/2017,11:40 a.m.,lunes,AUTOMOVIL,PARTICULAR,Conductor,Masculino,NO,N/A,SOLO DAÑOS,Choque,No mantener distancia de seguridad,Calle 37  Sur Carrera 28,VEREDA EL ESCOBERO,Urbana,"(6.165679454, -75.578340422)"
2170661,03/06/2017,11:40 a.m.,lunes,MOTOCICLETA,PARTICULAR,Motociclista,Masculino,NO,N/A,SOLO DAÑOS,Choque,No mantener distancia de seguridad,Calle 37  Sur Carrera 28,VEREDA EL ESCOBERO,Urbana,"(6.165679454, -75.578340422)"
2170677,03/06/2017,1:50 p.m.,lunes,AUTOMOVIL,PARTICULAR,Conductor,Masculino,NO,N/A,SOLO DAÑOS,Choque,Exceso de velocidad,Calle 39 D Sur Carrera 24 EE,EL CHINGU├ì,Urbana,"(6.154343948, -75.578021489)"
2170677,03/06/2017,1:50 p.m.,lunes,CAMPERO,PARTICULAR,Conductor,Masculino,NO,N/A,SOLO DAÑOS,Choque,No respetar prelacion,Calle 39 D Sur Carrera 24 EE,EL CHINGU├ì,Urbana,"(6.154343948, -75.578021489)"
2170677,03/06/2017,1:50 p.m.,lunes,CAMPERO,PARTICULAR,Conductor,Masculino,NO,N/A,SOLO DAÑOS,Choque,Exceso de velocidad,Calle 39 D Sur Carrera 24 EE,EL CHINGU├ì,Urbana,"(6.154343948, -75.578021489)"
2170677,03/06/2017,1:50 p.m.,lunes,AUTOMOVIL,PARTICULAR,Conductor,Masculino,NO,N/A,SOLO DAÑOS,Choque,No respetar prelacion,Calle 39 D Sur Carrera 24 EE,EL CHINGU├ì,Urbana,"(6.154343948, -75.578021489)"
2170661,03/06/2017,11:40 a.m.,lunes,AUTOMOVIL,PARTICULAR,Conductor,Masculino,NO,N/A,SOLO DAÑOS,Choque,No mantener distancia de seguridad,Calle 37  Sur Carrera 28,VEREDA EL ESCOBERO,Urbana,"(6.165679454, -75.578340422)"