RADICADO,FECHA,HORA,DÍA DE LA SEMANA,CLASE DE VEHICULO,TIPO DE SERVICIO,TIPO DE VICTIMA,SEXO,ESTADO DE BEODEZ,RESULTADO DE BEODEZ,GRAVEDAD,CLASE DE ACCIDENTE,CAUSA,DIRECCIÓN,BARRIO,AREA,Coordenadas
2170617,03/01/2017,1:20 p.m.,miércoles,AUTOMOVIL,PARTICULAR,Conductor,Masculino,NO,N/A,SOLO DAÑOS,Choque,Transitar entre vehiculos,Calle 26  Sur Carrera 42 B,LA MAGNOLIA,Urbana,"(6.178213645, -75.57937395)"
2170596,03/01/2017,11:25 p.m.,miércoles,MOTOCICLETA,PARTICULAR,Motociclista,Masculino,NO,N/A,HERIDO,Choque,Desobedecer senales,Diagonal 32 Transversal 34 B Sur,OBRERO,Urbana,"(6.172622284, -75.581338171)"
2170596,03/01/2017,11:25 p.m.,miércoles,AUTOMOVIL,PARTICULAR,Conductor,Masculino,NO,N/A,HERIDO,Choque,Desobedecer senales,Diagonal 32 Transversal 34 B Sur,OBRERO,Urbana,"(6.172622284, -75.581338171)"
2170614,03/01/2017,10:30 p.m.,miércoles,MOTOCICLETA,PARTICULAR,Motociclista,Masculino,NO,N/A,SOLO DAÑOS,Choque,Girar bruscamente,Calle 37  Sur Carrera 50,LAS VEGAS,Urbana,
2170614,03/01/2017,10:30 p.m.,miércoles,AUTOMOVIL,PUBLICO,Conductor,Masculino,NO,N/A,SOLO DAÑOS,Choque,Girar bruscamente,Calle 37  Sur Carrera 50,LAS VEGAS,Urbana,
2170613,03/01/2017,10:00 p.m.,miércoles,AUTOMOVIL,PARTICULAR,Conductor,Femenino,NO,N/A,SOLO DAÑOS,Choque,Impericia en el manejo,Calle 43  Sur Carrera 36 D,LAS ANTILLAS,Urbana,"(6.171314659, -75.587007533)"
2170625,03/01/2017,5:40 p.m.,miércoles,BUSETA,PUBLICO,Conductor,Masculino,NO,N/A,SOLO DAÑOS,Choque,Adelantar cerrando,Calle 48 C Sur Carrera 43 A,LAS VEGAS,Urbana,"(6.162378903, -75.597630589)"
2170625,03/01/2017,5:40 p.m.,miércoles,AUTOMOVIL,PUBLICO,Conductor,Masculino,NO,N/A,SOLO DAÑOS,Choque,Adelantar cerrando,Calle 48 C Sur Carrera 43 A,LAS VEGAS,Urbana,"(6.162378903, -75.597630589)"
2170612,03/01/2017,6:45 p.m.,miércoles,MOTOCICLETA,PARTICULAR,Motociclista,Masculino,NO,N/A,SOLO DAÑOS,Choque,Impericia en el manejo,Calle 21  Sur Carrera 41,ZU├æIGA,Urbana,"(6.182165945, -75.576776678)"
2170612,03/01/2017,6:45 p.m.,miércoles,CAMIONETA,PARTICULAR,Conductor,Masculino,NO,N/A,SOLO DAÑOS,Choque,Impericia en el manejo,Calle 21  Sur Carrera 41,ZU├æIGA,Urbana,"(6.182165945, -75.576776678)"
2170636,03/01/2017,6:40 p.m.,miércoles,MOTOCICLETA,PARTICULAR,Motociclista,Masculino,NO,N/A,SOLO DAÑOS,Choque,Otra,Calle 41 C Sur Carrera 42,EL DORADO,Urbana,"(6.16639828, -75.594283111)"
2170636,03/01/2017,6:40 p.m.,miércoles,MOTOCICLETA,PARTICULAR,Motociclista,Masculino,NO,N/A,SOLO DAÑOS,Choque,Otra,Calle 41 C Sur Carrera 42,EL DORADO,Urbana,"(6.16639828, -75.594283111)"
2170610,03/01/2017,8:45 a.m.,miércoles,MICROBUS,PUBLICO,Conductor,Masculino,NO,N/A,HERIDO,Choque,No respetar prelacion,Tramo 371 Kilometro  10,VEREDA EL ESCOBERO,Rural,
2170623,03/01/2017,4:37 p.m.,miércoles,AUTOMOVIL,PUBLICO,Conductor,Masculino,NO,N/A,SOLO DAÑOS,Choque,Adelantar cerrando,Calle 27 A Sur Carrera 48,LAS VEGAS,Urbana,"(6.179449536, -75.585041503)"
2170623,03/01/2017,4:37 p.m.,miércoles,CAMIONETA,PARTICULAR,Conductor,Masculino,NO,N/A,SOLO DAÑOS,Choque,Adelantar cerrando,Calle 27 A Sur Carrera 48,LAS VEGAS,Urbana,"(6.179449536, -75.585041503)"
2170610,03/01/2017,8:45 a.m.,miércoles,MOTOCICLETA,PARTICULAR,Motociclista,Masculino,NO,N/A,HERIDO,Choque,No respetar prelacion,Tramo 371 Kilometro  10,VEREDA EL ESCOBERO,Rural,
2170626,03/01/2017,5:30 p.m.,miércoles,MOTOCICLETA,PARTICULAR,Motociclista,Masculino,NO,N/A,SOLO DAÑOS,Choque,Girar bruscamente,Calle 36 D Sur Carrera 27 A,VEREDA EL ESCOBERO,Urbana,"(6.164831751, -75.574234965)"
2170597,02/28/2017,12:25 p.m.,martes,BICICLETA,N/A,Ciclista,Femenino,NO,N/A,HERIDO,Choque,Desobedecer senales,Calle 37  Sur Carrera 36,MESA,Urbana,"(6.168044613, -75.583236971)"
2170593,02/28/2017,3:50 p.m.,martes,MOTOCICLETA,PARTICULAR,Motociclista,Femenino,NO,N/A,HERIDO,Choque,No mantener distancia de seguridad,Calle 37  Sur Carrera 48,LAS VEGAS,Urbana,"(6.17412211, -75.593061115)"
2170593,02/28/2017,3:50 p.m.,martes,CAMIONETA,PARTICULAR,Conductor,Femenino,NO,N/A,HERIDO,Choque,No mantener distancia de seguridad,Calle 37  Sur Carrera 48,LAS VEGAS,Urbana,"(6.17412211, -75.593061115)"
2170607,02/28/2017,5:40 p.m.,martes,AUTOMOVIL,PARTICULAR,Conductor,Masculino,NO,N/A,SOLO DAÑOS,Choque,Girar bruscamente,Calle 39  Sur Carrera 41,ZONA CENTRO,Urbana,"(6.167870042, -75.587448707)"
2170607,02/28/2017,5:40 p.m.,martes,CAMIONETA,PUBLICO,Conductor,Masculino,NO,N/A,SOLO DAÑOS,Choque,Girar bruscamente,Calle 39  Sur Carrera 41,ZONA CENTRO,Urbana,"(6.167870042, -75.587448707)"
2170608,02/28/2017,10:40 a.m.,martes,AUTOMOVIL,PARTICULAR,Conductor,Masculino,NO,N/A,SOLO DAÑOS,Choque,Desobedecer senales,Calle 40 DD Sur Carrera 30 A,SAN JOSE,Urbana,"(6.16527158, -75.588878574)"
2170608,02/28/2017,10:40 a.m.,martes,BUSETA,PUBLICO,Conductor,Masculino,NO,N/A,SOLO DAÑOS,Choque,Desobedecer senales,Calle 40 DD Sur Carrera 30 A,SAN JOSE,Urbana,"(6.16527158, -75.588878574)"
2170605,02/28/2017,7:30 a.m.,martes,AUTOMOVIL,PARTICULAR,Conductor,Femenino,NO,N/A,SOLO DAÑOS,Choque,Poner en marcha un vehiculo sin precauci,Calle 39 A Sur Carrera 27 B,EL CHINGU├ì,Urbana,"(6.159066, -75.579880938)"
2170605,02/28/2017,7:30 a.m.,martes,CAMIONETA,PARTICULAR,Conductor,Femenino,NO,N/A,SOLO DAÑOS,Choque,Poner en marcha un vehiculo sin precauci,Calle 39 A Sur Carrera 27 B,EL CHINGU├ì,Urbana,"(6.159066, -75.579880938)"
2171139,02/28/2017,4:30 p.m.,martes,BICICLETA,N/A,Ciclista,Masculino,NO,N/A,SOLO DAÑOS,Choque,Otra,Diagonal 30 B Transversal 33  Sur,LAS FLORES,Urbana,"(6.174651656, -75.578351174)"
2171139,02/28/2017,4:30 p.m.,martes,AUTOMOVIL,PARTICULAR,Conductor,Femenino,NO,N/A,SOLO DAÑOS,Choque,Otra,Diagonal 30 B Transversal 33  Sur,LAS FLORES,Urbana,"(6.174651656, -75.578351174)"
2170591,02/28/2017,4:30 p.m.,martes,AUTOMOVIL,PARTICULAR,Conductor,Femenino,NO,N/A,SOLO DAÑOS,Choque,Adelantar cerrando,Calle 31  Sur Carrera 43 A,SAN MARCOS,Urbana,"(6.176823564, -75.585392151)"
2170591,02/28/2017,4:30 p.m.,martes,BUS,PUBLICO,Conductor,Masculino,NO,N/A,SOLO DAÑOS,Choque,Adelantar cerrando,Calle 31  Sur Carrera 43 A,SAN MARCOS,Urbana,"(6.176823564, -75.585392151)"
2170589,02/28/2017,8:30 a.m.,martes,AUTOMOVIL,PARTICULAR,Conductor,Masculino,NO,N/A,SOLO DAÑOS,Choque,Desobedecer senales,Calle 38  Sur Carrera 29 A,SAN JOSE,Urbana,"(6.165022576, -75.580713107)"
2170597,02/28/2017,12:25 p.m.,martes,CAMIONETA,PARTICULAR,Conductor,Femenino,NO,N/A,HERIDO,Choque,Desobedecer senales,Calle 37  Sur Carrera 36,MESA,Urbana,"(6.168044613, -75.583236971)"
2170594,02/28/2017,7:50 p.m.,martes,MOTOCICLETA,PARTICULAR,Motociclista,Masculino,NO,N/A,HERIDO,Atropello,Cruzar sin observar,Calle 27 D Sur Carrera 27,LAS VEGAS,Urbana,"(6.169224506, -75.571738164)"
2170598,02/28/2017,7:45 p.m.,martes,AUTOMOVIL,PARTICULAR,Conductor,Masculino,NO,N/A,HERIDO,Choque,Transitar entre vehiculos,Calle 26  Sur Carrera 50,LAS VEGAS,Urbana,
2170606,02/28/2017,7:05 a.m.,martes,AUTOMOVIL,PARTICULAR,Conductor,Femenino,NO,N/A,SOLO DAÑOS,Choque,No mantener distancia de seguridad,Calle 50  Sur Carrera 48,LAS VEGAS,Urbana,
2170606,02/28/2017,7:05 a.m.,martes,MICROBUS,PUBLICO,Conductor,Masculino,NO,N/A,SOLO DAÑOS,Choque,No mantener distancia de seguridad,Calle 50  Sur Carrera 48,LAS VEGAS,Urbana,
2170572,02/28/2017,12:00 p.m.,martes,MOTOCICLETA,PARTICULAR,Motociclista,Masculino,NO,N/A,HERIDO,Choque,No mantener distancia de seguridad,Calle 37  Sur Carrera 50,LAS VEGAS,Urbana,
2170572,02/28/2017,12:00 p.m.,martes,AUTOMOVIL,PARTICULAR,Conductor,Femenino,NO,N/A,HERIDO,Choque,No mantener distancia de seguridad,Calle 37  Sur Carrera 50,LAS VEGAS,Urbana,
2170604,02/28/2017,5:00 p.m.,martes,MOTOCICLETA,PARTICULAR,Motociclista,Masculino,NO,N/A,SOLO DAÑOS,Choque,Exceso de velocidad,Calle 23  Sur Carrera 43 A,LAS VEGAS,Urbana,"(6.182706228, -75.580329956)"
2170604,02/28/2017,5:00 p.m.,martes,CAMIONETA,PARTICULAR,Conductor,Masculino,NO,N/A,SOLO DAÑOS,Choque,Exceso de velocidad,Calle 23  Sur Carrera 43 A,LAS VEGAS,Urbana,"(6.182706228, -75.580329956)"
2170595,02/28/2017,3:00 p.m.,martes,MOTOCICLETA,PARTICULAR,Motociclista,Masculino,NO,N/A,HERIDO,Choque,Impericia en el manejo,Calle 27  Sur Carrera 50,LAS VEGAS,Urbana,
2170595,02/28/2017,3:00 p.m.,martes,AUTOMOVIL,PARTICULAR,Conductor,Masculino,NO,N/A,HERIDO,Choque,Impericia en el manejo,Calle 27  Sur Carrera 50,LAS VEGAS,Urbana,
2170598,02/28/2017,7:45 p.m.,martes,MOTOCICLETA,PARTICULAR,Motociclista,Masculino,NO,N/A,HERIDO,Choque,Transitar entre vehiculos,Calle 26  Sur Carrera 50,LAS VEGAS,Urbana,
2170564,02/27/2017,6:10 a.m.,lunes,MOTOCICLETA,PARTICULAR,Motociclista,Masculino,NO,N/A,HERIDO,Choque,Adelantar por la derecha,Calle 38  Sur Carrera 47 A,ALCALA,Urbana,"(6.172609491, -75.592299613)"
2170602,02/27/2017,4:30 p.m.,lunes,AUTOMOVIL,PUBLICO,Conductor,Masculino,NO,N/A,SOLO DAÑOS,Choque,Reverso imprudente,Calle 36  Sur Carrera 49,LAS VEGAS,Urbana,
2170602,02/27/2017,4:30 p.m.,lunes,CAMION,PARTICULAR,Conductor,Masculino,NO,N/A,SOLO DAÑOS,Choque,Reverso imprudente,Calle 36  Sur Carrera 49,LAS VEGAS,Urbana,
2170570,02/27/2017,1:00 p.m.,lunes,CAMIONETA,PARTICULAR,Conductor,Masculino,NO,N/A,HERIDO,Atropello,Otra,Tramo 372 Kilometro  2,VEREDA PALMAS,Rural,
2170592,02/27/2017,2:45 p.m.,lunes,MOTOCICLETA,PARTICULAR,Motociclista,Femenino,NO,N/A,SOLO DAÑOS,Choque,Transitar entre vehiculos,Calle 29  Sur Carrera 43 A,LAS VEGAS,Urbana,"(6.178121023, -75.584561222)"
2170592,02/27/2017,2:45 p.m.,lunes,AUTOMOVIL,PARTICULAR,Conductor,Femenino,NO,N/A,SOLO DAÑOS,Choque,Transitar entre vehiculos,Calle 29  Sur Carrera 43 A,LAS VEGAS,Urbana,"(6.178121023, -75.584561222)"
2170601,02/27/2017,5:40 p.m.,lunes,AUTOMOVIL,PARTICULAR,Conductor,Femenino,NO,N/A,SOLO DAÑOS,Choque,Reverso imprudente,Calle 30  Sur Carrera 43 A,JARDINES,Urbana,"(6.177126039, -75.585250895)"
2170601,02/27/2017,5:40 p.m.,lunes,AUTOMOVIL,PARTICULAR,Conductor,Femenino,NO,N/A,SOLO DAÑOS,Choque,Reverso imprudente,Calle 30  Sur Carrera 43 A,JARDINES,Urbana,"(6.177126039, -75.585250895)"
2170567,02/27/2017,3:40 p.m.,lunes,BICICLETA,N/A,Ciclista,Masculino,NO,N/A,HERIDO,Choque,No mantener distancia de seguridad,Calle 40  Sur Carrera 27,SAN JOSE,Urbana,"(6.158366235, -75.580807934)"
2170567,02/27/2017,3:40 p.m.,lunes,MOTOCICLETA,PARTICULAR,Motociclista,Masculino,NO,N/A,HERIDO,Choque,No mantener distancia de seguridad,Calle 40  Sur Carrera 27,SAN JOSE,Urbana,"(6.158366235, -75.580807934)"
2170603,02/27/2017,5:15 p.m.,lunes,MOTOCICLETA,PARTICULAR,Motociclista,Masculino,NO,N/A,SOLO DAÑOS,Choque,Transitar entre vehiculos,Calle 25 AA Sur Carrera 50,LAS VEGAS,Urbana,"(6.182478523, -75.583313359)"
2170603,02/27/2017,5:15 p.m.,lunes,CAMION,PUBLICO,Conductor,Masculino,NO,N/A,SOLO DAÑOS,Choque,Transitar entre vehiculos,Calle 25 AA Sur Carrera 50,LAS VEGAS,Urbana,"(6.182478523, -75.583313359)"
2170603,02/27/2017,5:15 p.m.,lunes,AUTOMOVIL,PARTICULAR,Conductor,Masculino,NO,N/A,SOLO DAÑOS,Choque,Transitar entre vehiculos,Calle 25 AA Sur Carrera 50,LAS VEGAS,Urbana,"(6.182478523, -75.583313359)"
2170590,02/27/2017,8:20 a.m.,lunes,CAMION,PUBLICO,Conductor,Masculino,NO,N/A,SOLO DAÑOS,Choque,Poner en marcha un vehiculo sin precauci,Calle 44  Sur Carrera 43 A,ALCALA,Urbana,"(6.165598746, -75.594021133)"
2170590,02/27/2017,8:20 a.m.,lunes,AUTOMOVIL,PARTICULAR,Conductor,Masculino,NO,N/A,SOLO DAÑOS,Choque,Poner en marcha un vehiculo sin precauci,Calle 44  Sur Carrera 43 A,ALCALA,Urbana,"(6.165598746, -75.594021133)"
2170569,02/27/2017,7:50 p.m.,lunes,MOTOCICLETA,PARTICULAR,Motociclista,Masculino,NO,N/A,HERIDO,Atropello,Cruzar sin observar,Diagonal 31 F Transversal 34  Sur,LOS NARANJOS,Urbana,"(6.171847931, -75.580619215)"
2170569,02/27/2017,7:50 p.m.,lunes,MOTOCICLETA,PARTICULAR,Motociclista,Masculino,NO,N/A,HERIDO,Atropello,Exceso de velocidad,Diagonal 31 F Transversal 34  Sur,LOS NARANJOS,Urbana,"(6.171847931, -75.580619215)"
2170564,02/27/2017,6:10 a.m.,lunes,BUS,PUBLICO,Conductor,Masculino,NO,N/A,HERIDO,Choque,Adelantar por la derecha,Calle 38  Sur Carrera 47 A,ALCALA,Urbana,"(6.172609491, -75.592299613)"
2170600,02/27/2017,7:20 p.m.,lunes,MOTOCICLETA,PARTICULAR,Motociclista,Masculino,NO,N/A,SOLO DAÑOS,Choque,No mantener distancia de seguridad,Calle 23  Sur Carrera 27,LA INMACULADA,Urbana,"(6.176668041, -75.567525633)"
2170600,02/27/2017,7:20 p.m.,lunes,AUTOMOVIL,PARTICULAR,Conductor,Masculino,NO,N/A,SOLO DAÑOS,Choque,No mantener distancia de seguridad,Calle 23  Sur Carrera 27,LA INMACULADA,Urbana,"(6.176668041, -75.567525633)"
2170599,02/27/2017,7:20 p.m.,lunes,CAMIONETA,PARTICULAR,Conductor,Masculino,NO,N/A,SOLO DAÑOS,Choque,Desobedecer senales,Calle 37  Sur Carrera 32,MESA,Urbana,"(6.166691719, -75.581185995)"
2170599,02/27/2017,7:20 p.m.,lunes,MICROBUS,PUBLICO,Conductor,Masculino,NO,N/A,SOLO DAÑOS,Choque,Desobedecer senales,Calle 37  Sur Carrera 32,MESA,Urbana,"(6.166691719, -75.581185995)"
2170583,02/27/2017,6:10 a.m.,lunes,MOTOCICLETA,PARTICULAR,Motociclista,Masculino,NO,N/A,SOLO DAÑOS,Choque,No respetar prelacion,Carrera 50 Calle 46 A Sur,LAS VEGAS,Urbana,"(6.16131219, -75.603198185)"
2170583,02/27/2017,6:10 a.m.,lunes,AUTOMOVIL,PARTICULAR,Conductor,Masculino,NO,N/A,SOLO DAÑOS,Choque,No respetar prelacion,Carrera 50 Calle 46 A Sur,LAS VEGAS,Urbana,"(6.16131219, -75.603198185)"
2170587,02/26/2017,9:00 a.m.,domingo,CAMPERO,PARTICULAR,Conductor,Masculino,NO,N/A,SOLO DAÑOS,Choque,Desobedecer senales,Carrera 27 Calle 36  Sur,LA INMACULADA,Urbana,"(6.167009975, -75.569278076)"
2170579,02/26/2017,8:30 p.m.,domingo,CAMIONETA,PARTICULAR,Conductor,Femenino,NO,N/A,SOLO DAÑOS,Choque,Adelantar cerrando,Calle 38  Sur Carrera 41,ZONA CENTRO,Urbana,"(6.169244976, -75.586588065)"
2170579,02/26/2017,8:30 p.m.,domingo,AUTOMOVIL,PARTICULAR,Conductor,Masculino,NO,N/A,SOLO DAÑOS,Choque,Poner en marcha un vehiculo sin precauci,Calle 38  Sur Carrera 41,ZONA CENTRO,Urbana,"(6.169244976, -75.586588065)"
2170579,02/26/2017,8:30 p.m.,domingo,AUTOMOVIL,PARTICULAR,Conductor,Masculino,NO,N/A,SOLO DAÑOS,Choque,Adelantar cerrando,Calle 38  Sur Carrera 41,ZONA CENTRO,Urbana,"(6.169244976, -75.586588065)"
2170579,02/26/2017,8:30 p.m.,domingo,CAMIONETA,PARTICULAR,Conductor,Femenino,NO,N/A,SOLO DAÑOS,Choque,Poner en marcha un vehiculo sin precauci,Calle 38  Sur Carrera 41,ZONA CENTRO,Urbana,"(6.169244976, -75.586588065)"
2170554,02/26/2017,4:10 p.m.,domingo,MOTOCICLETA,PARTICULAR,Motociclista,Masculino,NO,N/A,SOLO DAÑOS,Choque,Exceso de velocidad,Tramo 192 Kilometro  2,VEREDA EL ESCOBERO,Rural,
2170554,02/26/2017,4:10 p.m.,domingo,CAMPERO,PARTICULAR,Conductor,Masculino,NO,N/A,SOLO DAÑOS,Choque,Exceso de velocidad,Tramo 192 Kilometro  2,VEREDA EL ESCOBERO,Rural,
2170587,02/26/2017,9:00 a.m.,domingo,AUTOMOVIL,PARTICULAR,Conductor,Masculino,NO,N/A,SOLO DAÑOS,Choque,Desobedecer senales,Carrera 27 Calle 36  Sur,LA INMACULADA,Urbana,"(6.167009975, -75.569278076)"
2170555,02/25/2017,6:00 p.m.,sábado,AUTOMOVIL,PARTICULAR,Conductor,Masculino,NO,N/A,SOLO DAÑOS,Choque,Desobedecer senales,Calle 39 B Sur Carrera 32,MESA,Urbana,"(6.163909636, -75.5829262)"
2170576,02/25/2017,3:00 p.m.,sábado,AUTOMOVIL,PARTICULAR,Conductor,Femenino,NO,N/A,SOLO DAÑOS,Choque,No mantener distancia de seguridad,Carrera 50 Calle 30  Sur,LAS VEGAS,Urbana,
2170571,02/25/2017,11:20 a.m.,sábado,AUTOMOVIL,PARTICULAR,Conductor,Masculino,NO,N/A,SOLO DAÑOS,Choque,No mantener distancia de seguridad,Calle 23  Sur Carrera 27,LA INMACULADA,Urbana,"(6.176668041, -75.567525633)"
2170586,02/25/2017,5:50 p.m.,sábado,MOTOCICLETA,PARTICULAR,Motociclista,Masculino,NO,N/A,SOLO DAÑOS,Choque,Impericia en el manejo,Calle 38  Sur Carrera 41,ZONA CENTRO,Urbana,"(6.169244976, -75.586588065)"
2170586,02/25/2017,5:50 p.m.,sábado,AUTOMOVIL,PARTICULAR,Conductor,Masculino,NO,N/A,SOLO DAÑOS,Choque,Impericia en el manejo,Calle 38  Sur Carrera 41,ZONA CENTRO,Urbana,"(6.169244976, -75.586588065)"
2170559,02/25/2017,5:00 p.m.,sábado,AUTOMOVIL,PARTICULAR,Conductor,Masculino,NO,N/A,SOLO DAÑOS,Choque,Desobedecer senales,Calle 37  Sur Carrera 41,ZONA CENTRO,Urbana,"(6.169855492, -75.586196006)"
2170559,02/25/2017,5:00 p.m.,sábado,AUTOMOVIL,PARTICULAR,Conductor,Femenino,NO,N/A,SOLO DAÑOS,Choque,Desobedecer senales,Calle 37  Sur Carrera 41,ZONA CENTRO,Urbana,"(6.169855492, -75.586196006)"
2170577,02/25/2017,8:10 a.m.,sábado,CAMIONETA,PARTICULAR,Conductor,Masculino,NO,N/A,SOLO DAÑOS,Choque,No mantener distancia de seguridad,Calle 25 AA Sur Carrera 48,LAS VEGAS,Urbana,"(6.18405129, -75.584783826)"
2170577,02/25/2017,8:10 a.m.,sábado,CAMIONETA,PARTICULAR,Conductor,Masculino,NO,N/A,SOLO DAÑOS,Choque,No mantener distancia de seguridad,Calle 25 AA Sur Carrera 48,LAS VEGAS,Urbana,"(6.18405129, -75.584783826)"
2170578,02/25/2017,4:55 p.m.,sábado,AUTOMOVIL,PARTICULAR,Conductor,Masculino,NO,N/A,SOLO DAÑOS,Choque,No respetar prelacion,Diagonal 40 Transversal 34  Sur,OBRERO,Urbana,"(6.172071276, -75.58511796)"
2170578,02/25/2017,4:55 p.m.,sábado,AUTOMOVIL,PUBLICO,Conductor,Masculino,NO,N/A,SOLO DAÑOS,Choque,No respetar prelacion,Diagonal 40 Transversal 34  Sur,OBRERO,Urbana,"(6.172071276, -75.58511796)"
2170544,02/25/2017,12:30 p.m.,sábado,CAMIONETA,PARTICULAR,Conductor,Masculino,NO,N/A,HERIDO,Choque,Transitar entre vehiculos,Tramo 372 Kilometro  5,VEREDA PALMAS,Rural,
2170544,02/25/2017,12:30 p.m.,sábado,MOTOCICLETA,PARTICULAR,Motociclista,Masculino,NO,N/A,HERIDO,Choque,Transitar entre vehiculos,Tramo 372 Kilometro  5,VEREDA PALMAS,Rural,
2170558,02/25/2017,7:40 a.m.,sábado,MOTOCICLETA,PARTICULAR,Motociclista,Masculino,NO,N/A,SOLO DAÑOS,Choque,Desobedecer senales,Transversal 33 A Sur Diagonal 31,LAS FLORES,Urbana,"(6.173844844, -75.579023171)"
2170563,02/25/2017,2:30 p.m.,sábado,MOTOCICLETA,PARTICULAR,Motociclista,Masculino,NO,N/A,HERIDO,Choque,Adelantar cerrando,Calle 26  Sur Carrera 50,LAS VEGAS,Urbana,
2170539,02/25/2017,7:53 a.m.,sábado,MOTOCICLETA,PARTICULAR,Motociclista,Masculino,SI,1,HERIDO,Choque,Embriaguez o droga,Calle 43  Sur Carrera 48,LAS VEGAS,Urbana,"(6.168592602, -75.597528999)"
2170574,02/25/2017,4:40 p.m.,sábado,AUTOMOVIL,PUBLICO,Conductor,Masculino,NO,N/A,SOLO DAÑOS,Choque,No mantener distancia de seguridad,Transversal 35  Sur Diagonal 30,LA SEBASTIANA,Urbana,"(6.170161165, -75.578370522)"
2170539,02/25/2017,7:53 a.m.,sábado,BUS,PUBLICO,Conductor,Masculino,NO,N/A,HERIDO,Choque,Embriaguez o droga,Calle 43  Sur Carrera 48,LAS VEGAS,Urbana,"(6.168592602, -75.597528999)"
2170581,02/25/2017,11:20 a.m.,sábado,CAMIONETA,PARTICULAR,Conductor,Masculino,NO,N/A,SOLO DAÑOS,Choque,Impericia en el manejo,Calle 40  Sur Carrera 46 A,ALCALA,Urbana,"(6.169204277, -75.594295389)"
2170582,02/25/2017,11:45 a.m.,sábado,MOTOCICLETA,PARTICULAR,Motociclista,Femenino,NO,N/A,SOLO DAÑOS,Choque,Girar bruscamente,Calle 39  Sur Carrera 42,ZONA CENTRO,Urbana,"(6.168300638, -75.588159271)"
2170576,02/25/2017,3:00 p.m.,sábado,MOTOCICLETA,PARTICULAR,Motociclista,Masculino,NO,N/A,SOLO DAÑOS,Choque,No mantener distancia de seguridad,Carrera 50 Calle 30  Sur,LAS VEGAS,Urbana,
2170555,02/25/2017,6:00 p.m.,sábado,CAMIONETA,PUBLICO,Conductor,Masculino,NO,N/A,SOLO DAÑOS,Choque,Desobedecer senales,Calle 39 B Sur Carrera 32,MESA,Urbana,"(6.163909636, -75.5829262)"
2170581,02/25/2017,11:20 a.m.,sábado,BUSETA,PUBLICO,Conductor,Masculino,NO,N/A,SOLO DAÑOS,Choque,Impericia en el manejo,Calle 40  Sur Carrera 46 A,ALCALA,Urbana,"(6.169204277, -75.594295389)"
2170560,02/25/2017,3:30 p.m.,sábado,MOTOCICLETA,PARTICULAR,Motociclista,Masculino,NO,N/A,SOLO DAÑOS,Choque,No mantener distancia de seguridad,Carrera 50 Calle 30  Sur,LAS VEGAS,Urbana,
2170560,02/25/2017,3:30 p.m.,sábado,AUTOMOVIL,PARTICULAR,Conductor,Masculino,NO,N/A,SOLO DAÑOS,Choque,No mantener distancia de seguridad,Carrera 50 Calle 30  Sur,LAS VEGAS,Urbana,
2170585,02/25/2017,4:30 a.m.,sábado,CAMPERO,PARTICULAR,Conductor,Masculino,NO,N/A,SOLO DAÑOS,Choque,Impericia en el manejo,Calle 36 D Sur Carrera 27 A,VEREDA EL ESCOBERO,Urbana,"(6.164831751, -75.574234965)"
2170563,02/25/2017,2:30 p.m.,sábado,AUTOMOVIL,PUBLICO,Conductor,Masculino,NO,N/A,HERIDO,Choque,Adelantar cerrando,Calle 26  Sur Carrera 50,LAS VEGAS,Urbana,
2170582,02/25/2017,11:45 a.m.,sábado,AUTOMOVIL,PARTICULAR,Conductor,Femenino,NO,N/A,SOLO DAÑOS,Choque,Girar bruscamente,Calle 39  Sur Carrera 42,ZONA CENTRO,Urbana,"(6.168300638, -75.588159271)"
2170558,02/25/2017,7:40 a.m.,sábado,MOTOCICLETA,PARTICULAR,Motociclista,Masculino,NO,N/A,SOLO DAÑOS,Choque,Desobedecer senales,Transversal 33 A Sur Diagonal 31,LAS FLORES,Urbana,"(6.173844844, -75.579023171)"
2170571,02/25/2017,11:20 a.m.,sábado,AUTOMOVIL,PARTICULAR,Conductor,Masculino,NO,N/A,SOLO DAÑOS,Choque,No mantener distancia de seguridad,Calle 23  Sur Carrera 27,LA INMACULADA,Urbana,"(6.176668041, -75.567525633)"
2170558,02/25/2017,7:40 a.m.,sábado,AUTOMOVIL,PARTICULAR,Conductor,Masculino,NO,N/A,SOLO DAÑOS,Choque,Desobedecer senales,Transversal 33 A Sur Diagonal 31,LAS FLORES,Urbana,"(6.173844844, -75.579023171)"
2170549,02/25/2017,11:45 a.m.,sábado,MOTOCICLETA,PARTICULAR,Motociclista,Masculino,NO,N/A,SOLO DAÑOS,Choque,Transitar entre vehiculos,Calle 26  Sur Carrera 50,LAS VEGAS,Urbana,
2170549,02/25/2017,11:45 a.m.,sábado,AUTOMOVIL,PARTICULAR,Conductor,Masculino,NO,N/A,SOLO DAÑOS,Choque,Transitar entre vehiculos,Calle 26  Sur Carrera 50,LAS VEGAS,Urbana,
2170552,02/25/2017,10:40 a.m.,sábado,CAMION,PUBLICO,Conductor,Masculino,NO,N/A,SOLO DAÑOS,Choque,No mantener distancia de seguridad,Calle 19  Sur Carrera 48,LAS VEGAS,Urbana,
2170552,02/25/2017,10:40 a.m.,sábado,CAMIONETA,PARTICULAR,Conductor,Masculino,NO,N/A,SOLO DAÑOS,Choque,No mantener distancia de seguridad,Calle 19  Sur Carrera 48,LAS VEGAS,Urbana,