RADICADO,FECHA,HORA,DÍA DE LA SEMANA,CLASE DE VEHICULO,TIPO DE SERVICIO,TIPO DE VICTIMA,SEXO,ESTADO DE BEODEZ,RESULTADO DE BEODEZ,GRAVEDAD,CLASE DE ACCIDENTE,CAUSA,DIRECCIÓN,BARRIO,AREA,Coordenadas
2170134,01/22/2017,8:50 p.m.,domingo,MOTOCICLETA,PARTICULAR,Motociclista,Masculino,SI,2,HERIDO,Choque,Embriaguez o droga,Calle 40  Sur Carrera 24,EL SALADO,Urbana,"(6.147263187, -75.576335752)"
2170164,01/22/2017,2:30 p.m.,domingo,BICICLETA,N/A,Ciclista,Masculino,NO,N/A,HERIDO,Choque,Otra,Calle 40  Sur Carrera 24,EL SALADO,Urbana,"(6.147263187, -75.576335752)"
2170149,01/22/2017,12:10 p.m.,domingo,AUTOMOVIL,PARTICULAR,Conductor,Masculino,NO,N/A,SOLO DAÑOS,Choque,Otra,Calle 31 A Sur Carrera 43 A,SAN MARCOS,Urbana,"(6.17641909, -75.585561331)"
2170147,01/21/2017,2:00 p.m.,sábado,CAMIONETA,PARTICULAR,Conductor,Masculino,NO,N/A,SOLO DAÑOS,Choque,Otra,Calle 37  Sur Carrera 42,ZONA CENTRO,Urbana,"(6.17029993, -75.586935484)"
2170162,01/21/2017,10:50 a.m.,sábado,MOTOCICLETA,PARTICULAR,Motociclista,Masculino,NO,N/A,SOLO DAÑOS,Choque,No mantener distancia de seguridad,Calle 37  Sur Carrera 48,GLORIETA DE PELDAR,Urbana,"(6.17412211, -75.593061115)"
2170162,01/21/2017,10:50 a.m.,sábado,AUTOMOVIL,PARTICULAR,Conductor,Masculino,NO,N/A,SOLO DAÑOS,Choque,No mantener distancia de seguridad,Calle 37  Sur Carrera 48,GLORIETA DE PELDAR,Urbana,"(6.17412211, -75.593061115)"
2170175,01/21/2017,3:40 a.m.,sábado,CAMIONETA,PARTICULAR,Conductor,Femenino,NO,N/A,SOLO DAÑOS,Choque,Otra,Calle 27  Sur Carrera 28,EL ESMERALDAL,Urbana,"(6.175346318, -75.574583402)"
2170175,01/21/2017,3:40 a.m.,sábado,AUTOMOVIL,PARTICULAR,Conductor,Masculino,NO,N/A,SOLO DAÑOS,Choque,Otra,Calle 27  Sur Carrera 28,EL ESMERALDAL,Urbana,"(6.175346318, -75.574583402)"
2170140,01/21/2017,9:00 p.m.,sábado,MOTOCICLETA,PARTICULAR,Motociclista,Masculino,NO,N/A,SOLO DAÑOS,Choque,Reverso imprudente,Carrera 40 Calle 47  Sur,EL TRIANON,Urbana,"(6.159120887, -75.593927939)"
2170140,01/21/2017,9:00 p.m.,sábado,AUTOMOVIL,PARTICULAR,Conductor,Masculino,NO,N/A,SOLO DAÑOS,Choque,Reverso imprudente,Carrera 40 Calle 47  Sur,EL TRIANON,Urbana,"(6.159120887, -75.593927939)"
2170148,01/21/2017,5:20 p.m.,sábado,CAMIONETA,PARTICULAR,Conductor,Masculino,NO,N/A,HERIDO,Choque,Otra,Calle 43  Sur Carrera 50,LAS VEGAS,Urbana,"(6.159203801, -75.602594962)"
2170148,01/21/2017,5:20 p.m.,sábado,AUTOMOVIL,PARTICULAR,Conductor,Masculino,NO,N/A,HERIDO,Choque,Otra,Calle 43  Sur Carrera 50,LAS VEGAS,Urbana,"(6.159203801, -75.602594962)"
2170137,01/21/2017,8:20 p.m.,sábado,CAMIONETA,PARTICULAR,Conductor,Masculino,NO,N/A,SOLO DAÑOS,Choque,No mantener distancia de seguridad,Carrera 48 Calle 38  Sur,LAS VEGAS,Urbana,"(6.172747818, -75.592698171)"
2170153,01/21/2017,4:20 p.m.,sábado,AUTOMOVIL,PUBLICO,Conductor,Masculino,NO,N/A,SOLO DAÑOS,Choque,Otra,Carrera 41 Calle 40 H Sur,EL DORADO,Urbana,"(6.164528495, -75.590451061)"
2170153,01/21/2017,4:20 p.m.,sábado,CAMION,PUBLICO,Conductor,Masculino,NO,N/A,SOLO DAÑOS,Choque,Otra,Carrera 41 Calle 40 H Sur,EL DORADO,Urbana,"(6.164528495, -75.590451061)"
2170137,01/21/2017,8:20 p.m.,sábado,CAMPERO,PARTICULAR,Conductor,Femenino,NO,N/A,SOLO DAÑOS,Choque,No mantener distancia de seguridad,Carrera 48 Calle 38  Sur,LAS VEGAS,Urbana,"(6.172747818, -75.592698171)"
2170138,01/21/2017,1:30 p.m.,sábado,AUTOMOVIL,PARTICULAR,Conductor,Masculino,NO,N/A,HERIDO,Choque,Otra,Tramo 372 Kilometro  13,VEREDA PALMAS,Rural,
2170138,01/21/2017,1:30 p.m.,sábado,AUTOMOVIL,PARTICULAR,Conductor,Femenino,NO,N/A,HERIDO,Choque,Otra,Tramo 372 Kilometro  13,VEREDA PALMAS,Rural,
2170161,01/21/2017,12:00 p.m.,sábado,CAMIONETA,PARTICULAR,Conductor,Masculino,NO,N/A,SOLO DAÑOS,Choque,No mantener distancia de seguridad,Carrera 43 A Calle 31  Sur,JARDINES,Urbana,"(6.176754685, -75.585468966)"
2170161,01/21/2017,12:00 p.m.,sábado,AUTOMOVIL,PUBLICO,Conductor,Masculino,NO,N/A,SOLO DAÑOS,Choque,No mantener distancia de seguridad,Carrera 43 A Calle 31  Sur,JARDINES,Urbana,"(6.176754685, -75.585468966)"
2170146,01/21/2017,1:05 p.m.,sábado,AUTOMOVIL,PARTICULAR,Conductor,Masculino,NO,N/A,HERIDO,Atropello,Otra,Calle 25 AA Sur Carrera 48,LAS VEGAS,Urbana,"(6.18405129, -75.584783826)"
2170147,01/21/2017,2:00 p.m.,sábado,CAMPERO,PARTICULAR,Conductor,Masculino,NO,N/A,SOLO DAÑOS,Choque,Otra,Calle 37  Sur Carrera 42,ZONA CENTRO,Urbana,"(6.17029993, -75.586935484)"
2170135,01/21/2017,8:50 a.m.,sábado,AUTOMOVIL,PARTICULAR,Conductor,Femenino,NO,N/A,SOLO DAÑOS,Choque,Otra,Tramo 372 Kilometro  17,VEREDA PALMAS,Rural,
2170135,01/21/2017,8:50 a.m.,sábado,CAMIONETA,PARTICULAR,Conductor,Masculino,NO,N/A,SOLO DAÑOS,Choque,Otra,Tramo 372 Kilometro  17,VEREDA PALMAS,Rural,
2170150,01/20/2017,7:30 p.m.,viernes,MOTOCICLETA,PARTICULAR,Motociclista,Masculino,NO,N/A,SOLO DAÑOS,Choque,No mantener distancia de seguridad,Tramo 371 Kilometro  10,VEREDA PALMAS,Rural,
2170136,01/20/2017,1:00 p.m.,viernes,BUS,PUBLICO,Conductor,Masculino,NO,N/A,HERIDO,Choque,No mantener distancia de seguridad,Calle 40  Sur Carrera 48,LAS VEGAS,Urbana,"(6.158744179, -75.594597118)"
2170160,01/20/2017,5:50 p.m.,viernes,MOTOCICLETA,PARTICULAR,Motociclista,Masculino,NO,N/A,HERIDO,Choque,Otra,Calle 39  Sur Carrera 43,LAS VEGAS,Urbana,"(6.168678771, -75.58876156)"
2170160,01/20/2017,5:50 p.m.,viernes,AUTOMOVIL,PARTICULAR,Conductor,Masculino,NO,N/A,HERIDO,Choque,Otra,Calle 39  Sur Carrera 43,LAS VEGAS,Urbana,"(6.168678771, -75.58876156)"
2170160,01/20/2017,5:50 p.m.,viernes,CAMIONETA,PARTICULAR,Conductor,Masculino,NO,N/A,HERIDO,Choque,Otra,Calle 39  Sur Carrera 43,LAS VEGAS,Urbana,"(6.168678771, -75.58876156)"
2170158,01/20/2017,2:35 a.m.,viernes,MOTOCICLETA,PARTICULAR,Motociclista,Masculino,SI,3,HERIDO,Caida Ocupante,Embriaguez o droga,Calle 36 A Sur Carrera 50,LAS VEGAS,Urbana,
2170157,01/20/2017,3:50 p.m.,viernes,MOTOCICLETA,PARTICULAR,Motociclista,Masculino,NO,N/A,SOLO DAÑOS,Choque,Otra,Carrera 50 Calle 26  Sur,LAS VEGAS,Urbana,"(6.184812544, -75.586911093)"
2170136,01/20/2017,1:00 p.m.,viernes,MOTOCICLETA,PARTICULAR,Motociclista,Masculino,NO,N/A,HERIDO,Choque,No mantener distancia de seguridad,Calle 40  Sur Carrera 48,LAS VEGAS,Urbana,"(6.158744179, -75.594597118)"
2170144,01/20/2017,10:00 a.m.,viernes,MOTOCICLETA,PARTICULAR,Motociclista,Masculino,NO,N/A,HERIDO,Atropello,Otra,Calle 32 A Sur Diagonal 29  Sur,ALTO DE MISAEL,Urbana,"(6.174110814, -75.576678517)"
2170150,01/20/2017,7:30 p.m.,viernes,CAMIONETA,PUBLICO,Conductor,Masculino,NO,N/A,SOLO DAÑOS,Choque,No mantener distancia de seguridad,Tramo 371 Kilometro  10,VEREDA PALMAS,Rural,
2170157,01/20/2017,3:50 p.m.,viernes,AUTOMOVIL,PARTICULAR,Conductor,Masculino,NO,N/A,SOLO DAÑOS,Choque,Otra,Carrera 50 Calle 26  Sur,LAS VEGAS,Urbana,"(6.184812544, -75.586911093)"
2170142,01/20/2017,9:20 p.m.,viernes,AUTOMOVIL,PUBLICO,Conductor,Masculino,NO,N/A,SOLO DAÑOS,Choque,No mantener distancia de seguridad,Carrera 50 Calle 47  Sur,LAS VEGAS,Urbana,
2170142,01/20/2017,9:20 p.m.,viernes,CAMPERO,PARTICULAR,Conductor,Masculino,NO,N/A,SOLO DAÑOS,Choque,No mantener distancia de seguridad,Carrera 50 Calle 47  Sur,LAS VEGAS,Urbana,
2170142,01/20/2017,9:20 p.m.,viernes,AUTOMOVIL,PUBLICO,Conductor,Masculino,NO,N/A,SOLO DAÑOS,Choque,No mantener distancia de seguridad,Carrera 50 Calle 47  Sur,LAS VEGAS,Urbana,
2170156,01/20/2017,3:40 p.m.,viernes,AUTOMOVIL,PUBLICO,Conductor,Masculino,NO,N/A,SOLO DAÑOS,Choque,No mantener distancia de seguridad,Carrera 50 Calle 30  Sur,LAS VEGAS,Urbana,
2170156,01/20/2017,3:40 p.m.,viernes,CAMIONETA,PUBLICO,Conductor,Masculino,NO,N/A,SOLO DAÑOS,Choque,No mantener distancia de seguridad,Carrera 50 Calle 30  Sur,LAS VEGAS,Urbana,
2170165,01/20/2017,8:30 a.m.,viernes,MOTOCICLETA,PARTICULAR,Motociclista,Masculino,NO,N/A,SOLO DAÑOS,Choque,No mantener distancia de seguridad,Carrera 43 B Calle 25 A Sur,LAS ORQUIDEAS,Urbana,
2170165,01/20/2017,8:30 a.m.,viernes,AUTOMOVIL,PARTICULAR,Conductor,Femenino,NO,N/A,SOLO DAÑOS,Choque,No mantener distancia de seguridad,Carrera 43 B Calle 25 A Sur,LAS ORQUIDEAS,Urbana,
2170159,01/20/2017,5:40 a.m.,viernes,MOTOCICLETA,PARTICULAR,Motociclista,Masculino,NO,N/A,HERIDO,Choque,Otra,Calle 25 A Sur Carrera 50,LAS VEGAS,Urbana,
2170159,01/20/2017,5:40 a.m.,viernes,CAMION,PARTICULAR,Conductor,Masculino,NO,N/A,HERIDO,Choque,Otra,Calle 25 A Sur Carrera 50,LAS VEGAS,Urbana,
2170154,01/20/2017,8:10 p.m.,viernes,AUTOMOVIL,PUBLICO,Conductor,Masculino,NO,N/A,SOLO DAÑOS,Choque,No mantener distancia de seguridad,Calle 37  Sur Carrera 50,LAS VEGAS,Urbana,
2170154,01/20/2017,8:10 p.m.,viernes,AUTOMOVIL,PARTICULAR,Conductor,Femenino,NO,N/A,SOLO DAÑOS,Choque,No mantener distancia de seguridad,Calle 37  Sur Carrera 50,LAS VEGAS,Urbana,
2170132,01/20/2017,9:20 a.m.,viernes,MOTOCICLETA,PARTICULAR,Motociclista,Masculino,NO,N/A,HERIDO,Choque,Otra,Diagonal 33 Transversal 32 A Sur,LA MAGNOLIA,Urbana,"(6.174904994, -75.584648578)"
2170132,01/20/2017,9:20 a.m.,viernes,AUTOMOVIL,PUBLICO,Conductor,Masculino,NO,N/A,HERIDO,Choque,Otra,Diagonal 33 Transversal 32 A Sur,LA MAGNOLIA,Urbana,"(6.174904994, -75.584648578)"
2170151,01/20/2017,7:00 p.m.,viernes,MOTOCICLETA,PARTICULAR,Motociclista,Femenino,NO,N/A,HERIDO,Caida Ocupante,Otra,Diagonal 31 E Transversal 34,LOS NARANJOS,Urbana,"(6.172689669, -75.578827286)"
2170145,01/20/2017,11:10 a.m.,viernes,AUTOMOVIL,PARTICULAR,Conductor,Femenino,NO,N/A,SOLO DAÑOS,Choque,Otra,Calle 37  Sur Carrera 48,LAS VEGAS,Urbana,"(6.17412211, -75.593061115)"
2170145,01/20/2017,11:10 a.m.,viernes,AUTOMOVIL,PARTICULAR,Conductor,Masculino,NO,N/A,SOLO DAÑOS,Choque,Otra,Calle 37  Sur Carrera 48,LAS VEGAS,Urbana,"(6.17412211, -75.593061115)"
2170127,01/19/2017,8:45 a.m.,jueves,CAMION,PUBLICO,Conductor,Masculino,NO,N/A,SOLO DAÑOS,Choque,Reverso imprudente,Tramo 372 Kilometro  15,VEREDA PALMAS,Rural,
2170129,01/19/2017,11:26 p.m.,jueves,CAMPERO,PARTICULAR,Conductor,Masculino,NO,N/A,SOLO DAÑOS,Choque,Desobedecer senales,Calle 38  Sur Carrera 29 A,MESA,Urbana,"(6.165022576, -75.580713107)"
2170129,01/19/2017,11:26 p.m.,jueves,AUTOMOVIL,PARTICULAR,Conductor,Masculino,NO,N/A,SOLO DAÑOS,Choque,Desobedecer senales,Calle 38  Sur Carrera 29 A,MESA,Urbana,"(6.165022576, -75.580713107)"
2170141,01/19/2017,6:50 p.m.,jueves,BUS,PUBLICO,Conductor,Masculino,NO,N/A,SOLO DAÑOS,Choque,Impericia en el manejo,Calle 45 A Sur Carrera 39 B,EL TRIANON,Urbana,"(6.160320892, -75.590005662)"
2170141,01/19/2017,6:50 p.m.,jueves,MOTOCICLETA,PARTICULAR,Motociclista,Masculino,NO,N/A,SOLO DAÑOS,Choque,Impericia en el manejo,Calle 45 A Sur Carrera 39 B,EL TRIANON,Urbana,"(6.160320892, -75.590005662)"
2170131,01/19/2017,4:50 p.m.,jueves,MOTOCICLETA,PARTICULAR,Motociclista,Masculino,NO,N/A,SOLO DAÑOS,Choque,Adelantar invadiendo carril de sentido contrario,Calle 27  Sur Carrera 27,LA INMACULADA,Urbana,"(6.17243521, -75.567871917)"
2170131,01/19/2017,4:50 p.m.,jueves,CAMPERO,PARTICULAR,Conductor,Masculino,NO,N/A,SOLO DAÑOS,Choque,Adelantar invadiendo carril de sentido contrario,Calle 27  Sur Carrera 27,LA INMACULADA,Urbana,"(6.17243521, -75.567871917)"
2170133,01/19/2017,12:40 p.m.,jueves,AUTOMOVIL,PARTICULAR,Conductor,Masculino,NO,N/A,SOLO DAÑOS,Choque,Adelantar cerrando,Calle 46  Sur Carrera 48,LAS VEGAS,Urbana,"(6.162824447, -75.599686607)"
2170133,01/19/2017,12:40 p.m.,jueves,CAMIONETA,PUBLICO,Conductor,Masculino,NO,N/A,SOLO DAÑOS,Choque,Adelantar cerrando,Calle 46  Sur Carrera 48,LAS VEGAS,Urbana,"(6.162824447, -75.599686607)"
2170127,01/19/2017,8:45 a.m.,jueves,AUTOMOVIL,PARTICULAR,Conductor,Femenino,NO,N/A,SOLO DAÑOS,Choque,Reverso imprudente,Tramo 372 Kilometro  15,VEREDA PALMAS,Rural,
2170143,01/19/2017,5:30 p.m.,jueves,AUTOMOVIL,PUBLICO,Conductor,Masculino,NO,N/A,SOLO DAÑOS,Choque,Otra,Calle 48  Sur Carrera 46,LAS CASITAS,Urbana,"(6.166195386, -75.599285489)"
2170130,01/19/2017,3:40 p.m.,jueves,CAMIONETA,PARTICULAR,Conductor,Masculino,NO,N/A,SOLO DAÑOS,Choque,No mantener distancia de seguridad,Calle 37  Sur Carrera 50,LAS VEGAS,Urbana,
2170130,01/19/2017,3:40 p.m.,jueves,CAMIONETA,PARTICULAR,Conductor,Masculino,NO,N/A,SOLO DAÑOS,Choque,No mantener distancia de seguridad,Calle 37  Sur Carrera 50,LAS VEGAS,Urbana,
2170143,01/19/2017,5:30 p.m.,jueves,CAMION,PUBLICO,Conductor,Masculino,NO,N/A,SOLO DAÑOS,Choque,Otra,Calle 48  Sur Carrera 46,LAS CASITAS,Urbana,"(6.166195386, -75.599285489)"
2170126,01/19/2017,6:49 a.m.,jueves,AUTOMOVIL,PARTICULAR,Conductor,Masculino,NO,N/A,SOLO DAÑOS,Choque,Otra,Tramo 372 Kilometro  15,VEREDA PALMAS,Rural,
2170126,01/19/2017,6:49 a.m.,jueves,MOTOCICLETA,PARTICULAR,Motociclista,Masculino,NO,N/A,SOLO DAÑOS,Choque,Otra,Tramo 372 Kilometro  15,VEREDA PALMAS,Rural,
2170125,01/19/2017,7:30 a.m.,jueves,MOTOCICLETA,PARTICULAR,Motociclista,Masculino,NO,N/A,SOLO DAÑOS,Choque,Otra,Tramo 372 Kilometro  9,VEREDA PALMAS,Rural,
2170125,01/19/2017,7:30 a.m.,jueves,CAMPERO,PARTICULAR,Conductor,Femenino,NO,N/A,SOLO DAÑOS,Choque,Otra,Tramo 372 Kilometro  9,VEREDA PALMAS,Rural,
2170167,01/19/2017,1:30 p.m.,jueves,AUTOMOVIL,PARTICULAR,Conductor,Masculino,NO,N/A,SOLO DAÑOS,Choque,Reverso imprudente,Tramo 372 Kilometro  17,VEREDA PALMAS,Rural,
2170167,01/19/2017,1:30 p.m.,jueves,MICROBUS,PUBLICO,Conductor,Masculino,NO,N/A,SOLO DAÑOS,Choque,Reverso imprudente,Tramo 372 Kilometro  17,VEREDA PALMAS,Rural,
2170124,01/19/2017,7:20 a.m.,jueves,MOTOCICLETA,PARTICULAR,Motociclista,Masculino,NO,N/A,SOLO DAÑOS,Choque,Otra,Calle 27  Sur Carrera 28,EL ESMERALDAL,Urbana,"(6.175346318, -75.574583402)"
2170124,01/19/2017,7:20 a.m.,jueves,AUTOMOVIL,PARTICULAR,Conductor,Masculino,NO,N/A,SOLO DAÑOS,Choque,Otra,Calle 27  Sur Carrera 28,EL ESMERALDAL,Urbana,"(6.175346318, -75.574583402)"
2170166,01/18/2017,3:25 p.m.,miércoles,MICROBUS,PUBLICO,Conductor,Masculino,NO,N/A,SOLO DAÑOS,Choque,Desobedecer senales,Calle 38  Sur Carrera 38,MESA,Urbana,"(6.16803936, -75.584694353)"
2170118,01/18/2017,9:45 a.m.,miércoles,AUTOMOVIL,PARTICULAR,Conductor,Masculino,NO,N/A,SOLO DAÑOS,Choque,Otra,Tramo 372 Kilometro  11,VEREDA PALMAS,Rural,
2170118,01/18/2017,9:45 a.m.,miércoles,MOTOCICLETA,PARTICULAR,Motociclista,Masculino,NO,N/A,SOLO DAÑOS,Choque,Otra,Tramo 372 Kilometro  11,VEREDA PALMAS,Rural,
2170152,01/18/2017,4:45 p.m.,miércoles,CAMION,PUBLICO,Conductor,Masculino,NO,N/A,SOLO DAÑOS,Choque,Otra,Tramo 378 Kilometro  17,VEREDA PALMAS,Rural,
2170152,01/18/2017,4:45 p.m.,miércoles,CAMIONETA,PARTICULAR,Conductor,Masculino,NO,N/A,SOLO DAÑOS,Choque,Otra,Tramo 378 Kilometro  17,VEREDA PALMAS,Rural,
2170116,01/18/2017,4:36 p.m.,miércoles,AUTOMOVIL,PARTICULAR,Conductor,Femenino,NO,N/A,SOLO DAÑOS,Choque,Reverso imprudente,Calle 26  Sur Carrera 48,LAS VEGAS,Urbana,"(6.183423583, -75.585428952)"
2170116,01/18/2017,4:36 p.m.,miércoles,AUTOMOVIL,PARTICULAR,Conductor,Femenino,NO,N/A,SOLO DAÑOS,Choque,Reverso imprudente,Calle 26  Sur Carrera 48,LAS VEGAS,Urbana,"(6.183423583, -75.585428952)"
2170119,01/18/2017,7:40 a.m.,miércoles,CAMPERO,PARTICULAR,Conductor,Masculino,NO,N/A,SOLO DAÑOS,Choque,Otra,Tramo 372 Kilometro  13,VEREDA PALMAS,Rural,
2170119,01/18/2017,7:40 a.m.,miércoles,MICROBUS,PUBLICO,Conductor,Masculino,NO,N/A,SOLO DAÑOS,Choque,Otra,Tramo 372 Kilometro  13,VEREDA PALMAS,Rural,
2170166,01/18/2017,3:25 p.m.,miércoles,AUTOMOVIL,PUBLICO,Conductor,Masculino,NO,N/A,SOLO DAÑOS,Choque,Desobedecer senales,Calle 38  Sur Carrera 38,MESA,Urbana,"(6.16803936, -75.584694353)"
2170111,01/18/2017,8:20 a.m.,miércoles,CAMION,PUBLICO,Conductor,Masculino,NO,N/A,SOLO DAÑOS,Choque,Otra,Calle 32 B Sur Carrera 49,LAS VEGAS,Urbana,"(6.176640341, -75.589187574)"
2170111,01/18/2017,8:20 a.m.,miércoles,CAMIONETA,PARTICULAR,Conductor,Femenino,NO,N/A,SOLO DAÑOS,Choque,Otra,Calle 32 B Sur Carrera 49,LAS VEGAS,Urbana,"(6.176640341, -75.589187574)"
2170123,01/18/2017,12:15 p.m.,miércoles,CAMION,PUBLICO,Conductor,Masculino,NO,N/A,SOLO DAÑOS,Choque,Otra,Calle 41 B Sur Carrera 25 A,SAN RAFAEL,Urbana,"(6.155059952, -75.584861406)"
2170123,01/18/2017,12:15 p.m.,miércoles,CAMIONETA,PARTICULAR,Conductor,Femenino,NO,N/A,SOLO DAÑOS,Choque,Otra,Calle 41 B Sur Carrera 25 A,SAN RAFAEL,Urbana,"(6.155059952, -75.584861406)"
2170112,01/18/2017,6:15 a.m.,miércoles,BUS,PUBLICO,Conductor,Masculino,NO,N/A,SOLO DAÑOS,Choque,Otra,Calle 39  Sur Carrera 49,LAS VEGAS,Urbana,
2170112,01/18/2017,6:15 a.m.,miércoles,AUTOMOVIL,PARTICULAR,Conductor,Femenino,NO,N/A,SOLO DAÑOS,Choque,Otra,Calle 39  Sur Carrera 49,LAS VEGAS,Urbana,
2170115,01/18/2017,7:20 p.m.,miércoles,AUTOMOVIL,PARTICULAR,Conductor,Masculino,NO,N/A,SOLO DAÑOS,Choque,Otra,Calle 38  Sur Carrera 48,LAS VEGAS,Urbana,
2170115,01/18/2017,7:20 p.m.,miércoles,AUTOMOVIL,PARTICULAR,Conductor,Masculino,NO,N/A,SOLO DAÑOS,Choque,Otra,Calle 38  Sur Carrera 48,LAS VEGAS,Urbana,
2170113,01/18/2017,6:10 a.m.,miércoles,AUTOMOVIL,PARTICULAR,Conductor,Masculino,NO,N/A,HERIDO,Choque,No mantener distancia de seguridad,Calle 25 A Sur Carrera 43 A,VILLA GRANDE,Urbana,"(6.181689385, -75.582417986)"
2170113,01/18/2017,6:10 a.m.,miércoles,BUS,PUBLICO,Conductor,Masculino,NO,N/A,HERIDO,Choque,No mantener distancia de seguridad,Calle 25 A Sur Carrera 43 A,VILLA GRANDE,Urbana,"(6.181689385, -75.582417986)"
2170155,01/18/2017,4:00 p.m.,miércoles,CAMIONETA,PARTICULAR,Conductor,Masculino,NO,N/A,SOLO DAÑOS,Choque,No mantener distancia de seguridad,Carrera 40 Calle 38 A Sur,ZONA CENTRO,Urbana,"(6.167977811, -75.586279404)"
2170155,01/18/2017,4:00 p.m.,miércoles,BUS,PUBLICO,Conductor,Masculino,NO,N/A,SOLO DAÑOS,Choque,No mantener distancia de seguridad,Carrera 40 Calle 38 A Sur,ZONA CENTRO,Urbana,"(6.167977811, -75.586279404)"
2170110,01/17/2017,5:00 p.m.,martes,AUTOMOVIL,PARTICULAR,Conductor,Masculino,NO,N/A,SOLO DAÑOS,Choque,No respetar prelacion,Calle 37  Sur Carrera 39,ZONA CENTRO,Urbana,"(6.169035546, -75.584847552)"
2170128,01/17/2017,4:00 p.m.,martes,MOTOCICLETA,PARTICULAR,Motociclista,Masculino,NO,N/A,SOLO DAÑOS,Choque,Otra,Calle 37  Sur Carrera 37,MESA,Urbana,"(6.168351775, -75.583769107)"
2170128,01/17/2017,4:00 p.m.,martes,MOTOCICLETA,PARTICULAR,Motociclista,Masculino,NO,N/A,SOLO DAÑOS,Choque,Otra,Calle 37  Sur Carrera 37,MESA,Urbana,"(6.168351775, -75.583769107)"
2170122,01/17/2017,2:45 p.m.,martes,CAMIONETA,PARTICULAR,Conductor,Femenino,NO,N/A,SOLO DAÑOS,Choque,No mantener distancia de seguridad,Tramo 372 Kilometro  9,VEREDA PALMAS,Rural,
2170122,01/17/2017,2:45 p.m.,martes,AUTOMOVIL,PUBLICO,Conductor,Femenino,NO,N/A,SOLO DAÑOS,Choque,No mantener distancia de seguridad,Tramo 372 Kilometro  9,VEREDA PALMAS,Rural,
2170105,01/17/2017,6:00 p.m.,martes,AUTOMOVIL,PARTICULAR,Conductor,Femenino,NO,N/A,SOLO DAÑOS,Choque,Otra,Calle 36  Sur Carrera 25,EL CHOCHO,Urbana,"(6.167194335, -75.564826277)"
2170107,01/17/2017,7:40 a.m.,martes,CAMION,PUBLICO,Conductor,Masculino,NO,N/A,SOLO DAÑOS,Choque,No mantener distancia de seguridad,Calle 30  Sur Carrera 50,LAS VEGAS,Urbana,
2170107,01/17/2017,7:40 a.m.,martes,CAMPERO,PARTICULAR,Conductor,Masculino,NO,N/A,SOLO DAÑOS,Choque,No mantener distancia de seguridad,Calle 30  Sur Carrera 50,LAS VEGAS,Urbana,
2170103,01/17/2017,11:40 a.m.,martes,CAMIONETA,PARTICULAR,Conductor,Masculino,NO,N/A,SOLO DAÑOS,Choque,No mantener distancia de seguridad,Calle 37  Sur Carrera 50,LAS VEGAS,Urbana,
2170103,01/17/2017,11:40 a.m.,martes,CAMIONETA,PARTICULAR,Conductor,Femenino,NO,N/A,SOLO DAÑOS,Choque,No mantener distancia de seguridad,Calle 37  Sur Carrera 50,LAS VEGAS,Urbana,
2170114,01/17/2017,5:25 p.m.,martes,AUTOMOVIL,PARTICULAR,Conductor,Masculino,NO,N/A,HERIDO,Atropello,Otra,Calle 23  Sur Carrera 43 A,ZU├æIGA,Urbana,"(6.182706228, -75.580329956)"
2170114,01/17/2017,5:25 p.m.,martes,MOTOCICLETA,PARTICULAR,Motociclista,Masculino,NO,N/A,HERIDO,Atropello,Otra,Calle 23  Sur Carrera 43 A,ZU├æIGA,Urbana,"(6.182706228, -75.580329956)"
2170105,01/17/2017,6:00 p.m.,martes,MOTOCICLETA,PARTICULAR,Motociclista,Masculino,NO,N/A,SOLO DAÑOS,Choque,Otra,Calle 36  Sur Carrera 25,EL CHOCHO,Urbana,"(6.167194335, -75.564826277)"
2170117,01/17/2017,6:19 p.m.,martes,MOTOCICLETA,PARTICULAR,Motociclista,Masculino,NO,N/A,SOLO DAÑOS,Choque,Impericia en el manejo,Tramo 371 Kilometro  8,VEREDA EL ESCOBERO,Rural,
2170117,01/17/2017,6:19 p.m.,martes,AUTOMOVIL,PARTICULAR,Conductor,Femenino,NO,N/A,SOLO DAÑOS,Choque,Impericia en el manejo,Tramo 371 Kilometro  8,VEREDA EL ESCOBERO,Rural,
2170104,01/17/2017,3:30 p.m.,martes,CAMION,PUBLICO,Conductor,Masculino,NO,N/A,HERIDO,Atropello,Otra,Calle 32 B Sur Carrera 48,LAS VEGAS,Urbana,"(6.177255701, -75.590031365)"
2170128,01/17/2017,4:00 p.m.,martes,AUTOMOVIL,PARTICULAR,Conductor,Femenino,NO,N/A,SOLO DAÑOS,Choque,Otra,Calle 37  Sur Carrera 37,MESA,Urbana,"(6.168351775, -75.583769107)"
2170108,01/17/2017,3:20 p.m.,martes,AUTOMOVIL,PUBLICO,Conductor,Masculino,NO,N/A,HERIDO,Choque,Otra,Tramo 372 Kilometro  11,VEREDA PALMAS,Rural,
2170108,01/17/2017,3:20 p.m.,martes,MOTOCICLETA,PARTICULAR,Motociclista,Masculino,NO,N/A,HERIDO,Choque,Otra,Tramo 372 Kilometro  11,VEREDA PALMAS,Rural,
2170100,01/17/2017,7:15 a.m.,martes,AUTOMOVIL,PARTICULAR,Conductor,Femenino,NO,N/A,SOLO DAÑOS,Choque,Otra,Calle 30  Sur Carrera 43 A,JARDINES,Urbana,"(6.177126039, -75.585250895)"
2170100,01/17/2017,7:15 a.m.,martes,CAMIONETA,PARTICULAR,Conductor,Masculino,NO,N/A,SOLO DAÑOS,Choque,Otra,Calle 30  Sur Carrera 43 A,JARDINES,Urbana,"(6.177126039, -75.585250895)"
2170120,01/17/2017,7:25 p.m.,martes,MOTOCICLETA,PARTICULAR,Motociclista,Masculino,NO,N/A,SOLO DAÑOS,Choque,Otra,Calle 50  Sur Carrera 48,LAS VEGAS,Urbana,
2170120,01/17/2017,7:25 p.m.,martes,CAMIONETA,PARTICULAR,Conductor,Masculino,NO,N/A,SOLO DAÑOS,Choque,Otra,Calle 50  Sur Carrera 48,LAS VEGAS,Urbana,
2170121,01/17/2017,1:05 p.m.,martes,AUTOMOVIL,PARTICULAR,Conductor,Masculino,NO,N/A,SOLO DAÑOS,Choque,No mantener distancia de seguridad,Calle 50  Sur Carrera 48,LAS VEGAS,Urbana,