RADICADO,FECHA,HORA,DÍA DE LA SEMANA,CLASE DE VEHICULO,TIPO DE SERVICIO,TIPO DE VICTIMA,SEXO,ESTADO DE BEODEZ,RESULTADO DE BEODEZ,GRAVEDAD,CLASE DE ACCIDENTE,CAUSA,DIRECCIÓN,BARRIO,AREA,Coordenadas
2163675,01/04/2017,5:50 p.m.,miércoles,CAMIONETA,PARTICULAR,Conductor,Masculino,NO,N/A,SOLO DAÑOS,Choque,Otra,Carrera 46 A Calle 45 BB Sur,PRIMAVERA,Urbana,"(6.16550306, -75.595888653)"
2163670,01/04/2017,2:50 p.m.,miércoles,MOTOCICLETA,PARTICULAR,Motociclista,Masculino,NO,N/A,HERIDO,Choque,Otra,Carrera 48 Calle 32 C Sur,LAS VEGAS,Urbana,"(6.176534585, -75.590179348)"
2163670,01/04/2017,2:50 p.m.,miércoles,AUTOMOVIL,PUBLICO,Conductor,Masculino,NO,N/A,HERIDO,Choque,Otra,Carrera 48 Calle 32 C Sur,LAS VEGAS,Urbana,"(6.176534585, -75.590179348)"
2163688,01/04/2017,11:50 a.m.,miércoles,MOTOCICLETA,PARTICULAR,Motociclista,Masculino,NO,N/A,SOLO DAÑOS,Choque,Otra,Calle 38  Sur Carrera 40,ZONA CENTRO,Urbana,"(6.16879573, -75.585889779)"
2163688,01/04/2017,11:50 a.m.,miércoles,AUTOMOVIL,PUBLICO,Conductor,Masculino,NO,N/A,SOLO DAÑOS,Choque,Otra,Calle 38  Sur Carrera 40,ZONA CENTRO,Urbana,"(6.16879573, -75.585889779)"
2163680,01/04/2017,6:35 p.m.,miércoles,MOTOCICLETA,PARTICULAR,Motociclista,Masculino,NO,N/A,HERIDO,Atropello,Otra,Carrera 48 Calle 50  Sur,LAS CASITAS,Urbana,
2163681,01/04/2017,1:40 p.m.,miércoles,AUTOMOVIL,PARTICULAR,Conductor,Masculino,NO,N/A,SOLO DAÑOS,Choque,Otra,Carrera 28 D Calle 26 A Sur,ALTO DE MISAEL,Urbana,"(6.178560395, -75.578415222)"
2163681,01/04/2017,1:40 p.m.,miércoles,AUTOMOVIL,PARTICULAR,Conductor,Femenino,NO,N/A,SOLO DAÑOS,Choque,Otra,Carrera 28 D Calle 26 A Sur,ALTO DE MISAEL,Urbana,"(6.178560395, -75.578415222)"
2163671,01/04/2017,7:30 a.m.,miércoles,AUTOMOVIL,PARTICULAR,Conductor,Masculino,NO,N/A,SOLO DAÑOS,Choque,Otra,Carrera 48 Calle 37  Sur,LAS VEGAS,Urbana,"(6.172859211, -75.592769925)"
2163671,01/04/2017,7:30 a.m.,miércoles,AUTOMOVIL,PARTICULAR,Conductor,Femenino,NO,N/A,SOLO DAÑOS,Choque,Otra,Carrera 48 Calle 37  Sur,LAS VEGAS,Urbana,"(6.172859211, -75.592769925)"
2170430,01/04/2017,7:10 a.m.,miércoles,AUTOMOVIL,PARTICULAR,Conductor,Masculino,NO,N/A,SOLO DAÑOS,Choque,Otra,Calle 37  Sur Carrera 50,LAS VEGAS,Urbana,
2170430,01/04/2017,7:10 a.m.,miércoles,MOTOCICLETA,DIPLOMATICO,Motociclista,Masculino,NO,N/A,SOLO DAÑOS,Choque,Otra,Calle 37  Sur Carrera 50,LAS VEGAS,Urbana,
2163685,01/04/2017,7:15 p.m.,miércoles,CAMIONETA,PARTICULAR,Conductor,Masculino,NO,N/A,SOLO DAÑOS,Choque,Otra,Tramo 371 Kilometro  8,VEREDA PALMAS,Rural,
2163685,01/04/2017,7:15 p.m.,miércoles,BUS,PUBLICO,Conductor,Masculino,NO,N/A,SOLO DAÑOS,Choque,Otra,Tramo 371 Kilometro  8,VEREDA PALMAS,Rural,
2163673,01/04/2017,5:00 p.m.,miércoles,AUTOMOVIL,PARTICULAR,Conductor,Femenino,NO,N/A,SOLO DAÑOS,Choque,Otra,Diagonal 30 B Transversal 32 D,LAS FLORES,Urbana,"(6.174345526, -75.578327371)"
2163679,01/03/2017,4:30 p.m.,martes,AUTOMOVIL,PARTICULAR,Conductor,Masculino,NO,N/A,SOLO DAÑOS,Choque,Otra,Tramo 371 Kilometro  8,VEREDA PALMAS,Rural,
2163658,01/03/2017,8:56 a.m.,martes,CAMION,PUBLICO,Conductor,Masculino,NO,N/A,SOLO DAÑOS,Choque,Otra,Tramo 371 Kilometro  7,VEREDA PALMAS,Rural,
2163658,01/03/2017,8:56 a.m.,martes,MICROBUS,PUBLICO,Conductor,Masculino,NO,N/A,SOLO DAÑOS,Choque,Otra,Tramo 371 Kilometro  7,VEREDA PALMAS,Rural,
2163658,01/03/2017,8:56 a.m.,martes,CAMIONETA,PUBLICO,Conductor,Masculino,NO,N/A,SOLO DAÑOS,Choque,Otra,Tramo 371 Kilometro  7,VEREDA PALMAS,Rural,
2163665,01/03/2017,4:50 p.m.,martes,BUSETA,PUBLICO,Conductor,Masculino,NO,N/A,SOLO DAÑOS,Choque,Otra,Diagonal 30 Transversal 36,LA SEBASTIANA,Urbana,
2163665,01/03/2017,4:50 p.m.,martes,AUTOMOVIL,PARTICULAR,Conductor,Masculino,NO,N/A,SOLO DAÑOS,Choque,Otra,Diagonal 30 Transversal 36,LA SEBASTIANA,Urbana,
2163669,01/03/2017,8:50 a.m.,martes,BUS,PUBLICO,Conductor,Masculino,NO,N/A,SOLO DAÑOS,Choque,Otra,Diagonal 31 F Transversal 34 D Sur,LOS NARANJOS,Urbana,"(6.171847931, -75.580619215)"
2163669,01/03/2017,8:50 a.m.,martes,AUTOMOVIL,PUBLICO,Conductor,Masculino,NO,N/A,SOLO DAÑOS,Choque,Otra,Diagonal 31 F Transversal 34 D Sur,LOS NARANJOS,Urbana,"(6.171847931, -75.580619215)"
2163679,01/03/2017,4:30 p.m.,martes,CAMPERO,PARTICULAR,Conductor,Masculino,NO,N/A,SOLO DAÑOS,Choque,Otra,Tramo 371 Kilometro  8,VEREDA PALMAS,Rural,
2163679,01/03/2017,4:30 p.m.,martes,AUTOMOVIL,PARTICULAR,Conductor,Masculino,NO,N/A,SOLO DAÑOS,Choque,Otra,Tramo 371 Kilometro  8,VEREDA PALMAS,Rural,
2163666,01/03/2017,2:30 p.m.,martes,CAMPERO,PARTICULAR,Conductor,Masculino,NO,N/A,SOLO DAÑOS,Choque,Otra,Calle 35  Sur Carrera 47,EL PORTAL,Urbana,"(6.174631977, -75.590603979)"
2163676,01/03/2017,2:20 p.m.,martes,AUTOMOVIL,PARTICULAR,Conductor,Masculino,NO,N/A,SOLO DAÑOS,Choque,Otra,Carrera 43 A Calle 41 B Sur,N/R,Urbana,"(6.16628795, -75.592952231)"
2163663,01/03/2017,3:20 p.m.,martes,BICICLETA,N/A,Ciclista,Masculino,NO,N/A,HERIDO,Choque,Otra,Tramo 371 Kilometro  10,VEREDA EL ESCOBERO,Rural,
2163663,01/03/2017,3:20 p.m.,martes,CAMIONETA,PARTICULAR,Conductor,Masculino,NO,N/A,HERIDO,Choque,Otra,Tramo 371 Kilometro  10,VEREDA EL ESCOBERO,Rural,
2163677,01/03/2017,6:15 p.m.,martes,BUSETA,PUBLICO,Conductor,Masculino,NO,N/A,SOLO DAÑOS,Choque,Otra,Tramo 372 Kilometro  15,VEREDA PALMAS,Rural,
2163677,01/03/2017,6:15 p.m.,martes,BUS,PUBLICO,Conductor,Masculino,NO,N/A,SOLO DAÑOS,Choque,Otra,Tramo 372 Kilometro  15,VEREDA PALMAS,Rural,
2163660,01/03/2017,11:20 a.m.,martes,AUTOMOVIL,PARTICULAR,Conductor,Masculino,NO,N/A,SOLO DAÑOS,Choque,Otra,Carrera 48 Calle 44  Sur,LAS VEGAS,Urbana,"(6.167284881, -75.598245434)"
2163660,01/03/2017,11:20 a.m.,martes,CAMIONETA,PARTICULAR,Conductor,Masculino,NO,N/A,SOLO DAÑOS,Choque,Otra,Carrera 48 Calle 44  Sur,LAS VEGAS,Urbana,"(6.167284881, -75.598245434)"
2163664,01/03/2017,7:10 p.m.,martes,CAMIONETA,PARTICULAR,Conductor,Masculino,NO,N/A,SOLO DAÑOS,Choque,Otra,Diagonal 33 Transversal 33,LA MAGNOLIA,Urbana,"(6.173879308, -75.584283827)"
2163664,01/03/2017,7:10 p.m.,martes,CAMIONETA,PARTICULAR,Conductor,Masculino,NO,N/A,SOLO DAÑOS,Choque,Otra,Diagonal 33 Transversal 33,LA MAGNOLIA,Urbana,"(6.173879308, -75.584283827)"
2163659,01/03/2017,10:00 a.m.,martes,CAMION,PUBLICO,Conductor,Masculino,NO,N/A,SOLO DAÑOS,Choque,Otra,Carrera 24 E Calle 40  Sur,EL SALADO,Urbana,
2163659,01/03/2017,10:00 a.m.,martes,AUTOMOVIL,DIPLOMATICO,Conductor,Masculino,NO,N/A,SOLO DAÑOS,Choque,Otra,Carrera 24 E Calle 40  Sur,EL SALADO,Urbana,
2163657,01/03/2017,11:00 a.m.,martes,MOTOCICLETA,PARTICULAR,Motociclista,Masculino,NO,N/A,SOLO DAÑOS,Choque,Otra,Calle 40 F Sur Carrera 40,N/R,Urbana,"(6.164356509, -75.589182073)"
2163657,01/03/2017,11:00 a.m.,martes,AUTOMOVIL,PUBLICO,Conductor,Masculino,NO,N/A,SOLO DAÑOS,Choque,Otra,Calle 40 F Sur Carrera 40,N/R,Urbana,"(6.164356509, -75.589182073)"
2163678,01/03/2017,1:00 p.m.,martes,CAMIONETA,PARTICULAR,Conductor,Masculino,NO,N/A,SOLO DAÑOS,Choque,Otra,Tramo 371 Kilometro  13,VEREDA PALMAS,Rural,
2163678,01/03/2017,1:00 p.m.,martes,CAMIONETA,PUBLICO,Conductor,Masculino,NO,N/A,SOLO DAÑOS,Choque,Otra,Tramo 371 Kilometro  13,VEREDA PALMAS,Rural,
2163678,01/03/2017,1:00 p.m.,martes,AUTOMOVIL,PARTICULAR,Conductor,Masculino,NO,N/A,SOLO DAÑOS,Choque,Otra,Tramo 371 Kilometro  13,VEREDA PALMAS,Rural,
2163667,01/02/2017,7:10 p.m.,lunes,AUTOMOVIL,PARTICULAR,Conductor,Masculino,NO,N/A,HERIDO,Choque,Otra,Carrera 48 Calle 34  Sur,LAS VEGAS,Urbana,"(6.175414344, -75.590782176)"
2163668,01/02/2017,9:15 p.m.,lunes,BICICLETA,N/A,Ciclista,Masculino,NO,N/A,HERIDO,Atropello,Otra,Transversal 34 D Sur Diagonal 31,LAS FLORES,Urbana,"(6.172106631, -75.579275117)"
2163654,01/02/2017,6:15 p.m.,lunes,AUTOMOVIL,PARTICULAR,Conductor,Femenino,NO,N/A,SOLO DAÑOS,Choque,Otra,Calle 40 D Sur Carrera 30 A,SAN JOSE,Urbana,"(6.161783451, -75.583794065)"
2163667,01/02/2017,7:10 p.m.,lunes,AUTOMOVIL,PARTICULAR,Conductor,Masculino,NO,N/A,HERIDO,Choque,Otra,Carrera 48 Calle 34  Sur,LAS VEGAS,Urbana,"(6.175414344, -75.590782176)"
2163653,01/02/2017,10:00 a.m.,lunes,CAMION,PUBLICO,Conductor,Masculino,NO,N/A,SOLO DAÑOS,Choque,Otra,Diagonal 29 Transversal 34 B,ALTO DE MISAEL,Urbana,"(6.171303088, -75.577664947)"
2163653,01/02/2017,10:00 a.m.,lunes,CLASE ACCIDE NO IDENTIFI,Sin registro,Conductor,Masculino,NO,N/A,SOLO DAÑOS,Choque,Otra,Diagonal 29 Transversal 34 B,ALTO DE MISAEL,Urbana,"(6.171303088, -75.577664947)"
2163654,01/02/2017,6:15 p.m.,lunes,BUS,PUBLICO,Conductor,Masculino,NO,N/A,SOLO DAÑOS,Choque,Otra,Calle 40 D Sur Carrera 30 A,SAN JOSE,Urbana,"(6.161783451, -75.583794065)"
2163656,01/02/2017,1:50 p.m.,lunes,AUTOMOVIL,PARTICULAR,Conductor,Femenino,NO,N/A,HERIDO,Choque,Otra,Transversal 32 A Sur Diagonal 32 B,LA MAGNOLIA,Urbana,"(6.175421467, -75.583353668)"
2163656,01/02/2017,1:50 p.m.,lunes,MOTOCICLETA,PARTICULAR,Motociclista,Masculino,NO,N/A,HERIDO,Choque,Otra,Transversal 32 A Sur Diagonal 32 B,LA MAGNOLIA,Urbana,"(6.175421467, -75.583353668)"
2163662,01/02/2017,10:00 p.m.,lunes,MOTOCICLETA,PARTICULAR,Motociclista,Masculino,NO,N/A,HERIDO,Caida Ocupante,Otra,Carrera 25 Calle 38 D Sur,EL CHINGU├ì,Urbana,
2163628,01/01/2017,3:00 p.m.,domingo,AUTOMOVIL,PUBLICO,Conductor,Masculino,NO,N/A,SOLO DAÑOS,Choque,Otra,Tramo 371 Kilometro  11,VEREDA PALMAS,Rural,
2163628,01/01/2017,3:00 p.m.,domingo,AUTOMOVIL,PUBLICO,Conductor,Masculino,NO,N/A,SOLO DAÑOS,Choque,Otra,Tramo 371 Kilometro  11,VEREDA PALMAS,Rural,
2163621,01/01/2017,2:00 p.m.,domingo,AUTOMOVIL,PUBLICO,Conductor,Masculino,NO,N/A,HERIDO,Atropello,Otra,Carrera 29 A Calle 40 D Sur,SAN JOSE,Urbana,"(6.160773854, -75.582954353)"
2163642,01/01/2017,1:00 p.m.,domingo,MOTOCICLETA,PARTICULAR,Motociclista,Femenino,NO,N/A,HERIDO,Choque,Otra,Transversal 33  Sur Diagonal 33,LA MAGNOLIA,Urbana,"(6.173879308, -75.584283827)"
2163642,01/01/2017,1:00 p.m.,domingo,MOTOCICLETA,PARTICULAR,Motociclista,Masculino,SI,3,HERIDO,Choque,Otra,Transversal 33  Sur Diagonal 33,LA MAGNOLIA,Urbana,"(6.173879308, -75.584283827)"
2163625,01/01/2017,2:20 p.m.,domingo,MOTOCICLETA,PARTICULAR,Motociclista,Masculino,NO,N/A,MUERTO,Choque,Otra,Tramo 372 Kilometro  15,VEREDA PALMAS,Rural,
2163619,01/01/2017,1:30 a.m.,domingo,MOTOCICLETA,PARTICULAR,Motociclista,Masculino,NO,N/A,HERIDO,Caida Ocupante,Otra,Carrera 30 Calle 41  Sur,N/R,Urbana,"(6.160372828, -75.585257401)"
2163647,01/01/2017,1:50 p.m.,domingo,CAMIONETA,PARTICULAR,Conductor,Masculino,NO,N/A,SOLO DAÑOS,Choque,Otra,Tramo 371 Kilometro  6,VEREDA PALMAS,Rural,
2163647,01/01/2017,1:50 p.m.,domingo,MOTOCICLETA,PARTICULAR,Motociclista,Masculino,NO,N/A,SOLO DAÑOS,Choque,Otra,Tramo 371 Kilometro  6,VEREDA PALMAS,Rural,
2163655,01/01/2017,8:15 p.m.,domingo,MOTOCICLETA,PARTICULAR,Motociclista,Femenino,NO,N/A,SOLO DAÑOS,Choque,Otra,Calle 38  Sur Carrera 33,MESA,Urbana,"(6.166254397, -75.582128829)"
2163655,01/01/2017,8:15 p.m.,domingo,AUTOMOVIL,PARTICULAR,Conductor,Masculino,NO,N/A,SOLO DAÑOS,Choque,Otra,Calle 38  Sur Carrera 33,MESA,Urbana,"(6.166254397, -75.582128829)"
2163649,01/01/2017,3:10 p.m.,domingo,AUTOMOVIL,PARTICULAR,Conductor,Masculino,NO,N/A,SOLO DAÑOS,Choque,Otra,Tramo 371 Kilometro  12,VEREDA PALMAS,Rural,
2163649,01/01/2017,3:10 p.m.,domingo,CAMIONETA,PARTICULAR,Conductor,Masculino,NO,N/A,SOLO DAÑOS,Choque,Otra,Tramo 371 Kilometro  12,VEREDA PALMAS,Rural,
2163626,01/01/2017,6:00 a.m.,domingo,AUTOMOVIL,PARTICULAR,Conductor,Femenino,NO,N/A,SOLO DAÑOS,Choque,Otra,Calle 38 B Sur Carrera 46 A,ALCALA,Urbana,"(6.171402757, -75.592200907)"
2163626,01/01/2017,6:00 a.m.,domingo,AUTOMOVIL,PARTICULAR,Conductor,Masculino,NO,N/A,SOLO DAÑOS,Choque,Otra,Calle 38 B Sur Carrera 46 A,ALCALA,Urbana,"(6.171402757, -75.592200907)"
2163641,12/31/2016,2:49 p.m.,sábado,CAMIONETA,PARTICULAR,Conductor,Masculino,No,N/A,HERIDO,Atropello,Otra,Tramo 372 Kilometro  17,VEREDA PALMAS,Rural,
2163648,12/31/2016,3:30 p.m.,sábado,CAMIONETA,PARTICULAR,Conductor,Masculino,No,N/A,SOLO DAÑOS,Choque,Otra,Carrera 47 A Calle 39 B Sur,ALCALA,Urbana,"(6.170158411, -75.594511541)"
2163627,12/31/2016,7:00 p.m.,sábado,AUTOMOVIL,PARTICULAR,Conductor,Masculino,No,N/A,SOLO DAÑOS,Choque,Otra,Carrera 40 Calle 40 DD Sur,EL DORADO,Urbana,"(6.164571512, -75.588971264)"
2163636,12/31/2016,2:10 p.m.,sábado,AUTOMOVIL,PARTICULAR,Conductor,Masculino,No,N/A,SOLO DAÑOS,Choque,Otra,Carrera 50 Calle 27  Sur,LAS VEGAS,Urbana,
2163648,12/31/2016,3:30 p.m.,sábado,AUTOMOVIL,PARTICULAR,Conductor,Femenino,No,N/A,SOLO DAÑOS,Choque,Otra,Carrera 47 A Calle 39 B Sur,ALCALA,Urbana,"(6.170158411, -75.594511541)"
2163627,12/31/2016,7:00 p.m.,sábado,BUS,PUBLICO,Conductor,Masculino,No,N/A,SOLO DAÑOS,Choque,Otra,Carrera 40 Calle 40 DD Sur,EL DORADO,Urbana,"(6.164571512, -75.588971264)"
2163636,12/31/2016,2:10 p.m.,sábado,AUTOMOVIL,PARTICULAR,Conductor,Masculino,No,N/A,SOLO DAÑOS,Choque,Otra,Carrera 50 Calle 27  Sur,LAS VEGAS,Urbana,
2163623,12/31/2016,3:30 a.m.,sábado,MOTOCICLETA,PARTICULAR,Motociclista,Masculino,No,N/A,HERIDO,Caida Ocupante,Otra,Calle 40 F Sur Carrera 36,N/R,Urbana,"(6.16111564, -75.584770078)"
2163643,12/31/2016,1:12 a.m.,sábado,CAMIONETA,PARTICULAR,Conductor,Masculino,No,N/A,HERIDO,Volcamiento,Otra,Calle 48 C Sur Carrera 39 A,LOMA DEL BARRO,Urbana,"(6.150946819, -75.595535215)"
2163651,12/31/2016,3:20 a.m.,sábado,AUTOMOVIL,PUBLICO,Conductor,Masculino,No,N/A,SOLO DAÑOS,Choque,Otra,Tramo 371 Kilometro  12,VEREDA PALMAS,Rural,
2163651,12/31/2016,3:20 a.m.,sábado,AUTOMOVIL,PARTICULAR,Conductor,Masculino,No,N/A,SOLO DAÑOS,Choque,Otra,Tramo 371 Kilometro  12,VEREDA PALMAS,Rural,
2163636,12/31/2016,2:10 p.m.,sábado,AUTOMOVIL,PARTICULAR,Conductor,Masculino,No,N/A,SOLO DAÑOS,Choque,Otra,Carrera 50 Calle 27  Sur,LAS VEGAS,Urbana,
2163644,12/31/2016,12:20 p.m.,sábado,MOTOCICLETA,PARTICULAR,Motociclista,Masculino,No,N/A,HERIDO,Choque,Otra,Calle 39  Sur Carrera 39,MESA,Urbana,"(6.166978259, -75.586044922)"
2163644,12/31/2016,12:20 p.m.,sábado,CAMIONETA,PUBLICO,Conductor,Masculino,No,N/A,HERIDO,Choque,Otra,Calle 39  Sur Carrera 39,MESA,Urbana,"(6.166978259, -75.586044922)"
2163624,12/31/2016,12:10 p.m.,sábado,MOTOCICLETA,PARTICULAR,Motociclista,Masculino,No,N/A,HERIDO,Choque,Otra,Calle 37  Sur Carrera 32,N/R,Urbana,"(6.166691719, -75.581185995)"
2163624,12/31/2016,12:10 p.m.,sábado,CAMPERO,PARTICULAR,Conductor,Masculino,No,N/A,HERIDO,Choque,Otra,Calle 37  Sur Carrera 32,N/R,Urbana,"(6.166691719, -75.581185995)"
2163638,12/31/2016,9:15 a.m.,sábado,CAMIONETA,PUBLICO,Conductor,Masculino,No,N/A,SOLO DAÑOS,Choque,Otra,Calle 39  Sur Carrera 27 B,N/R,Urbana,"(6.159217585, -75.578834618)"
2163638,12/31/2016,9:15 a.m.,sábado,BUSETA,PUBLICO,Conductor,Masculino,No,N/A,SOLO DAÑOS,Choque,Otra,Calle 39  Sur Carrera 27 B,N/R,Urbana,"(6.159217585, -75.578834618)"
2163650,12/31/2016,7:30 a.m.,sábado,MOTOCICLETA,PARTICULAR,Motociclista,Sin registro,No,N/A,SOLO DAÑOS,Choque,Otra,Diagonal 29 Transversal 25,N/R,Urbana,"(6.17938169, -75.578980838)"
2163650,12/31/2016,7:30 a.m.,sábado,AUTOMOVIL,PARTICULAR,Conductor,Masculino,No,N/A,SOLO DAÑOS,Choque,Otra,Diagonal 29 Transversal 25,N/R,Urbana,"(6.17938169, -75.578980838)"
2163640,12/30/2016,5:50 p.m.,viernes,CAMPERO,PARTICULAR,Conductor,Masculino,No,N/A,HERIDO,Choque,Otra,Tramo 371 Kilometro  11,VEREDA PALMAS,Rural,
2163622,12/30/2016,8:20 p.m.,viernes,MOTOCICLETA,PARTICULAR,Motociclista,Masculino,No,N/A,HERIDO,Choque,Otra,Calle 40 F Sur Carrera 25 A,LA MINA,Urbana,"(6.155555232, -75.582316718)"
2163622,12/30/2016,8:20 p.m.,viernes,AUTOMOVIL,PUBLICO,Conductor,Masculino,No,N/A,HERIDO,Choque,Otra,Calle 40 F Sur Carrera 25 A,LA MINA,Urbana,"(6.155555232, -75.582316718)"
2163631,12/30/2016,8:15 p.m.,viernes,CAMIONETA,PARTICULAR,Conductor,Masculino,No,N/A,SOLO DAÑOS,Choque,Otra,Carrera 27 A Calle 36  Sur,EL CHOCHO,Urbana,"(6.162396832, -75.573231113)"
2163631,12/30/2016,8:15 p.m.,viernes,CAMIONETA,PARTICULAR,Conductor,Masculino,No,N/A,SOLO DAÑOS,Choque,Otra,Carrera 27 A Calle 36  Sur,EL CHOCHO,Urbana,"(6.162396832, -75.573231113)"
2163630,12/30/2016,8:05 p.m.,viernes,AUTOMOVIL,PARTICULAR,Conductor,Masculino,No,N/A,SOLO DAÑOS,Choque,Otra,Calle 25 A Sur Carrera 43 A,VILLA GRANDE,Urbana,"(6.181689385, -75.582417986)"
2163630,12/30/2016,8:05 p.m.,viernes,BUSETA,PUBLICO,Conductor,Masculino,No,N/A,SOLO DAÑOS,Choque,Otra,Calle 25 A Sur Carrera 43 A,VILLA GRANDE,Urbana,"(6.181689385, -75.582417986)"
2163640,12/30/2016,5:50 p.m.,viernes,MOTOCICLETA,PARTICULAR,Motociclista,Masculino,No,N/A,HERIDO,Choque,Otra,Tramo 371 Kilometro  11,VEREDA PALMAS,Rural,
2163645,12/30/2016,4:45 p.m.,viernes,MOTOCICLETA,PARTICULAR,Motociclista,Femenino,No,N/A,HERIDO,Choque,Otra,Carrera 39 Calle 36  Sur,ZONA CENTRO,Urbana,"(6.169632254, -75.584337732)"
2163645,12/30/2016,4:45 p.m.,viernes,MOTOCICLETA,PARTICULAR,Motociclista,Masculino,No,N/A,HERIDO,Choque,Otra,Carrera 39 Calle 36  Sur,ZONA CENTRO,Urbana,"(6.169632254, -75.584337732)"
2163635,12/30/2016,4:40 p.m.,viernes,BICICLETA,PARTICULAR,Ciclista,Masculino,No,N/A,SOLO DAÑOS,Choque,Otra,Calle 37  Sur Carrera 46,EL PORTAL,Urbana,"(6.172613713, -75.590909108)"
2163635,12/30/2016,4:40 p.m.,viernes,AUTOMOVIL,PUBLICO,Conductor,Masculino,No,N/A,SOLO DAÑOS,Choque,Otra,Calle 37  Sur Carrera 46,EL PORTAL,Urbana,"(6.172613713, -75.590909108)"
2163620,12/30/2016,3:50 p.m.,viernes,MOTOCICLETA,PARTICULAR,Motociclista,Masculino,No,N/A,HERIDO,Caida Ocupante,Otra,Carrera 25 Calle 64  Sur,EL CHINGU├ì,Urbana,
2163632,12/30/2016,3:00 p.m.,viernes,AUTOMOVIL,PARTICULAR,Conductor,Masculino,No,N/A,SOLO DAÑOS,Choque,Otra,Tramo 371 Kilometro  11,VEREDA PALMAS,Rural,
2163632,12/30/2016,3:00 p.m.,viernes,CAMIONETA,PARTICULAR,Conductor,Femenino,No,N/A,SOLO DAÑOS,Choque,Otra,Tramo 371 Kilometro  11,VEREDA PALMAS,Rural,
2163634,12/30/2016,2:00 p.m.,viernes,AUTOMOVIL,PARTICULAR,Conductor,Femenino,No,N/A,SOLO DAÑOS,Choque,Otra,Calle 31  Sur Carrera 45 A,JARDINES,Urbana,"(6.17732964, -75.587025837)"
2163634,12/30/2016,2:00 p.m.,viernes,AUTOMOVIL,PUBLICO,Conductor,Masculino,No,N/A,SOLO DAÑOS,Choque,Otra,Calle 31  Sur Carrera 45 A,JARDINES,Urbana,"(6.17732964, -75.587025837)"
2163646,12/30/2016,12:00 p.m.,viernes,CAMIONETA,OFICIAL,Conductor,Masculino,No,N/A,SOLO DAÑOS,Choque,Otra,Calle 38  Sur Carrera 35,ZONA CENTRO,Urbana,"(6.167045877, -75.583168417)"
2163646,12/30/2016,12:00 p.m.,viernes,MOTOCICLETA,PARTICULAR,Motociclista,Masculino,No,N/A,SOLO DAÑOS,Choque,Otra,Calle 38  Sur Carrera 35,ZONA CENTRO,Urbana,"(6.167045877, -75.583168417)"
2163652,12/30/2016,11:15 a.m.,viernes,CAMION,PUBLICO,Conductor,Masculino,No,N/A,SOLO DAÑOS,Choque,Otra,Carrera 50 Calle 26  Sur,LAS VEGAS,Urbana,"(6.184812544, -75.586911093)"
2163652,12/30/2016,11:15 a.m.,viernes,MOTOCICLETA,PARTICULAR,Motociclista,Femenino,No,N/A,SOLO DAÑOS,Choque,Otra,Carrera 50 Calle 26  Sur,LAS VEGAS,Urbana,"(6.184812544, -75.586911093)"
2163652,12/30/2016,11:15 a.m.,viernes,CAMION,PUBLICO,Conductor,Masculino,No,N/A,SOLO DAÑOS,Choque,Otra,Carrera 50 Calle 26  Sur,LAS VEGAS,Urbana,"(6.184812544, -75.586911093)"
2163637,12/30/2016,11:15 a.m.,viernes,MOTOCICLETA,PARTICULAR,Motociclista,Masculino,No,N/A,SOLO DAÑOS,Choque,Otra,Calle 37  Sur Carrera 50,LAS VEGAS,Urbana,
2163637,12/30/2016,11:15 a.m.,viernes,CAMPERO,PARTICULAR,Conductor,Masculino,No,N/A,SOLO DAÑOS,Choque,Otra,Calle 37  Sur Carrera 50,LAS VEGAS,Urbana,
2163661,12/30/2016,6:46 a.m.,viernes,AUTOMOVIL,PARTICULAR,Conductor,Masculino,No,N/A,SOLO DAÑOS,Choque,Otra,Carrera 50 Calle 26  Sur,LAS VEGAS,Urbana,"(6.184812544, -75.586911093)"
2163661,12/30/2016,6:46 a.m.,viernes,CAMION,PUBLICO,Conductor,Masculino,No,N/A,SOLO DAÑOS,Choque,Otra,Carrera 50 Calle 26  Sur,LAS VEGAS,Urbana,"(6.184812544, -75.586911093)"
2163661,12/30/2016,6:46 a.m.,viernes,CAMION,PUBLICO,Conductor,Masculino,No,N/A,SOLO DAÑOS,Choque,Otra,Carrera 50 Calle 26  Sur,LAS VEGAS,Urbana,"(6.184812544, -75.586911093)"
2163661,12/30/2016,6:46 a.m.,viernes,BUS,PUBLICO,Conductor,Masculino,No,N/A,SOLO DAÑOS,Choque,Otra,Carrera 50 Calle 26  Sur,LAS VEGAS,Urbana,"(6.184812544, -75.586911093)"
2170514,12/29/2016,6:50 a.m.,jueves,MOTOCICLETA,PARTICULAR,Motociclista,Femenino,No,N/A,SOLO DAÑOS,Choque,Otra,Calle 30  Sur Carrera 48,LAS VEGAS,Urbana,"(6.180376127, -75.590288049)"
2163608,12/29/2016,12:10 a.m.,jueves,MOTOCICLETA,PARTICULAR,Motociclista,Masculino,No,N/A,HERIDO,Choque,No respetar prelacion,Calle 39 B Sur Carrera 28,EL CHINGU├ì,Urbana,"(6.160875824, -75.581010283)"
2163608,12/29/2016,12:10 a.m.,jueves,AUTOMOVIL,PARTICULAR,Conductor,Sin registro,No,N/A,HERIDO,Choque,No respetar prelacion,Calle 39 B Sur Carrera 28,EL CHINGU├ì,Urbana,"(6.160875824, -75.581010283)"
2170514,12/29/2016,6:50 a.m.,jueves,CAMIONETA,PARTICULAR,Conductor,Femenino,No,N/A,SOLO DAÑOS,Choque,Otra,Calle 30  Sur Carrera 48,LAS VEGAS,Urbana,"(6.180376127, -75.590288049)"
2163629,12/29/2016,6:50 p.m.,jueves,AUTOMOVIL,PARTICULAR,Conductor,Masculino,No,N/A,SOLO DAÑOS,Choque,Otra,Calle 37  Sur Carrera 41,ZONA CENTRO,Urbana,"(6.169855492, -75.586196006)"
2163629,12/29/2016,6:50 p.m.,jueves,CAMION,PARTICULAR,Conductor,Masculino,No,N/A,SOLO DAÑOS,Choque,Otra,Calle 37  Sur Carrera 41,ZONA CENTRO,Urbana,"(6.169855492, -75.586196006)"
2163615,12/29/2016,5:40 p.m.,jueves,MOTOCICLETA,PARTICULAR,Motociclista,Masculino,No,N/A,SOLO DAÑOS,Choque,No respetar prelacion,Carrera 48 Calle 26 B Sur,LAS VEGAS,Urbana,"(6.183318111, -75.585537184)"
2163615,12/29/2016,5:40 p.m.,jueves,CAMIONETA,PARTICULAR,Conductor,Masculino,No,N/A,SOLO DAÑOS,Choque,No respetar prelacion,Carrera 48 Calle 26 B Sur,LAS VEGAS,Urbana,"(6.183318111, -75.585537184)"
2163617,12/29/2016,3:10 p.m.,jueves,AUTOMOVIL,PARTICULAR,Conductor,Femenino,No,N/A,SOLO DAÑOS,Choque,No mantener distancia de seguridad,Calle 36 D Sur Carrera 27 D,VEREDA EL ESCOBERO,Urbana,"(6.164970853, -75.574637268)"