RADICADO,FECHA,HORA,DÍA DE LA SEMANA,CLASE DE VEHICULO,TIPO DE SERVICIO,TIPO DE VICTIMA,SEXO,ESTADO DE BEODEZ,RESULTADO DE BEODEZ,GRAVEDAD,CLASE DE ACCIDENTE,CAUSA,DIRECCIÓN,BARRIO,AREA,Coordenadas
2163504,12/18/2016,9:45 p.m.,domingo,CAMIONETA,PARTICULAR,Conductor,Masculino,No,N/A,SOLO DAÑOS,Choque,Obstaculos en la via,Calle 38 B Sur Carrera 26,N/R,Urbana,
2163494,12/18/2016,8:55 p.m.,domingo,AUTOMOVIL,PARTICULAR,Conductor,Masculino,No,N/A,SOLO DAÑOS,Choque,No mantener distancia de seguridad,Tramo 371 Kilometro  8,VEREDA PALMAS,Rural,
2163494,12/18/2016,8:55 p.m.,domingo,AUTOMOVIL,PARTICULAR,Conductor,Femenino,No,N/A,SOLO DAÑOS,Choque,No mantener distancia de seguridad,Tramo 371 Kilometro  8,VEREDA PALMAS,Rural,
2163529,12/18/2016,11:20 a.m.,domingo,AUTOMOVIL,PARTICULAR,Conductor,Masculino,No,N/A,SOLO DAÑOS,Choque,Adelantar en zona prohibida,Transversal 34  Sur Diagonal 32 D,LA MAGNOLIA,Urbana,"(6.172948966, -75.583251171)"
2163529,12/18/2016,11:20 a.m.,domingo,MOTOCICLETA,PARTICULAR,Motociclista,Masculino,No,N/A,SOLO DAÑOS,Choque,Adelantar en zona prohibida,Transversal 34  Sur Diagonal 32 D,LA MAGNOLIA,Urbana,"(6.172948966, -75.583251171)"
2163513,12/18/2016,12:10 p.m.,domingo,AUTOMOVIL,PARTICULAR,Conductor,Masculino,No,N/A,SOLO DAÑOS,Choque,Otra,Calle 26 A Sur Carrera 42 B,LAS ORQUIDEAS,Urbana,"(6.177324883, -75.579423678)"
2163492,12/18/2016,8:30 p.m.,domingo,AUTOMOVIL,PARTICULAR,Conductor,Masculino,No,N/A,SOLO DAÑOS,Choque,Otra,Calle 39 B Sur Carrera 25,EL CHINGU├ì,Urbana,"(6.154772856, -75.574886148)"
2163492,12/18/2016,8:30 p.m.,domingo,AUTOMOVIL,PARTICULAR,Conductor,Masculino,No,N/A,SOLO DAÑOS,Choque,Otra,Calle 39 B Sur Carrera 25,EL CHINGU├ì,Urbana,"(6.154772856, -75.574886148)"
2163516,12/17/2016,10:05 p.m.,sábado,AUTOMOVIL,PARTICULAR,Conductor,Femenino,No,N/A,SOLO DAÑOS,Choque,Adelantar cerrando,Carrera 43 A Calle 40  Sur,ZONA CENTRO,Urbana,"(6.168044687, -75.59026877)"
2163491,12/17/2016,11:30 p.m.,sábado,AUTOMOVIL,PARTICULAR,Conductor,Masculino,No,N/A,SOLO DAÑOS,Choque,Semaforo en rojo,Carrera 48 Calle 30  Sur,LAS VEGAS,Urbana,"(6.179366643, -75.588084104)"
2163491,12/17/2016,11:30 p.m.,sábado,AUTOMOVIL,PARTICULAR,Conductor,Masculino,No,N/A,SOLO DAÑOS,Choque,Semaforo en rojo,Carrera 48 Calle 30  Sur,LAS VEGAS,Urbana,"(6.179366643, -75.588084104)"
2163477,12/17/2016,10:50 p.m.,sábado,MOTOCICLETA,PARTICULAR,Motociclista,Masculino,No,N/A,HERIDO,Choque,Semaforo en rojo,Calle 37  Sur Carrera 48,LAS VEGAS,Urbana,"(6.17412211, -75.593061115)"
2163477,12/17/2016,10:50 p.m.,sábado,MOTOCICLETA,DIPLOMATICO,Motociclista,Sin registro,No,N/A,HERIDO,Choque,Semaforo en rojo,Calle 37  Sur Carrera 48,LAS VEGAS,Urbana,"(6.17412211, -75.593061115)"
2163516,12/17/2016,10:05 p.m.,sábado,AUTOMOVIL,PARTICULAR,Conductor,Masculino,No,N/A,SOLO DAÑOS,Choque,Adelantar cerrando,Carrera 43 A Calle 40  Sur,ZONA CENTRO,Urbana,"(6.168044687, -75.59026877)"
2163482,12/17/2016,6:45 p.m.,sábado,CAMPERO,PARTICULAR,Conductor,Masculino,No,N/A,SOLO DAÑOS,Choque,Impericia en el manejo,Calle 39 D Sur Carrera 25,EL SALADO,Urbana,"(6.154343948, -75.578021489)"
2163482,12/17/2016,6:45 p.m.,sábado,CAMIONETA,PARTICULAR,Conductor,Masculino,No,N/A,SOLO DAÑOS,Choque,Vehiculo mal estacionado,Calle 39 D Sur Carrera 25,EL SALADO,Urbana,"(6.154343948, -75.578021489)"
2163482,12/17/2016,6:45 p.m.,sábado,CAMIONETA,PARTICULAR,Conductor,Masculino,No,N/A,SOLO DAÑOS,Choque,Impericia en el manejo,Calle 39 D Sur Carrera 25,EL SALADO,Urbana,"(6.154343948, -75.578021489)"
2163482,12/17/2016,6:45 p.m.,sábado,CAMPERO,PARTICULAR,Conductor,Masculino,No,N/A,SOLO DAÑOS,Choque,Vehiculo mal estacionado,Calle 39 D Sur Carrera 25,EL SALADO,Urbana,"(6.154343948, -75.578021489)"
2163484,12/17/2016,6:00 p.m.,sábado,AUTOMOVIL,PARTICULAR,Conductor,Masculino,No,N/A,HERIDO,Choque,Desobedecer senales,Diagonal 33 Transversal 32 C Sur,LA MAGNOLIA,Urbana,"(6.174362764, -75.584458996)"
2163484,12/17/2016,6:00 p.m.,sábado,MOTOCICLETA,DIPLOMATICO,Motociclista,Masculino,No,N/A,HERIDO,Choque,Desobedecer senales,Diagonal 33 Transversal 32 C Sur,LA MAGNOLIA,Urbana,"(6.174362764, -75.584458996)"
2163510,12/17/2016,4:50 p.m.,sábado,MOTOCICLETA,PARTICULAR,Motociclista,Masculino,No,N/A,SOLO DAÑOS,Choque,Adelantar por la derecha,Tramo 372 Kilometro  16,VEREDA PALMAS,Rural,
2163510,12/17/2016,4:50 p.m.,sábado,AUTOMOVIL,PARTICULAR,Conductor,Femenino,No,N/A,SOLO DAÑOS,Choque,Adelantar por la derecha,Tramo 372 Kilometro  16,VEREDA PALMAS,Rural,
2163511,12/17/2016,3:15 p.m.,sábado,CAMPERO,PARTICULAR,Conductor,Masculino,No,N/A,SOLO DAÑOS,Choque,Adelantar en zona prohibida,Calle 36 D Sur Carrera 27 A,VEREDA EL ESCOBERO,Urbana,"(6.164831751, -75.574234965)"
2163511,12/17/2016,3:15 p.m.,sábado,MOTOCICLETA,PARTICULAR,Motociclista,Masculino,No,N/A,SOLO DAÑOS,Choque,Adelantar en zona prohibida,Calle 36 D Sur Carrera 27 A,VEREDA EL ESCOBERO,Urbana,"(6.164831751, -75.574234965)"
2163503,12/17/2016,3:15 p.m.,sábado,CAMPERO,PARTICULAR,Conductor,Masculino,No,N/A,SOLO DAÑOS,Choque,No mantener distancia de seguridad,Carrera 48 Calle 19  Sur,LAS VEGAS,Urbana,"(6.187349001, -75.581535682)"
2163503,12/17/2016,3:15 p.m.,sábado,AUTOMOVIL,PARTICULAR,Conductor,Masculino,No,N/A,SOLO DAÑOS,Choque,No mantener distancia de seguridad,Carrera 48 Calle 19  Sur,LAS VEGAS,Urbana,"(6.187349001, -75.581535682)"
2163480,12/17/2016,2:10 p.m.,sábado,MOTOCICLETA,PARTICULAR,Motociclista,Masculino,No,N/A,HERIDO,Caida Ocupante,Impericia en el manejo,Calle 40  Sur Carrera 27,SAN JOSE,Urbana,"(6.158366235, -75.580807934)"
2163507,12/17/2016,2:00 p.m.,sábado,AUTOMOVIL,PARTICULAR,Conductor,Masculino,No,N/A,SOLO DAÑOS,Choque,No mantener distancia de seguridad,Carrera 48 Calle 32 B Sur,LAS VEGAS,Urbana,"(6.176994311, -75.589841192)"
2163507,12/17/2016,2:00 p.m.,sábado,AUTOMOVIL,PARTICULAR,Conductor,Femenino,No,N/A,SOLO DAÑOS,Choque,No mantener distancia de seguridad,Carrera 48 Calle 32 B Sur,LAS VEGAS,Urbana,"(6.176994311, -75.589841192)"
2163471,12/17/2016,1:30 p.m.,sábado,MOTOCICLETA,PARTICULAR,Motociclista,Masculino,No,N/A,SOLO DAÑOS,Choque,No mantener distancia de seguridad,Calle 39 A Sur Carrera 30,SAN JOSE,Urbana,
2163471,12/17/2016,1:30 p.m.,sábado,AUTOMOVIL,PUBLICO,Conductor,Masculino,No,N/A,SOLO DAÑOS,Choque,No mantener distancia de seguridad,Calle 39 A Sur Carrera 30,SAN JOSE,Urbana,
2163485,12/17/2016,12:20 p.m.,sábado,CAMIONETA,PARTICULAR,Conductor,Masculino,No,N/A,SOLO DAÑOS,Choque,No mantener distancia de seguridad,Tramo 371 Kilometro  13,VEREDA PALMAS,Rural,
2163485,12/17/2016,12:20 p.m.,sábado,CAMIONETA,PARTICULAR,Conductor,Masculino,No,N/A,SOLO DAÑOS,Choque,No mantener distancia de seguridad,Tramo 371 Kilometro  13,VEREDA PALMAS,Rural,
2163485,12/17/2016,12:20 p.m.,sábado,AUTOMOVIL,PARTICULAR,Conductor,Femenino,No,N/A,SOLO DAÑOS,Choque,No mantener distancia de seguridad,Tramo 371 Kilometro  13,VEREDA PALMAS,Rural,
2163476,12/17/2016,8:50 a.m.,sábado,AUTOMOVIL,PARTICULAR,Conductor,Masculino,No,N/A,SOLO DAÑOS,Choque,No mantener distancia de seguridad,Calle 25  Sur Carrera 49,LAS VEGAS,Urbana,
2163476,12/17/2016,8:50 a.m.,sábado,Sin registro,PUBLICO,Conductor,Masculino,No,N/A,SOLO DAÑOS,Choque,No mantener distancia de seguridad,Calle 25  Sur Carrera 49,LAS VEGAS,Urbana,
2163488,12/17/2016,8:10 a.m.,sábado,AUTOMOVIL,PARTICULAR,Conductor,Masculino,No,N/A,HERIDO,Choque,Adelantar por la derecha,Calle 48 C Sur Carrera 43 A,LAS VEGAS,Urbana,"(6.162378903, -75.597630589)"
2163488,12/17/2016,8:10 a.m.,sábado,MOTOCICLETA,PARTICULAR,Motociclista,Masculino,No,N/A,HERIDO,Choque,Adelantar por la derecha,Calle 48 C Sur Carrera 43 A,LAS VEGAS,Urbana,"(6.162378903, -75.597630589)"
2163497,12/16/2016,7:00 p.m.,viernes,MOTOCICLETA,PARTICULAR,Motociclista,Masculino,No,N/A,HERIDO,Atropello,Otra,Calle 38  Sur Carrera 46,ALCALA,Urbana,"(6.171966643, -75.591369743)"
2163502,12/16/2016,10:10 p.m.,viernes,AUTOMOVIL,PARTICULAR,Conductor,Masculino,No,N/A,SOLO DAÑOS,Choque,Poner en marcha un vehiculo sin precauci,Tramo 371 Kilometro  12,VEREDA PALMAS,Rural,
2163502,12/16/2016,10:10 p.m.,viernes,MOTOCICLETA,PARTICULAR,Motociclista,Masculino,No,N/A,SOLO DAÑOS,Choque,No respetar prelacion,Tramo 371 Kilometro  12,VEREDA PALMAS,Rural,
2163502,12/16/2016,10:10 p.m.,viernes,MOTOCICLETA,PARTICULAR,Motociclista,Masculino,No,N/A,SOLO DAÑOS,Choque,Poner en marcha un vehiculo sin precauci,Tramo 371 Kilometro  12,VEREDA PALMAS,Rural,
2163502,12/16/2016,10:10 p.m.,viernes,AUTOMOVIL,PARTICULAR,Conductor,Masculino,No,N/A,SOLO DAÑOS,Choque,No respetar prelacion,Tramo 371 Kilometro  12,VEREDA PALMAS,Rural,
2163500,12/16/2016,7:45 p.m.,viernes,AUTOMOVIL,PUBLICO,Conductor,Masculino,No,N/A,SOLO DAÑOS,Choque,No mantener distancia de seguridad,Carrera 48 Calle 35 A Sur,LAS VEGAS,Urbana,"(6.174372875, -75.591531842)"
2163500,12/16/2016,7:45 p.m.,viernes,CAMPERO,DIPLOMATICO,Conductor,Masculino,No,N/A,SOLO DAÑOS,Choque,No mantener distancia de seguridad,Carrera 48 Calle 35 A Sur,LAS VEGAS,Urbana,"(6.174372875, -75.591531842)"
2163497,12/16/2016,7:00 p.m.,viernes,MOTOCICLETA,PARTICULAR,Motociclista,Masculino,No,N/A,HERIDO,Atropello,Otra,Calle 38  Sur Carrera 46,ALCALA,Urbana,"(6.171966643, -75.591369743)"
2163508,12/16/2016,6:40 p.m.,viernes,CAMIONETA,PARTICULAR,Conductor,Masculino,No,N/A,SOLO DAÑOS,Choque,No mantener distancia de seguridad,Calle 50  Sur Carrera 48,LAS VEGAS,Urbana,
2163508,12/16/2016,6:40 p.m.,viernes,MICROBUS,PUBLICO,Conductor,Masculino,No,N/A,SOLO DAÑOS,Choque,No mantener distancia de seguridad,Calle 50  Sur Carrera 48,LAS VEGAS,Urbana,
2163509,12/16/2016,4:30 p.m.,viernes,MOTOCICLETA,PARTICULAR,Motociclista,Masculino,No,N/A,SOLO DAÑOS,Choque,Desobedecer senales,Carrera 43 A Calle 44  Sur,PRIMAVERA,Urbana,"(6.1654766, -75.594017219)"
2163509,12/16/2016,4:30 p.m.,viernes,CAMPERO,PARTICULAR,Conductor,Masculino,No,N/A,SOLO DAÑOS,Choque,Desobedecer senales,Carrera 43 A Calle 44  Sur,PRIMAVERA,Urbana,"(6.1654766, -75.594017219)"
2163493,12/16/2016,3:50 p.m.,viernes,CAMION,PUBLICO,Conductor,Masculino,No,N/A,SOLO DAÑOS,Choque,No mantener distancia de seguridad,Carrera 50 Calle 46  Sur,LAS VEGAS,Urbana,"(6.16131219, -75.603198185)"
2163493,12/16/2016,3:50 p.m.,viernes,CAMIONETA,PARTICULAR,Conductor,Masculino,No,N/A,SOLO DAÑOS,Choque,No mantener distancia de seguridad,Carrera 50 Calle 46  Sur,LAS VEGAS,Urbana,"(6.16131219, -75.603198185)"
2163483,12/16/2016,2:40 p.m.,viernes,AUTOMOVIL,PARTICULAR,Conductor,Femenino,No,N/A,SOLO DAÑOS,Choque,Adelantar cerrando,Carrera 43 A Calle 31  Sur,AVENIDA EL POBLADO,Urbana,"(6.176754685, -75.585468966)"
2163483,12/16/2016,2:40 p.m.,viernes,BUS,PUBLICO,Conductor,Masculino,No,N/A,SOLO DAÑOS,Choque,Adelantar cerrando,Carrera 43 A Calle 31  Sur,AVENIDA EL POBLADO,Urbana,"(6.176754685, -75.585468966)"
2163481,12/16/2016,2:30 p.m.,viernes,MOTOCICLETA,PARTICULAR,Motociclista,Femenino,No,N/A,HERIDO,Choque,Desobedecer senales,Diagonal 33 Transversal 34 D,LOS NARANJOS,Urbana,"(6.170891508, -75.583140175)"
2163481,12/16/2016,2:30 p.m.,viernes,AUTOMOVIL,PARTICULAR,Conductor,Masculino,No,N/A,HERIDO,Choque,Desobedecer senales,Diagonal 33 Transversal 34 D,LOS NARANJOS,Urbana,"(6.170891508, -75.583140175)"
2163487,12/16/2016,1:53 p.m.,viernes,AUTOMOVIL,PARTICULAR,Conductor,Masculino,No,N/A,SOLO DAÑOS,Choque,No respetar prelacion,Calle 37  Sur Carrera 32,LA PRADERA,Urbana,"(6.166691719, -75.581185995)"
2163487,12/16/2016,1:53 p.m.,viernes,MOTOCICLETA,PARTICULAR,Motociclista,Masculino,No,N/A,SOLO DAÑOS,Choque,No respetar prelacion,Calle 37  Sur Carrera 32,LA PRADERA,Urbana,"(6.166691719, -75.581185995)"
2163473,12/16/2016,12:25 p.m.,viernes,CAMION,PUBLICO,Conductor,Masculino,No,N/A,SOLO DAÑOS,Choque,Adelantar cerrando,Carrera 48 Calle 37  Sur,GLORIETA EXITO,Urbana,"(6.172859211, -75.592769925)"
2163473,12/16/2016,12:25 p.m.,viernes,AUTOMOVIL,PARTICULAR,Conductor,Masculino,No,N/A,SOLO DAÑOS,Choque,Adelantar cerrando,Carrera 48 Calle 37  Sur,GLORIETA EXITO,Urbana,"(6.172859211, -75.592769925)"
2163498,12/16/2016,11:20 a.m.,viernes,AUTOMOVIL,PUBLICO,Conductor,Masculino,No,N/A,SOLO DAÑOS,Choque,Desobedecer senales,Diagonal 33 Transversal 35,LOS NARANJOS,Urbana,"(6.169487409, -75.582046839)"
2163498,12/16/2016,11:20 a.m.,viernes,CAMIONETA,PARTICULAR,Conductor,Masculino,No,N/A,SOLO DAÑOS,Choque,Desobedecer senales,Diagonal 33 Transversal 35,LOS NARANJOS,Urbana,"(6.169487409, -75.582046839)"
2163457,12/15/2016,6:50 a.m.,jueves,AUTOMOVIL,PARTICULAR,Conductor,Masculino,No,N/A,SOLO DAÑOS,Choque,No mantener distancia de seguridad,Calle 37 B Sur Carrera 27 A,LOMA DE LAS BRUJAS,Urbana,"(6.159881312, -75.574653531)"
2163457,12/15/2016,6:50 a.m.,jueves,AUTOMOVIL,PUBLICO,Conductor,Masculino,No,N/A,SOLO DAÑOS,Choque,No mantener distancia de seguridad,Calle 37 B Sur Carrera 27 A,LOMA DE LAS BRUJAS,Urbana,"(6.159881312, -75.574653531)"
2163458,12/15/2016,10:00 a.m.,jueves,AUTOMOVIL,PUBLICO,Conductor,Masculino,No,N/A,SOLO DAÑOS,Choque,No mantener distancia de seguridad,Calle 37  Sur Carrera 31,LA PRADERA,Urbana,"(6.166120684, -75.580740605)"
2163470,12/15/2016,9:45 a.m.,jueves,AUTOMOVIL,PUBLICO,Conductor,Masculino,No,N/A,HERIDO,Atropello,Cruzar sin observar,Calle 38 A Sur Carrera 39,ZONA CENTRO,Urbana,"(6.167679571, -75.585676277)"
2163461,12/15/2016,8:00 a.m.,jueves,CAMIONETA,PARTICULAR,Conductor,Femenino,No,N/A,SOLO DAÑOS,Choque,Girar bruscamente,Carrera 31 Calle 38  Sur,MESA,Urbana,"(6.165466746, -75.581111233)"
2163499,12/15/2016,6:55 p.m.,jueves,AUTOMOVIL,PARTICULAR,Conductor,Masculino,No,N/A,SOLO DAÑOS,Choque,Adelantar por la derecha,Calle 38  Sur Carrera 31,MESA,Urbana,"(6.165577674, -75.581121822)"
2163499,12/15/2016,6:55 p.m.,jueves,MOTOCICLETA,PARTICULAR,Motociclista,Masculino,No,N/A,SOLO DAÑOS,Choque,Girar bruscamente,Calle 38  Sur Carrera 31,MESA,Urbana,"(6.165577674, -75.581121822)"
2163499,12/15/2016,6:55 p.m.,jueves,MOTOCICLETA,PARTICULAR,Motociclista,Masculino,No,N/A,SOLO DAÑOS,Choque,Adelantar por la derecha,Calle 38  Sur Carrera 31,MESA,Urbana,"(6.165577674, -75.581121822)"
2163499,12/15/2016,6:55 p.m.,jueves,AUTOMOVIL,PARTICULAR,Conductor,Masculino,No,N/A,SOLO DAÑOS,Choque,Girar bruscamente,Calle 38  Sur Carrera 31,MESA,Urbana,"(6.165577674, -75.581121822)"
2163461,12/15/2016,8:00 a.m.,jueves,AUTOMOVIL,PARTICULAR,Conductor,Masculino,No,N/A,SOLO DAÑOS,Choque,Girar bruscamente,Carrera 31 Calle 38  Sur,MESA,Urbana,"(6.165466746, -75.581111233)"
2163474,12/15/2016,4:30 p.m.,jueves,CAMPERO,DIPLOMATICO,Conductor,Masculino,No,N/A,HERIDO,Choque,No respetar prelacion,Tramo 372 Kilometro  12,VEREDA PALMAS,Rural,
2163474,12/15/2016,4:30 p.m.,jueves,AUTOMOVIL,PARTICULAR,Conductor,Masculino,No,N/A,HERIDO,Choque,No mantener distancia de seguridad,Tramo 372 Kilometro  12,VEREDA PALMAS,Rural,
2163474,12/15/2016,4:30 p.m.,jueves,AUTOMOVIL,PARTICULAR,Conductor,Masculino,No,N/A,HERIDO,Choque,No respetar prelacion,Tramo 372 Kilometro  12,VEREDA PALMAS,Rural,
2163474,12/15/2016,4:30 p.m.,jueves,AUTOMOVIL,PARTICULAR,Conductor,Femenino,No,N/A,HERIDO,Choque,No mantener distancia de seguridad,Tramo 372 Kilometro  12,VEREDA PALMAS,Rural,
2163474,12/15/2016,4:30 p.m.,jueves,AUTOMOVIL,PARTICULAR,Conductor,Femenino,No,N/A,HERIDO,Choque,No respetar prelacion,Tramo 372 Kilometro  12,VEREDA PALMAS,Rural,
2163474,12/15/2016,4:30 p.m.,jueves,CAMPERO,DIPLOMATICO,Conductor,Masculino,No,N/A,HERIDO,Choque,No mantener distancia de seguridad,Tramo 372 Kilometro  12,VEREDA PALMAS,Rural,
2163496,12/15/2016,3:00 p.m.,jueves,AUTOMOVIL,PARTICULAR,Conductor,Femenino,No,N/A,SOLO DAÑOS,Choque,No mantener distancia de seguridad,Carrera 43 A Calle 36  Sur,ZONA CENTRO,Urbana,"(6.171753325, -75.587727675)"
2163496,12/15/2016,3:00 p.m.,jueves,AUTOMOVIL,PARTICULAR,Conductor,Masculino,No,N/A,SOLO DAÑOS,Choque,No mantener distancia de seguridad,Carrera 43 A Calle 36  Sur,ZONA CENTRO,Urbana,"(6.171753325, -75.587727675)"
2163475,12/15/2016,1:30 p.m.,jueves,MOTOCICLETA,PARTICULAR,Motociclista,Masculino,No,N/A,SOLO DAÑOS,Choque,Otra,Carrera 48 Calle 19  Sur,LAS VEGAS,Urbana,"(6.187349001, -75.581535682)"
2163475,12/15/2016,1:30 p.m.,jueves,AUTOMOVIL,PARTICULAR,Conductor,Masculino,No,N/A,SOLO DAÑOS,Choque,Otra,Carrera 48 Calle 19  Sur,LAS VEGAS,Urbana,"(6.187349001, -75.581535682)"
2163460,12/15/2016,11:31 a.m.,jueves,CAMION,PUBLICO,Conductor,Masculino,No,N/A,SOLO DAÑOS,Choque,Adelantar cerrando,Diagonal 32 Transversal 36,LA PRADERA,Urbana,"(6.168258576, -75.580670172)"
2163460,12/15/2016,11:31 a.m.,jueves,BUS,PUBLICO,Conductor,Masculino,No,N/A,SOLO DAÑOS,Choque,Adelantar cerrando,Diagonal 32 Transversal 36,LA PRADERA,Urbana,"(6.168258576, -75.580670172)"
2163458,12/15/2016,10:00 a.m.,jueves,AUTOMOVIL,PARTICULAR,Conductor,Masculino,No,N/A,SOLO DAÑOS,Choque,No mantener distancia de seguridad,Calle 37  Sur Carrera 31,LA PRADERA,Urbana,"(6.166120684, -75.580740605)"
2163468,12/14/2016,3:30 p.m.,miércoles,MICROBUS,PUBLICO,Conductor,Masculino,No,N/A,SOLO DAÑOS,Choque,Impericia en el manejo,Carrera 49 Calle 39 B Sur,LAS VEGAS,Urbana,"(6.173609359, -75.597070569)"
2163468,12/14/2016,3:30 p.m.,miércoles,BICICLETA,PARTICULAR,Ciclista,Masculino,No,N/A,SOLO DAÑOS,Choque,Cruzar sin observar,Carrera 49 Calle 39 B Sur,LAS VEGAS,Urbana,"(6.173609359, -75.597070569)"
2163468,12/14/2016,3:30 p.m.,miércoles,BICICLETA,PARTICULAR,Ciclista,Masculino,No,N/A,SOLO DAÑOS,Choque,Impericia en el manejo,Carrera 49 Calle 39 B Sur,LAS VEGAS,Urbana,"(6.173609359, -75.597070569)"
2163468,12/14/2016,3:30 p.m.,miércoles,MICROBUS,PUBLICO,Conductor,Masculino,No,N/A,SOLO DAÑOS,Choque,Cruzar sin observar,Carrera 49 Calle 39 B Sur,LAS VEGAS,Urbana,"(6.173609359, -75.597070569)"
2163462,12/14/2016,3:00 p.m.,miércoles,AUTOMOVIL,PARTICULAR,Conductor,Masculino,No,N/A,SOLO DAÑOS,Choque,Girar bruscamente,Calle 38 A Sur Carrera 48,LAS VEGAS,Urbana,"(6.168560755, -75.587015366)"
2163462,12/14/2016,3:00 p.m.,miércoles,CAMION,PUBLICO,Conductor,Masculino,No,N/A,SOLO DAÑOS,Choque,Girar bruscamente,Calle 38 A Sur Carrera 48,LAS VEGAS,Urbana,"(6.168560755, -75.587015366)"
2163490,12/14/2016,1:35 p.m.,miércoles,CAMION,PARTICULAR,Conductor,Masculino,No,N/A,SOLO DAÑOS,Choque,Girar bruscamente,Calle 24  Sur Carrera 38,N/R,Urbana,"(6.177798131, -75.5727217)"
2163490,12/14/2016,1:35 p.m.,miércoles,AUTOMOVIL,PARTICULAR,Conductor,Masculino,No,N/A,SOLO DAÑOS,Choque,Girar bruscamente,Calle 24  Sur Carrera 38,N/R,Urbana,"(6.177798131, -75.5727217)"
2163501,12/14/2016,1:30 p.m.,miércoles,AUTOMOVIL,PARTICULAR,Conductor,Masculino,No,N/A,SOLO DAÑOS,Choque,No respetar prelacion,Calle 37  Sur Carrera 28,LA MAGNOLIA,Urbana,"(6.165679454, -75.578340422)"
2163501,12/14/2016,1:30 p.m.,miércoles,AUTOMOVIL,PARTICULAR,Conductor,Masculino,No,N/A,SOLO DAÑOS,Choque,No respetar prelacion,Calle 37  Sur Carrera 28,LA MAGNOLIA,Urbana,"(6.165679454, -75.578340422)"
2163453,12/14/2016,8:50 a.m.,miércoles,MOTOCICLETA,PARTICULAR,Motociclista,Masculino,No,N/A,SOLO DAÑOS,Choque,Transitar entre vehiculos,Calle 46  Sur Carrera 48,LAS VEGAS,Urbana,"(6.162824447, -75.599686607)"
2163453,12/14/2016,8:50 a.m.,miércoles,AUTOMOVIL,PARTICULAR,Conductor,Femenino,No,N/A,SOLO DAÑOS,Choque,Transitar entre vehiculos,Calle 46  Sur Carrera 48,LAS VEGAS,Urbana,"(6.162824447, -75.599686607)"
2163453,12/14/2016,8:50 a.m.,miércoles,CAMION,PUBLICO,Conductor,Masculino,No,N/A,SOLO DAÑOS,Choque,Transitar entre vehiculos,Calle 46  Sur Carrera 48,LAS VEGAS,Urbana,"(6.162824447, -75.599686607)"
2163451,12/14/2016,7:50 a.m.,miércoles,MOTOCICLETA,PARTICULAR,Motociclista,Femenino,No,N/A,SOLO DAÑOS,Choque,No mantener distancia de seguridad,Calle 25 AA Sur Carrera 50,LAS VEGAS,Urbana,"(6.182478523, -75.583313359)"
2163451,12/14/2016,7:50 a.m.,miércoles,AUTOMOVIL,PARTICULAR,Conductor,Femenino,No,N/A,SOLO DAÑOS,Choque,Transitar entre vehiculos,Calle 25 AA Sur Carrera 50,LAS VEGAS,Urbana,"(6.182478523, -75.583313359)"
2163451,12/14/2016,7:50 a.m.,miércoles,AUTOMOVIL,PARTICULAR,Conductor,Femenino,No,N/A,SOLO DAÑOS,Choque,No mantener distancia de seguridad,Calle 25 AA Sur Carrera 50,LAS VEGAS,Urbana,"(6.182478523, -75.583313359)"
2163451,12/14/2016,7:50 a.m.,miércoles,CAMION,PUBLICO,Conductor,Masculino,No,N/A,SOLO DAÑOS,Choque,Transitar entre vehiculos,Calle 25 AA Sur Carrera 50,LAS VEGAS,Urbana,"(6.182478523, -75.583313359)"
2163451,12/14/2016,7:50 a.m.,miércoles,CAMION,PUBLICO,Conductor,Masculino,No,N/A,SOLO DAÑOS,Choque,No mantener distancia de seguridad,Calle 25 AA Sur Carrera 50,LAS VEGAS,Urbana,"(6.182478523, -75.583313359)"
2163451,12/14/2016,7:50 a.m.,miércoles,MOTOCICLETA,PARTICULAR,Motociclista,Femenino,No,N/A,SOLO DAÑOS,Choque,Transitar entre vehiculos,Calle 25 AA Sur Carrera 50,LAS VEGAS,Urbana,"(6.182478523, -75.583313359)"
2163466,12/14/2016,5:10 p.m.,miércoles,BUS,PUBLICO,Conductor,Masculino,No,N/A,SOLO DAÑOS,Choque,No mantener distancia de seguridad,Carrera 50 Calle 37  Sur,LAS VEGAS,Urbana,
2163466,12/14/2016,5:10 p.m.,miércoles,CAMION,PARTICULAR,Conductor,Masculino,No,N/A,SOLO DAÑOS,Choque,No mantener distancia de seguridad,Carrera 50 Calle 37  Sur,LAS VEGAS,Urbana,
2163433,12/13/2016,6:55 a.m.,martes,AUTOMOVIL,PARTICULAR,Conductor,Masculino,No,N/A,SOLO DAÑOS,Choque,Adelantar cerrando,Calle 32 B Sur Carrera 48,LAS VEGAS,Urbana,"(6.177255701, -75.590031365)"
2163454,12/13/2016,6:35 p.m.,martes,AUTOMOVIL,PARTICULAR,Conductor,Masculino,No,N/A,SOLO DAÑOS,Choque,No mantener distancia de seguridad,Calle 50 AD Sur Carrera 43 A,LAS CASITAS,Urbana,
2163454,12/13/2016,6:35 p.m.,martes,CAMPERO,PARTICULAR,Conductor,Masculino,No,N/A,SOLO DAÑOS,Choque,No mantener distancia de seguridad,Calle 50 AD Sur Carrera 43 A,LAS CASITAS,Urbana,