RADICADO,FECHA,HORA,DÍA DE LA SEMANA,CLASE DE VEHICULO,TIPO DE SERVICIO,TIPO DE VICTIMA,SEXO,ESTADO DE BEODEZ,RESULTADO DE BEODEZ,GRAVEDAD,CLASE DE ACCIDENTE,CAUSA,DIRECCIÓN,BARRIO,AREA,Coordenadas
2163452,12/13/2016,6:15 p.m.,martes,AUTOMOVIL,PARTICULAR,Conductor,Masculino,No,N/A,HERIDO,Choque,Girar bruscamente,Calle 36  Sur Carrera 38,ZONA CENTRO,Urbana,"(6.169465734, -75.583858682)"
2163452,12/13/2016,6:15 p.m.,martes,MOTOCICLETA,PARTICULAR,Motociclista,Masculino,No,N/A,HERIDO,Choque,Girar bruscamente,Calle 36  Sur Carrera 38,ZONA CENTRO,Urbana,"(6.169465734, -75.583858682)"
2163455,12/13/2016,5:55 p.m.,martes,AUTOMOVIL,PARTICULAR,Conductor,Femenino,No,N/A,SOLO DAÑOS,Choque,No mantener distancia de seguridad,Calle 25 AA Sur Carrera 48,LAS VEGAS,Urbana,"(6.18405129, -75.584783826)"
2163455,12/13/2016,5:55 p.m.,martes,CAMIONETA,PARTICULAR,Conductor,Masculino,No,N/A,SOLO DAÑOS,Choque,No mantener distancia de seguridad,Calle 25 AA Sur Carrera 48,LAS VEGAS,Urbana,"(6.18405129, -75.584783826)"
2163467,12/13/2016,5:00 p.m.,martes,AUTOMOVIL,PARTICULAR,Conductor,Masculino,No,N/A,SOLO DAÑOS,Choque,No respetar prelacion,Carrera 31 Calle 38 A Sur,MESA,Urbana,"(6.164876858, -75.581505827)"
2163467,12/13/2016,5:00 p.m.,martes,BUS,PUBLICO,Conductor,Masculino,No,N/A,SOLO DAÑOS,Choque,No respetar prelacion,Carrera 31 Calle 38 A Sur,MESA,Urbana,"(6.164876858, -75.581505827)"
2163444,12/13/2016,4:50 p.m.,martes,CAMIONETA,PARTICULAR,Conductor,Masculino,No,N/A,SOLO DAÑOS,Choque,Reverso imprudente,Carrera 43 Calle 33  Sur,ZONA CENTRO,Urbana,"(6.173540656, -75.585683369)"
2163444,12/13/2016,4:50 p.m.,martes,AUTOMOVIL,PARTICULAR,Conductor,Masculino,No,N/A,SOLO DAÑOS,Choque,Reverso imprudente,Carrera 43 Calle 33  Sur,ZONA CENTRO,Urbana,"(6.173540656, -75.585683369)"
2163442,12/13/2016,4:50 p.m.,martes,AUTOMOVIL,PUBLICO,Conductor,Masculino,No,N/A,SOLO DAÑOS,Choque,Adelantar cerrando,Carrera 49 Calle 43  Sur,LAS VEGAS,Urbana,"(6.160925818, -75.599980088)"
2163442,12/13/2016,4:50 p.m.,martes,BUS,PUBLICO,Conductor,Masculino,No,N/A,SOLO DAÑOS,Choque,Adelantar cerrando,Carrera 49 Calle 43  Sur,LAS VEGAS,Urbana,"(6.160925818, -75.599980088)"
2163459,12/13/2016,3:30 p.m.,martes,AUTOMOVIL,PARTICULAR,Conductor,Femenino,No,N/A,SOLO DAÑOS,Choque,Impericia en el manejo,Calle 39 B Sur Carrera 47 A,ALCALA,Urbana,"(6.17027247, -75.594508299)"
2163459,12/13/2016,3:30 p.m.,martes,CAMION,PUBLICO,Conductor,Masculino,No,N/A,SOLO DAÑOS,Choque,Impericia en el manejo,Calle 39 B Sur Carrera 47 A,ALCALA,Urbana,"(6.17027247, -75.594508299)"
2163463,12/13/2016,1:30 p.m.,martes,CAMION,PUBLICO,Conductor,Masculino,No,N/A,SOLO DAÑOS,Choque,Adelantar cerrando,Carrera 29 B Calle 37  Sur,URIBE ANGEL,Urbana,"(6.163948121, -75.581155458)"
2163463,12/13/2016,1:30 p.m.,martes,AUTOMOVIL,PARTICULAR,Conductor,Masculino,No,N/A,SOLO DAÑOS,Choque,Adelantar cerrando,Carrera 29 B Calle 37  Sur,URIBE ANGEL,Urbana,"(6.163948121, -75.581155458)"
2163447,12/13/2016,11:30 a.m.,martes,AUTOMOVIL,PARTICULAR,Conductor,Masculino,No,N/A,SOLO DAÑOS,Choque,No mantener distancia de seguridad,Carrera 20 Calle 22  Sur,ZU├æIGA,Urbana,"(6.175205128, -75.56106191)"
2163447,12/13/2016,11:30 a.m.,martes,MOTOCICLETA,PARTICULAR,Motociclista,Masculino,No,N/A,SOLO DAÑOS,Choque,No mantener distancia de seguridad,Carrera 20 Calle 22  Sur,ZU├æIGA,Urbana,"(6.175205128, -75.56106191)"
2163435,12/13/2016,10:50 a.m.,martes,MOTOCICLETA,DIPLOMATICO,Motociclista,Femenino,No,N/A,HERIDO,Caida Ocupante,Impericia en el manejo,Calle 39 D Sur Carrera 25,EL CHINGU├ì,Urbana,"(6.154343948, -75.578021489)"
2163448,12/13/2016,9:30 a.m.,martes,CAMIONETA,PUBLICO,Conductor,Masculino,No,N/A,SOLO DAÑOS,Choque,Reverso imprudente,Carrera 47 Calle 20  Sur,ZU├æIGA,Urbana,"(6.185657752, -75.581745219)"
2163448,12/13/2016,9:30 a.m.,martes,CAMIONETA,PARTICULAR,Conductor,Masculino,No,N/A,SOLO DAÑOS,Choque,Reverso imprudente,Carrera 47 Calle 20  Sur,ZU├æIGA,Urbana,"(6.185657752, -75.581745219)"
2163438,12/13/2016,8:40 a.m.,martes,AUTOMOVIL,PARTICULAR,Conductor,Femenino,No,N/A,SOLO DAÑOS,Choque,Adelantar en zona prohibida,Carrera 27 Calle 36  Sur,LA INMACULADA,Urbana,"(6.167009975, -75.569278076)"
2163438,12/13/2016,8:40 a.m.,martes,MOTOCICLETA,PARTICULAR,Motociclista,Masculino,No,N/A,SOLO DAÑOS,Choque,Adelantar en zona prohibida,Carrera 27 Calle 36  Sur,LA INMACULADA,Urbana,"(6.167009975, -75.569278076)"
2163437,12/13/2016,7:35 a.m.,martes,BUSETA,PUBLICO,Conductor,Masculino,No,N/A,SOLO DAÑOS,Choque,Poner en marcha un vehiculo sin precauci,Carrera 43 A Calle 40  Sur,ALCALA,Urbana,"(6.168044687, -75.59026877)"
2163437,12/13/2016,7:35 a.m.,martes,BUS,PUBLICO,Conductor,Masculino,No,N/A,SOLO DAÑOS,Choque,Poner en marcha un vehiculo sin precauci,Carrera 43 A Calle 40  Sur,ALCALA,Urbana,"(6.168044687, -75.59026877)"
2163440,12/13/2016,7:20 a.m.,martes,AUTOMOVIL,PARTICULAR,Conductor,Masculino,No,N/A,SOLO DAÑOS,Choque,No mantener distancia de seguridad,Calle 39  Sur Carrera 33,MESA,Urbana,"(6.164989355, -75.58296685)"
2163440,12/13/2016,7:20 a.m.,martes,AUTOMOVIL,PARTICULAR,Conductor,Masculino,No,N/A,SOLO DAÑOS,Choque,No mantener distancia de seguridad,Calle 39  Sur Carrera 33,MESA,Urbana,"(6.164989355, -75.58296685)"
2163433,12/13/2016,6:55 a.m.,martes,AUTOMOVIL,PARTICULAR,Conductor,Masculino,No,N/A,SOLO DAÑOS,Choque,Adelantar cerrando,Calle 32 B Sur Carrera 48,LAS VEGAS,Urbana,"(6.177255701, -75.590031365)"
2163434,12/12/2016,12:00 p.m.,lunes,CAMION,PARTICULAR,Conductor,Masculino,No,N/A,SOLO DAÑOS,Choque,Adelantar cerrando,Calle 32  Sur Carrera 43 A,SAN MARCOS,Urbana,"(6.175707678, -75.586262412)"
2163425,12/12/2016,9:35 p.m.,lunes,BICICLETA,PARTICULAR,Ciclista,Femenino,No,N/A,HERIDO,Choque,Desobedecer senales,Calle 39  Sur Carrera 38,MESA,Urbana,"(6.166656476, -75.585553364)"
2163425,12/12/2016,9:35 p.m.,lunes,MICROBUS,PUBLICO,Conductor,Masculino,No,N/A,HERIDO,Choque,Desobedecer senales,Calle 39  Sur Carrera 38,MESA,Urbana,"(6.166656476, -75.585553364)"
2163443,12/12/2016,8:30 p.m.,lunes,MOTOCICLETA,PARTICULAR,Motociclista,Masculino,No,N/A,SOLO DAÑOS,Choque,Semaforo en rojo,Carrera 43 A Transversal 27,AVENIDA EL POBLADO,Urbana,"(6.179697995, -75.583177217)"
2163446,12/12/2016,3:00 p.m.,lunes,PAVIMENTADORA,PARTICULAR,Conductor,Masculino,No,N/A,SOLO DAÑOS,Choque,Impericia en el manejo,Carrera 27 Calle 26  Sur,LA MINA,Urbana,
2163439,12/12/2016,3:00 p.m.,lunes,CAMIONETA,PARTICULAR,Conductor,Masculino,No,N/A,SOLO DAÑOS,Choque,Poner en marcha un vehiculo sin precauci,Calle 38  Sur Carrera 43,ZONA CENTRO,Urbana,"(6.170061667, -75.587839128)"
2163439,12/12/2016,3:00 p.m.,lunes,AUTOMOVIL,PARTICULAR,Conductor,Femenino,No,N/A,SOLO DAÑOS,Choque,Poner en marcha un vehiculo sin precauci,Calle 38  Sur Carrera 43,ZONA CENTRO,Urbana,"(6.170061667, -75.587839128)"
2163434,12/12/2016,12:00 p.m.,lunes,CAMIONETA,PARTICULAR,Conductor,Masculino,No,N/A,SOLO DAÑOS,Choque,Adelantar cerrando,Calle 32  Sur Carrera 43 A,SAN MARCOS,Urbana,"(6.175707678, -75.586262412)"
2163441,12/12/2016,11:40 a.m.,lunes,CAMPERO,PARTICULAR,Conductor,Femenino,No,N/A,SOLO DAÑOS,Choque,Reverso imprudente,Carrera 44 A Calle 32  Sur,SAN MARCOS,Urbana,"(6.175714751, -75.58666738)"
2163441,12/12/2016,11:40 a.m.,lunes,MOTOCICLETA,PARTICULAR,Motociclista,Masculino,No,N/A,SOLO DAÑOS,Choque,Reverso imprudente,Carrera 44 A Calle 32  Sur,SAN MARCOS,Urbana,"(6.175714751, -75.58666738)"
2163431,12/12/2016,11:00 a.m.,lunes,AUTOMOVIL,PARTICULAR,Conductor,Masculino,No,N/A,SOLO DAÑOS,Choque,Transitar entre vehiculos,Calle 38  Sur Carrera 43,ZONA CENTRO,Urbana,"(6.170061667, -75.587839128)"
2163431,12/12/2016,11:00 a.m.,lunes,MOTOCICLETA,PARTICULAR,Motociclista,Masculino,No,N/A,SOLO DAÑOS,Choque,Transitar entre vehiculos,Calle 38  Sur Carrera 43,ZONA CENTRO,Urbana,"(6.170061667, -75.587839128)"
2163419,12/12/2016,10:30 a.m.,lunes,AUTOMOVIL,PUBLICO,Conductor,Masculino,No,N/A,SOLO DAÑOS,Choque,Reverso imprudente,Carrera 24 F Calle 40  Sur,EL SALADO,Urbana,"(6.150574304, -75.577670449)"
2163419,12/12/2016,10:30 a.m.,lunes,MICROBUS,PUBLICO,Conductor,Masculino,No,N/A,SOLO DAÑOS,Choque,Reverso imprudente,Carrera 24 F Calle 40  Sur,EL SALADO,Urbana,"(6.150574304, -75.577670449)"
2163426,12/12/2016,8:50 a.m.,lunes,CAMION,PUBLICO,Conductor,Masculino,No,N/A,SOLO DAÑOS,Choque,Impericia en el manejo,Calle 39  Sur Carrera 39,MESA,Urbana,"(6.166978259, -75.586044922)"
2163426,12/12/2016,8:50 a.m.,lunes,AUTOMOVIL,PARTICULAR,Conductor,Masculino,No,N/A,SOLO DAÑOS,Choque,Impericia en el manejo,Calle 39  Sur Carrera 39,MESA,Urbana,"(6.166978259, -75.586044922)"
2163421,12/12/2016,6:50 a.m.,lunes,MOTOCICLETA,PARTICULAR,Motociclista,Masculino,No,N/A,SOLO DAÑOS,Choque,Adelantar en zona prohibida,Calle 41 A Sur Carrera 42,EL DORADO,Urbana,"(6.165845136, -75.591611648)"
2163421,12/12/2016,6:50 a.m.,lunes,AUTOMOVIL,PUBLICO,Conductor,Masculino,No,N/A,SOLO DAÑOS,Choque,Adelantar en zona prohibida,Calle 41 A Sur Carrera 42,EL DORADO,Urbana,"(6.165845136, -75.591611648)"
2163443,12/12/2016,8:30 p.m.,lunes,AUTOMOVIL,PARTICULAR,Conductor,Masculino,No,N/A,SOLO DAÑOS,Choque,Semaforo en rojo,Carrera 43 A Transversal 27,AVENIDA EL POBLADO,Urbana,"(6.179697995, -75.583177217)"
2163436,12/12/2016,8:00 p.m.,lunes,CAMPERO,PARTICULAR,Conductor,Masculino,No,N/A,SOLO DAÑOS,Choque,No mantener distancia de seguridad,Calle 36 A Sur Carrera 27,LA SEBASTIANA,Urbana,"(6.167621297, -75.578524101)"
2163436,12/12/2016,8:00 p.m.,lunes,MICROBUS,PUBLICO,Conductor,Masculino,No,N/A,SOLO DAÑOS,Choque,No mantener distancia de seguridad,Calle 36 A Sur Carrera 27,LA SEBASTIANA,Urbana,"(6.167621297, -75.578524101)"
2163446,12/12/2016,3:00 p.m.,lunes,MOTOCICLETA,PARTICULAR,Motociclista,Masculino,No,N/A,SOLO DAÑOS,Choque,Impericia en el manejo,Carrera 27 Calle 26  Sur,LA MINA,Urbana,
2163402,12/11/2016,1:45 p.m.,domingo,AUTOMOVIL,PARTICULAR,Conductor,Masculino,No,N/A,SOLO DAÑOS,Choque,Reverso imprudente,Diagonal 29 Transversal 25,ZU├æIGA,Urbana,"(6.17938169, -75.578980838)"
2163423,12/11/2016,7:35 a.m.,domingo,CAMIONETA,PUBLICO,Conductor,Masculino,No,N/A,SOLO DAÑOS,Choque,Desobedecer senales,Calle 25  Sur Carrera 43 A,LAS ORQUIDEAS,Urbana,"(6.181560189, -75.582016491)"
2163402,12/11/2016,1:45 p.m.,domingo,AUTOMOVIL,PARTICULAR,Conductor,Masculino,No,N/A,SOLO DAÑOS,Choque,Reverso imprudente,Diagonal 29 Transversal 25,ZU├æIGA,Urbana,"(6.17938169, -75.578980838)"
2163407,12/11/2016,1:50 a.m.,domingo,AUTOMOVIL,PARTICULAR,Conductor,Masculino,No,N/A,SOLO DAÑOS,Choque,Girar bruscamente,Calle 40  Sur Carrera 43 A,ALCALA,Urbana,"(6.167965983, -75.590242146)"
2163423,12/11/2016,7:35 a.m.,domingo,MOTOCICLETA,PARTICULAR,Motociclista,Masculino,No,N/A,SOLO DAÑOS,Choque,Desobedecer senales,Calle 25  Sur Carrera 43 A,LAS ORQUIDEAS,Urbana,"(6.181560189, -75.582016491)"
2163449,12/11/2016,6:45 p.m.,domingo,CAMIONETA,PARTICULAR,Conductor,Masculino,No,N/A,SOLO DAÑOS,Choque,Desobedecer senales,Diagonal 32 B Transversal 32,LA MAGNOLIA,Urbana,"(6.175921286, -75.583420855)"
2163449,12/11/2016,6:45 p.m.,domingo,MOTOCICLETA,PARTICULAR,Motociclista,Masculino,No,N/A,SOLO DAÑOS,Choque,Desobedecer senales,Diagonal 32 B Transversal 32,LA MAGNOLIA,Urbana,"(6.175921286, -75.583420855)"
2163420,12/11/2016,6:05 p.m.,domingo,CAMIONETA,PUBLICO,Conductor,Sin registro,No,N/A,SOLO DAÑOS,Choque,Desobedecer senales,Diagonal 32 Transversal 32 A,LA MAGNOLIA,Urbana,"(6.17563197, -75.582466544)"
2163420,12/11/2016,6:05 p.m.,domingo,AUTOMOVIL,PUBLICO,Conductor,Masculino,No,N/A,SOLO DAÑOS,Choque,Desobedecer senales,Diagonal 32 Transversal 32 A,LA MAGNOLIA,Urbana,"(6.17563197, -75.582466544)"
2163424,12/11/2016,6:50 p.m.,domingo,CAMPERO,PARTICULAR,Conductor,Masculino,No,N/A,SOLO DAÑOS,Choque,Transitar entre vehiculos,Carrera 42 Calle 41 B Sur,EL DORADO,Urbana,"(6.165452222, -75.591569907)"
2163407,12/11/2016,1:50 a.m.,domingo,MOTOCICLETA,PARTICULAR,Motociclista,Masculino,No,N/A,SOLO DAÑOS,Choque,Girar bruscamente,Calle 40  Sur Carrera 43 A,ALCALA,Urbana,"(6.167965983, -75.590242146)"
2163424,12/11/2016,6:50 p.m.,domingo,MOTOCICLETA,PARTICULAR,Motociclista,Masculino,No,N/A,SOLO DAÑOS,Choque,Transitar entre vehiculos,Carrera 42 Calle 41 B Sur,EL DORADO,Urbana,"(6.165452222, -75.591569907)"
2163401,12/11/2016,3:10 a.m.,domingo,AUTOMOVIL,PUBLICO,Conductor,Masculino,No,N/A,HERIDO,Choque,Semaforo en rojo,Calle 39  Sur Carrera 41,ZONA CENTRO,Urbana,"(6.167870042, -75.587448707)"
2163401,12/11/2016,3:10 a.m.,domingo,MOTOCICLETA,PARTICULAR,Motociclista,Masculino,No,N/A,HERIDO,Choque,Semaforo en rojo,Calle 39  Sur Carrera 41,ZONA CENTRO,Urbana,"(6.167870042, -75.587448707)"
2163409,12/10/2016,4:20 p.m.,sábado,CAMIONETA,PARTICULAR,Conductor,Masculino,No,N/A,SOLO DAÑOS,Choque,Desobedecer senales,Diagonal 32 D Transversal 32,LA MAGNOLIA,Urbana,"(6.175661946, -75.584184038)"
2170362,12/10/2016,9:15 p.m.,sábado,AUTOMOVIL,PUBLICO,Conductor,Masculino,No,N/A,SOLO DAÑOS,Choque,Otra,Calle 39 A Sur Carrera 45,ALCALA,Urbana,"(6.168916704, -75.59147177)"
2170362,12/10/2016,9:15 p.m.,sábado,BICICLETA,PARTICULAR,Ciclista,Masculino,No,N/A,SOLO DAÑOS,Choque,Otra,Calle 39 A Sur Carrera 45,ALCALA,Urbana,"(6.168916704, -75.59147177)"
2163415,12/10/2016,8:35 p.m.,sábado,AUTOMOVIL,PARTICULAR,Conductor,Masculino,No,N/A,SOLO DAÑOS,Choque,No mantener distancia de seguridad,Calle 37  Sur Carrera 33,LOS NARANJOS,Urbana,"(6.167021726, -75.581684577)"
2163415,12/10/2016,8:35 p.m.,sábado,CAMIONETA,PARTICULAR,Conductor,Masculino,No,N/A,SOLO DAÑOS,Choque,No mantener distancia de seguridad,Calle 37  Sur Carrera 33,LOS NARANJOS,Urbana,"(6.167021726, -75.581684577)"
2163409,12/10/2016,4:20 p.m.,sábado,AUTOMOVIL,PARTICULAR,Conductor,Masculino,No,N/A,SOLO DAÑOS,Choque,Desobedecer senales,Diagonal 32 D Transversal 32,LA MAGNOLIA,Urbana,"(6.175661946, -75.584184038)"
2163445,12/10/2016,3:00 p.m.,sábado,MOTOCICLETA,PARTICULAR,Motociclista,Masculino,No,N/A,SOLO DAÑOS,Choque,Adelantar por la derecha,Calle 45  Sur Carrera 43 A,LA PAZ,Urbana,"(6.165246116, -75.594494166)"
2163445,12/10/2016,3:00 p.m.,sábado,AUTOMOVIL,PARTICULAR,Conductor,Masculino,No,N/A,SOLO DAÑOS,Choque,Adelantar por la derecha,Calle 45  Sur Carrera 43 A,LA PAZ,Urbana,"(6.165246116, -75.594494166)"
2163414,12/10/2016,1:50 p.m.,sábado,AUTOMOVIL,PARTICULAR,Conductor,Masculino,No,N/A,SOLO DAÑOS,Choque,Otra,Carrera 48 Calle 39 B Sur,LAS VEGAS,Urbana,"(6.170456638, -75.594830041)"
2163414,12/10/2016,1:50 p.m.,sábado,BUS,PUBLICO,Conductor,Masculino,No,N/A,SOLO DAÑOS,Choque,Otra,Carrera 48 Calle 39 B Sur,LAS VEGAS,Urbana,"(6.170456638, -75.594830041)"
2163400,12/10/2016,1:40 p.m.,sábado,MOTOCICLETA,PARTICULAR,Motociclista,Masculino,No,N/A,HERIDO,Choque,No mantener distancia de seguridad,Calle 26  Sur Carrera 48,LAS VEGAS,Urbana,"(6.183423583, -75.585428952)"
2163400,12/10/2016,1:40 p.m.,sábado,AUTOMOVIL,PARTICULAR,Conductor,Masculino,No,N/A,HERIDO,Choque,No mantener distancia de seguridad,Calle 26  Sur Carrera 48,LAS VEGAS,Urbana,"(6.183423583, -75.585428952)"
2163413,12/10/2016,1:10 p.m.,sábado,MOTOCICLETA,PARTICULAR,Motociclista,Masculino,No,N/A,SOLO DAÑOS,Choque,No mantener distancia de seguridad,Calle 46  Sur Carrera 44,PRIMAVERA,Urbana,"(6.164371719, -75.596317156)"
2163413,12/10/2016,1:10 p.m.,sábado,AUTOMOVIL,PARTICULAR,Conductor,Masculino,No,N/A,SOLO DAÑOS,Choque,No mantener distancia de seguridad,Calle 46  Sur Carrera 44,PRIMAVERA,Urbana,"(6.164371719, -75.596317156)"
2163406,12/10/2016,12:55 p.m.,sábado,AUTOMOVIL,PARTICULAR,Conductor,Masculino,No,N/A,SOLO DAÑOS,Choque,Girar bruscamente,Calle 25 AA Sur Carrera 49,LAS VEGAS,Urbana,"(6.182478523, -75.583313359)"
2163406,12/10/2016,12:55 p.m.,sábado,CAMION,PUBLICO,Conductor,Masculino,No,N/A,SOLO DAÑOS,Choque,Girar bruscamente,Calle 25 AA Sur Carrera 49,LAS VEGAS,Urbana,"(6.182478523, -75.583313359)"
2163417,12/10/2016,10:45 a.m.,sábado,AUTOMOVIL,PUBLICO,Conductor,Masculino,No,N/A,HERIDO,Choque,Exceso de velocidad,Calle 39  Sur Carrera 27 B,LAS VEGAS,Urbana,"(6.159217585, -75.578834618)"
2163417,12/10/2016,10:45 a.m.,sábado,AUTOMOVIL,PUBLICO,Conductor,Masculino,No,N/A,HERIDO,Choque,Impericia en el manejo,Calle 39  Sur Carrera 27 B,LAS VEGAS,Urbana,"(6.159217585, -75.578834618)"
2163417,12/10/2016,10:45 a.m.,sábado,MOTOCICLETA,PARTICULAR,Motociclista,Masculino,No,N/A,HERIDO,Choque,Desobedecer senales,Calle 39  Sur Carrera 27 B,LAS VEGAS,Urbana,"(6.159217585, -75.578834618)"
2163417,12/10/2016,10:45 a.m.,sábado,MOTOCICLETA,PARTICULAR,Motociclista,Masculino,No,N/A,HERIDO,Choque,Exceso de velocidad,Calle 39  Sur Carrera 27 B,LAS VEGAS,Urbana,"(6.159217585, -75.578834618)"
2163417,12/10/2016,10:45 a.m.,sábado,MOTOCICLETA,PARTICULAR,Motociclista,Masculino,No,N/A,HERIDO,Choque,Impericia en el manejo,Calle 39  Sur Carrera 27 B,LAS VEGAS,Urbana,"(6.159217585, -75.578834618)"
2163417,12/10/2016,10:45 a.m.,sábado,AUTOMOVIL,PUBLICO,Conductor,Masculino,No,N/A,HERIDO,Choque,Desobedecer senales,Calle 39  Sur Carrera 27 B,LAS VEGAS,Urbana,"(6.159217585, -75.578834618)"
2163405,12/10/2016,5:30 a.m.,sábado,AUTOMOVIL,PARTICULAR,Conductor,Masculino,No,N/A,SOLO DAÑOS,Choque,No respetar prelacion,Calle 30  Sur Carrera 43 A,SAN MARCOS,Urbana,"(6.177126039, -75.585250895)"
2163405,12/10/2016,5:30 a.m.,sábado,BUSETA,PUBLICO,Conductor,Masculino,No,N/A,SOLO DAÑOS,Choque,No respetar prelacion,Calle 30  Sur Carrera 43 A,SAN MARCOS,Urbana,"(6.177126039, -75.585250895)"
2163404,12/09/2016,10:30 a.m.,viernes,BUS,PUBLICO,Conductor,Masculino,No,N/A,SOLO DAÑOS,Choque,Adelantar cerrando,Carrera 48 Calle 25  Sur,LAS VEGAS,Urbana,"(6.185059174, -75.58329333)"
2163410,12/09/2016,7:55 a.m.,viernes,MOTOCICLETA,PARTICULAR,Motociclista,Masculino,No,N/A,SOLO DAÑOS,Choque,Desobedecer senales,Calle 21  Sur Carrera 43 A,ZU├æIGA,Urbana,"(6.18399286, -75.579597643)"
2163428,12/09/2016,10:30 p.m.,viernes,CAMPERO,PARTICULAR,Conductor,Masculino,No,N/A,HERIDO,Choque,Adelantar por la derecha,Carrera 50 Calle 46  Sur,LAS VEGAS,Urbana,"(6.16131219, -75.603198185)"
2163410,12/09/2016,7:55 a.m.,viernes,AUTOMOVIL,PARTICULAR,Conductor,Masculino,No,N/A,SOLO DAÑOS,Choque,Desobedecer senales,Calle 21  Sur Carrera 43 A,ZU├æIGA,Urbana,"(6.18399286, -75.579597643)"
2163428,12/09/2016,10:30 p.m.,viernes,MOTOCICLETA,PARTICULAR,Motociclista,Masculino,No,N/A,HERIDO,Choque,Adelantar por la derecha,Carrera 50 Calle 46  Sur,LAS VEGAS,Urbana,"(6.16131219, -75.603198185)"
2163427,12/09/2016,9:20 p.m.,viernes,AUTOMOVIL,PARTICULAR,Conductor,Masculino,No,N/A,SOLO DAÑOS,Choque,Desobedecer senales,Calle 30  Sur Carrera 46 A,JARDINES,Urbana,"(6.179166125, -75.587495869)"
2163427,12/09/2016,9:20 p.m.,viernes,MOTOCICLETA,PARTICULAR,Motociclista,Masculino,No,N/A,SOLO DAÑOS,Choque,Desobedecer senales,Calle 30  Sur Carrera 46 A,JARDINES,Urbana,"(6.179166125, -75.587495869)"
2163422,12/09/2016,5:40 p.m.,viernes,CAMIONETA,PARTICULAR,Conductor,Femenino,No,N/A,SOLO DAÑOS,Choque,Reverso imprudente,Transversal 35 A Sur Diagonal 36,LOS NARANJOS,Urbana,"(6.169960996, -75.580957021)"
2163422,12/09/2016,5:40 p.m.,viernes,CAMIONETA,PARTICULAR,Conductor,Masculino,No,N/A,SOLO DAÑOS,Choque,Reverso imprudente,Transversal 35 A Sur Diagonal 36,LOS NARANJOS,Urbana,"(6.169960996, -75.580957021)"
2163416,12/09/2016,4:00 p.m.,viernes,AUTOMOVIL,PARTICULAR,Conductor,Masculino,No,N/A,SOLO DAÑOS,Choque,Desobedecer senales,Transversal 33  Sur Diagonal 31 E,LA MAGNOLIA,Urbana,"(6.174189158, -75.578884189)"
2163416,12/09/2016,4:00 p.m.,viernes,AUTOMOVIL,PARTICULAR,Conductor,Femenino,No,N/A,SOLO DAÑOS,Choque,Desobedecer senales,Transversal 33  Sur Diagonal 31 E,LA MAGNOLIA,Urbana,"(6.174189158, -75.578884189)"
2163429,12/09/2016,1:45 p.m.,viernes,AUTOMOVIL,PARTICULAR,Conductor,Masculino,No,N/A,SOLO DAÑOS,Choque,No mantener distancia de seguridad,Carrera 48 Calle 31  Sur,LAS VEGAS,Urbana,"(6.178537792, -75.588851894)"
2163429,12/09/2016,1:45 p.m.,viernes,CAMIONETA,OFICIAL,Conductor,Masculino,No,N/A,SOLO DAÑOS,Choque,No mantener distancia de seguridad,Carrera 48 Calle 31  Sur,LAS VEGAS,Urbana,"(6.178537792, -75.588851894)"
2163429,12/09/2016,1:45 p.m.,viernes,AUTOMOVIL,PARTICULAR,Conductor,Masculino,No,N/A,SOLO DAÑOS,Choque,No mantener distancia de seguridad,Carrera 48 Calle 31  Sur,LAS VEGAS,Urbana,"(6.178537792, -75.588851894)"
2163430,12/09/2016,12:30 p.m.,viernes,CAMION,PUBLICO,Conductor,Masculino,No,N/A,SOLO DAÑOS,Choque,No mantener distancia de seguridad,Carrera 32 Calle 37  Sur,MESA,Urbana,"(6.1665774, -75.581163406)"
2163430,12/09/2016,12:30 p.m.,viernes,AUTOMOVIL,PARTICULAR,Conductor,Masculino,No,N/A,SOLO DAÑOS,Choque,No mantener distancia de seguridad,Carrera 32 Calle 37  Sur,MESA,Urbana,"(6.1665774, -75.581163406)"
2163408,12/09/2016,11:45 a.m.,viernes,MOTOCICLETA,PARTICULAR,Motociclista,Masculino,No,N/A,SOLO DAÑOS,Choque,Impericia en el manejo,Tramo 371 Kilometro  1,EL VALLANO,Rural,
2163408,12/09/2016,11:45 a.m.,viernes,MOTOCICLETA,OFICIAL,Motociclista,Masculino,No,N/A,SOLO DAÑOS,Choque,Impericia en el manejo,Tramo 371 Kilometro  1,EL VALLANO,Rural,
2163404,12/09/2016,10:30 a.m.,viernes,CAMION,PUBLICO,Conductor,Masculino,No,N/A,SOLO DAÑOS,Choque,Adelantar cerrando,Carrera 48 Calle 25  Sur,LAS VEGAS,Urbana,"(6.185059174, -75.58329333)"
2163412,12/08/2016,3:10 p.m.,jueves,AUTOMOVIL,PARTICULAR,Conductor,Masculino,No,N/A,SOLO DAÑOS,Choque,Adelantar cerrando,Carrera 50  Norte Calle 25  Sur,LAS VEGAS,Urbana,"(6.186515998, -75.585125414)"
2163411,12/08/2016,6:50 p.m.,jueves,CAMIONETA,PARTICULAR,Conductor,Masculino,No,N/A,SOLO DAÑOS,Choque,No mantener distancia de seguridad,Tramo 371 Kilometro  1,VEREDA PALMAS,Rural,
2163411,12/08/2016,6:50 p.m.,jueves,AUTOMOVIL,PARTICULAR,Conductor,Masculino,No,N/A,SOLO DAÑOS,Choque,No mantener distancia de seguridad,Tramo 371 Kilometro  1,VEREDA PALMAS,Rural,