RADICADO,FECHA,HORA,DÍA DE LA SEMANA,CLASE DE VEHICULO,TIPO DE SERVICIO,TIPO DE VICTIMA,SEXO,ESTADO DE BEODEZ,RESULTADO DE BEODEZ,GRAVEDAD,CLASE DE ACCIDENTE,CAUSA,DIRECCIÓN,BARRIO,AREA,Coordenadas
2163261,11/22/2016,12:15 p.m.,martes,AUTOMOVIL,PARTICULAR,Conductor,Femenino,No,N/A,SOLO DAÑOS,Choque,No mantener distancia de seguridad,Calle 22  Sur Carrera 43 A,LAS VEGAS,Urbana,
2163248,11/22/2016,12:05 p.m.,martes,AUTOMOVIL,PARTICULAR,Conductor,Masculino,No,N/A,SOLO DAÑOS,Choque,No respetar prelacion,Tramo 371 Kilometro  12,VEREDA PALMAS,Rural,
2163248,11/22/2016,12:05 p.m.,martes,CAMION,PUBLICO,Conductor,Masculino,No,N/A,SOLO DAÑOS,Choque,No respetar prelacion,Tramo 371 Kilometro  12,VEREDA PALMAS,Rural,
2163234,11/22/2016,11:10 a.m.,martes,AUTOMOVIL,PARTICULAR,Conductor,Femenino,No,N/A,SOLO DAÑOS,Choque,Desobedecer senales,Calle 39  Sur Carrera 37,MESA,Urbana,"(6.166324664, -75.585039754)"
2163234,11/22/2016,11:10 a.m.,martes,MOTOCICLETA,DIPLOMATICO,Motociclista,Masculino,No,N/A,SOLO DAÑOS,Choque,Desobedecer senales,Calle 39  Sur Carrera 37,MESA,Urbana,"(6.166324664, -75.585039754)"
2163220,11/22/2016,10:10 a.m.,martes,MOTOCICLETA,PARTICULAR,Motociclista,Masculino,No,N/A,HERIDO,Choque,No mantener distancia de seguridad,Calle 27  Sur Carrera 48,LAS VEGAS,Urbana,
2163224,11/21/2016,5:00 p.m.,lunes,MOTOCICLETA,PARTICULAR,Motociclista,Femenino,No,N/A,SOLO DAÑOS,Choque,No mantener distancia de seguridad,Calle 45  Sur Carrera 42 B,LA PAZ,Urbana,"(6.163744297, -75.593137879)"
2163221,11/21/2016,9:00 p.m.,lunes,MOTOCICLETA,PARTICULAR,Motociclista,Masculino,No,N/A,HERIDO,Atropello,Exceso de velocidad,Calle 46 D Sur Carrera 42 A,LA PAZ,Urbana,"(6.161005965, -75.595094671)"
2163243,11/21/2016,7:00 p.m.,lunes,AUTOMOVIL,PARTICULAR,Conductor,Masculino,No,N/A,SOLO DAÑOS,Choque,Exceso de velocidad,Calle 40  Sur Carrera 27,SAN JOSE,Urbana,"(6.158366235, -75.580807934)"
2163243,11/21/2016,7:00 p.m.,lunes,AUTOMOVIL,PARTICULAR,Conductor,Masculino,No,N/A,SOLO DAÑOS,Choque,Exceso de velocidad,Calle 40  Sur Carrera 27,SAN JOSE,Urbana,"(6.158366235, -75.580807934)"
2163205,11/21/2016,5:40 p.m.,lunes,MOTOCICLETA,PARTICULAR,Motociclista,Femenino,No,N/A,HERIDO,Choque,Girar bruscamente,Calle 26  Sur Carrera 50,LAS VEGAS,Urbana,
2163205,11/21/2016,5:40 p.m.,lunes,TRACTOCAMION,PUBLICO,Conductor,Sin registro,No,N/A,HERIDO,Choque,Girar bruscamente,Calle 26  Sur Carrera 50,LAS VEGAS,Urbana,
2163242,11/21/2016,5:30 p.m.,lunes,AUTOMOVIL,PARTICULAR,Conductor,Masculino,No,N/A,SOLO DAÑOS,Choque,No mantener distancia de seguridad,Carrera 42 Calle 48 DD Sur,LOMA DEL BARRO,Urbana,
2163242,11/21/2016,5:30 p.m.,lunes,MICROBUS,PUBLICO,Conductor,Masculino,No,N/A,SOLO DAÑOS,Choque,No mantener distancia de seguridad,Carrera 42 Calle 48 DD Sur,LOMA DEL BARRO,Urbana,
2163226,11/21/2016,5:00 p.m.,lunes,CAMIONETA,PARTICULAR,Conductor,Masculino,No,N/A,HERIDO,Choque,No mantener distancia de seguridad,Calle 25 AA Sur Carrera 48,LAS VEGAS,Urbana,"(6.18405129, -75.584783826)"
2163226,11/21/2016,5:00 p.m.,lunes,AUTOMOVIL,PARTICULAR,Conductor,Masculino,No,N/A,HERIDO,Choque,No mantener distancia de seguridad,Calle 25 AA Sur Carrera 48,LAS VEGAS,Urbana,"(6.18405129, -75.584783826)"
2163226,11/21/2016,5:00 p.m.,lunes,MICROBUS,PUBLICO,Conductor,Masculino,No,N/A,HERIDO,Choque,No mantener distancia de seguridad,Calle 25 AA Sur Carrera 48,LAS VEGAS,Urbana,"(6.18405129, -75.584783826)"
2163224,11/21/2016,5:00 p.m.,lunes,CAMIONETA,DIPLOMATICO,Conductor,Masculino,No,N/A,SOLO DAÑOS,Choque,No mantener distancia de seguridad,Calle 45  Sur Carrera 42 B,LA PAZ,Urbana,"(6.163744297, -75.593137879)"
2163239,11/21/2016,4:50 p.m.,lunes,MOTOCICLETA,DIPLOMATICO,Motociclista,Masculino,No,N/A,HERIDO,Atropello,Exceso de velocidad,Calle 41 AA Sur Carrera 30,SAN RAFAEL,Urbana,"(6.166753687, -75.592851677)"
2163239,11/21/2016,4:50 p.m.,lunes,MOTOCICLETA,DIPLOMATICO,Motociclista,Masculino,No,N/A,HERIDO,Atropello,Cruzar sin observar,Calle 41 AA Sur Carrera 30,SAN RAFAEL,Urbana,"(6.166753687, -75.592851677)"
2163222,11/21/2016,4:50 p.m.,lunes,MOTOCICLETA,PARTICULAR,Motociclista,Masculino,No,N/A,SOLO DAÑOS,Choque,Adelantar en zona prohibida,Calle 38  Sur Carrera 44,ZONA CENTRO,Urbana,"(6.170783841, -75.589258782)"
2163222,11/21/2016,4:50 p.m.,lunes,AUTOMOVIL,PARTICULAR,Conductor,Masculino,No,N/A,SOLO DAÑOS,Choque,Girar bruscamente,Calle 38  Sur Carrera 44,ZONA CENTRO,Urbana,"(6.170783841, -75.589258782)"
2163222,11/21/2016,4:50 p.m.,lunes,AUTOMOVIL,PARTICULAR,Conductor,Masculino,No,N/A,SOLO DAÑOS,Choque,Adelantar en zona prohibida,Calle 38  Sur Carrera 44,ZONA CENTRO,Urbana,"(6.170783841, -75.589258782)"
2163222,11/21/2016,4:50 p.m.,lunes,MOTOCICLETA,PARTICULAR,Motociclista,Masculino,No,N/A,SOLO DAÑOS,Choque,Girar bruscamente,Calle 38  Sur Carrera 44,ZONA CENTRO,Urbana,"(6.170783841, -75.589258782)"
2163232,11/21/2016,4:10 p.m.,lunes,CAMIONETA,PARTICULAR,Conductor,Masculino,No,N/A,SOLO DAÑOS,Choque,Impericia en el manejo,Calle 36  Sur Carrera 37,MESA,Urbana,"(6.169187276, -75.583497627)"
2163232,11/21/2016,4:10 p.m.,lunes,CAMIONETA,PUBLICO,Conductor,Masculino,No,N/A,SOLO DAÑOS,Choque,Impericia en el manejo,Calle 36  Sur Carrera 37,MESA,Urbana,"(6.169187276, -75.583497627)"
2163231,11/21/2016,3:10 p.m.,lunes,AUTOMOVIL,PUBLICO,Conductor,Masculino,No,N/A,SOLO DAÑOS,Choque,Desobedecer senales,Calle 39  Sur Carrera 29 A,EL CHINGU├ì,Urbana,"(6.164019418, -75.581208066)"
2163231,11/21/2016,3:10 p.m.,lunes,CAMIONETA,DIPLOMATICO,Conductor,Masculino,No,N/A,SOLO DAÑOS,Choque,Desobedecer senales,Calle 39  Sur Carrera 29 A,EL CHINGU├ì,Urbana,"(6.164019418, -75.581208066)"
2171782,11/21/2016,2:00 p.m.,lunes,AUTOMOVIL,PARTICULAR,Conductor,Sin registro,No,N/A,SOLO DAÑOS,Choque,Otra,Calle 23  Sur Carrera 43 A,LAS VEGAS,Urbana,"(6.182706228, -75.580329956)"
2171782,11/21/2016,2:00 p.m.,lunes,AUTOMOVIL,PARTICULAR,Conductor,Femenino,No,N/A,SOLO DAÑOS,Choque,Otra,Calle 23  Sur Carrera 43 A,LAS VEGAS,Urbana,"(6.182706228, -75.580329956)"
2163230,11/21/2016,1:10 p.m.,lunes,AUTOMOVIL,PARTICULAR,Conductor,Masculino,No,N/A,SOLO DAÑOS,Choque,Desobedecer senales,Calle 45 B Sur Carrera 43,LA PAZ,Urbana,"(6.164485785, -75.594678415)"
2163230,11/21/2016,1:10 p.m.,lunes,CAMION,PUBLICO,Conductor,Masculino,No,N/A,SOLO DAÑOS,Choque,Desobedecer senales,Calle 45 B Sur Carrera 43,LA PAZ,Urbana,"(6.164485785, -75.594678415)"
2163209,11/21/2016,8:35 a.m.,lunes,AUTOMOVIL,PARTICULAR,Conductor,Masculino,No,N/A,SOLO DAÑOS,Choque,Adelantar cerrando,Carrera 43 A Calle 36  Sur,ZONA CENTRO,Urbana,"(6.171753325, -75.587727675)"
2163209,11/21/2016,8:35 a.m.,lunes,MICROBUS,PUBLICO,Conductor,Masculino,No,N/A,SOLO DAÑOS,Choque,Adelantar cerrando,Carrera 43 A Calle 36  Sur,ZONA CENTRO,Urbana,"(6.171753325, -75.587727675)"
2163227,11/21/2016,8:30 a.m.,lunes,MOTOCICLETA,PARTICULAR,Motociclista,Masculino,No,N/A,HERIDO,Otro,Impericia en el manejo,Tramo 371 Kilometro  7,VEREDA EL ESCOBERO,Rural,
2163208,11/21/2016,6:35 a.m.,lunes,MOTOCICLETA,PARTICULAR,Motociclista,Masculino,No,N/A,SOLO DAÑOS,Choque,No mantener distancia de seguridad,Carrera 48 Calle 25  Sur,LAS VEGAS,Urbana,"(6.185059174, -75.58329333)"
2163208,11/21/2016,6:35 a.m.,lunes,AUTOMOVIL,PARTICULAR,Conductor,Masculino,No,N/A,SOLO DAÑOS,Choque,No mantener distancia de seguridad,Carrera 48 Calle 25  Sur,LAS VEGAS,Urbana,"(6.185059174, -75.58329333)"
2163216,11/20/2016,8:20 a.m.,domingo,AUTOMOVIL,PARTICULAR,Conductor,Masculino,No,N/A,SOLO DAÑOS,Choque,Reverso imprudente,Calle 45  Sur Carrera 41,LA PAZ,Urbana,"(6.162879731, -75.592166183)"
2163216,11/20/2016,8:20 a.m.,domingo,AUTOMOVIL,PARTICULAR,Conductor,Masculino,No,N/A,SOLO DAÑOS,Choque,Reverso imprudente,Calle 45  Sur Carrera 41,LA PAZ,Urbana,"(6.162879731, -75.592166183)"
2163216,11/20/2016,8:20 a.m.,domingo,AUTOMOVIL,PARTICULAR,Conductor,Masculino,No,N/A,SOLO DAÑOS,Choque,Reverso imprudente,Calle 45  Sur Carrera 41,LA PAZ,Urbana,"(6.162879731, -75.592166183)"
2163187,11/20/2016,10:40 p.m.,domingo,BICICLETA,PARTICULAR,Ciclista,Masculino,No,N/A,HERIDO,Choque,Desobedecer senales,Calle 42  Sur Carrera 36 D,LAS ANTILLAS,Urbana,"(6.170966181, -75.586463499)"
2163187,11/20/2016,10:40 p.m.,domingo,MOTOCICLETA,PARTICULAR,Motociclista,Masculino,No,N/A,HERIDO,Choque,Desobedecer senales,Calle 42  Sur Carrera 36 D,LAS ANTILLAS,Urbana,"(6.170966181, -75.586463499)"
2163217,11/20/2016,8:00 p.m.,domingo,MOTOCICLETA,PARTICULAR,Motociclista,Masculino,No,N/A,SOLO DAÑOS,Choque,Desobedecer senales,Carrera 32 Calle 38 A Sur,MESA,Urbana,"(6.165198458, -75.582007928)"
2163217,11/20/2016,8:00 p.m.,domingo,AUTOMOVIL,PARTICULAR,Conductor,Masculino,No,N/A,SOLO DAÑOS,Choque,Desobedecer senales,Carrera 32 Calle 38 A Sur,MESA,Urbana,"(6.165198458, -75.582007928)"
2163213,11/20/2016,7:10 p.m.,domingo,CAMPERO,PARTICULAR,Conductor,Femenino,No,N/A,HERIDO,Choque,Impericia en el manejo,Calle 48 F Sur Carrera 42,LOMA DEL BARRO,Urbana,"(6.157476884, -75.598032245)"
2163213,11/20/2016,7:10 p.m.,domingo,CAMPERO,PARTICULAR,Conductor,Femenino,No,N/A,HERIDO,Choque,Exceso de velocidad,Calle 48 F Sur Carrera 42,LOMA DEL BARRO,Urbana,"(6.157476884, -75.598032245)"
2163207,11/20/2016,5:15 p.m.,domingo,AUTOMOVIL,PARTICULAR,Conductor,Femenino,No,N/A,SOLO DAÑOS,Choque,No mantener distancia de seguridad,Diagonal 31 Transversal 33,LAS FLORES,Urbana,"(6.174094397, -75.578818529)"
2163207,11/20/2016,5:15 p.m.,domingo,BUS,PUBLICO,Conductor,Masculino,No,N/A,SOLO DAÑOS,Choque,No mantener distancia de seguridad,Diagonal 31 Transversal 33,LAS FLORES,Urbana,"(6.174094397, -75.578818529)"
2163184,11/20/2016,12:10 p.m.,domingo,MOTOCICLETA,PARTICULAR,Motociclista,Masculino,No,N/A,HERIDO,Atropello,Exceso de velocidad,Calle 36  Sur Carrera 42,ZONA CENTRO,Urbana,"(6.17108429, -75.586487414)"
2163184,11/20/2016,12:10 p.m.,domingo,MOTOCICLETA,PARTICULAR,Motociclista,Masculino,No,N/A,HERIDO,Atropello,Poner en marcha un vehiculo sin precauci,Calle 36  Sur Carrera 42,ZONA CENTRO,Urbana,"(6.17108429, -75.586487414)"
2163186,11/19/2016,11:00 p.m.,sábado,MOTOCICLETA,PARTICULAR,Motociclista,Femenino,No,N/A,HERIDO,Choque,Adelantar por la derecha,Calle 48 C Sur Carrera 48,LAS VEGAS,Urbana,"(6.159138282, -75.596259706)"
2163192,11/19/2016,12:40 p.m.,sábado,AUTOMOVIL,PARTICULAR,Conductor,Femenino,No,N/A,SOLO DAÑOS,Choque,No mantener distancia de seguridad,Carrera 50 Calle 45  Sur,LAS VEGAS,Urbana,
2163192,11/19/2016,12:40 p.m.,sábado,CAMIONETA,PARTICULAR,Conductor,Masculino,No,N/A,SOLO DAÑOS,Choque,No mantener distancia de seguridad,Carrera 50 Calle 45  Sur,LAS VEGAS,Urbana,
2163191,11/19/2016,12:15 p.m.,sábado,CAMIONETA,PARTICULAR,Conductor,Femenino,No,N/A,SOLO DAÑOS,Choque,No mantener distancia de seguridad,Carrera 48 Calle 39 A Sur,LAS VEGAS,Urbana,"(6.17097263, -75.594313255)"
2163191,11/19/2016,12:15 p.m.,sábado,AUTOMOVIL,PUBLICO,Conductor,Masculino,No,N/A,SOLO DAÑOS,Choque,No mantener distancia de seguridad,Carrera 48 Calle 39 A Sur,LAS VEGAS,Urbana,"(6.17097263, -75.594313255)"
2163206,11/19/2016,11:35 a.m.,sábado,CAMIONETA,PARTICULAR,Conductor,Masculino,No,N/A,SOLO DAÑOS,Choque,No respetar prelacion,Carrera 48 Calle 32 B Sur,GLORIETA DE PELDAR,Urbana,"(6.176994311, -75.589841192)"
2163206,11/19/2016,11:35 a.m.,sábado,AUTOMOVIL,PARTICULAR,Conductor,Femenino,No,N/A,SOLO DAÑOS,Choque,No respetar prelacion,Carrera 48 Calle 32 B Sur,GLORIETA DE PELDAR,Urbana,"(6.176994311, -75.589841192)"
2163197,11/19/2016,11:10 a.m.,sábado,CAMIONETA,PARTICULAR,Conductor,Femenino,No,N/A,SOLO DAÑOS,Choque,Reverso imprudente,Calle 27  Sur Carrera 27,EL ESMERALDAL,Urbana,"(6.17243521, -75.567871917)"
2163197,11/19/2016,11:10 a.m.,sábado,AUTOMOVIL,PARTICULAR,Conductor,Masculino,No,N/A,SOLO DAÑOS,Choque,Reverso imprudente,Calle 27  Sur Carrera 27,EL ESMERALDAL,Urbana,"(6.17243521, -75.567871917)"
2163201,11/19/2016,9:30 a.m.,sábado,AUTOMOVIL,PARTICULAR,Conductor,Masculino,No,N/A,SOLO DAÑOS,Choque,No mantener distancia de seguridad,Calle 38 A Sur Carrera 41,ZONA CENTRO,Urbana,"(6.168560755, -75.587015366)"
2163201,11/19/2016,9:30 a.m.,sábado,BUS,PUBLICO,Conductor,Masculino,No,N/A,SOLO DAÑOS,Choque,No mantener distancia de seguridad,Calle 38 A Sur Carrera 41,ZONA CENTRO,Urbana,"(6.168560755, -75.587015366)"
2163219,11/19/2016,9:15 a.m.,sábado,CAMIONETA,PARTICULAR,Conductor,Femenino,No,N/A,SOLO DAÑOS,Choque,No mantener distancia de seguridad,Carrera 27 Calle 36  Sur,LA INMACULADA,Urbana,"(6.167009975, -75.569278076)"
2163219,11/19/2016,9:15 a.m.,sábado,MOTOCICLETA,PARTICULAR,Motociclista,Masculino,No,N/A,SOLO DAÑOS,Choque,No mantener distancia de seguridad,Carrera 27 Calle 36  Sur,LA INMACULADA,Urbana,"(6.167009975, -75.569278076)"
2163225,11/19/2016,9:10 a.m.,sábado,CAMION,PUBLICO,Conductor,Masculino,No,N/A,SOLO DAÑOS,Choque,Exceso de velocidad,Calle 37 B Sur Carrera 25 A,VEREDA EL ESCOBERO,Urbana,"(6.159881312, -75.574653531)"
2163225,11/19/2016,9:10 a.m.,sábado,CAMIONETA,PARTICULAR,Conductor,Femenino,No,N/A,SOLO DAÑOS,Choque,No mantener distancia de seguridad,Calle 37 B Sur Carrera 25 A,VEREDA EL ESCOBERO,Urbana,"(6.159881312, -75.574653531)"
2163225,11/19/2016,9:10 a.m.,sábado,CAMIONETA,PARTICULAR,Conductor,Femenino,No,N/A,SOLO DAÑOS,Choque,Exceso de velocidad,Calle 37 B Sur Carrera 25 A,VEREDA EL ESCOBERO,Urbana,"(6.159881312, -75.574653531)"
2163225,11/19/2016,9:10 a.m.,sábado,CAMION,PUBLICO,Conductor,Masculino,No,N/A,SOLO DAÑOS,Choque,No mantener distancia de seguridad,Calle 37 B Sur Carrera 25 A,VEREDA EL ESCOBERO,Urbana,"(6.159881312, -75.574653531)"
2163188,11/19/2016,8:35 a.m.,sábado,CAMIONETA,PARTICULAR,Conductor,Masculino,No,N/A,SOLO DAÑOS,Choque,Reverso imprudente,Transversal 35 D Diagonal 32,LOS NARANJOS,Urbana,"(6.168929436, -75.580688852)"
2163188,11/19/2016,8:35 a.m.,sábado,CAMIONETA,PARTICULAR,Conductor,Masculino,No,N/A,SOLO DAÑOS,Choque,Reverso imprudente,Transversal 35 D Diagonal 32,LOS NARANJOS,Urbana,"(6.168929436, -75.580688852)"
2163210,11/19/2016,8:00 a.m.,sábado,CAMIONETA,PARTICULAR,Conductor,Masculino,No,N/A,SOLO DAÑOS,Choque,Transitar entre vehiculos,Calle 37  Sur Carrera 46 A,EL PORTAL,Urbana,"(6.173105489, -75.591260929)"
2163210,11/19/2016,8:00 a.m.,sábado,MOTOCICLETA,PARTICULAR,Motociclista,Masculino,No,N/A,SOLO DAÑOS,Choque,Transitar entre vehiculos,Calle 37  Sur Carrera 46 A,EL PORTAL,Urbana,"(6.173105489, -75.591260929)"
2163186,11/19/2016,11:00 p.m.,sábado,AUTOMOVIL,PUBLICO,Conductor,Masculino,No,N/A,HERIDO,Choque,Adelantar por la derecha,Calle 48 C Sur Carrera 48,LAS VEGAS,Urbana,"(6.159138282, -75.596259706)"
2163218,11/19/2016,8:20 p.m.,sábado,MOTOCICLETA,PARTICULAR,Motociclista,Masculino,No,N/A,SOLO DAÑOS,Choque,No mantener distancia de seguridad,Carrera 43 A Calle 38  Sur,ZONA CENTRO,Urbana,"(6.170421178, -75.588598773)"
2163218,11/19/2016,8:20 p.m.,sábado,AUTOMOVIL,PARTICULAR,Conductor,Masculino,No,N/A,SOLO DAÑOS,Choque,No mantener distancia de seguridad,Carrera 43 A Calle 38  Sur,ZONA CENTRO,Urbana,"(6.170421178, -75.588598773)"
2163202,11/19/2016,7:25 p.m.,sábado,CAMION,PUBLICO,Conductor,Masculino,No,N/A,SOLO DAÑOS,Choque,Adelantar cerrando,Calle 37  Sur Carrera 46 A,LAS VEGAS,Urbana,"(6.173105489, -75.591260929)"
2163202,11/19/2016,7:25 p.m.,sábado,AUTOMOVIL,PARTICULAR,Conductor,Masculino,No,N/A,SOLO DAÑOS,Choque,Adelantar cerrando,Calle 37  Sur Carrera 46 A,LAS VEGAS,Urbana,"(6.173105489, -75.591260929)"
2163199,11/19/2016,5:00 p.m.,sábado,BUS,PUBLICO,Conductor,Masculino,No,N/A,SOLO DAÑOS,Choque,Semaforo en rojo,Calle 45  Sur Carrera 43 A,LA PAZ,Urbana,"(6.165246116, -75.594494166)"
2163199,11/19/2016,5:00 p.m.,sábado,AUTOMOVIL,PARTICULAR,Conductor,Masculino,No,N/A,SOLO DAÑOS,Choque,Semaforo en rojo,Calle 45  Sur Carrera 43 A,LA PAZ,Urbana,"(6.165246116, -75.594494166)"
2163199,11/19/2016,5:00 p.m.,sábado,AUTOMOVIL,PARTICULAR,Conductor,Femenino,No,N/A,SOLO DAÑOS,Choque,Semaforo en rojo,Calle 45  Sur Carrera 43 A,LA PAZ,Urbana,"(6.165246116, -75.594494166)"
2163190,11/19/2016,4:00 p.m.,sábado,BICICLETA,PARTICULAR,Ciclista,Masculino,No,N/A,HERIDO,Choque,No respetar prelacion,Diagonal 31 Transversal 33 A,LAS FLORES,Urbana,"(6.173761816, -75.578919701)"
2163190,11/19/2016,4:00 p.m.,sábado,BUS,PUBLICO,Conductor,Masculino,No,N/A,HERIDO,Choque,No respetar prelacion,Diagonal 31 Transversal 33 A,LAS FLORES,Urbana,"(6.173761816, -75.578919701)"
2163215,11/19/2016,1:00 p.m.,sábado,MOTOCICLETA,PARTICULAR,Motociclista,Femenino,No,N/A,HERIDO,Choque,Girar bruscamente,Calle 45 B Sur Carrera 43 A,LA PAZ,Urbana,"(6.164485785, -75.594678415)"
2163215,11/19/2016,1:00 p.m.,sábado,MOTOCICLETA,PARTICULAR,Motociclista,Masculino,No,N/A,HERIDO,Choque,Girar bruscamente,Calle 45 B Sur Carrera 43 A,LA PAZ,Urbana,"(6.164485785, -75.594678415)"
2163212,11/19/2016,1:00 p.m.,sábado,CAMIONETA,DIPLOMATICO,Conductor,Masculino,No,N/A,SOLO DAÑOS,Choque,Impericia en el manejo,Carrera 45 Calle 39  Sur,ALCALA,Urbana,"(6.169521683, -75.590988058)"
2163212,11/19/2016,1:00 p.m.,sábado,CAMIONETA,PARTICULAR,Conductor,Masculino,No,N/A,SOLO DAÑOS,Choque,Reverso imprudente,Carrera 45 Calle 39  Sur,ALCALA,Urbana,"(6.169521683, -75.590988058)"
2163212,11/19/2016,1:00 p.m.,sábado,CAMIONETA,PARTICULAR,Conductor,Masculino,No,N/A,SOLO DAÑOS,Choque,Impericia en el manejo,Carrera 45 Calle 39  Sur,ALCALA,Urbana,"(6.169521683, -75.590988058)"
2163212,11/19/2016,1:00 p.m.,sábado,CAMIONETA,DIPLOMATICO,Conductor,Masculino,No,N/A,SOLO DAÑOS,Choque,Reverso imprudente,Carrera 45 Calle 39  Sur,ALCALA,Urbana,"(6.169521683, -75.590988058)"
2163211,11/18/2016,9:00 a.m.,viernes,MOTOCICLETA,PARTICULAR,Motociclista,Femenino,No,N/A,SOLO DAÑOS,Choque,Desobedecer senales,Transversal 34  Sur Diagonal 33,OBRERO,Urbana,"(6.172688175, -75.583934203)"
2163196,11/18/2016,11:40 a.m.,viernes,CAMIONETA,PARTICULAR,Conductor,Masculino,No,N/A,SOLO DAÑOS,Choque,No mantener distancia de seguridad,Carrera 29 A Calle 39  Sur,EL CHINGU├ì,Urbana,"(6.163897984, -75.580877179)"
2163196,11/18/2016,11:40 a.m.,viernes,MOTOCICLETA,PARTICULAR,Motociclista,Masculino,No,N/A,SOLO DAÑOS,Choque,No mantener distancia de seguridad,Carrera 29 A Calle 39  Sur,EL CHINGU├ì,Urbana,"(6.163897984, -75.580877179)"
2163214,11/18/2016,7:50 a.m.,viernes,CAMPERO,PARTICULAR,Conductor,Masculino,No,N/A,SOLO DAÑOS,Choque,No mantener distancia de seguridad,Carrera 50 Calle 30  Sur,LAS VEGAS,Urbana,
2163185,11/18/2016,1:20 p.m.,viernes,AUTOMOVIL,PARTICULAR,Conductor,Masculino,No,N/A,SOLO DAÑOS,Choque,Poner en marcha un vehiculo sin precauci,Carrera 49 Calle 37  Sur,LAS VEGAS,Urbana,
2163211,11/18/2016,9:00 a.m.,viernes,AUTOMOVIL,PARTICULAR,Conductor,Femenino,No,N/A,SOLO DAÑOS,Choque,Desobedecer senales,Transversal 34  Sur Diagonal 33,OBRERO,Urbana,"(6.172688175, -75.583934203)"
2163185,11/18/2016,1:20 p.m.,viernes,BUS,PUBLICO,Conductor,Masculino,No,N/A,SOLO DAÑOS,Choque,Poner en marcha un vehiculo sin precauci,Carrera 49 Calle 37  Sur,LAS VEGAS,Urbana,
2163195,11/18/2016,12:00 p.m.,viernes,CAMION,PUBLICO,Conductor,Masculino,No,N/A,SOLO DAÑOS,Choque,Adelantar cerrando,Calle 25  Sur Carrera 49,LAS VEGAS,Urbana,
2163195,11/18/2016,12:00 p.m.,viernes,AUTOMOVIL,PARTICULAR,Conductor,Femenino,No,N/A,SOLO DAÑOS,Choque,Adelantar cerrando,Calle 25  Sur Carrera 49,LAS VEGAS,Urbana,
2163211,11/18/2016,9:00 a.m.,viernes,AUTOMOVIL,PUBLICO,Conductor,Masculino,No,N/A,SOLO DAÑOS,Choque,Desobedecer senales,Transversal 34  Sur Diagonal 33,OBRERO,Urbana,"(6.172688175, -75.583934203)"
2163214,11/18/2016,7:50 a.m.,viernes,CAMIONETA,PARTICULAR,Conductor,Masculino,No,N/A,SOLO DAÑOS,Choque,No mantener distancia de seguridad,Carrera 50 Calle 30  Sur,LAS VEGAS,Urbana,
2163189,11/18/2016,7:45 p.m.,viernes,MOTOCICLETA,PARTICULAR,Motociclista,Masculino,No,N/A,SOLO DAÑOS,Choque,Girar bruscamente,Carrera 43 A Calle 21  Sur,N/R,Urbana,"(6.183599544, -75.579409862)"
2163189,11/18/2016,7:45 p.m.,viernes,CAMPERO,PARTICULAR,Conductor,Masculino,No,N/A,SOLO DAÑOS,Choque,Girar bruscamente,Carrera 43 A Calle 21  Sur,N/R,Urbana,"(6.183599544, -75.579409862)"
2163204,11/18/2016,6:50 p.m.,viernes,AUTOMOVIL,PUBLICO,Conductor,Masculino,No,N/A,SOLO DAÑOS,Choque,No respetar prelacion,Calle 38 A Sur Carrera 36,MESA,Urbana,"(6.166666222, -75.584118268)"
2163204,11/18/2016,6:50 p.m.,viernes,AUTOMOVIL,PARTICULAR,Conductor,Masculino,No,N/A,SOLO DAÑOS,Choque,No respetar prelacion,Calle 38 A Sur Carrera 36,MESA,Urbana,"(6.166666222, -75.584118268)"
2163203,11/18/2016,4:15 p.m.,viernes,AUTOMOVIL,PARTICULAR,Conductor,Masculino,No,N/A,SOLO DAÑOS,Choque,No mantener distancia de seguridad,Carrera 48 Calle 25 A Sur,LAS VEGAS,Urbana,"(6.184740152, -75.583657425)"
2163203,11/18/2016,4:15 p.m.,viernes,CAMIONETA,PARTICULAR,Conductor,Femenino,No,N/A,SOLO DAÑOS,Choque,No mantener distancia de seguridad,Carrera 48 Calle 25 A Sur,LAS VEGAS,Urbana,"(6.184740152, -75.583657425)"
2163203,11/18/2016,4:15 p.m.,viernes,AUTOMOVIL,PARTICULAR,Conductor,Masculino,No,N/A,SOLO DAÑOS,Choque,No mantener distancia de seguridad,Carrera 48 Calle 25 A Sur,LAS VEGAS,Urbana,"(6.184740152, -75.583657425)"
2163198,11/18/2016,4:00 p.m.,viernes,MICROBUS,PUBLICO,Conductor,Masculino,No,N/A,SOLO DAÑOS,Choque,Reverso imprudente,Carrera 38 Calle 40 B Sur,N/R,Urbana,"(6.16879573, -75.585889779)"
2163198,11/18/2016,4:00 p.m.,viernes,AUTOMOVIL,PARTICULAR,Conductor,Femenino,No,N/A,SOLO DAÑOS,Choque,Reverso imprudente,Carrera 38 Calle 40 B Sur,N/R,Urbana,"(6.16879573, -75.585889779)"
2163162,11/17/2016,10:15 a.m.,jueves,CAMION,PUBLICO,Conductor,Masculino,No,N/A,SOLO DAÑOS,Choque,Reverso imprudente,Calle 24  Sur Carrera 28,LAS VEGAS,Urbana,
2163200,11/17/2016,8:25 p.m.,jueves,AUTOMOVIL,PARTICULAR,Conductor,Femenino,No,N/A,SOLO DAÑOS,Choque,Reverso imprudente,Carrera 47 Calle 32  Sur,EL PORTAL,Urbana,"(6.177043355, -75.588806195)"