RADICADO,FECHA,HORA,DÍA DE LA SEMANA,CLASE DE VEHICULO,TIPO DE SERVICIO,TIPO DE VICTIMA,SEXO,ESTADO DE BEODEZ,RESULTADO DE BEODEZ,GRAVEDAD,CLASE DE ACCIDENTE,CAUSA,DIRECCIÓN,BARRIO,AREA,Coordenadas
2163200,11/17/2016,8:25 p.m.,jueves,CAMIONETA,PARTICULAR,Conductor,Masculino,No,N/A,SOLO DAÑOS,Choque,Reverso imprudente,Carrera 47 Calle 32  Sur,EL PORTAL,Urbana,"(6.177043355, -75.588806195)"
2163194,11/17/2016,7:50 p.m.,jueves,AUTOMOVIL,PARTICULAR,Conductor,Masculino,No,N/A,SOLO DAÑOS,Choque,Adelantar cerrando,Calle 38 A Sur Carrera 40,ZONA CENTRO,Urbana,"(6.168097144, -75.586307809)"
2163194,11/17/2016,7:50 p.m.,jueves,AUTOMOVIL,PARTICULAR,Conductor,Sin registro,No,N/A,SOLO DAÑOS,Choque,Adelantar cerrando,Calle 38 A Sur Carrera 40,ZONA CENTRO,Urbana,"(6.168097144, -75.586307809)"
2163176,11/17/2016,4:10 p.m.,jueves,BUS,PUBLICO,Conductor,Masculino,No,N/A,SOLO DAÑOS,Choque,Reverso imprudente,Calle 40 B Sur Carrera 39 A,EL DORADO,Urbana,"(6.165386968, -75.587185007)"
2163176,11/17/2016,4:10 p.m.,jueves,BUS,PUBLICO,Conductor,Masculino,No,N/A,SOLO DAÑOS,Choque,Reverso imprudente,Calle 40 B Sur Carrera 39 A,EL DORADO,Urbana,"(6.165386968, -75.587185007)"
2163182,11/17/2016,3:30 p.m.,jueves,AUTOMOVIL,PARTICULAR,Conductor,Femenino,No,N/A,SOLO DAÑOS,Choque,Impericia en el manejo,Calle 36  Sur Carrera 27,EL CHOCHO,Urbana,"(6.167154903, -75.569336965)"
2163174,11/17/2016,2:50 p.m.,jueves,CAMIONETA,PARTICULAR,Conductor,Masculino,No,N/A,SOLO DAÑOS,Choque,Desobedecer senales,Calle 38  Sur Carrera 32,MESA,Urbana,"(6.166011939, -75.581581213)"
2163174,11/17/2016,2:50 p.m.,jueves,AUTOMOVIL,PUBLICO,Conductor,Masculino,No,N/A,SOLO DAÑOS,Choque,Desobedecer senales,Calle 38  Sur Carrera 32,MESA,Urbana,"(6.166011939, -75.581581213)"
2163179,11/17/2016,2:40 p.m.,jueves,CAMION,PUBLICO,Conductor,Masculino,No,N/A,SOLO DAÑOS,Choque,Girar bruscamente,Calle 37  Sur Carrera 41,ZONA CENTRO,Urbana,"(6.169855492, -75.586196006)"
2163179,11/17/2016,2:40 p.m.,jueves,CAMIONETA,PARTICULAR,Conductor,Masculino,No,N/A,SOLO DAÑOS,Choque,Girar bruscamente,Calle 37  Sur Carrera 41,ZONA CENTRO,Urbana,"(6.169855492, -75.586196006)"
2163153,11/17/2016,10:30 a.m.,jueves,MOTOCICLETA,PARTICULAR,Motociclista,Masculino,No,N/A,SOLO DAÑOS,Choque,Transitar entre vehiculos,Calle 38  Sur Carrera 43 A,ZONA CENTRO,Urbana,"(6.170537577, -75.588625139)"
2163153,11/17/2016,10:30 a.m.,jueves,CAMIONETA,PARTICULAR,Conductor,Masculino,No,N/A,SOLO DAÑOS,Choque,Transitar entre vehiculos,Calle 38  Sur Carrera 43 A,ZONA CENTRO,Urbana,"(6.170537577, -75.588625139)"
2163162,11/17/2016,10:15 a.m.,jueves,AUTOMOVIL,PUBLICO,Conductor,Masculino,No,N/A,SOLO DAÑOS,Choque,Reverso imprudente,Calle 24  Sur Carrera 28,LAS VEGAS,Urbana,
2163157,11/17/2016,6:10 a.m.,jueves,BICICLETA,PARTICULAR,Ciclista,Masculino,No,N/A,SOLO DAÑOS,Choque,No respetar prelacion,Calle 50  Sur Carrera 48,LAS VEGAS,Urbana,
2163157,11/17/2016,6:10 a.m.,jueves,MICROBUS,PUBLICO,Conductor,Masculino,No,N/A,SOLO DAÑOS,Choque,No respetar prelacion,Calle 50  Sur Carrera 48,LAS VEGAS,Urbana,
2163193,11/17/2016,4:40 a.m.,jueves,MOTOCICLETA,PARTICULAR,Motociclista,Masculino,No,N/A,HERIDO,Choque,No respetar prelacion,Tramo 372 Kilometro  7,VEREDA PALMAS,Rural,
2163193,11/17/2016,4:40 a.m.,jueves,MOTOCICLETA,PARTICULAR,Motociclista,Masculino,No,N/A,HERIDO,Choque,No respetar prelacion,Tramo 372 Kilometro  7,VEREDA PALMAS,Rural,
2163169,11/17/2016,1:00 a.m.,jueves,AUTOMOVIL,PARTICULAR,Conductor,Masculino,No,N/A,SOLO DAÑOS,Choque,Semaforo en rojo,Calle 37  Sur Carrera 41,ZONA CENTRO,Urbana,"(6.169855492, -75.586196006)"
2163169,11/17/2016,1:00 a.m.,jueves,AUTOMOVIL,PUBLICO,Conductor,Masculino,No,N/A,SOLO DAÑOS,Choque,Semaforo en rojo,Calle 37  Sur Carrera 41,ZONA CENTRO,Urbana,"(6.169855492, -75.586196006)"
2163180,11/16/2016,5:00 p.m.,miércoles,AUTOMOVIL,PARTICULAR,Conductor,Masculino,No,N/A,SOLO DAÑOS,Choque,Girar bruscamente,Carrera 43 A Calle 48 C Sur,LAS CASITAS,Urbana,"(6.162218777, -75.597644457)"
2163171,11/16/2016,8:30 p.m.,miércoles,MOTOCICLETA,PARTICULAR,Motociclista,Masculino,No,N/A,HERIDO,Choque,Desobedecer senales,Calle 45 B Sur Carrera 43,LA PAZ,Urbana,"(6.164485785, -75.594678415)"
2163178,11/16/2016,6:50 p.m.,miércoles,CAMPERO,PARTICULAR,Conductor,Masculino,No,N/A,SOLO DAÑOS,Choque,No respetar prelacion,Tramo 371 Kilometro  5,VEREDA PALMAS,Rural,
2163178,11/16/2016,6:50 p.m.,miércoles,AUTOMOVIL,PARTICULAR,Conductor,Masculino,No,N/A,SOLO DAÑOS,Choque,No respetar prelacion,Tramo 371 Kilometro  5,VEREDA PALMAS,Rural,
2163180,11/16/2016,5:00 p.m.,miércoles,CAMION,PARTICULAR,Conductor,Masculino,No,N/A,SOLO DAÑOS,Choque,Girar bruscamente,Carrera 43 A Calle 48 C Sur,LAS CASITAS,Urbana,"(6.162218777, -75.597644457)"
2163177,11/16/2016,4:25 p.m.,miércoles,AUTOMOVIL,PARTICULAR,Conductor,Femenino,No,N/A,SOLO DAÑOS,Choque,Desobedecer senales,Calle 38 A Sur Carrera 36,MESA,Urbana,"(6.166666222, -75.584118268)"
2163177,11/16/2016,4:25 p.m.,miércoles,AUTOMOVIL,PUBLICO,Conductor,Masculino,No,N/A,SOLO DAÑOS,Choque,Desobedecer senales,Calle 38 A Sur Carrera 36,MESA,Urbana,"(6.166666222, -75.584118268)"
2163181,11/16/2016,4:00 p.m.,miércoles,AUTOMOVIL,PARTICULAR,Conductor,Femenino,No,N/A,SOLO DAÑOS,Choque,Reverso imprudente,Carrera 30 Calle 39 B Sur,SAN JOSE,Urbana,"(6.163159855, -75.581895473)"
2163181,11/16/2016,4:00 p.m.,miércoles,MOTOCICLETA,PARTICULAR,Motociclista,Masculino,No,N/A,SOLO DAÑOS,Choque,Reverso imprudente,Carrera 30 Calle 39 B Sur,SAN JOSE,Urbana,"(6.163159855, -75.581895473)"
2163175,11/16/2016,12:40 p.m.,miércoles,CAMIONETA,PUBLICO,Conductor,Masculino,No,N/A,SOLO DAÑOS,Choque,Impericia en el manejo,Calle 35  Sur Carrera 39,OBRERO,Urbana,"(6.170534598, -75.584181072)"
2163175,11/16/2016,12:40 p.m.,miércoles,CAMPERO,PARTICULAR,Conductor,Masculino,No,N/A,SOLO DAÑOS,Choque,Impericia en el manejo,Calle 35  Sur Carrera 39,OBRERO,Urbana,"(6.170534598, -75.584181072)"
2163163,11/16/2016,12:30 p.m.,miércoles,CAMPERO,PARTICULAR,Conductor,Masculino,No,N/A,SOLO DAÑOS,Choque,Estacionar sin seguridad,Calle 38  Sur Carrera 47,ALCALA,Urbana,"(6.172469073, -75.592092518)"
2163163,11/16/2016,12:30 p.m.,miércoles,AUTOMOVIL,PARTICULAR,Conductor,Masculino,No,N/A,SOLO DAÑOS,Choque,Estacionar sin seguridad,Calle 38  Sur Carrera 47,ALCALA,Urbana,"(6.172469073, -75.592092518)"
2163164,11/16/2016,11:30 a.m.,miércoles,AUTOMOVIL,PARTICULAR,Conductor,Masculino,No,N/A,SOLO DAÑOS,Choque,No respetar pelacion de interseccion o giros,Calle 37  Sur Carrera 50,LAS VEGAS,Urbana,
2163164,11/16/2016,11:30 a.m.,miércoles,CAMPERO,PARTICULAR,Conductor,Femenino,No,N/A,SOLO DAÑOS,Choque,No respetar pelacion de interseccion o giros,Calle 37  Sur Carrera 50,LAS VEGAS,Urbana,
2163159,11/16/2016,11:20 a.m.,miércoles,AUTOMOVIL,PARTICULAR,Conductor,Femenino,No,N/A,SOLO DAÑOS,Choque,Adelantar cerrando,Calle 38 A Sur Carrera 43,ZONA CENTRO,Urbana,"(6.169370628, -75.588315099)"
2163159,11/16/2016,11:20 a.m.,miércoles,CAMPERO,PARTICULAR,Conductor,Femenino,No,N/A,SOLO DAÑOS,Choque,Adelantar cerrando,Calle 38 A Sur Carrera 43,ZONA CENTRO,Urbana,"(6.169370628, -75.588315099)"
2163155,11/16/2016,10:10 a.m.,miércoles,AUTOMOVIL,PARTICULAR,Conductor,Masculino,No,N/A,SOLO DAÑOS,Choque,Fallas en los frenos,Calle 39  Sur Carrera 48,ALCALA,Urbana,"(6.17373153, -75.596883967)"
2163155,11/16/2016,10:10 a.m.,miércoles,CAMION,PUBLICO,Conductor,Masculino,No,N/A,SOLO DAÑOS,Choque,Fallas en los frenos,Calle 39  Sur Carrera 48,ALCALA,Urbana,"(6.17373153, -75.596883967)"
2163155,11/16/2016,10:10 a.m.,miércoles,CAMION,PUBLICO,Conductor,Masculino,No,N/A,SOLO DAÑOS,Choque,Fallas en los frenos,Calle 39  Sur Carrera 48,ALCALA,Urbana,"(6.17373153, -75.596883967)"
2163154,11/16/2016,10:00 a.m.,miércoles,CAMION,PUBLICO,Conductor,Masculino,No,N/A,SOLO DAÑOS,Choque,No respetar prelacion,Carrera 48 Calle 38  Sur,LAS VEGAS,Urbana,"(6.172747818, -75.592698171)"
2163154,11/16/2016,10:00 a.m.,miércoles,CAMIONETA,PARTICULAR,Conductor,Masculino,No,N/A,SOLO DAÑOS,Choque,No respetar prelacion,Carrera 48 Calle 38  Sur,LAS VEGAS,Urbana,"(6.172747818, -75.592698171)"
2163152,11/16/2016,9:45 a.m.,miércoles,TRACTOCAMION,PUBLICO,Conductor,Masculino,No,N/A,SOLO DAÑOS,Choque,Impericia en el manejo,Carrera 49 Calle 36  Sur,LAS VEGAS,Urbana,"(6.176317818, -75.592567242)"
2163152,11/16/2016,9:45 a.m.,miércoles,AUTOMOVIL,PARTICULAR,Conductor,Femenino,No,N/A,SOLO DAÑOS,Choque,Impericia en el manejo,Carrera 49 Calle 36  Sur,LAS VEGAS,Urbana,"(6.176317818, -75.592567242)"
2163150,11/16/2016,7:10 a.m.,miércoles,MOTOCICLETA,PARTICULAR,Motociclista,Masculino,No,N/A,HERIDO,Choque,No mantener distancia de seguridad,Tramo 371 Kilometro  10,VEREDA EL ESCOBERO,Rural,
2163150,11/16/2016,7:10 a.m.,miércoles,CAMIONETA,PARTICULAR,Conductor,Masculino,No,N/A,HERIDO,Choque,No mantener distancia de seguridad,Tramo 371 Kilometro  10,VEREDA EL ESCOBERO,Rural,
2163151,11/16/2016,6:25 a.m.,miércoles,AUTOMOVIL,PARTICULAR,Conductor,Masculino,No,N/A,SOLO DAÑOS,Choque,Otra,Calle 38 A Sur Carrera 36,MESA,Urbana,"(6.166666222, -75.584118268)"
2163151,11/16/2016,6:25 a.m.,miércoles,AUTOMOVIL,PUBLICO,Conductor,Masculino,No,N/A,SOLO DAÑOS,Choque,Otra,Calle 38 A Sur Carrera 36,MESA,Urbana,"(6.166666222, -75.584118268)"
2163170,11/16/2016,11:40 p.m.,miércoles,MOTOCICLETA,PARTICULAR,Motociclista,Masculino,No,N/A,SOLO DAÑOS,Choque,Semaforo en rojo,Carrera 48 Calle 25  Sur,LAS VEGAS,Urbana,"(6.185059174, -75.58329333)"
2163170,11/16/2016,11:40 p.m.,miércoles,AUTOMOVIL,PARTICULAR,Conductor,Masculino,No,N/A,SOLO DAÑOS,Choque,Semaforo en rojo,Carrera 48 Calle 25  Sur,LAS VEGAS,Urbana,"(6.185059174, -75.58329333)"
2163173,11/16/2016,9:50 p.m.,miércoles,AUTOMOVIL,PARTICULAR,Conductor,Masculino,No,N/A,SOLO DAÑOS,Choque,Impericia en el manejo,Calle 38 A Sur Carrera 41,ZONA CENTRO,Urbana,"(6.168560755, -75.587015366)"
2163173,11/16/2016,9:50 p.m.,miércoles,MOTOCICLETA,PARTICULAR,Motociclista,Masculino,No,N/A,SOLO DAÑOS,Choque,Impericia en el manejo,Calle 38 A Sur Carrera 41,ZONA CENTRO,Urbana,"(6.168560755, -75.587015366)"
2163173,11/16/2016,9:50 p.m.,miércoles,MOTOCICLETA,PARTICULAR,Motociclista,Masculino,No,N/A,SOLO DAÑOS,Choque,Impericia en el manejo,Calle 38 A Sur Carrera 41,ZONA CENTRO,Urbana,"(6.168560755, -75.587015366)"
2163171,11/16/2016,8:30 p.m.,miércoles,BICICLETA,PARTICULAR,Ciclista,Masculino,No,N/A,HERIDO,Choque,Desobedecer senales,Calle 45 B Sur Carrera 43,LA PAZ,Urbana,"(6.164485785, -75.594678415)"
2163141,11/15/2016,12:00 p.m.,martes,CAMIONETA,PARTICULAR,Conductor,Masculino,No,N/A,SOLO DAÑOS,Choque,No respetar prelacion,Carrera 50 Calle 37  Sur,LAS VEGAS,Urbana,
2163101,11/15/2016,12:15 a.m.,martes,MOTOCICLETA,PARTICULAR,Motociclista,Masculino,No,N/A,HERIDO,Choque,Semaforo en rojo,Calle 37  Sur Carrera 48,GLORIETA PELDAR,Urbana,"(6.17412211, -75.593061115)"
2163101,11/15/2016,12:15 a.m.,martes,AUTOMOVIL,PARTICULAR,Conductor,Masculino,No,N/A,HERIDO,Choque,Semaforo en rojo,Calle 37  Sur Carrera 48,GLORIETA PELDAR,Urbana,"(6.17412211, -75.593061115)"
2163141,11/15/2016,12:00 p.m.,martes,AUTOMOVIL,PARTICULAR,Conductor,Masculino,No,N/A,SOLO DAÑOS,Choque,No respetar prelacion,Carrera 50 Calle 37  Sur,LAS VEGAS,Urbana,
2163133,11/15/2016,10:10 a.m.,martes,CAMIONETA,PARTICULAR,Conductor,Masculino,No,N/A,HERIDO,Choque,No mantener distancia de seguridad,Carrera 50 Calle 46 A Sur,LAS VEGAS,Urbana,"(6.16131219, -75.603198185)"
2163133,11/15/2016,10:10 a.m.,martes,AUTOMOVIL,PARTICULAR,Conductor,Femenino,No,N/A,HERIDO,Choque,No mantener distancia de seguridad,Carrera 50 Calle 46 A Sur,LAS VEGAS,Urbana,"(6.16131219, -75.603198185)"
2163120,11/15/2016,9:20 a.m.,martes,MOTOCICLETA,PARTICULAR,Motociclista,Masculino,No,N/A,SOLO DAÑOS,Choque,Transitar entre vehiculos,Carrera 50 Calle 19 A Sur,LAS VEGAS,Urbana,
2163120,11/15/2016,9:20 a.m.,martes,BUS,PUBLICO,Conductor,Masculino,No,N/A,SOLO DAÑOS,Choque,Transitar entre vehiculos,Carrera 50 Calle 19 A Sur,LAS VEGAS,Urbana,
2163126,11/15/2016,9:05 a.m.,martes,CAMPERO,PARTICULAR,Conductor,Masculino,No,N/A,SOLO DAÑOS,Choque,Adelantar cerrando,Carrera 43 A Calle 38  Sur,ZONA CENTRO,Urbana,"(6.170421178, -75.588598773)"
2163126,11/15/2016,9:05 a.m.,martes,CAMIONETA,PARTICULAR,Conductor,Masculino,No,N/A,SOLO DAÑOS,Choque,Adelantar cerrando,Carrera 43 A Calle 38  Sur,ZONA CENTRO,Urbana,"(6.170421178, -75.588598773)"
2163146,11/15/2016,8:10 a.m.,martes,MOTOCICLETA,PARTICULAR,Motociclista,Masculino,No,N/A,SOLO DAÑOS,Choque,No mantener distancia de seguridad,Carrera 49 Calle 46  Sur,LAS VEGAS,Urbana,"(6.166966077, -75.600888173)"
2163146,11/15/2016,8:10 a.m.,martes,AUTOMOVIL,PARTICULAR,Conductor,Femenino,No,N/A,SOLO DAÑOS,Choque,No mantener distancia de seguridad,Carrera 49 Calle 46  Sur,LAS VEGAS,Urbana,"(6.166966077, -75.600888173)"
2163125,11/15/2016,6:05 a.m.,martes,CAMIONETA,PARTICULAR,Conductor,Masculino,No,N/A,SOLO DAÑOS,Choque,Exceso de velocidad,Calle 36 D Sur Carrera 27 D,VEREDA EL ESCOBERO,Urbana,"(6.164970853, -75.574637268)"
2163125,11/15/2016,6:05 a.m.,martes,CAMIONETA,PARTICULAR,Conductor,Masculino,No,N/A,SOLO DAÑOS,Choque,Impericia en el manejo,Calle 36 D Sur Carrera 27 D,VEREDA EL ESCOBERO,Urbana,"(6.164970853, -75.574637268)"
2163122,11/15/2016,8:45 p.m.,martes,AUTOMOVIL,PARTICULAR,Conductor,Femenino,No,N/A,SOLO DAÑOS,Choque,No respetar prelacion,Tramo 371 Kilometro  5,VEREDA PALMAS,Rural,
2163122,11/15/2016,8:45 p.m.,martes,AUTOMOVIL,PARTICULAR,Conductor,Femenino,No,N/A,SOLO DAÑOS,Choque,No respetar prelacion,Tramo 371 Kilometro  5,VEREDA PALMAS,Rural,
2163160,11/15/2016,7:30 p.m.,martes,MOTOCICLETA,PARTICULAR,Motociclista,Masculino,No,N/A,SOLO DAÑOS,Choque,Otra,Carrera 50 Calle 37  Sur,LAS VEGAS,Urbana,
2163160,11/15/2016,7:30 p.m.,martes,AUTOMOVIL,PARTICULAR,Conductor,Femenino,No,N/A,SOLO DAÑOS,Choque,Otra,Carrera 50 Calle 37  Sur,LAS VEGAS,Urbana,
2163135,11/15/2016,2:20 p.m.,martes,AUTOMOVIL,PARTICULAR,Conductor,Masculino,No,N/A,HERIDO,Choque,Impericia en el manejo,Tramo 371 Kilometro  6,N/R,Rural,
2163149,11/15/2016,2:00 p.m.,martes,CAMIONETA,PARTICULAR,Conductor,Femenino,No,N/A,SOLO DAÑOS,Choque,Reverso imprudente,Carrera 35  Sur Calle 40  Sur,ZONA CENTRO,Urbana,"(6.170898217, -75.584630093)"
2163149,11/15/2016,2:00 p.m.,martes,CAMPERO,DIPLOMATICO,Conductor,Masculino,No,N/A,SOLO DAÑOS,Choque,Reverso imprudente,Carrera 35  Sur Calle 40  Sur,ZONA CENTRO,Urbana,"(6.170898217, -75.584630093)"
2163172,11/15/2016,12:40 p.m.,martes,CAMIONETA,PUBLICO,Conductor,Masculino,No,N/A,SOLO DAÑOS,Choque,Girar bruscamente,Carrera 41 Calle 40 B Sur,EL DORADO,Urbana,"(6.166298108, -75.588219288)"
2163172,11/15/2016,12:40 p.m.,martes,CAMIONETA,PARTICULAR,Conductor,Masculino,No,N/A,SOLO DAÑOS,Choque,Girar bruscamente,Carrera 41 Calle 40 B Sur,EL DORADO,Urbana,"(6.166298108, -75.588219288)"
2163168,11/15/2016,12:20 p.m.,martes,MOTOCICLETA,PARTICULAR,Motociclista,Masculino,No,N/A,SOLO DAÑOS,Choque,Adelantar en zona prohibida,Calle 39  Sur Carrera 28,N/R,Urbana,"(6.160790572, -75.579428456)"
2163168,11/15/2016,12:20 p.m.,martes,AUTOMOVIL,PARTICULAR,Conductor,Femenino,No,N/A,SOLO DAÑOS,Choque,Adelantar en zona prohibida,Calle 39  Sur Carrera 28,N/R,Urbana,"(6.160790572, -75.579428456)"
2163158,11/15/2016,12:20 p.m.,martes,CAMIONETA,PARTICULAR,Conductor,Masculino,No,N/A,SOLO DAÑOS,Choque,Adelantar por la derecha,Calle 37  Sur Carrera 42,ZONA CENTRO,Urbana,"(6.17029993, -75.586935484)"
2163158,11/15/2016,12:20 p.m.,martes,MOTOCICLETA,PARTICULAR,Motociclista,Masculino,No,N/A,SOLO DAÑOS,Choque,Adelantar por la derecha,Calle 37  Sur Carrera 42,ZONA CENTRO,Urbana,"(6.17029993, -75.586935484)"
2163137,11/14/2016,2:20 p.m.,lunes,AUTOMOVIL,PUBLICO,Conductor,Masculino,No,N/A,SOLO DAÑOS,Choque,Desobedecer senales,Diagonal 32 D Transversal 33  Sur,LA MAGNOLIA,Urbana,"(6.174101275, -75.583606066)"
2163142,11/14/2016,8:30 p.m.,lunes,AUTOMOVIL,PARTICULAR,Conductor,Masculino,No,N/A,SOLO DAÑOS,Choque,Otra,Calle 37  Sur Carrera 49,N/R,Urbana,"(6.174789471, -75.594204243)"
2163142,11/14/2016,8:30 p.m.,lunes,AUTOMOVIL,PARTICULAR,Conductor,Masculino,No,N/A,SOLO DAÑOS,Choque,Otra,Calle 37  Sur Carrera 49,N/R,Urbana,"(6.174789471, -75.594204243)"
2163142,11/14/2016,8:30 p.m.,lunes,CAMIONETA,PARTICULAR,Conductor,Masculino,No,N/A,SOLO DAÑOS,Choque,Otra,Calle 37  Sur Carrera 49,N/R,Urbana,"(6.174789471, -75.594204243)"
2163123,11/14/2016,7:40 p.m.,lunes,MOTOCICLETA,PARTICULAR,Motociclista,Masculino,No,N/A,SOLO DAÑOS,Choque,Adelantar en zona prohibida,Carrera 40 Calle 40  Sur,EL DORADO,Urbana,"(6.166408442, -75.587413254)"
2163123,11/14/2016,7:40 p.m.,lunes,AUTOMOVIL,PARTICULAR,Conductor,Masculino,No,N/A,SOLO DAÑOS,Choque,Adelantar en zona prohibida,Carrera 40 Calle 40  Sur,EL DORADO,Urbana,"(6.166408442, -75.587413254)"
2163134,11/14/2016,5:50 p.m.,lunes,AUTOMOVIL,PARTICULAR,Conductor,Masculino,No,N/A,HERIDO,Atropello,Cruzar sin observar,Carrera 27 Calle 40 B Sur,LA MINA,Urbana,"(6.157824846, -75.58161391)"
2163115,11/14/2016,5:00 p.m.,lunes,CAMPERO,PARTICULAR,Conductor,Femenino,No,N/A,SOLO DAÑOS,Choque,Exceso de velocidad,Tramo 181 Kilometro  1,VEREDA EL ESCOBERO,Rural,
2163115,11/14/2016,5:00 p.m.,lunes,AUTOMOVIL,PARTICULAR,Conductor,Femenino,No,N/A,SOLO DAÑOS,Choque,Exceso de velocidad,Tramo 181 Kilometro  1,VEREDA EL ESCOBERO,Rural,
2163136,11/14/2016,4:20 p.m.,lunes,AUTOMOVIL,OFICIAL,Conductor,Masculino,No,N/A,SOLO DAÑOS,Choque,No mantener distancia de seguridad,Diagonal 31 D Transversal 35 B,LA SEBASTIANA,Urbana,"(6.176680777, -75.581091939)"
2163136,11/14/2016,4:20 p.m.,lunes,AUTOMOVIL,PARTICULAR,Conductor,Masculino,No,N/A,SOLO DAÑOS,Choque,No mantener distancia de seguridad,Diagonal 31 D Transversal 35 B,LA SEBASTIANA,Urbana,"(6.176680777, -75.581091939)"
2163121,11/14/2016,4:20 p.m.,lunes,CAMIONETA,PARTICULAR,Conductor,Masculino,No,N/A,SOLO DAÑOS,Choque,No mantener distancia de seguridad,Carrera 27 Calle 35  Sur,EL CHOCHO,Urbana,
2163121,11/14/2016,4:20 p.m.,lunes,CAMIONETA,PARTICULAR,Conductor,Femenino,No,N/A,SOLO DAÑOS,Choque,No mantener distancia de seguridad,Carrera 27 Calle 35  Sur,EL CHOCHO,Urbana,
2163137,11/14/2016,2:20 p.m.,lunes,AUTOMOVIL,PARTICULAR,Conductor,Masculino,No,N/A,SOLO DAÑOS,Choque,Desobedecer senales,Diagonal 32 D Transversal 33  Sur,LA MAGNOLIA,Urbana,"(6.174101275, -75.583606066)"
2163107,11/14/2016,12:15 p.m.,lunes,CAMPERO,PARTICULAR,Conductor,Masculino,No,N/A,HERIDO,Choque,Transitar entre vehiculos,Carrera 50 Calle 39 B Sur,LAS VEGAS,Urbana,
2163107,11/14/2016,12:15 p.m.,lunes,MOTOCICLETA,PARTICULAR,Motociclista,Masculino,No,N/A,HERIDO,Choque,Transitar entre vehiculos,Carrera 50 Calle 39 B Sur,LAS VEGAS,Urbana,
2163147,11/14/2016,2:20 a.m.,lunes,MOTOCICLETA,PARTICULAR,Motociclista,Masculino,No,N/A,SOLO DAÑOS,Choque,Exceso de velocidad,Carrera 43 A Calle 38  Sur,ZONA CENTRO,Urbana,"(6.170421178, -75.588598773)"
2163147,11/14/2016,2:20 a.m.,lunes,AUTOMOVIL,PUBLICO,Conductor,Masculino,No,N/A,SOLO DAÑOS,Choque,Exceso de velocidad,Carrera 43 A Calle 38  Sur,ZONA CENTRO,Urbana,"(6.170421178, -75.588598773)"
2163109,11/13/2016,3:50 a.m.,domingo,AUTOMOVIL,PARTICULAR,Conductor,Femenino,No,N/A,SOLO DAÑOS,Choque,Reverso imprudente,Carrera 40 B Calle 52 B Sur,LA INMACULADA,Urbana,"(6.156207212, -75.601993132)"
2163144,11/13/2016,2:10 a.m.,domingo,AUTOMOVIL,PARTICULAR,Conductor,Masculino,No,N/A,HERIDO,Atropello,Otra,Calle 40 DD Sur Carrera 42,EL DORADO,Urbana,"(6.165700924, -75.589245512)"
2163109,11/13/2016,3:50 a.m.,domingo,AUTOMOVIL,PUBLICO,Conductor,Masculino,No,N/A,SOLO DAÑOS,Choque,Reverso imprudente,Carrera 40 B Calle 52 B Sur,LA INMACULADA,Urbana,"(6.156207212, -75.601993132)"
2163116,11/13/2016,8:10 p.m.,domingo,CAMIONETA,PARTICULAR,Conductor,Masculino,No,N/A,SOLO DAÑOS,Choque,No mantener distancia de seguridad,Carrera 42 Calle 48 E Sur,LOMA DEL BARRO,Urbana,
2163116,11/13/2016,8:10 p.m.,domingo,CAMIONETA,PARTICULAR,Conductor,Masculino,No,N/A,SOLO DAÑOS,Choque,No mantener distancia de seguridad,Carrera 42 Calle 48 E Sur,LOMA DEL BARRO,Urbana,
2163156,11/13/2016,4:10 p.m.,domingo,AUTOMOVIL,PARTICULAR,Conductor,Femenino,No,N/A,SOLO DAÑOS,Choque,Desobedecer senales,Carrera 48 Calle 38  Sur,LAS VEGAS,Urbana,"(6.172747818, -75.592698171)"
2163156,11/13/2016,4:10 p.m.,domingo,AUTOMOVIL,PARTICULAR,Conductor,Femenino,No,N/A,SOLO DAÑOS,Choque,Desobedecer senales,Carrera 48 Calle 38  Sur,LAS VEGAS,Urbana,"(6.172747818, -75.592698171)"
2163131,11/13/2016,3:30 p.m.,domingo,CAMPERO,PARTICULAR,Conductor,Masculino,No,N/A,SOLO DAÑOS,Choque,Superficie lisa,Calle 45 B Sur Carrera 42 B,LA PAZ,Urbana,"(6.163155121, -75.593708386)"
2163131,11/13/2016,3:30 p.m.,domingo,MOTOCICLETA,PARTICULAR,Motociclista,Femenino,No,N/A,SOLO DAÑOS,Choque,Superficie humeda,Calle 45 B Sur Carrera 42 B,LA PAZ,Urbana,"(6.163155121, -75.593708386)"
2163131,11/13/2016,3:30 p.m.,domingo,MOTOCICLETA,PARTICULAR,Motociclista,Femenino,No,N/A,SOLO DAÑOS,Choque,Superficie lisa,Calle 45 B Sur Carrera 42 B,LA PAZ,Urbana,"(6.163155121, -75.593708386)"
2163131,11/13/2016,3:30 p.m.,domingo,MOTOCICLETA,PARTICULAR,Motociclista,Masculino,No,N/A,SOLO DAÑOS,Choque,Superficie humeda,Calle 45 B Sur Carrera 42 B,LA PAZ,Urbana,"(6.163155121, -75.593708386)"
2163131,11/13/2016,3:30 p.m.,domingo,MOTOCICLETA,PARTICULAR,Motociclista,Masculino,No,N/A,SOLO DAÑOS,Choque,Superficie lisa,Calle 45 B Sur Carrera 42 B,LA PAZ,Urbana,"(6.163155121, -75.593708386)"
2163131,11/13/2016,3:30 p.m.,domingo,CAMPERO,PARTICULAR,Conductor,Masculino,No,N/A,SOLO DAÑOS,Choque,Superficie humeda,Calle 45 B Sur Carrera 42 B,LA PAZ,Urbana,"(6.163155121, -75.593708386)"
2163119,11/13/2016,3:30 p.m.,domingo,AUTOMOVIL,PUBLICO,Conductor,Masculino,No,N/A,SOLO DAÑOS,Choque,Girar bruscamente,Calle 40  Sur Carrera 45,ALCALA,Urbana,"(6.168378422, -75.591547806)"