RADICADO,FECHA,HORA,DÍA DE LA SEMANA,CLASE DE VEHICULO,TIPO DE SERVICIO,TIPO DE VICTIMA,SEXO,ESTADO DE BEODEZ,RESULTADO DE BEODEZ,GRAVEDAD,CLASE DE ACCIDENTE,CAUSA,DIRECCIÓN,BARRIO,AREA,Coordenadas
2163119,11/13/2016,3:30 p.m.,domingo,AUTOMOVIL,DIPLOMATICO,Conductor,Masculino,No,N/A,SOLO DAÑOS,Choque,Girar bruscamente,Calle 40  Sur Carrera 45,ALCALA,Urbana,"(6.168378422, -75.591547806)"
2163138,11/13/2016,2:00 p.m.,domingo,AUTOMOVIL,PARTICULAR,Conductor,Masculino,No,N/A,SOLO DAÑOS,Choque,No respetar prelacion,Calle 38  Sur Carrera 42,ZONA CENTRO,Urbana,"(6.16961293, -75.587384695)"
2163138,11/13/2016,2:00 p.m.,domingo,AUTOMOVIL,PARTICULAR,Conductor,Femenino,No,N/A,SOLO DAÑOS,Choque,No respetar prelacion,Calle 38  Sur Carrera 42,ZONA CENTRO,Urbana,"(6.16961293, -75.587384695)"
2163143,11/13/2016,10:40 a.m.,domingo,AUTOMOVIL,PUBLICO,Conductor,Masculino,No,N/A,SOLO DAÑOS,Choque,Impericia en el manejo,Calle 39  Sur Carrera 35,MESA,Urbana,"(6.165647651, -75.584029525)"
2163143,11/13/2016,10:40 a.m.,domingo,AUTOMOVIL,PARTICULAR,Conductor,Masculino,No,N/A,SOLO DAÑOS,Choque,Impericia en el manejo,Calle 39  Sur Carrera 35,MESA,Urbana,"(6.165647651, -75.584029525)"
2163377,11/13/2016,9:00 a.m.,domingo,MOTOCICLETA,PARTICULAR,Motociclista,Femenino,No,N/A,SOLO DAÑOS,Choque,Otra,Calle 37  Sur Carrera 43 A,N/R,Urbana,"(6.171151654, -75.58815663)"
2163377,11/13/2016,9:00 a.m.,domingo,AUTOMOVIL,PUBLICO,Conductor,Masculino,No,N/A,SOLO DAÑOS,Choque,Otra,Calle 37  Sur Carrera 43 A,N/R,Urbana,"(6.171151654, -75.58815663)"
2163165,11/13/2016,6:00 a.m.,domingo,AUTOMOVIL,PARTICULAR,Conductor,Masculino,No,N/A,SOLO DAÑOS,Choque,Impericia en el manejo,Calle 27  Sur Carrera 28,ZU├æIGA,Urbana,"(6.175346318, -75.574583402)"
2163521,11/12/2016,7:00 a.m.,sábado,AUTOMOVIL,PUBLICO,Conductor,Masculino,No,N/A,SOLO DAÑOS,Choque,Otra,Tramo 372 Kilometro  16,VEREDA PALMAS,Rural,
2163161,11/12/2016,6:45 p.m.,sábado,AUTOMOVIL,PARTICULAR,Conductor,Masculino,No,N/A,SOLO DAÑOS,Choque,Adelantar cerrando,Calle 38  Sur Carrera 40 A,ZONA CENTRO,Urbana,"(6.169040015, -75.586268246)"
2163161,11/12/2016,6:45 p.m.,sábado,AUTOMOVIL,PARTICULAR,Conductor,Masculino,No,N/A,SOLO DAÑOS,Choque,Adelantar cerrando,Calle 38  Sur Carrera 40 A,ZONA CENTRO,Urbana,"(6.169040015, -75.586268246)"
2163111,11/12/2016,6:40 p.m.,sábado,AUTOMOVIL,PARTICULAR,Conductor,Masculino,No,N/A,SOLO DAÑOS,Choque,Embriaguez o droga,Calle 25  Sur Carrera 49,LAS VEGAS,Urbana,
2163111,11/12/2016,6:40 p.m.,sábado,MOTOCICLETA,PARTICULAR,Motociclista,Masculino,Si,3,SOLO DAÑOS,Choque,Embriaguez o droga,Calle 25  Sur Carrera 49,LAS VEGAS,Urbana,
2163103,11/12/2016,6:30 p.m.,sábado,MOTOCICLETA,PARTICULAR,Motociclista,Masculino,No,N/A,HERIDO,Atropello,Semaforo en rojo,Calle 37  Sur Carrera 41,ZONA CENTRO,Urbana,"(6.169855492, -75.586196006)"
2163106,11/12/2016,5:30 p.m.,sábado,MOTOCICLETA,PARTICULAR,Motociclista,Masculino,No,N/A,HERIDO,Choque,Otra,Calle 38  Sur Carrera 34,MESA,Urbana,"(6.166700674, -75.58264033)"
2163106,11/12/2016,5:30 p.m.,sábado,AUTOMOVIL,PARTICULAR,Conductor,Masculino,No,N/A,HERIDO,Choque,Otra,Calle 38  Sur Carrera 34,MESA,Urbana,"(6.166700674, -75.58264033)"
2163110,11/12/2016,4:30 p.m.,sábado,BUS,PUBLICO,Conductor,Masculino,No,N/A,SOLO DAÑOS,Choque,No mantener distancia de seguridad,Carrera 50 Calle 28  Sur,LAS VEGAS,Urbana,
2163110,11/12/2016,4:30 p.m.,sábado,AUTOMOVIL,PARTICULAR,Conductor,Femenino,No,N/A,SOLO DAÑOS,Choque,No mantener distancia de seguridad,Carrera 50 Calle 28  Sur,LAS VEGAS,Urbana,
2163098,11/12/2016,2:15 p.m.,sábado,AUTOMOVIL,PARTICULAR,Conductor,Femenino,No,N/A,HERIDO,Atropello,Otra,Calle 40 F Sur Carrera 25,N/R,Urbana,"(6.153189897, -75.58381114)"
2163099,11/12/2016,1:20 p.m.,sábado,AUTOMOVIL,PUBLICO,Conductor,Masculino,No,N/A,SOLO DAÑOS,Choque,No mantener distancia de seguridad,Calle 40 B Sur Carrera 37,EL DORADO,Urbana,"(6.164256506, -75.586419998)"
2163099,11/12/2016,1:20 p.m.,sábado,AUTOMOVIL,PARTICULAR,Conductor,Masculino,No,N/A,SOLO DAÑOS,Choque,No mantener distancia de seguridad,Calle 40 B Sur Carrera 37,EL DORADO,Urbana,"(6.164256506, -75.586419998)"
2163139,11/12/2016,11:00 a.m.,sábado,CAMION,PUBLICO,Conductor,Masculino,No,N/A,SOLO DAÑOS,Choque,Estacionar sin seguridad,Diagonal 31 A Transversal 34 F,LA SEBASTIANA,Urbana,"(6.170512058, -75.579985733)"
2163139,11/12/2016,11:00 a.m.,sábado,CAMIONETA,PARTICULAR,Conductor,Masculino,No,N/A,SOLO DAÑOS,Choque,Estacionar sin seguridad,Diagonal 31 A Transversal 34 F,LA SEBASTIANA,Urbana,"(6.170512058, -75.579985733)"
2163140,11/12/2016,10:05 a.m.,sábado,MOTOCICLETA,PARTICULAR,Motociclista,Femenino,No,N/A,HERIDO,Choque,No respetar pelacion de interseccion o giros,Diagonal 40 Transversal 41,OBRERO,Urbana,
2163140,11/12/2016,10:05 a.m.,sábado,AUTOMOVIL,PARTICULAR,Conductor,Masculino,No,N/A,HERIDO,Choque,No respetar pelacion de interseccion o giros,Diagonal 40 Transversal 41,OBRERO,Urbana,
2163166,11/12/2016,10:00 a.m.,sábado,AUTOMOVIL,PARTICULAR,Conductor,Masculino,No,N/A,SOLO DAÑOS,Choque,Impericia en el manejo,Calle 25  Sur Carrera 42 B,LAS ORQUIDEAS,Urbana,"(6.179561127, -75.579866326)"
2163166,11/12/2016,10:00 a.m.,sábado,CAMIONETA,PARTICULAR,Conductor,Masculino,No,N/A,SOLO DAÑOS,Choque,Impericia en el manejo,Calle 25  Sur Carrera 42 B,LAS ORQUIDEAS,Urbana,"(6.179561127, -75.579866326)"
2163465,11/12/2016,8:45 a.m.,sábado,CAMPERO,PARTICULAR,Conductor,Sin registro,No,N/A,SOLO DAÑOS,Choque,Otra,Calle 36  Sur Carrera 49,N/R,Urbana,
2163465,11/12/2016,8:45 a.m.,sábado,CAMIONETA,PUBLICO,Conductor,Masculino,No,N/A,SOLO DAÑOS,Choque,Otra,Calle 36  Sur Carrera 49,N/R,Urbana,
2163521,11/12/2016,7:00 a.m.,sábado,CAMIONETA,PARTICULAR,Conductor,Sin registro,No,N/A,SOLO DAÑOS,Choque,Otra,Tramo 372 Kilometro  16,VEREDA PALMAS,Rural,
2163108,11/11/2016,12:20 p.m.,viernes,BUS,PUBLICO,Conductor,Masculino,No,N/A,SOLO DAÑOS,Choque,Adelantar cerrando,Carrera 44 Calle 39  Sur,ALCALA,Urbana,"(6.169209151, -75.590083425)"
2163117,11/11/2016,1:20 p.m.,viernes,AUTOMOVIL,PARTICULAR,Conductor,Masculino,No,N/A,SOLO DAÑOS,Choque,Desobedecer senales,Calle 40  Sur Carrera 46 A,ALCALA,Urbana,"(6.169204277, -75.594295389)"
2163124,11/11/2016,6:40 a.m.,viernes,AUTOMOVIL,PARTICULAR,Conductor,Femenino,No,N/A,SOLO DAÑOS,Choque,No mantener distancia de seguridad,Carrera 43 A Calle 23  Sur,ZU├æIGA,Urbana,"(6.182555831, -75.580177931)"
2163167,11/11/2016,10:50 p.m.,viernes,AUTOMOVIL,PUBLICO,Conductor,Masculino,No,N/A,SOLO DAÑOS,Choque,No mantener distancia de seguridad,Carrera 43 A Calle 39  Sur,ZONA CENTRO,Urbana,"(6.169011071, -75.589484903)"
2163167,11/11/2016,10:50 p.m.,viernes,AUTOMOVIL,PUBLICO,Conductor,Masculino,No,N/A,SOLO DAÑOS,Choque,No mantener distancia de seguridad,Carrera 43 A Calle 39  Sur,ZONA CENTRO,Urbana,"(6.169011071, -75.589484903)"
2163105,11/11/2016,9:10 p.m.,viernes,MOTOCICLETA,PARTICULAR,Motociclista,Femenino,No,N/A,HERIDO,Choque,Adelantar por la derecha,Diagonal 31 Transversal 32 A,LAS FLORES,Urbana,"(6.174681134, -75.578471041)"
2163105,11/11/2016,9:10 p.m.,viernes,AUTOMOVIL,PARTICULAR,Conductor,Femenino,No,N/A,HERIDO,Choque,Adelantar por la derecha,Diagonal 31 Transversal 32 A,LAS FLORES,Urbana,"(6.174681134, -75.578471041)"
2163104,11/11/2016,7:50 p.m.,viernes,AUTOMOVIL,PARTICULAR,Conductor,Masculino,No,N/A,HERIDO,Choque,Desobedecer senales,Transversal 32 C Sur Diagonal 32,LA MAGNOLIA,Urbana,"(6.175116463, -75.58238464)"
2163104,11/11/2016,7:50 p.m.,viernes,MOTOCICLETA,PARTICULAR,Motociclista,Masculino,No,N/A,HERIDO,Choque,Desobedecer senales,Transversal 32 C Sur Diagonal 32,LA MAGNOLIA,Urbana,"(6.175116463, -75.58238464)"
2163113,11/11/2016,6:40 p.m.,viernes,AUTOMOVIL,PUBLICO,Conductor,Masculino,No,N/A,SOLO DAÑOS,Choque,No mantener distancia de seguridad,Calle 38 A Sur Carrera 48,LAS VEGAS,Urbana,"(6.168560755, -75.587015366)"
2163108,11/11/2016,12:20 p.m.,viernes,AUTOMOVIL,PARTICULAR,Conductor,Masculino,No,N/A,SOLO DAÑOS,Choque,Adelantar cerrando,Carrera 44 Calle 39  Sur,ALCALA,Urbana,"(6.169209151, -75.590083425)"
2163117,11/11/2016,1:20 p.m.,viernes,CAMIONETA,PARTICULAR,Conductor,Masculino,No,N/A,SOLO DAÑOS,Choque,Desobedecer senales,Calle 40  Sur Carrera 46 A,ALCALA,Urbana,"(6.169204277, -75.594295389)"
2163113,11/11/2016,6:40 p.m.,viernes,AUTOMOVIL,PUBLICO,Conductor,Masculino,No,N/A,SOLO DAÑOS,Choque,No mantener distancia de seguridad,Calle 38 A Sur Carrera 48,LAS VEGAS,Urbana,"(6.168560755, -75.587015366)"
2163124,11/11/2016,6:40 a.m.,viernes,MOTOCICLETA,PARTICULAR,Motociclista,Masculino,No,N/A,SOLO DAÑOS,Choque,No mantener distancia de seguridad,Carrera 43 A Calle 23  Sur,ZU├æIGA,Urbana,"(6.182555831, -75.580177931)"
2163148,11/11/2016,4:40 p.m.,viernes,AUTOMOVIL,PARTICULAR,Conductor,Masculino,No,N/A,SOLO DAÑOS,Choque,No mantener distancia de seguridad,Tramo 372 Kilometro  19,VEREDA PALMAS,Rural,
2163114,11/11/2016,10:10 a.m.,viernes,MOTOCICLETA,OFICIAL,Motociclista,Masculino,No,N/A,HERIDO,Caida Ocupante,Otra,Calle 35 A Sur Carrera 45 B,EL PORTAL,Urbana,"(6.173368676, -75.589835706)"
2163132,11/11/2016,8:50 a.m.,viernes,MOTOCICLETA,PARTICULAR,Motociclista,Masculino,No,N/A,SOLO DAÑOS,Choque,Adelantar cerrando,Calle 48 E Sur Carrera 42,LOMA DEL BARRO,Urbana,"(6.159800047, -75.595095327)"
2163132,11/11/2016,8:50 a.m.,viernes,MOTOCICLETA,PARTICULAR,Motociclista,Masculino,No,N/A,SOLO DAÑOS,Choque,Adelantar cerrando,Calle 48 E Sur Carrera 42,LOMA DEL BARRO,Urbana,"(6.159800047, -75.595095327)"
2163100,11/11/2016,6:10 p.m.,viernes,MOTOCICLETA,PARTICULAR,Motociclista,Masculino,No,N/A,HERIDO,Choque,Otra,Calle 38  Sur Carrera 31,MESA,Urbana,"(6.165577674, -75.581121822)"
2163100,11/11/2016,6:10 p.m.,viernes,AUTOMOVIL,PUBLICO,Conductor,Masculino,No,N/A,HERIDO,Choque,Otra,Calle 38  Sur Carrera 31,MESA,Urbana,"(6.165577674, -75.581121822)"
2163130,11/11/2016,6:05 p.m.,viernes,CAMIONETA,PARTICULAR,Conductor,Masculino,No,N/A,SOLO DAÑOS,Choque,No mantener distancia de seguridad,Tramo 371 Kilometro  12,VEREDA PALMAS,Rural,
2163130,11/11/2016,6:05 p.m.,viernes,AUTOMOVIL,PARTICULAR,Conductor,Masculino,No,N/A,SOLO DAÑOS,Choque,No mantener distancia de seguridad,Tramo 371 Kilometro  12,VEREDA PALMAS,Rural,
2163127,11/11/2016,5:50 p.m.,viernes,AUTOMOVIL,PARTICULAR,Conductor,Masculino,No,N/A,SOLO DAÑOS,Choque,Adelantar cerrando,Calle 39  Sur Carrera 29 A,SAN JOSE,Urbana,"(6.164019418, -75.581208066)"
2163127,11/11/2016,5:50 p.m.,viernes,CAMPERO,PARTICULAR,Conductor,Femenino,No,N/A,SOLO DAÑOS,Choque,Adelantar cerrando,Calle 39  Sur Carrera 29 A,SAN JOSE,Urbana,"(6.164019418, -75.581208066)"
2163112,11/11/2016,5:40 p.m.,viernes,MOTOCICLETA,PARTICULAR,Motociclista,Masculino,No,N/A,SOLO DAÑOS,Choque,Adelantar en zona prohibida,Carrera 50 Calle 25 A Sur,LAS VEGAS,Urbana,"(6.186515998, -75.585125414)"
2163112,11/11/2016,5:40 p.m.,viernes,MOTOCICLETA,PARTICULAR,Motociclista,Masculino,No,N/A,SOLO DAÑOS,Choque,Adelantar en zona prohibida,Carrera 50 Calle 25 A Sur,LAS VEGAS,Urbana,"(6.186515998, -75.585125414)"
2163128,11/11/2016,5:00 p.m.,viernes,MOTOCICLETA,PARTICULAR,Motociclista,Masculino,No,N/A,SOLO DAÑOS,Choque,No mantener distancia de seguridad,Calle 37  Sur Carrera 49,LAS VEGAS,Urbana,"(6.174789471, -75.594204243)"
2163128,11/11/2016,5:00 p.m.,viernes,AUTOMOVIL,PARTICULAR,Conductor,Femenino,No,N/A,SOLO DAÑOS,Choque,No mantener distancia de seguridad,Calle 37  Sur Carrera 49,LAS VEGAS,Urbana,"(6.174789471, -75.594204243)"
2163148,11/11/2016,4:40 p.m.,viernes,AUTOMOVIL,PARTICULAR,Conductor,Masculino,No,N/A,SOLO DAÑOS,Choque,No mantener distancia de seguridad,Tramo 372 Kilometro  19,VEREDA PALMAS,Rural,
2163129,11/11/2016,3:40 p.m.,viernes,MOTOCICLETA,PARTICULAR,Motociclista,Masculino,No,N/A,SOLO DAÑOS,Choque,Adelantar en zona prohibida,Calle 39 A Sur Carrera 46,ALCALA,Urbana,"(6.170082274, -75.592914383)"
2163129,11/11/2016,3:40 p.m.,viernes,CAMIONETA,PARTICULAR,Conductor,Masculino,No,N/A,SOLO DAÑOS,Choque,Adelantar en zona prohibida,Calle 39 A Sur Carrera 46,ALCALA,Urbana,"(6.170082274, -75.592914383)"
2163079,11/10/2016,8:20 a.m.,jueves,MOTOCICLETA,PARTICULAR,Motociclista,Masculino,No,N/A,HERIDO,Choque,Semaforo en rojo,Calle 48 C Sur Carrera 43 A,PRIMAVERA,Urbana,"(6.162378903, -75.597630589)"
2163077,11/10/2016,9:45 p.m.,jueves,MOTOCICLETA,PARTICULAR,Motociclista,Masculino,No,N/A,HERIDO,Atropello,Otra,Calle 37  Sur Carrera 29,LA MAGNOLIA,Urbana,"(6.165886877, -75.579550992)"
2163095,11/10/2016,4:15 p.m.,jueves,AUTOMOVIL,PARTICULAR,Conductor,Femenino,No,N/A,SOLO DAÑOS,Choque,Reverso imprudente,Calle 30 A Sur Carrera 45 A,JARDINES,Urbana,"(6.177125457, -75.586085925)"
2163095,11/10/2016,4:15 p.m.,jueves,CAMIONETA,PARTICULAR,Conductor,Masculino,No,N/A,SOLO DAÑOS,Choque,Reverso imprudente,Calle 30 A Sur Carrera 45 A,JARDINES,Urbana,"(6.177125457, -75.586085925)"
2163118,11/10/2016,12:20 p.m.,jueves,CAMIONETA,PARTICULAR,Conductor,Femenino,No,N/A,SOLO DAÑOS,Choque,Adelantar cerrando,Calle 31 A Sur Carrera 43 A,SAN MARCOS,Urbana,"(6.17641909, -75.585561331)"
2163118,11/10/2016,12:20 p.m.,jueves,CAMPERO,PARTICULAR,Conductor,Femenino,No,N/A,SOLO DAÑOS,Choque,Adelantar cerrando,Calle 31 A Sur Carrera 43 A,SAN MARCOS,Urbana,"(6.17641909, -75.585561331)"
2163094,11/10/2016,11:20 a.m.,jueves,AUTOMOVIL,PARTICULAR,Conductor,Femenino,No,N/A,SOLO DAÑOS,Choque,Poner en marcha un vehiculo sin precauci,Calle 38  Sur Carrera 43,ZONA CENTRO,Urbana,"(6.170061667, -75.587839128)"
2163094,11/10/2016,11:20 a.m.,jueves,AUTOMOVIL,PARTICULAR,Conductor,Masculino,No,N/A,SOLO DAÑOS,Choque,Poner en marcha un vehiculo sin precauci,Calle 38  Sur Carrera 43,ZONA CENTRO,Urbana,"(6.170061667, -75.587839128)"
2163080,11/10/2016,9:30 a.m.,jueves,MOTOCICLETA,PARTICULAR,Motociclista,Masculino,No,N/A,HERIDO,Atropello,Cruzar sin observar,Diagonal 39 Transversal 34,OBRERO,Urbana,"(6.172334278, -75.584447854)"
2163097,11/10/2016,9:00 a.m.,jueves,AUTOMOVIL,PARTICULAR,Conductor,Femenino,No,N/A,SOLO DAÑOS,Choque,No mantener distancia de seguridad,Calle 23  Sur Carrera 27,EL ESMERALDAL,Urbana,"(6.176668041, -75.567525633)"
2163097,11/10/2016,9:00 a.m.,jueves,AUTOMOVIL,PARTICULAR,Conductor,Masculino,No,N/A,SOLO DAÑOS,Choque,No mantener distancia de seguridad,Calle 23  Sur Carrera 27,EL ESMERALDAL,Urbana,"(6.176668041, -75.567525633)"
2163079,11/10/2016,8:20 a.m.,jueves,AUTOMOVIL,PUBLICO,Conductor,Masculino,No,N/A,HERIDO,Choque,Semaforo en rojo,Calle 48 C Sur Carrera 43 A,PRIMAVERA,Urbana,"(6.162378903, -75.597630589)"
2163093,11/10/2016,6:00 a.m.,jueves,AUTOMOVIL,PARTICULAR,Conductor,Masculino,No,N/A,SOLO DAÑOS,Choque,No mantener distancia de seguridad,Carrera 50 Calle 46 A Sur,LAS VEGAS,Urbana,"(6.16131219, -75.603198185)"
2163093,11/10/2016,6:00 a.m.,jueves,AUTOMOVIL,PUBLICO,Conductor,Sin registro,No,N/A,SOLO DAÑOS,Choque,No mantener distancia de seguridad,Carrera 50 Calle 46 A Sur,LAS VEGAS,Urbana,"(6.16131219, -75.603198185)"
2163072,11/10/2016,12:35 a.m.,jueves,MOTOCICLETA,PARTICULAR,Motociclista,Femenino,No,N/A,HERIDO,Choque,Semaforo en rojo,Calle 37  Sur Carrera 39,ZONA CENTRO,Urbana,"(6.169035546, -75.584847552)"
2163072,11/10/2016,12:35 a.m.,jueves,AUTOMOVIL,PARTICULAR,Conductor,Masculino,No,N/A,HERIDO,Choque,Semaforo en rojo,Calle 37  Sur Carrera 39,ZONA CENTRO,Urbana,"(6.169035546, -75.584847552)"
2163078,11/09/2016,8:05 p.m.,miércoles,MOTOCICLETA,PARTICULAR,Motociclista,Masculino,No,N/A,HERIDO,Choque,Transitar entre vehiculos,Calle 37  Sur Carrera 35,LOS NARANJOS,Urbana,"(6.167699744, -75.582707548)"
2163078,11/09/2016,8:05 p.m.,miércoles,MICROBUS,PUBLICO,Conductor,Masculino,No,N/A,HERIDO,Choque,Transitar entre vehiculos,Calle 37  Sur Carrera 35,LOS NARANJOS,Urbana,"(6.167699744, -75.582707548)"
2163086,11/09/2016,6:20 p.m.,miércoles,CAMIONETA,PARTICULAR,Conductor,Masculino,No,N/A,SOLO DAÑOS,Choque,Adelantar cerrando,Calle 37  Sur Carrera 47,ALCALA,Urbana,"(6.173046979, -75.591652858)"
2163086,11/09/2016,6:20 p.m.,miércoles,AUTOMOVIL,PUBLICO,Conductor,Masculino,No,N/A,SOLO DAÑOS,Choque,Adelantar cerrando,Calle 37  Sur Carrera 47,ALCALA,Urbana,"(6.173046979, -75.591652858)"
2163091,11/09/2016,5:10 p.m.,miércoles,AUTOMOVIL,PARTICULAR,Conductor,Masculino,No,N/A,SOLO DAÑOS,Choque,No mantener distancia de seguridad,Calle 22  Sur Carrera 40,N/R,Urbana,"(6.18123897, -75.576751492)"
2163091,11/09/2016,5:10 p.m.,miércoles,CAMIONETA,PARTICULAR,Conductor,Femenino,No,N/A,SOLO DAÑOS,Choque,No mantener distancia de seguridad,Calle 22  Sur Carrera 40,N/R,Urbana,"(6.18123897, -75.576751492)"
2163085,11/09/2016,4:50 p.m.,miércoles,Sin registro,PUBLICO,Conductor,Masculino,No,N/A,SOLO DAÑOS,Choque,No respetar prelacion,Carrera 50 Calle 37  Sur,LAS VEGAS,Urbana,
2163085,11/09/2016,4:50 p.m.,miércoles,AUTOMOVIL,PARTICULAR,Conductor,Masculino,No,N/A,SOLO DAÑOS,Choque,No respetar prelacion,Carrera 50 Calle 37  Sur,LAS VEGAS,Urbana,
2163089,11/09/2016,3:00 p.m.,miércoles,CAMIONETA,PUBLICO,Conductor,Masculino,No,N/A,HERIDO,Choque,Otra,Calle 37  Sur Carrera 43,ZONA CENTRO,Urbana,"(6.170662973, -75.587448517)"
2163089,11/09/2016,3:00 p.m.,miércoles,MOTOCICLETA,PARTICULAR,Motociclista,Femenino,No,N/A,HERIDO,Choque,Otra,Calle 37  Sur Carrera 43,ZONA CENTRO,Urbana,"(6.170662973, -75.587448517)"
2163096,11/09/2016,2:00 p.m.,miércoles,AUTOMOVIL,PARTICULAR,Conductor,Masculino,No,N/A,SOLO DAÑOS,Choque,No mantener distancia de seguridad,Calle 40  Sur Carrera 41,EL DORADO,Urbana,"(6.167156789, -75.588046879)"
2163096,11/09/2016,2:00 p.m.,miércoles,AUTOMOVIL,PARTICULAR,Conductor,Masculino,No,N/A,SOLO DAÑOS,Choque,No mantener distancia de seguridad,Calle 40  Sur Carrera 41,EL DORADO,Urbana,"(6.167156789, -75.588046879)"
2163068,11/09/2016,2:00 p.m.,miércoles,BUS,PUBLICO,Conductor,Masculino,No,N/A,HERIDO,Atropello,Cruzar sin observar,Calle 39 A Sur Carrera 50,LAS VEGAS,Urbana,
2163070,11/09/2016,1:40 p.m.,miércoles,AUTOMOVIL,PUBLICO,Conductor,Masculino,No,N/A,HERIDO,Atropello,Exceso de velocidad,Carrera 40 Calle 38  Sur,ZONA CENTRO,Urbana,"(6.168682985, -75.585870246)"
2163070,11/09/2016,1:40 p.m.,miércoles,AUTOMOVIL,PUBLICO,Conductor,Masculino,No,N/A,HERIDO,Atropello,Cruzar sin observar,Carrera 40 Calle 38  Sur,ZONA CENTRO,Urbana,"(6.168682985, -75.585870246)"
2163092,11/09/2016,10:40 a.m.,miércoles,AUTOMOVIL,PARTICULAR,Conductor,Femenino,No,N/A,SOLO DAÑOS,Choque,Impericia en el manejo,Calle 39  Sur Carrera 42,ZONA CENTRO,Urbana,"(6.168300638, -75.588159271)"
2163092,11/09/2016,10:40 a.m.,miércoles,CAMION,PUBLICO,Conductor,Masculino,No,N/A,SOLO DAÑOS,Choque,Impericia en el manejo,Calle 39  Sur Carrera 42,ZONA CENTRO,Urbana,"(6.168300638, -75.588159271)"
2163065,11/09/2016,9:30 a.m.,miércoles,CAMIONETA,PARTICULAR,Conductor,Femenino,No,N/A,MUERTO,Atropello,Exceso de velocidad,Transversal 34 D Diagonal 31 F,LOS NARANJOS,Urbana,"(6.172106631, -75.579275117)"
2163087,11/09/2016,6:50 a.m.,miércoles,AUTOMOVIL,PUBLICO,Conductor,Masculino,No,N/A,SOLO DAÑOS,Choque,No respetar prelacion,Carrera 48 Calle 38  Sur,LAS VEGAS,Urbana,"(6.172747818, -75.592698171)"
2163087,11/09/2016,6:50 a.m.,miércoles,CAMIONETA,PARTICULAR,Conductor,Masculino,No,N/A,SOLO DAÑOS,Choque,Desobedecer senales,Carrera 48 Calle 38  Sur,LAS VEGAS,Urbana,"(6.172747818, -75.592698171)"
2163087,11/09/2016,6:50 a.m.,miércoles,CAMIONETA,PARTICULAR,Conductor,Masculino,No,N/A,SOLO DAÑOS,Choque,No respetar prelacion,Carrera 48 Calle 38  Sur,LAS VEGAS,Urbana,"(6.172747818, -75.592698171)"
2163087,11/09/2016,6:50 a.m.,miércoles,AUTOMOVIL,PUBLICO,Conductor,Masculino,No,N/A,SOLO DAÑOS,Choque,Desobedecer senales,Carrera 48 Calle 38  Sur,LAS VEGAS,Urbana,"(6.172747818, -75.592698171)"
2163076,11/09/2016,6:30 a.m.,miércoles,MOTOCICLETA,PARTICULAR,Motociclista,Masculino,No,N/A,SOLO DAÑOS,Choque,No mantener distancia de seguridad,Carrera 49 Calle 43  Sur,LAS VEGAS,Urbana,"(6.160925818, -75.599980088)"
2163076,11/09/2016,6:30 a.m.,miércoles,MICROBUS,PUBLICO,Conductor,Masculino,No,N/A,SOLO DAÑOS,Choque,No mantener distancia de seguridad,Carrera 49 Calle 43  Sur,LAS VEGAS,Urbana,"(6.160925818, -75.599980088)"
2163076,11/09/2016,6:30 a.m.,miércoles,CAMIONETA,PARTICULAR,Conductor,Masculino,No,N/A,SOLO DAÑOS,Choque,No mantener distancia de seguridad,Carrera 49 Calle 43  Sur,LAS VEGAS,Urbana,"(6.160925818, -75.599980088)"
2163102,11/09/2016,6:14 a.m.,miércoles,CAMIONETA,PARTICULAR,Conductor,Masculino,No,N/A,HERIDO,Choque,Adelantar por la derecha,Tramo 372 Kilometro  7,VEREDA PALMAS,Rural,
2163102,11/09/2016,6:14 a.m.,miércoles,MOTOCICLETA,PARTICULAR,Motociclista,Femenino,No,N/A,HERIDO,Choque,Adelantar cerrando,Tramo 372 Kilometro  7,VEREDA PALMAS,Rural,
2163102,11/09/2016,6:14 a.m.,miércoles,MOTOCICLETA,PARTICULAR,Motociclista,Femenino,No,N/A,HERIDO,Choque,Adelantar por la derecha,Tramo 372 Kilometro  7,VEREDA PALMAS,Rural,
2163102,11/09/2016,6:14 a.m.,miércoles,CAMIONETA,PARTICULAR,Conductor,Masculino,No,N/A,HERIDO,Choque,Adelantar cerrando,Tramo 372 Kilometro  7,VEREDA PALMAS,Rural,
2163066,11/09/2016,6:00 a.m.,miércoles,MOTOCICLETA,PARTICULAR,Motociclista,Masculino,No,N/A,HERIDO,Choque,Adelantar cerrando,Carrera 50 Calle 29  Sur,LAS VEGAS,Urbana,"(6.182760672, -75.58882785)"
2163066,11/09/2016,6:00 a.m.,miércoles,CAMION,PUBLICO,Conductor,Masculino,No,N/A,HERIDO,Choque,Adelantar cerrando,Carrera 50 Calle 29  Sur,LAS VEGAS,Urbana,"(6.182760672, -75.58882785)"
2163090,11/09/2016,9:50 p.m.,miércoles,AUTOMOVIL,PUBLICO,Conductor,Masculino,No,N/A,SOLO DAÑOS,Choque,Poner en marcha un vehiculo sin precauci,Calle 38  Sur Carrera 43,ZONA CENTRO,Urbana,"(6.170061667, -75.587839128)"
2163090,11/09/2016,9:50 p.m.,miércoles,MICROBUS,PUBLICO,Conductor,Masculino,No,N/A,SOLO DAÑOS,Choque,Poner en marcha un vehiculo sin precauci,Calle 38  Sur Carrera 43,ZONA CENTRO,Urbana,"(6.170061667, -75.587839128)"