RADICADO,FECHA,HORA,DÍA DE LA SEMANA,CLASE DE VEHICULO,TIPO DE SERVICIO,TIPO DE VICTIMA,SEXO,ESTADO DE BEODEZ,RESULTADO DE BEODEZ,GRAVEDAD,CLASE DE ACCIDENTE,CAUSA,DIRECCIÓN,BARRIO,AREA,Coordenadas
2163083,11/08/2016,5:30 a.m.,martes,AUTOMOVIL,PARTICULAR,Conductor,Masculino,No,N/A,SOLO DAÑOS,Choque,Otra,Tramo 372 Kilometro  8,VEREDA PALMAS,Rural,
2163060,11/08/2016,3:00 a.m.,martes,CAMPERO,PARTICULAR,Conductor,Masculino,No,N/A,SOLO DAÑOS,Choque,Impericia en el manejo,Carrera 42 Calle 38 A Sur,ZONA CENTRO,Urbana,"(6.168903475, -75.587695784)"
2163060,11/08/2016,3:00 a.m.,martes,AUTOMOVIL,PUBLICO,Conductor,Masculino,No,N/A,SOLO DAÑOS,Choque,Impericia en el manejo,Carrera 42 Calle 38 A Sur,ZONA CENTRO,Urbana,"(6.168903475, -75.587695784)"
2163084,11/08/2016,7:00 p.m.,martes,CAMIONETA,PUBLICO,Conductor,Masculino,No,N/A,SOLO DAÑOS,Choque,Reverso imprudente,Tramo 372 Kilometro  17,VEREDA PALMAS,Rural,
2163084,11/08/2016,7:00 p.m.,martes,AUTOMOVIL,PUBLICO,Conductor,Masculino,No,N/A,SOLO DAÑOS,Choque,Reverso imprudente,Tramo 372 Kilometro  17,VEREDA PALMAS,Rural,
2163074,11/08/2016,6:10 p.m.,martes,MOTOCICLETA,PARTICULAR,Motociclista,Femenino,No,N/A,SOLO DAÑOS,Choque,Desobedecer senales,Carrera 43 A Calle 31 A Sur,SAN MARCOS,Urbana,"(6.176310274, -75.585487159)"
2163083,11/08/2016,5:30 a.m.,martes,AUTOMOVIL,PARTICULAR,Conductor,Femenino,No,N/A,SOLO DAÑOS,Choque,Otra,Tramo 372 Kilometro  8,VEREDA PALMAS,Rural,
2163074,11/08/2016,6:10 p.m.,martes,AUTOMOVIL,PARTICULAR,Conductor,Femenino,No,N/A,SOLO DAÑOS,Choque,Desobedecer senales,Carrera 43 A Calle 31 A Sur,SAN MARCOS,Urbana,"(6.176310274, -75.585487159)"
2163071,11/08/2016,6:00 p.m.,martes,MOTOCICLETA,PARTICULAR,Motociclista,Masculino,No,N/A,HERIDO,Atropello,Semaforo en rojo,Calle 37  Sur Carrera 41,ZONA CENTRO,Urbana,"(6.169855492, -75.586196006)"
2163071,11/08/2016,6:00 p.m.,martes,MOTOCICLETA,PARTICULAR,Motociclista,Masculino,No,N/A,HERIDO,Atropello,Semaforo en rojo,Calle 37  Sur Carrera 41,ZONA CENTRO,Urbana,"(6.169855492, -75.586196006)"
2163088,11/08/2016,4:45 p.m.,martes,CAMPERO,PARTICULAR,Conductor,Femenino,No,N/A,SOLO DAÑOS,Choque,Adelantar cerrando,Calle 38 A Sur Carrera 48,LAS VEGAS,Urbana,"(6.168560755, -75.587015366)"
2163083,11/08/2016,5:30 a.m.,martes,AUTOMOVIL,PARTICULAR,Conductor,Masculino,No,N/A,SOLO DAÑOS,Choque,Otra,Tramo 372 Kilometro  8,VEREDA PALMAS,Rural,
2163344,11/08/2016,7:40 a.m.,martes,AUTOMOVIL,PUBLICO,Conductor,Masculino,No,N/A,SOLO DAÑOS,Choque,Otra,Calle 37  Sur Carrera 50,VEREDA PALMAS,Urbana,
2163088,11/08/2016,4:45 p.m.,martes,CAMIONETA,PARTICULAR,Conductor,Masculino,No,N/A,SOLO DAÑOS,Choque,Adelantar cerrando,Calle 38 A Sur Carrera 48,LAS VEGAS,Urbana,"(6.168560755, -75.587015366)"
2163063,11/08/2016,4:30 p.m.,martes,CAMION,PUBLICO,Conductor,Masculino,No,N/A,SOLO DAÑOS,Choque,No mantener distancia de seguridad,Carrera 50 Calle 46  Sur,LAS VEGAS,Urbana,"(6.16131219, -75.603198185)"
2163063,11/08/2016,4:30 p.m.,martes,AUTOMOVIL,PARTICULAR,Conductor,Femenino,No,N/A,SOLO DAÑOS,Choque,No mantener distancia de seguridad,Carrera 50 Calle 46  Sur,LAS VEGAS,Urbana,"(6.16131219, -75.603198185)"
2163061,11/08/2016,4:20 p.m.,martes,Sin registro,PUBLICO,Conductor,Masculino,No,N/A,SOLO DAÑOS,Choque,No mantener distancia de seguridad,Carrera 50 Calle 43  Sur,LAS VEGAS,Urbana,
2163344,11/08/2016,7:40 a.m.,martes,CAMPERO,PARTICULAR,Conductor,Sin registro,No,N/A,SOLO DAÑOS,Choque,Otra,Calle 37  Sur Carrera 50,VEREDA PALMAS,Urbana,
2163061,11/08/2016,4:20 p.m.,martes,AUTOMOVIL,PARTICULAR,Conductor,Masculino,No,N/A,SOLO DAÑOS,Choque,No mantener distancia de seguridad,Carrera 50 Calle 43  Sur,LAS VEGAS,Urbana,
2163073,11/08/2016,4:00 p.m.,martes,MOTOCICLETA,PARTICULAR,Motociclista,Masculino,No,N/A,SOLO DAÑOS,Choque,Adelantar cerrando,Transversal 34 B Sur Diagonal 39,LOS NARANJOS,Urbana,"(6.17156559, -75.584239323)"
2163073,11/08/2016,4:00 p.m.,martes,MOTOCICLETA,PARTICULAR,Motociclista,Masculino,No,N/A,SOLO DAÑOS,Choque,Adelantar cerrando,Transversal 34 B Sur Diagonal 39,LOS NARANJOS,Urbana,"(6.17156559, -75.584239323)"
2163075,11/08/2016,12:25 p.m.,martes,AUTOMOVIL,PARTICULAR,Conductor,Masculino,No,N/A,SOLO DAÑOS,Choque,Desobedecer senales,Calle 50  Sur Carrera 46 A,LAS CASITAS,Urbana,"(6.16131219, -75.603198185)"
2163083,11/08/2016,5:30 a.m.,martes,AUTOMOVIL,PARTICULAR,Conductor,Masculino,No,N/A,SOLO DAÑOS,Choque,Otra,Tramo 372 Kilometro  8,VEREDA PALMAS,Rural,
2163075,11/08/2016,12:25 p.m.,martes,AUTOMOVIL,PUBLICO,Conductor,Masculino,No,N/A,SOLO DAÑOS,Choque,No respetar prelacion,Calle 50  Sur Carrera 46 A,LAS CASITAS,Urbana,"(6.16131219, -75.603198185)"
2163075,11/08/2016,12:25 p.m.,martes,AUTOMOVIL,PUBLICO,Conductor,Masculino,No,N/A,SOLO DAÑOS,Choque,Desobedecer senales,Calle 50  Sur Carrera 46 A,LAS CASITAS,Urbana,"(6.16131219, -75.603198185)"
2163075,11/08/2016,12:25 p.m.,martes,AUTOMOVIL,PARTICULAR,Conductor,Masculino,No,N/A,SOLO DAÑOS,Choque,No respetar prelacion,Calle 50  Sur Carrera 46 A,LAS CASITAS,Urbana,"(6.16131219, -75.603198185)"
2163081,11/08/2016,12:15 p.m.,martes,AUTOMOVIL,PARTICULAR,Conductor,Masculino,No,N/A,HERIDO,Choque,Exceso de velocidad,Tramo 371 Kilometro  1,VEREDA EL ESCOBERO,Rural,
2163081,11/08/2016,12:15 p.m.,martes,CAMION,PUBLICO,Conductor,Masculino,No,N/A,HERIDO,Choque,Exceso de velocidad,Tramo 371 Kilometro  1,VEREDA EL ESCOBERO,Rural,
2163059,11/08/2016,11:30 a.m.,martes,CAMIONETA,PUBLICO,Conductor,Masculino,No,N/A,SOLO DAÑOS,Choque,Impericia en el manejo,Transversal 35  Sur Diagonal 30,LA SEBASTIANA,Urbana,"(6.170161165, -75.578370522)"
2163059,11/08/2016,11:30 a.m.,martes,MICROBUS,PUBLICO,Conductor,Masculino,No,N/A,SOLO DAÑOS,Choque,Impericia en el manejo,Transversal 35  Sur Diagonal 30,LA SEBASTIANA,Urbana,"(6.170161165, -75.578370522)"
2163056,11/08/2016,10:30 a.m.,martes,AUTOMOVIL,PUBLICO,Conductor,Masculino,No,N/A,SOLO DAÑOS,Choque,Desobedecer senales,Carrera 37 Calle 39  Sur,MESA,Urbana,"(6.166206359, -75.585018965)"
2163056,11/08/2016,10:30 a.m.,martes,AUTOMOVIL,PARTICULAR,Conductor,Masculino,No,N/A,SOLO DAÑOS,Choque,Desobedecer senales,Carrera 37 Calle 39  Sur,MESA,Urbana,"(6.166206359, -75.585018965)"
2163052,11/08/2016,9:30 a.m.,martes,MOTOCICLETA,PARTICULAR,Motociclista,Masculino,No,N/A,HERIDO,Choque,Semaforo en rojo,Calle 39  Sur Carrera 40,MESA,Urbana,"(6.167409609, -75.586720978)"
2163052,11/08/2016,9:30 a.m.,martes,CAMIONETA,OFICIAL,Conductor,Masculino,No,N/A,HERIDO,Choque,Semaforo en rojo,Calle 39  Sur Carrera 40,MESA,Urbana,"(6.167409609, -75.586720978)"
2163054,11/08/2016,9:10 a.m.,martes,MOTOCICLETA,PARTICULAR,Motociclista,Masculino,No,N/A,SOLO DAÑOS,Choque,Reverso imprudente,Diagonal 33 Transversal 33,LA MAGNOLIA,Urbana,"(6.173879308, -75.584283827)"
2163054,11/08/2016,9:10 a.m.,martes,AUTOMOVIL,PARTICULAR,Conductor,Masculino,No,N/A,SOLO DAÑOS,Choque,Reverso imprudente,Diagonal 33 Transversal 33,LA MAGNOLIA,Urbana,"(6.173879308, -75.584283827)"
2163031,11/08/2016,9:00 a.m.,martes,AUTOMOVIL,PARTICULAR,Conductor,Masculino,Si,1,HERIDO,Atropello,Embriaguez o droga,Calle 35  Sur Carrera 42,ZONA CENTRO,Urbana,"(6.17174158, -75.586068572)"
2163042,11/07/2016,4:40 p.m.,lunes,CAMIONETA,PARTICULAR,Conductor,Masculino,No,N/A,SOLO DAÑOS,Choque,No mantener distancia de seguridad,Calle 37  Sur Carrera 50,LAS VEGAS,Urbana,
2163045,11/07/2016,10:00 p.m.,lunes,CAMPERO,PARTICULAR,Conductor,Masculino,No,N/A,SOLO DAÑOS,Choque,No mantener distancia de seguridad,Calle 25  Sur Carrera 43 A,LAS ORQUIDEAS,Urbana,"(6.181560189, -75.582016491)"
2163045,11/07/2016,10:00 p.m.,lunes,AUTOMOVIL,PARTICULAR,Conductor,Masculino,No,N/A,SOLO DAÑOS,Choque,No mantener distancia de seguridad,Calle 25  Sur Carrera 43 A,LAS ORQUIDEAS,Urbana,"(6.181560189, -75.582016491)"
2163069,11/07/2016,7:30 p.m.,lunes,MOTOCICLETA,PARTICULAR,Motociclista,Masculino,No,N/A,HERIDO,Otro,Otra,Carrera 50 Calle 39  Sur,LAS VEGAS,Urbana,
2163042,11/07/2016,4:40 p.m.,lunes,AUTOMOVIL,PARTICULAR,Conductor,Masculino,No,N/A,SOLO DAÑOS,Choque,No mantener distancia de seguridad,Calle 37  Sur Carrera 50,LAS VEGAS,Urbana,
2163027,11/07/2016,10:30 a.m.,lunes,Sin registro,OFICIAL,Conductor,Masculino,No,N/A,SOLO DAÑOS,Choque,Transitar con las puertas abiertas,Calle 38 A Sur Carrera 43,ZONA CENTRO,Urbana,"(6.169370628, -75.588315099)"
2163036,11/07/2016,9:00 a.m.,lunes,TRACTOCAMION,PUBLICO,Conductor,Masculino,No,N/A,SOLO DAÑOS,Choque,Huecos,Calle 32 B Sur Carrera 48,LAS VEGAS,Urbana,"(6.177255701, -75.590031365)"
2163057,11/07/2016,7:00 a.m.,lunes,AUTOMOVIL,PARTICULAR,Conductor,Femenino,No,N/A,SOLO DAÑOS,Choque,Otra,Calle 37  Sur Carrera 31,N/R,Urbana,"(6.166120684, -75.580740605)"
2163057,11/07/2016,7:00 a.m.,lunes,AUTOMOVIL,PARTICULAR,Conductor,Masculino,No,N/A,SOLO DAÑOS,Choque,Otra,Calle 37  Sur Carrera 31,N/R,Urbana,"(6.166120684, -75.580740605)"
2163018,11/06/2016,2:00 p.m.,domingo,AUTOMOVIL,PARTICULAR,Conductor,Masculino,No,N/A,SOLO DAÑOS,Choque,No mantener distancia de seguridad,Tramo 371 Kilometro  8,VEREDA PALMAS,Rural,
2163018,11/06/2016,2:00 p.m.,domingo,AUTOMOVIL,PARTICULAR,Conductor,Masculino,No,N/A,SOLO DAÑOS,Choque,No mantener distancia de seguridad,Tramo 371 Kilometro  8,VEREDA PALMAS,Rural,
2163025,11/06/2016,1:20 a.m.,domingo,AUTOMOVIL,PARTICULAR,Conductor,Femenino,Si,2,SOLO DAÑOS,Choque,Embriaguez o droga,Calle 46 D Sur Carrera 40 A,EL TRIANON,Urbana,"(6.160324408, -75.592782492)"
2163025,11/06/2016,1:20 a.m.,domingo,AUTOMOVIL,PARTICULAR,Conductor,Femenino,Si,2,SOLO DAÑOS,Choque,Exceso de velocidad,Calle 46 D Sur Carrera 40 A,EL TRIANON,Urbana,"(6.160324408, -75.592782492)"
2163039,11/06/2016,4:00 p.m.,domingo,AUTOMOVIL,PARTICULAR,Conductor,Femenino,No,N/A,SOLO DAÑOS,Choque,Desobedecer senales,Calle 45  Sur Carrera 42 D,LA PAZ,Urbana,"(6.164313516, -75.59376955)"
2163039,11/06/2016,4:00 p.m.,domingo,BUSETA,PUBLICO,Conductor,Masculino,No,N/A,SOLO DAÑOS,Choque,Desobedecer senales,Calle 45  Sur Carrera 42 D,LA PAZ,Urbana,"(6.164313516, -75.59376955)"
2163013,11/06/2016,2:50 p.m.,domingo,MOTOCICLETA,PARTICULAR,Motociclista,Femenino,No,N/A,HERIDO,Choque,Exceso de velocidad,Tramo 371 Kilometro  5,VEREDA EL ESCOBERO,Rural,
2163020,11/06/2016,8:40 p.m.,domingo,AUTOMOVIL,PARTICULAR,Conductor,Femenino,No,N/A,SOLO DAÑOS,Choque,No mantener distancia de seguridad,Tramo 371 Kilometro  12,VEREDA PALMAS,Rural,
2163013,11/06/2016,2:50 p.m.,domingo,MOTOCICLETA,PARTICULAR,Motociclista,Femenino,No,N/A,HERIDO,Choque,Impericia en el manejo,Tramo 371 Kilometro  5,VEREDA EL ESCOBERO,Rural,
2163020,11/06/2016,8:40 p.m.,domingo,AUTOMOVIL,PARTICULAR,Conductor,Masculino,No,N/A,SOLO DAÑOS,Choque,No mantener distancia de seguridad,Tramo 371 Kilometro  12,VEREDA PALMAS,Rural,
2163043,11/05/2016,12:00 p.m.,sábado,CAMIONETA,PARTICULAR,Conductor,Femenino,No,N/A,SOLO DAÑOS,Choque,Adelantar cerrando,Carrera 50 Calle 37  Sur,LAS VEGAS,Urbana,
2163043,11/05/2016,12:00 p.m.,sábado,AUTOMOVIL,PARTICULAR,Conductor,Masculino,No,N/A,SOLO DAÑOS,Choque,Adelantar cerrando,Carrera 50 Calle 37  Sur,LAS VEGAS,Urbana,
2163046,11/05/2016,11:20 a.m.,sábado,AUTOMOVIL,PARTICULAR,Conductor,Masculino,No,N/A,SOLO DAÑOS,Choque,Adelantar cerrando,Calle 37  Sur Carrera 42,ZONA CENTRO,Urbana,"(6.17029993, -75.586935484)"
2163046,11/05/2016,11:20 a.m.,sábado,BUS,PUBLICO,Conductor,Masculino,No,N/A,SOLO DAÑOS,Choque,Adelantar cerrando,Calle 37  Sur Carrera 42,ZONA CENTRO,Urbana,"(6.17029993, -75.586935484)"
2163022,11/05/2016,11:20 a.m.,sábado,CAMIONETA,PARTICULAR,Conductor,Masculino,No,N/A,SOLO DAÑOS,Choque,No mantener distancia de seguridad,Calle 38 A Sur Carrera 40,ZONA CENTRO,Urbana,"(6.168097144, -75.586307809)"
2163022,11/05/2016,11:20 a.m.,sábado,BUSETA,PUBLICO,Conductor,Masculino,No,N/A,SOLO DAÑOS,Choque,No mantener distancia de seguridad,Calle 38 A Sur Carrera 40,ZONA CENTRO,Urbana,"(6.168097144, -75.586307809)"
2163035,11/05/2016,11:15 a.m.,sábado,AUTOMOVIL,PARTICULAR,Conductor,Femenino,No,N/A,SOLO DAÑOS,Choque,No mantener distancia de seguridad,Calle 39  Sur Carrera 44,ALCALA,Urbana,"(6.169314183, -75.5901252)"
2163035,11/05/2016,11:15 a.m.,sábado,CAMIONETA,DIPLOMATICO,Conductor,Masculino,No,N/A,SOLO DAÑOS,Choque,No mantener distancia de seguridad,Calle 39  Sur Carrera 44,ALCALA,Urbana,"(6.169314183, -75.5901252)"
2163067,11/05/2016,10:20 a.m.,sábado,AUTOMOVIL,PARTICULAR,Conductor,Masculino,No,N/A,HERIDO,Volcamiento,Otra,Tramo 372 Kilometro  7,VEREDA PALMAS,Rural,
2163048,11/05/2016,10:15 a.m.,sábado,AUTOMOVIL,PARTICULAR,Conductor,Femenino,No,N/A,SOLO DAÑOS,Choque,Poner en marcha un vehiculo sin precauci,Transversal 34  Sur Diagonal 32 B,OBRERO,Urbana,"(6.173239256, -75.582514857)"
2163048,11/05/2016,10:15 a.m.,sábado,BUS,PUBLICO,Conductor,Masculino,No,N/A,SOLO DAÑOS,Choque,Poner en marcha un vehiculo sin precauci,Transversal 34  Sur Diagonal 32 B,OBRERO,Urbana,"(6.173239256, -75.582514857)"
2163044,11/05/2016,8:50 a.m.,sábado,CAMIONETA,PUBLICO,Conductor,Masculino,No,N/A,SOLO DAÑOS,Choque,Ausencia o deficencia en demarcacion,Calle 36 D Sur Carrera 24,VEREDA EL ESCOBERO,Urbana,"(6.157425668, -75.56691387)"
2163040,11/05/2016,8:15 a.m.,sábado,CAMIONETA,PARTICULAR,Conductor,Masculino,No,N/A,SOLO DAÑOS,Choque,No mantener distancia de seguridad,Calle 37  Sur Carrera 50,LAS VEGAS,Urbana,
2163040,11/05/2016,8:15 a.m.,sábado,AUTOMOVIL,PARTICULAR,Conductor,Masculino,No,N/A,SOLO DAÑOS,Choque,No mantener distancia de seguridad,Calle 37  Sur Carrera 50,LAS VEGAS,Urbana,
2170620,11/05/2016,8:00 a.m.,sábado,AUTOMOVIL,PUBLICO,Conductor,Masculino,No,N/A,HERIDO,Choque,Otra,Calle 46  Sur Carrera 46,PRIMAVERA,Urbana,"(6.164633401, -75.596689606)"
2170620,11/05/2016,8:00 a.m.,sábado,MOTOCICLETA,PARTICULAR,Motociclista,Masculino,No,N/A,HERIDO,Choque,Otra,Calle 46  Sur Carrera 46,PRIMAVERA,Urbana,"(6.164633401, -75.596689606)"
2163023,11/05/2016,6:10 a.m.,sábado,CAMION,PUBLICO,Conductor,Masculino,No,N/A,SOLO DAÑOS,Choque,Exceso de velocidad,Tramo 371 Kilometro  13,VEREDA PALMAS,Rural,
2163023,11/05/2016,6:10 a.m.,sábado,CAMION,PUBLICO,Conductor,Masculino,No,N/A,SOLO DAÑOS,Choque,Impericia en el manejo,Tramo 371 Kilometro  13,VEREDA PALMAS,Rural,
2163064,11/05/2016,2:30 a.m.,sábado,AUTOMOVIL,PUBLICO,Conductor,Masculino,Si,2,SOLO DAÑOS,Choque,Embriaguez o droga,Calle 38  Sur Carrera 42,ZONA CENTRO,Urbana,"(6.16961293, -75.587384695)"
2163064,11/05/2016,2:30 a.m.,sábado,MOTOCICLETA,PARTICULAR,Motociclista,Masculino,No,N/A,SOLO DAÑOS,Choque,Embriaguez o droga,Calle 38  Sur Carrera 42,ZONA CENTRO,Urbana,"(6.16961293, -75.587384695)"
2163014,11/05/2016,3:30 p.m.,sábado,CAMPERO,PARTICULAR,Conductor,Masculino,No,N/A,HERIDO,Choque,Adelantar cerrando,Tramo 372 Kilometro  12,VEREDA PALMAS,Rural,
2163051,11/05/2016,7:30 p.m.,sábado,AUTOMOVIL,PARTICULAR,Conductor,Masculino,No,N/A,SOLO DAÑOS,Choque,No mantener distancia de seguridad,Tramo 371 Kilometro  7,VEREDA PALMAS,Rural,
2163051,11/05/2016,7:30 p.m.,sábado,AUTOMOVIL,PARTICULAR,Conductor,Masculino,No,N/A,SOLO DAÑOS,Choque,No mantener distancia de seguridad,Tramo 371 Kilometro  7,VEREDA PALMAS,Rural,
2163034,11/05/2016,5:30 p.m.,sábado,MOTOCICLETA,PARTICULAR,Motociclista,Masculino,No,N/A,SOLO DAÑOS,Choque,Adelantar por la derecha,Carrera 50 Calle 30  Sur,LAS VEGAS,Urbana,
2163034,11/05/2016,5:30 p.m.,sábado,CAMIONETA,PUBLICO,Conductor,Masculino,No,N/A,SOLO DAÑOS,Choque,Adelantar por la derecha,Carrera 50 Calle 30  Sur,LAS VEGAS,Urbana,
2163015,11/05/2016,3:30 p.m.,sábado,AUTOMOVIL,PUBLICO,Conductor,Masculino,No,N/A,SOLO DAÑOS,Choque,Otra,Tramo 372 Kilometro  12,VEREDA PALMAS,Rural,
2163015,11/05/2016,3:30 p.m.,sábado,CAMPERO,PARTICULAR,Conductor,Masculino,No,N/A,SOLO DAÑOS,Choque,Otra,Tramo 372 Kilometro  12,VEREDA PALMAS,Rural,
2163014,11/05/2016,3:30 p.m.,sábado,MOTOCICLETA,PARTICULAR,Motociclista,Masculino,No,N/A,HERIDO,Choque,Adelantar cerrando,Tramo 372 Kilometro  12,VEREDA PALMAS,Rural,
2163047,11/05/2016,12:30 p.m.,sábado,AUTOMOVIL,PARTICULAR,Conductor,Masculino,No,N/A,SOLO DAÑOS,Choque,No mantener distancia de seguridad,Calle 37  Sur Carrera 40,ZONA CENTRO,Urbana,"(6.169435767, -75.585507247)"
2163047,11/05/2016,12:30 p.m.,sábado,AUTOMOVIL,PARTICULAR,Conductor,Masculino,No,N/A,SOLO DAÑOS,Choque,No mantener distancia de seguridad,Calle 37  Sur Carrera 40,ZONA CENTRO,Urbana,"(6.169435767, -75.585507247)"
2163038,11/04/2016,9:40 p.m.,viernes,CAMIONETA,PARTICULAR,Conductor,Masculino,No,N/A,SOLO DAÑOS,Choque,Otra,Carrera 43 A Calle 48 C Sur,AVENIDA EL POBLADO,Urbana,"(6.162218777, -75.597644457)"
2163029,11/04/2016,9:30 p.m.,viernes,MOTOCICLETA,PARTICULAR,Motociclista,Masculino,No,N/A,HERIDO,Atropello,Semaforo en rojo,Calle 38  Suroriente Carrera 38,ZONA CENTRO,Urbana,
2163012,11/04/2016,7:30 p.m.,viernes,AUTOMOVIL,PARTICULAR,Conductor,Femenino,No,N/A,HERIDO,Choque,Exceso de velocidad,Calle 27 C Sur Carrera 27 B,EL ESMERALDAL,Urbana,"(6.177266495, -75.568830081)"
2163017,11/04/2016,6:50 p.m.,viernes,MOTOCICLETA,PARTICULAR,Motociclista,Masculino,No,N/A,SOLO DAÑOS,Choque,Otra,Calle 26  Sur Carrera 50,LAS VEGAS,Urbana,
2163017,11/04/2016,6:50 p.m.,viernes,MICROBUS,PUBLICO,Conductor,Masculino,No,N/A,SOLO DAÑOS,Choque,Otra,Calle 26  Sur Carrera 50,LAS VEGAS,Urbana,
2163053,11/04/2016,2:50 p.m.,viernes,MOTOCICLETA,PARTICULAR,Motociclista,Masculino,No,N/A,SOLO DAÑOS,Choque,Transitar entre vehiculos,Calle 37  Sur Carrera 33,LOS NARANJOS,Urbana,"(6.167021726, -75.581684577)"
2163053,11/04/2016,2:50 p.m.,viernes,CAMIONETA,PARTICULAR,Conductor,Masculino,No,N/A,SOLO DAÑOS,Choque,Transitar entre vehiculos,Calle 37  Sur Carrera 33,LOS NARANJOS,Urbana,"(6.167021726, -75.581684577)"
2163033,11/04/2016,2:40 p.m.,viernes,AUTOMOVIL,PARTICULAR,Conductor,Masculino,No,N/A,SOLO DAÑOS,Choque,No mantener distancia de seguridad,Calle 38 A Sur Carrera 39,MESA,Urbana,"(6.167679571, -75.585676277)"
2163033,11/04/2016,2:40 p.m.,viernes,CAMIONETA,DIPLOMATICO,Conductor,Masculino,No,N/A,SOLO DAÑOS,Choque,No mantener distancia de seguridad,Calle 38 A Sur Carrera 39,MESA,Urbana,"(6.167679571, -75.585676277)"
2163021,11/04/2016,12:31 p.m.,viernes,AUTOMOVIL,PARTICULAR,Conductor,Masculino,No,N/A,SOLO DAÑOS,Choque,Adelantar cerrando,Calle 36  Sur Carrera 42,ZONA CENTRO,Urbana,"(6.17108429, -75.586487414)"
2163021,11/04/2016,12:31 p.m.,viernes,CAMIONETA,PARTICULAR,Conductor,Masculino,No,N/A,SOLO DAÑOS,Choque,Adelantar cerrando,Calle 36  Sur Carrera 42,ZONA CENTRO,Urbana,"(6.17108429, -75.586487414)"
2163062,11/04/2016,12:10 p.m.,viernes,MOTOCICLETA,PARTICULAR,Motociclista,Masculino,No,N/A,SOLO DAÑOS,Choque,Otra,Calle 45 B Sur Carrera 42 B,LA PAZ,Urbana,"(6.163155121, -75.593708386)"
2163062,11/04/2016,12:10 p.m.,viernes,AUTOMOVIL,PARTICULAR,Conductor,Masculino,No,N/A,SOLO DAÑOS,Choque,Otra,Calle 45 B Sur Carrera 42 B,LA PAZ,Urbana,"(6.163155121, -75.593708386)"
2163026,11/04/2016,11:40 a.m.,viernes,MOTOCICLETA,PARTICULAR,Motociclista,Femenino,No,N/A,SOLO DAÑOS,Choque,No mantener distancia de seguridad,Tramo 371 Kilometro  13,VEREDA PALMAS,Rural,
2163026,11/04/2016,11:40 a.m.,viernes,CAMIONETA,PARTICULAR,Conductor,Masculino,No,N/A,SOLO DAÑOS,Choque,No mantener distancia de seguridad,Tramo 371 Kilometro  13,VEREDA PALMAS,Rural,
2163082,11/04/2016,11:10 a.m.,viernes,Sin registro,PUBLICO,Conductor,Masculino,No,N/A,SOLO DAÑOS,Choque,No mantener distancia de seguridad,Calle 26  Sur Carrera 25,EL ESMERALDAL,Urbana,
2163082,11/04/2016,11:10 a.m.,viernes,AUTOMOVIL,PARTICULAR,Conductor,Masculino,No,N/A,SOLO DAÑOS,Choque,No mantener distancia de seguridad,Calle 26  Sur Carrera 25,EL ESMERALDAL,Urbana,
2163019,11/04/2016,7:05 a.m.,viernes,MOTOCICLETA,PARTICULAR,Motociclista,Masculino,No,N/A,SOLO DAÑOS,Choque,Girar bruscamente,Calle 40 AA Sur Carrera 36,SAN RAFAEL,Urbana,"(6.164225597, -75.585320139)"
2163019,11/04/2016,7:05 a.m.,viernes,CAMIONETA,PARTICULAR,Conductor,Masculino,No,N/A,SOLO DAÑOS,Choque,No respetar pelacion de interseccion o giros,Calle 40 AA Sur Carrera 36,SAN RAFAEL,Urbana,"(6.164225597, -75.585320139)"
2163019,11/04/2016,7:05 a.m.,viernes,CAMIONETA,PARTICULAR,Conductor,Masculino,No,N/A,SOLO DAÑOS,Choque,Girar bruscamente,Calle 40 AA Sur Carrera 36,SAN RAFAEL,Urbana,"(6.164225597, -75.585320139)"
2163019,11/04/2016,7:05 a.m.,viernes,MOTOCICLETA,PARTICULAR,Motociclista,Masculino,No,N/A,SOLO DAÑOS,Choque,No respetar pelacion de interseccion o giros,Calle 40 AA Sur Carrera 36,SAN RAFAEL,Urbana,"(6.164225597, -75.585320139)"
2163055,11/04/2016,1:05 a.m.,viernes,AUTOMOVIL,PARTICULAR,Conductor,Masculino,No,N/A,SOLO DAÑOS,Choque,Adelantar cerrando,Tramo 371 Kilometro  5,VEREDA PALMAS,Rural,
2163055,11/04/2016,1:05 a.m.,viernes,AUTOMOVIL,PUBLICO,Conductor,Masculino,No,N/A,SOLO DAÑOS,Choque,Adelantar cerrando,Tramo 371 Kilometro  5,VEREDA PALMAS,Rural,
2163032,11/04/2016,12:00 a.m.,viernes,AUTOMOVIL,PARTICULAR,Conductor,Masculino,No,N/A,HERIDO,Atropello,Impericia en el manejo,Calle 39  Sur Carrera 27 B,EL CHINGU├ì,Urbana,"(6.159217585, -75.578834618)"
2163038,11/04/2016,9:40 p.m.,viernes,AUTOMOVIL,PARTICULAR,Conductor,Masculino,No,N/A,SOLO DAÑOS,Choque,Otra,Carrera 43 A Calle 48 C Sur,AVENIDA EL POBLADO,Urbana,"(6.162218777, -75.597644457)"
2163058,11/03/2016,8:10 a.m.,jueves,CAMION,PARTICULAR,Conductor,Masculino,No,N/A,SOLO DAÑOS,Choque,Desobedecer senales,Calle 37  Sur Carrera 37,ZONA CENTRO,Urbana,"(6.168351775, -75.583769107)"
2163028,11/03/2016,6:00 p.m.,jueves,AUTOMOVIL,PARTICULAR,Conductor,Masculino,No,N/A,SOLO DAÑOS,Choque,Desobedecer senales,Transversal 33 B Sur Diagonal 39,LA MAGNOLIA,Urbana,"(6.172812431, -75.584720315)"