RADICADO,FECHA,HORA,DÍA DE LA SEMANA,CLASE DE VEHICULO,TIPO DE SERVICIO,TIPO DE VICTIMA,SEXO,ESTADO DE BEODEZ,RESULTADO DE BEODEZ,GRAVEDAD,CLASE DE ACCIDENTE,CAUSA,DIRECCIÓN,BARRIO,AREA,Coordenadas
2163028,11/03/2016,6:00 p.m.,jueves,CAMION,PUBLICO,Conductor,Masculino,No,N/A,SOLO DAÑOS,Choque,Desobedecer senales,Transversal 33 B Sur Diagonal 39,LA MAGNOLIA,Urbana,"(6.172812431, -75.584720315)"
2163016,11/03/2016,5:45 p.m.,jueves,CAMIONETA,PARTICULAR,Conductor,Masculino,No,N/A,HERIDO,Choque,Desobedecer senales,Diagonal 32 D Transversal 32,LA MAGNOLIA,Urbana,"(6.175661946, -75.584184038)"
2163016,11/03/2016,5:45 p.m.,jueves,MOTOCICLETA,PARTICULAR,Motociclista,Masculino,No,N/A,HERIDO,Choque,Desobedecer senales,Diagonal 32 D Transversal 32,LA MAGNOLIA,Urbana,"(6.175661946, -75.584184038)"
2163016,11/03/2016,5:45 p.m.,jueves,CAMIONETA,PARTICULAR,Conductor,Femenino,No,N/A,HERIDO,Choque,Desobedecer senales,Diagonal 32 D Transversal 32,LA MAGNOLIA,Urbana,"(6.175661946, -75.584184038)"
2163037,11/03/2016,4:20 p.m.,jueves,AUTOMOVIL,PUBLICO,Conductor,Masculino,No,N/A,SOLO DAÑOS,Choque,No mantener distancia de seguridad,Carrera 48 Calle 43  Sur,LAS VEGAS,Urbana,"(6.168335134, -75.597233576)"
2163037,11/03/2016,4:20 p.m.,jueves,AUTOMOVIL,PARTICULAR,Conductor,Femenino,No,N/A,SOLO DAÑOS,Choque,No mantener distancia de seguridad,Carrera 48 Calle 43  Sur,LAS VEGAS,Urbana,"(6.168335134, -75.597233576)"
2163007,11/03/2016,4:20 p.m.,jueves,CAMION,PUBLICO,Conductor,Masculino,No,N/A,SOLO DAÑOS,Choque,Desobedecer senales,Transversal 33  Sur Diagonal 32,LA MAGNOLIA,Urbana,"(6.174666095, -75.58222807)"
2163007,11/03/2016,4:20 p.m.,jueves,AUTOMOVIL,PARTICULAR,Conductor,Masculino,No,N/A,SOLO DAÑOS,Choque,Desobedecer senales,Transversal 33  Sur Diagonal 32,LA MAGNOLIA,Urbana,"(6.174666095, -75.58222807)"
2163005,11/03/2016,3:35 p.m.,jueves,AUTOMOVIL,PARTICULAR,Conductor,Masculino,No,N/A,SOLO DAÑOS,Choque,Impericia en el manejo,Carrera 48 Calle 37  Sur,N/R,Urbana,"(6.172859211, -75.592769925)"
2163005,11/03/2016,3:35 p.m.,jueves,BUSETA,PUBLICO,Conductor,Masculino,No,N/A,SOLO DAÑOS,Choque,Impericia en el manejo,Carrera 48 Calle 37  Sur,N/R,Urbana,"(6.172859211, -75.592769925)"
2163006,11/03/2016,2:25 p.m.,jueves,MOTOCICLETA,PARTICULAR,Motociclista,Masculino,No,N/A,SOLO DAÑOS,Choque,No mantener distancia de seguridad,Carrera 48 Calle 37  Sur,N/R,Urbana,"(6.172859211, -75.592769925)"
2163006,11/03/2016,2:25 p.m.,jueves,AUTOMOVIL,PARTICULAR,Conductor,Masculino,No,N/A,SOLO DAÑOS,Choque,No mantener distancia de seguridad,Carrera 48 Calle 37  Sur,N/R,Urbana,"(6.172859211, -75.592769925)"
2163050,11/03/2016,11:00 a.m.,jueves,AUTOMOVIL,PUBLICO,Conductor,Masculino,No,N/A,SOLO DAÑOS,Choque,No mantener distancia de seguridad,Tramo 371 Kilometro  15,VEREDA PALMAS,Rural,
2163050,11/03/2016,11:00 a.m.,jueves,AUTOMOVIL,PARTICULAR,Conductor,Masculino,No,N/A,SOLO DAÑOS,Choque,No mantener distancia de seguridad,Tramo 371 Kilometro  15,VEREDA PALMAS,Rural,
2163024,11/03/2016,8:30 a.m.,jueves,MOTOCICLETA,PARTICULAR,Motociclista,Masculino,No,N/A,SOLO DAÑOS,Choque,No mantener distancia de seguridad,Calle 40  Sur Carrera 40,EL DORADO,Urbana,"(6.166958927, -75.587854034)"
2163024,11/03/2016,8:30 a.m.,jueves,CAMIONETA,PARTICULAR,Conductor,Masculino,No,N/A,SOLO DAÑOS,Choque,No mantener distancia de seguridad,Calle 40  Sur Carrera 40,EL DORADO,Urbana,"(6.166958927, -75.587854034)"
2163058,11/03/2016,8:10 a.m.,jueves,CAMIONETA,PARTICULAR,Conductor,Femenino,No,N/A,SOLO DAÑOS,Choque,Desobedecer senales,Calle 37  Sur Carrera 37,ZONA CENTRO,Urbana,"(6.168351775, -75.583769107)"
2162998,11/03/2016,8:00 a.m.,jueves,MOTOCICLETA,PARTICULAR,Motociclista,Masculino,No,N/A,SOLO DAÑOS,Choque,Poner en marcha un vehiculo sin precauci,Carrera 43 A Calle 21  Sur,AVENIDA EL POBLADO,Urbana,"(6.183599544, -75.579409862)"
2162998,11/03/2016,8:00 a.m.,jueves,BUS,PUBLICO,Conductor,Masculino,No,N/A,SOLO DAÑOS,Choque,Poner en marcha un vehiculo sin precauci,Carrera 43 A Calle 21  Sur,AVENIDA EL POBLADO,Urbana,"(6.183599544, -75.579409862)"
2162997,11/03/2016,7:10 a.m.,jueves,MOTOCICLETA,PARTICULAR,Motociclista,Masculino,No,N/A,SOLO DAÑOS,Choque,No mantener distancia de seguridad,Carrera 48 Calle 46  Sur,LAS VEGAS,Urbana,"(6.166195386, -75.599285489)"
2162997,11/03/2016,7:10 a.m.,jueves,AUTOMOVIL,PUBLICO,Conductor,Masculino,No,N/A,SOLO DAÑOS,Choque,No mantener distancia de seguridad,Carrera 48 Calle 46  Sur,LAS VEGAS,Urbana,"(6.166195386, -75.599285489)"
2163049,11/03/2016,6:55 a.m.,jueves,AUTOMOVIL,PARTICULAR,Conductor,Masculino,No,N/A,SOLO DAÑOS,Choque,Adelantar cerrando,Carrera 43 A Calle 39  Sur,AVENIDA EL POBLADO,Urbana,"(6.169011071, -75.589484903)"
2163049,11/03/2016,6:55 a.m.,jueves,MICROBUS,PUBLICO,Conductor,Masculino,No,N/A,SOLO DAÑOS,Choque,Adelantar cerrando,Carrera 43 A Calle 39  Sur,AVENIDA EL POBLADO,Urbana,"(6.169011071, -75.589484903)"
2163030,11/03/2016,6:38 a.m.,jueves,AUTOMOVIL,PARTICULAR,Conductor,Masculino,No,N/A,SOLO DAÑOS,Choque,Adelantar cerrando,Calle 39  Sur Carrera 48,EL PORTAL,Urbana,"(6.17373153, -75.596883967)"
2163030,11/03/2016,6:38 a.m.,jueves,CAMIONETA,PUBLICO,Conductor,Masculino,No,N/A,SOLO DAÑOS,Choque,Desobedecer senales,Calle 39  Sur Carrera 48,EL PORTAL,Urbana,"(6.17373153, -75.596883967)"
2163030,11/03/2016,6:38 a.m.,jueves,CAMIONETA,PUBLICO,Conductor,Masculino,No,N/A,SOLO DAÑOS,Choque,Adelantar cerrando,Calle 39  Sur Carrera 48,EL PORTAL,Urbana,"(6.17373153, -75.596883967)"
2163030,11/03/2016,6:38 a.m.,jueves,AUTOMOVIL,PARTICULAR,Conductor,Masculino,No,N/A,SOLO DAÑOS,Choque,Desobedecer senales,Calle 39  Sur Carrera 48,EL PORTAL,Urbana,"(6.17373153, -75.596883967)"
2162994,11/02/2016,9:20 p.m.,miércoles,MOTOCICLETA,PARTICULAR,Motociclista,Masculino,No,N/A,SOLO DAÑOS,Choque,Exceso de velocidad,Carrera 42 A Calle 26 A Sur,LAS ORQUIDEAS,Urbana,"(6.177792644, -75.578683538)"
2162994,11/02/2016,9:20 p.m.,miércoles,AUTOMOVIL,PARTICULAR,Conductor,Masculino,No,N/A,SOLO DAÑOS,Choque,Exceso de velocidad,Carrera 42 A Calle 26 A Sur,LAS ORQUIDEAS,Urbana,"(6.177792644, -75.578683538)"
2162994,11/02/2016,9:20 p.m.,miércoles,AUTOMOVIL,PARTICULAR,Conductor,Sin registro,No,N/A,SOLO DAÑOS,Choque,Exceso de velocidad,Carrera 42 A Calle 26 A Sur,LAS ORQUIDEAS,Urbana,"(6.177792644, -75.578683538)"
2162994,11/02/2016,9:20 p.m.,miércoles,MOTOCICLETA,PARTICULAR,Motociclista,Masculino,No,N/A,SOLO DAÑOS,Choque,Exceso de velocidad,Carrera 42 A Calle 26 A Sur,LAS ORQUIDEAS,Urbana,"(6.177792644, -75.578683538)"
2162985,11/02/2016,6:50 p.m.,miércoles,MOTOCICLETA,PARTICULAR,Motociclista,Femenino,No,N/A,SOLO DAÑOS,Choque,Adelantar por la derecha,Calle 39 D Sur Carrera 36,MESA,Urbana,
2162985,11/02/2016,6:50 p.m.,miércoles,AUTOMOVIL,OFICIAL,Conductor,Masculino,No,N/A,SOLO DAÑOS,Choque,Adelantar por la derecha,Calle 39 D Sur Carrera 36,MESA,Urbana,
2163009,11/02/2016,5:30 p.m.,miércoles,CAMION,PUBLICO,Conductor,Masculino,No,N/A,SOLO DAÑOS,Choque,Poner en marcha un vehiculo sin precauci,Calle 43  Sur Carrera 49,LAS VEGAS,Urbana,
2163009,11/02/2016,5:30 p.m.,miércoles,MOTOCICLETA,PARTICULAR,Motociclista,Femenino,No,N/A,SOLO DAÑOS,Choque,Poner en marcha un vehiculo sin precauci,Calle 43  Sur Carrera 49,LAS VEGAS,Urbana,
2163011,11/02/2016,5:15 p.m.,miércoles,MOTOCICLETA,PARTICULAR,Motociclista,Masculino,No,N/A,SOLO DAÑOS,Choque,No respetar prelacion,Tramo 377 Kilometro  10,VEREDA PALMAS,Rural,
2163011,11/02/2016,5:15 p.m.,miércoles,CAMIONETA,PARTICULAR,Conductor,Masculino,No,N/A,SOLO DAÑOS,Choque,No respetar prelacion,Tramo 377 Kilometro  10,VEREDA PALMAS,Rural,
2163002,11/02/2016,5:00 p.m.,miércoles,CAMION,PUBLICO,Conductor,Masculino,No,N/A,SOLO DAÑOS,Choque,Impericia en el manejo,Calle 48 E Sur Carrera 42,N/R,Urbana,"(6.159800047, -75.595095327)"
2163002,11/02/2016,5:00 p.m.,miércoles,CAMIONETA,PARTICULAR,Conductor,Femenino,No,N/A,SOLO DAÑOS,Choque,Impericia en el manejo,Calle 48 E Sur Carrera 42,N/R,Urbana,"(6.159800047, -75.595095327)"
2162996,11/02/2016,4:39 p.m.,miércoles,MOTOCICLETA,PARTICULAR,Motociclista,Masculino,No,N/A,SOLO DAÑOS,Choque,Transitar entre vehiculos,Carrera 43 A Calle 36  Sur,ZONA CENTRO,Urbana,"(6.171753325, -75.587727675)"
2162996,11/02/2016,4:39 p.m.,miércoles,CAMION,PUBLICO,Conductor,Masculino,No,N/A,SOLO DAÑOS,Choque,Transitar entre vehiculos,Carrera 43 A Calle 36  Sur,ZONA CENTRO,Urbana,"(6.171753325, -75.587727675)"
2163004,11/02/2016,3:40 p.m.,miércoles,CAMPERO,PARTICULAR,Conductor,Masculino,No,N/A,SOLO DAÑOS,Choque,No mantener distancia de seguridad,Carrera 50 Calle 27  Sur,LAS VEGAS,Urbana,
2163004,11/02/2016,3:40 p.m.,miércoles,AUTOMOVIL,PARTICULAR,Conductor,Masculino,No,N/A,SOLO DAÑOS,Choque,No mantener distancia de seguridad,Carrera 50 Calle 27  Sur,LAS VEGAS,Urbana,
2163004,11/02/2016,3:40 p.m.,miércoles,CAMION,PUBLICO,Conductor,Masculino,No,N/A,SOLO DAÑOS,Choque,No mantener distancia de seguridad,Carrera 50 Calle 27  Sur,LAS VEGAS,Urbana,
2163004,11/02/2016,3:40 p.m.,miércoles,AUTOMOVIL,PARTICULAR,Conductor,Masculino,No,N/A,SOLO DAÑOS,Choque,No mantener distancia de seguridad,Carrera 50 Calle 27  Sur,LAS VEGAS,Urbana,
2162983,11/02/2016,3:40 p.m.,miércoles,MOTOCICLETA,PARTICULAR,Motociclista,Masculino,No,N/A,SOLO DAÑOS,Choque,No mantener distancia de seguridad,Carrera 50 Calle 30  Sur,LAS VEGAS,Urbana,
2162983,11/02/2016,3:40 p.m.,miércoles,MOTOCICLETA,PARTICULAR,Motociclista,Masculino,No,N/A,SOLO DAÑOS,Choque,No mantener distancia de seguridad,Carrera 50 Calle 30  Sur,LAS VEGAS,Urbana,
2163003,11/02/2016,3:00 p.m.,miércoles,AUTOMOVIL,PARTICULAR,Conductor,Masculino,No,N/A,SOLO DAÑOS,Choque,Reverso imprudente,Carrera 28 Calle 37 B Sur,LOMA DE LAS BRUJAS,Urbana,"(6.164229297, -75.578821455)"
2163003,11/02/2016,3:00 p.m.,miércoles,CAMIONETA,PARTICULAR,Conductor,Masculino,No,N/A,SOLO DAÑOS,Choque,Reverso imprudente,Carrera 28 Calle 37 B Sur,LOMA DE LAS BRUJAS,Urbana,"(6.164229297, -75.578821455)"
2162981,11/02/2016,3:00 p.m.,miércoles,CAMION,PARTICULAR,Conductor,Masculino,No,N/A,SOLO DAÑOS,Choque,Impericia en el manejo,Carrera 27 B Calle 34 DD Sur,N/R,Urbana,"(6.168840811, -75.572355799)"
2162981,11/02/2016,3:00 p.m.,miércoles,MOTOCICLETA,PARTICULAR,Motociclista,Femenino,No,N/A,SOLO DAÑOS,Choque,Exceso de velocidad,Carrera 27 B Calle 34 DD Sur,N/R,Urbana,"(6.168840811, -75.572355799)"
2162981,11/02/2016,3:00 p.m.,miércoles,MOTOCICLETA,PARTICULAR,Motociclista,Femenino,No,N/A,SOLO DAÑOS,Choque,Impericia en el manejo,Carrera 27 B Calle 34 DD Sur,N/R,Urbana,"(6.168840811, -75.572355799)"
2162981,11/02/2016,3:00 p.m.,miércoles,CAMION,PARTICULAR,Conductor,Masculino,No,N/A,SOLO DAÑOS,Choque,Exceso de velocidad,Carrera 27 B Calle 34 DD Sur,N/R,Urbana,"(6.168840811, -75.572355799)"
2163008,11/02/2016,2:30 p.m.,miércoles,CAMIONETA,PARTICULAR,Conductor,Masculino,No,N/A,SOLO DAÑOS,Choque,Reverso imprudente,Tramo 371 Kilometro  720,VEREDA PALMAS,Rural,
2163008,11/02/2016,2:30 p.m.,miércoles,MOTOCICLETA,PARTICULAR,Motociclista,Masculino,No,N/A,SOLO DAÑOS,Choque,Exceso de velocidad,Tramo 371 Kilometro  720,VEREDA PALMAS,Rural,
2163008,11/02/2016,2:30 p.m.,miércoles,MOTOCICLETA,PARTICULAR,Motociclista,Masculino,No,N/A,SOLO DAÑOS,Choque,Reverso imprudente,Tramo 371 Kilometro  720,VEREDA PALMAS,Rural,
2163008,11/02/2016,2:30 p.m.,miércoles,CAMIONETA,PARTICULAR,Conductor,Masculino,No,N/A,SOLO DAÑOS,Choque,Exceso de velocidad,Tramo 371 Kilometro  720,VEREDA PALMAS,Rural,
2162986,11/02/2016,1:30 p.m.,miércoles,BUSETA,PUBLICO,Conductor,Masculino,No,N/A,SOLO DAÑOS,Choque,Adelantar cerrando,Carrera 43 A Calle 39  Sur,ALCALA,Urbana,"(6.169011071, -75.589484903)"
2162986,11/02/2016,1:30 p.m.,miércoles,BUSETA,PUBLICO,Conductor,Masculino,No,N/A,SOLO DAÑOS,Choque,Adelantar cerrando,Carrera 43 A Calle 39  Sur,ALCALA,Urbana,"(6.169011071, -75.589484903)"
2162982,11/02/2016,10:30 a.m.,miércoles,MOTOCICLETA,PARTICULAR,Motociclista,Masculino,No,N/A,SOLO DAÑOS,Choque,Adelantar por la derecha,Carrera 43 A Calle 49  Sur,LAS CASITAS,Urbana,"(6.160914202, -75.600022989)"
2162982,11/02/2016,10:30 a.m.,miércoles,AUTOMOVIL,PARTICULAR,Conductor,Femenino,No,N/A,SOLO DAÑOS,Choque,Adelantar por la derecha,Carrera 43 A Calle 49  Sur,LAS CASITAS,Urbana,"(6.160914202, -75.600022989)"
2162976,11/02/2016,9:50 a.m.,miércoles,AUTOMOVIL,PARTICULAR,Conductor,Masculino,No,N/A,SOLO DAÑOS,Choque,No mantener distancia de seguridad,Calle 46  Sur Carrera 48,LAS VEGAS,Urbana,"(6.162824447, -75.599686607)"
2162976,11/02/2016,9:50 a.m.,miércoles,AUTOMOVIL,PARTICULAR,Conductor,Femenino,No,N/A,SOLO DAÑOS,Choque,No mantener distancia de seguridad,Calle 46  Sur Carrera 48,LAS VEGAS,Urbana,"(6.162824447, -75.599686607)"
2163382,11/02/2016,5:30 a.m.,miércoles,MOTOCICLETA,PARTICULAR,Motociclista,Masculino,No,N/A,SOLO DAÑOS,Choque,Otra,Calle 38  Sur Carrera 50,LAS VEGAS,Urbana,
2163382,11/02/2016,5:30 a.m.,miércoles,AUTOMOVIL,PARTICULAR,Conductor,Femenino,No,N/A,SOLO DAÑOS,Choque,Otra,Calle 38  Sur Carrera 50,LAS VEGAS,Urbana,
2163000,11/01/2016,10:00 p.m.,martes,AUTOMOVIL,PARTICULAR,Conductor,Femenino,No,N/A,SOLO DAÑOS,Choque,Desobedecer senales,Diagonal 31 E Transversal 32 A,N/R,Urbana,"(6.174681134, -75.578471041)"
2163000,11/01/2016,10:00 p.m.,martes,BUS,PUBLICO,Conductor,Femenino,No,N/A,SOLO DAÑOS,Choque,Desobedecer senales,Diagonal 31 E Transversal 32 A,N/R,Urbana,"(6.174681134, -75.578471041)"
2162972,11/01/2016,8:30 p.m.,martes,AUTOMOVIL,PARTICULAR,Conductor,Femenino,No,N/A,SOLO DAÑOS,Choque,Impericia en el manejo,Calle 34  Sur Carrera 47,LAS VEGAS,Urbana,"(6.175152875, -75.590256231)"
2162972,11/01/2016,8:30 p.m.,martes,CAMION,PUBLICO,Conductor,Masculino,No,N/A,SOLO DAÑOS,Choque,Impericia en el manejo,Calle 34  Sur Carrera 47,LAS VEGAS,Urbana,"(6.175152875, -75.590256231)"
2162969,11/01/2016,7:20 p.m.,martes,CAMPERO,PARTICULAR,Conductor,Femenino,No,N/A,HERIDO,Atropello,Otra,Diagonal 31 Transversal 36 A,URIBE ANGEL,Urbana,"(6.167967817, -75.580281768)"
2162984,11/01/2016,6:15 p.m.,martes,MOTOCICLETA,PARTICULAR,Motociclista,Masculino,No,N/A,HERIDO,Choque,Otra,Calle 36  Sur Carrera 50,LAS VEGAS,Urbana,
2162984,11/01/2016,6:15 p.m.,martes,CAMIONETA,PARTICULAR,Conductor,Masculino,No,N/A,HERIDO,Choque,Otra,Calle 36  Sur Carrera 50,LAS VEGAS,Urbana,
2162978,11/01/2016,5:30 p.m.,martes,MOTOCICLETA,PARTICULAR,Motociclista,Masculino,No,N/A,HERIDO,Choque,Otra,Calle 36  Sur Carrera 50,LAS VEGAS,Urbana,
2162978,11/01/2016,5:30 p.m.,martes,MOTOCICLETA,PARTICULAR,Motociclista,Masculino,No,N/A,HERIDO,Choque,Otra,Calle 36  Sur Carrera 50,LAS VEGAS,Urbana,
2162970,11/01/2016,2:30 p.m.,martes,MOTOCICLETA,PARTICULAR,Motociclista,Masculino,No,N/A,HERIDO,Atropello,Impericia en el manejo,Calle 49  Sur Carrera 48,LAS CASITAS,Urbana,"(6.163238618, -75.602507178)"
2162970,11/01/2016,2:30 p.m.,martes,MOTOCICLETA,PARTICULAR,Motociclista,Masculino,No,N/A,HERIDO,Atropello,Cruzar sin observar,Calle 49  Sur Carrera 48,LAS CASITAS,Urbana,"(6.163238618, -75.602507178)"
2162999,11/01/2016,1:30 p.m.,martes,CAMIONETA,PARTICULAR,Conductor,Femenino,No,N/A,SOLO DAÑOS,Choque,Poner en marcha un vehiculo sin precauci,Calle 39  Sur Carrera 49,N/R,Urbana,
2162999,11/01/2016,1:30 p.m.,martes,BUS,PUBLICO,Conductor,Masculino,No,N/A,SOLO DAÑOS,Choque,Poner en marcha un vehiculo sin precauci,Calle 39  Sur Carrera 49,N/R,Urbana,
2162990,11/01/2016,1:30 p.m.,martes,CAMION,PUBLICO,Conductor,Masculino,No,N/A,SOLO DAÑOS,Choque,Adelantar cerrando,Calle 39  Sur Carrera 32,MESA,Urbana,"(6.164669196, -75.582458648)"
2162990,11/01/2016,1:30 p.m.,martes,BUS,PUBLICO,Conductor,Masculino,No,N/A,SOLO DAÑOS,Choque,Desobedecer senales,Calle 39  Sur Carrera 32,MESA,Urbana,"(6.164669196, -75.582458648)"
2162990,11/01/2016,1:30 p.m.,martes,BUS,PUBLICO,Conductor,Masculino,No,N/A,SOLO DAÑOS,Choque,Adelantar cerrando,Calle 39  Sur Carrera 32,MESA,Urbana,"(6.164669196, -75.582458648)"
2162990,11/01/2016,1:30 p.m.,martes,CAMION,PUBLICO,Conductor,Masculino,No,N/A,SOLO DAÑOS,Choque,Desobedecer senales,Calle 39  Sur Carrera 32,MESA,Urbana,"(6.164669196, -75.582458648)"
2163001,11/01/2016,12:40 p.m.,martes,AUTOMOVIL,PARTICULAR,Conductor,Femenino,No,N/A,SOLO DAÑOS,Choque,Otra,Calle 25  Sur Carrera 41 B,N/R,Urbana,"(6.179149922, -75.578345053)"
2163001,11/01/2016,12:40 p.m.,martes,AUTOMOVIL,PUBLICO,Conductor,Masculino,No,N/A,SOLO DAÑOS,Choque,Otra,Calle 25  Sur Carrera 41 B,N/R,Urbana,"(6.179149922, -75.578345053)"
2162963,11/01/2016,11:10 a.m.,martes,AUTOMOVIL,PARTICULAR,Conductor,Masculino,No,N/A,SOLO DAÑOS,Choque,Adelantar por la derecha,Calle 40  Sur Carrera 46 A,ALCALA,Urbana,"(6.169204277, -75.594295389)"
2162963,11/01/2016,11:10 a.m.,martes,MOTOCICLETA,PARTICULAR,Motociclista,Masculino,No,N/A,SOLO DAÑOS,Choque,Adelantar por la derecha,Calle 40  Sur Carrera 46 A,ALCALA,Urbana,"(6.169204277, -75.594295389)"
2162966,10/31/2016,9:20 p.m.,lunes,BUS,PUBLICO,Conductor,Masculino,No,N/A,SOLO DAÑOS,Choque,Girar bruscamente,Calle 35  Sur Carrera 43 A,LAS VEGAS,Urbana,"(6.17249645, -75.587328326)"
2162966,10/31/2016,9:20 p.m.,lunes,AUTOMOVIL,PUBLICO,Conductor,Masculino,No,N/A,SOLO DAÑOS,Choque,Impericia en el manejo,Calle 35  Sur Carrera 43 A,LAS VEGAS,Urbana,"(6.17249645, -75.587328326)"
2162966,10/31/2016,9:20 p.m.,lunes,AUTOMOVIL,PUBLICO,Conductor,Masculino,No,N/A,SOLO DAÑOS,Choque,Girar bruscamente,Calle 35  Sur Carrera 43 A,LAS VEGAS,Urbana,"(6.17249645, -75.587328326)"
2162966,10/31/2016,9:20 p.m.,lunes,BUS,PUBLICO,Conductor,Masculino,No,N/A,SOLO DAÑOS,Choque,Impericia en el manejo,Calle 35  Sur Carrera 43 A,LAS VEGAS,Urbana,"(6.17249645, -75.587328326)"
2162954,10/31/2016,9:20 p.m.,lunes,MOTOCICLETA,PARTICULAR,Motociclista,Masculino,No,N/A,HERIDO,Atropello,Cruzar sin observar,Diagonal 32 D Transversal 33,LA MAGNOLIA,Urbana,"(6.174101275, -75.583606066)"
2162988,10/31/2016,8:55 p.m.,lunes,CAMIONETA,PARTICULAR,Conductor,Masculino,No,N/A,SOLO DAÑOS,Choque,Adelantar cerrando,Carrera 43 A Calle 38  Sur,ZONA CENTRO,Urbana,"(6.170421178, -75.588598773)"
2162988,10/31/2016,8:55 p.m.,lunes,CAMIONETA,PARTICULAR,Conductor,Femenino,No,N/A,SOLO DAÑOS,Choque,Adelantar cerrando,Carrera 43 A Calle 38  Sur,ZONA CENTRO,Urbana,"(6.170421178, -75.588598773)"
2162955,10/31/2016,8:00 p.m.,lunes,AUTOMOVIL,PARTICULAR,Conductor,Masculino,No,N/A,HERIDO,Choque,Transitar con las puertas abiertas,Calle 48 C Sur Carrera 42,LOMA DEL BARRO,Urbana,"(6.159138282, -75.596259706)"
2162955,10/31/2016,8:00 p.m.,lunes,BUSETA,PUBLICO,Conductor,Masculino,No,N/A,HERIDO,Choque,Transitar con las puertas abiertas,Calle 48 C Sur Carrera 42,LOMA DEL BARRO,Urbana,"(6.159138282, -75.596259706)"
2162995,10/31/2016,7:40 p.m.,lunes,AUTOMOVIL,PARTICULAR,Conductor,Femenino,No,N/A,SOLO DAÑOS,Choque,No mantener distancia de seguridad,Calle 45 B Sur Carrera 38,LAS ANTILLAS,Urbana,"(6.156508956, -75.589876613)"
2162995,10/31/2016,7:40 p.m.,lunes,MOTOCICLETA,DIPLOMATICO,Motociclista,Masculino,No,N/A,SOLO DAÑOS,Choque,No mantener distancia de seguridad,Calle 45 B Sur Carrera 38,LAS ANTILLAS,Urbana,"(6.156508956, -75.589876613)"
2162960,10/31/2016,7:30 p.m.,lunes,AUTOMOVIL,PUBLICO,Conductor,Masculino,No,N/A,SOLO DAÑOS,Choque,Poner en marcha un vehiculo sin precauci,Calle 39  Sur Carrera 40,ZONA CENTRO,Urbana,"(6.167409609, -75.586720978)"
2162960,10/31/2016,7:30 p.m.,lunes,AUTOMOVIL,PARTICULAR,Conductor,Femenino,No,N/A,SOLO DAÑOS,Choque,Poner en marcha un vehiculo sin precauci,Calle 39  Sur Carrera 40,ZONA CENTRO,Urbana,"(6.167409609, -75.586720978)"
2162975,10/31/2016,7:00 p.m.,lunes,AUTOMOVIL,PUBLICO,Conductor,Masculino,No,N/A,SOLO DAÑOS,Choque,Desobedecer senales,Calle 40  Sur Carrera 29 A,SAN JOSE,Urbana,"(6.162116724, -75.582120043)"
2162975,10/31/2016,7:00 p.m.,lunes,AUTOMOVIL,PARTICULAR,Conductor,Masculino,No,N/A,SOLO DAÑOS,Choque,Desobedecer senales,Calle 40  Sur Carrera 29 A,SAN JOSE,Urbana,"(6.162116724, -75.582120043)"
2162993,10/31/2016,6:15 p.m.,lunes,AUTOMOVIL,PUBLICO,Conductor,Masculino,No,N/A,SOLO DAÑOS,Choque,Adelantar cerrando,Calle 47  Sur Carrera 40,EL TRIANON,Urbana,"(6.15929595, -75.593774797)"
2162993,10/31/2016,6:15 p.m.,lunes,BUS,PUBLICO,Conductor,Masculino,No,N/A,SOLO DAÑOS,Choque,Desobedecer senales,Calle 47  Sur Carrera 40,EL TRIANON,Urbana,"(6.15929595, -75.593774797)"
2162993,10/31/2016,6:15 p.m.,lunes,BUS,PUBLICO,Conductor,Masculino,No,N/A,SOLO DAÑOS,Choque,Adelantar cerrando,Calle 47  Sur Carrera 40,EL TRIANON,Urbana,"(6.15929595, -75.593774797)"
2162993,10/31/2016,6:15 p.m.,lunes,AUTOMOVIL,PUBLICO,Conductor,Masculino,No,N/A,SOLO DAÑOS,Choque,Desobedecer senales,Calle 47  Sur Carrera 40,EL TRIANON,Urbana,"(6.15929595, -75.593774797)"
2162952,10/31/2016,6:15 p.m.,lunes,MOTOCICLETA,PARTICULAR,Motociclista,Masculino,No,N/A,HERIDO,Choque,Desobedecer senales,Calle 30  Sur Carrera 46 A,JARDINES,Urbana,"(6.179166125, -75.587495869)"
2162952,10/31/2016,6:15 p.m.,lunes,AUTOMOVIL,PARTICULAR,Conductor,Masculino,No,N/A,HERIDO,Choque,Desobedecer senales,Calle 30  Sur Carrera 46 A,JARDINES,Urbana,"(6.179166125, -75.587495869)"
2162991,10/31/2016,4:20 p.m.,lunes,AUTOMOVIL,DIPLOMATICO,Conductor,Masculino,No,N/A,SOLO DAÑOS,Choque,Adelantar cerrando,Calle 24  Sur Carrera 48,LAS VEGAS,Urbana,
2162991,10/31/2016,4:20 p.m.,lunes,CAMPERO,DIPLOMATICO,Conductor,Femenino,No,N/A,SOLO DAÑOS,Choque,Adelantar cerrando,Calle 24  Sur Carrera 48,LAS VEGAS,Urbana,
2162964,10/31/2016,4:10 p.m.,lunes,CAMIONETA,PARTICULAR,Conductor,Masculino,No,N/A,SOLO DAÑOS,Choque,No mantener distancia de seguridad,Calle 37  Sur Carrera 48,LAS VEGAS,Urbana,"(6.17412211, -75.593061115)"
2162964,10/31/2016,4:10 p.m.,lunes,AUTOMOVIL,PUBLICO,Conductor,Masculino,No,N/A,SOLO DAÑOS,Choque,No mantener distancia de seguridad,Calle 37  Sur Carrera 48,LAS VEGAS,Urbana,"(6.17412211, -75.593061115)"