RADICADO,FECHA,HORA,DÍA DE LA SEMANA,CLASE DE VEHICULO,TIPO DE SERVICIO,TIPO DE VICTIMA,SEXO,ESTADO DE BEODEZ,RESULTADO DE BEODEZ,GRAVEDAD,CLASE DE ACCIDENTE,CAUSA,DIRECCIÓN,BARRIO,AREA,Coordenadas
2162948,10/31/2016,3:30 p.m.,lunes,MOTOCICLETA,PARTICULAR,Motociclista,Masculino,No,N/A,HERIDO,Choque,Otra,Calle 48 C Sur Carrera 46,LAS VEGAS,Urbana,"(6.162854875, -75.599744367)"
2162948,10/31/2016,3:30 p.m.,lunes,MOTOCICLETA,PARTICULAR,Motociclista,Femenino,No,N/A,HERIDO,Choque,Otra,Calle 48 C Sur Carrera 46,LAS VEGAS,Urbana,"(6.162854875, -75.599744367)"
2162992,10/31/2016,3:20 p.m.,lunes,AUTOMOVIL,PARTICULAR,Conductor,Masculino,No,N/A,SOLO DAÑOS,Choque,No respetar prelacion,Calle 46 D Sur Carrera 42 D,LA PAZ,Urbana,"(6.161005965, -75.595094671)"
2162992,10/31/2016,3:20 p.m.,lunes,BUSETA,PUBLICO,Conductor,Masculino,No,N/A,SOLO DAÑOS,Choque,No respetar prelacion,Calle 46 D Sur Carrera 42 D,LA PAZ,Urbana,"(6.161005965, -75.595094671)"
2162974,10/31/2016,3:00 p.m.,lunes,MOTOCICLETA,PARTICULAR,Motociclista,Masculino,No,N/A,HERIDO,Choque,Desobedecer senales,Calle 42 D Sur Carrera 42 D,LA PAZ,Urbana,"(6.159992907, -75.597954474)"
2162974,10/31/2016,3:00 p.m.,lunes,AUTOMOVIL,PARTICULAR,Conductor,Femenino,No,N/A,HERIDO,Choque,Desobedecer senales,Calle 42 D Sur Carrera 42 D,LA PAZ,Urbana,"(6.159992907, -75.597954474)"
2162987,10/31/2016,1:40 p.m.,lunes,AUTOMOVIL,PARTICULAR,Conductor,Masculino,No,N/A,HERIDO,Choque,Impericia en el manejo,Diagonal 31 Transversal 33 A,LA SEBASTIANA,Urbana,"(6.173761816, -75.578919701)"
2162962,10/31/2016,12:30 p.m.,lunes,TRACTOCAMION,PUBLICO,Conductor,Masculino,No,N/A,SOLO DAÑOS,Choque,Adelantar cerrando,Calle 37  Sur Carrera 50,LAS VEGAS,Urbana,
2162962,10/31/2016,12:30 p.m.,lunes,CAMION,PUBLICO,Conductor,Masculino,No,N/A,SOLO DAÑOS,Choque,Adelantar cerrando,Calle 37  Sur Carrera 50,LAS VEGAS,Urbana,
2162958,10/31/2016,8:45 a.m.,lunes,AUTOMOVIL,PARTICULAR,Conductor,Masculino,No,N/A,SOLO DAÑOS,Choque,No respetar prelacion,Calle 33 B Sur Carrera 45,JARDINES,Urbana,"(6.174167802, -75.587992107)"
2162958,10/31/2016,8:45 a.m.,lunes,MOTOCICLETA,PARTICULAR,Motociclista,Masculino,No,N/A,SOLO DAÑOS,Choque,No respetar prelacion,Calle 33 B Sur Carrera 45,JARDINES,Urbana,"(6.174167802, -75.587992107)"
2162971,10/31/2016,7:10 a.m.,lunes,BUS,PUBLICO,Conductor,Masculino,No,N/A,SOLO DAÑOS,Choque,Otra,Tramo 377 Kilometro  500,VEREDA PALMAS,Rural,
2162971,10/31/2016,7:10 a.m.,lunes,MOTOCICLETA,PARTICULAR,Motociclista,Masculino,No,N/A,SOLO DAÑOS,Choque,Otra,Tramo 377 Kilometro  500,VEREDA PALMAS,Rural,
2162932,10/30/2016,9:30 p.m.,domingo,MOTOCICLETA,PARTICULAR,Motociclista,Masculino,No,N/A,SOLO DAÑOS,Choque,Adelantar cerrando,Tramo 371 Kilometro  950,VEREDA PALMAS,Rural,
2162932,10/30/2016,9:30 p.m.,domingo,AUTOMOVIL,PARTICULAR,Conductor,Masculino,No,N/A,SOLO DAÑOS,Choque,Adelantar cerrando,Tramo 371 Kilometro  950,VEREDA PALMAS,Rural,
2162979,10/30/2016,9:10 p.m.,domingo,AUTOMOVIL,PARTICULAR,Conductor,Masculino,No,N/A,SOLO DAÑOS,Choque,Otra,Carrera 48 Calle 38  Sur,LAS VEGAS,Urbana,"(6.172747818, -75.592698171)"
2162979,10/30/2016,9:10 p.m.,domingo,MICROBUS,PUBLICO,Conductor,Masculino,No,N/A,SOLO DAÑOS,Choque,Otra,Carrera 48 Calle 38  Sur,LAS VEGAS,Urbana,"(6.172747818, -75.592698171)"
2162973,10/30/2016,8:00 p.m.,domingo,AUTOMOVIL,PARTICULAR,Conductor,Femenino,No,N/A,SOLO DAÑOS,Choque,No mantener distancia de seguridad,Calle 48 C Sur Carrera 43 A,LOMA DEL BARRO,Urbana,"(6.162378903, -75.597630589)"
2162973,10/30/2016,8:00 p.m.,domingo,AUTOMOVIL,PARTICULAR,Conductor,Masculino,Si,1,SOLO DAÑOS,Choque,Embriaguez o droga,Calle 48 C Sur Carrera 43 A,LOMA DEL BARRO,Urbana,"(6.162378903, -75.597630589)"
2162973,10/30/2016,8:00 p.m.,domingo,AUTOMOVIL,PARTICULAR,Conductor,Masculino,Si,1,SOLO DAÑOS,Choque,No mantener distancia de seguridad,Calle 48 C Sur Carrera 43 A,LOMA DEL BARRO,Urbana,"(6.162378903, -75.597630589)"
2162973,10/30/2016,8:00 p.m.,domingo,AUTOMOVIL,PARTICULAR,Conductor,Femenino,No,N/A,SOLO DAÑOS,Choque,Embriaguez o droga,Calle 48 C Sur Carrera 43 A,LOMA DEL BARRO,Urbana,"(6.162378903, -75.597630589)"
2162937,10/30/2016,6:45 p.m.,domingo,MOTOCICLETA,PARTICULAR,Motociclista,Masculino,No,N/A,HERIDO,Choque,Adelantar por la derecha,Tramo 372 Kilometro  11,VEREDA PALMAS,Rural,
2162937,10/30/2016,6:45 p.m.,domingo,CAMIONETA,PARTICULAR,Conductor,Masculino,No,N/A,HERIDO,Choque,Adelantar por la derecha,Tramo 372 Kilometro  11,VEREDA PALMAS,Rural,
2162938,10/30/2016,4:40 p.m.,domingo,MOTOCICLETA,PARTICULAR,Motociclista,Masculino,No,N/A,HERIDO,Choque,Transitar entre vehiculos,Tramo 372 Kilometro  7,VEREDA PALMAS,Rural,
2162938,10/30/2016,4:40 p.m.,domingo,AUTOMOVIL,PARTICULAR,Conductor,Masculino,No,N/A,HERIDO,Choque,Transitar entre vehiculos,Tramo 372 Kilometro  7,VEREDA PALMAS,Rural,
2162939,10/30/2016,4:30 p.m.,domingo,CAMIONETA,PARTICULAR,Conductor,Masculino,Si,3,HERIDO,Volcamiento,Exceso de velocidad,Calle 40  Sur Carrera 24 D,EL SALADO,Urbana,"(6.147263187, -75.576335752)"
2162939,10/30/2016,4:30 p.m.,domingo,CAMIONETA,PARTICULAR,Conductor,Masculino,Si,3,HERIDO,Volcamiento,Embriaguez o droga,Calle 40  Sur Carrera 24 D,EL SALADO,Urbana,"(6.147263187, -75.576335752)"
2162943,10/30/2016,2:55 p.m.,domingo,MOTOCICLETA,PARTICULAR,Motociclista,Masculino,No,N/A,HERIDO,Choque,Transitar entre vehiculos,Calle 39  Sur Carrera 48,LAS VEGAS,Urbana,"(6.17373153, -75.596883967)"
2162943,10/30/2016,2:55 p.m.,domingo,MOTOCICLETA,PARTICULAR,Motociclista,Masculino,Si,1,HERIDO,Choque,Transitar entre vehiculos,Calle 39  Sur Carrera 48,LAS VEGAS,Urbana,"(6.17373153, -75.596883967)"
2162941,10/30/2016,8:00 a.m.,domingo,AUTOMOVIL,PARTICULAR,Conductor,Masculino,No,N/A,HERIDO,Atropello,No respetar prelacion,Calle 38 A Sur Carrera 43,ZONA CENTRO,Urbana,"(6.169370628, -75.588315099)"
2162957,10/29/2016,10:40 p.m.,sábado,AUTOMOVIL,PARTICULAR,Conductor,Masculino,No,N/A,SOLO DAÑOS,Choque,No mantener distancia de seguridad,Tramo 371 Kilometro  12,VEREDA PALMAS,Rural,
2162957,10/29/2016,10:40 p.m.,sábado,CAMPERO,PARTICULAR,Conductor,Masculino,No,N/A,SOLO DAÑOS,Choque,No mantener distancia de seguridad,Tramo 371 Kilometro  12,VEREDA PALMAS,Rural,
2162957,10/29/2016,10:40 p.m.,sábado,CAMPERO,PARTICULAR,Conductor,Masculino,No,N/A,SOLO DAÑOS,Choque,No mantener distancia de seguridad,Tramo 371 Kilometro  12,VEREDA PALMAS,Rural,
2162957,10/29/2016,10:40 p.m.,sábado,AUTOMOVIL,PARTICULAR,Conductor,Masculino,No,N/A,SOLO DAÑOS,Choque,No mantener distancia de seguridad,Tramo 371 Kilometro  12,VEREDA PALMAS,Rural,
2162934,10/29/2016,9:40 p.m.,sábado,CAMIONETA,PARTICULAR,Conductor,Masculino,No,N/A,SOLO DAÑOS,Choque,No mantener distancia de seguridad,Tramo 372 Kilometro  12,VEREDA PALMAS,Rural,
2162934,10/29/2016,9:40 p.m.,sábado,AUTOMOVIL,PARTICULAR,Conductor,Masculino,No,N/A,SOLO DAÑOS,Choque,No mantener distancia de seguridad,Tramo 372 Kilometro  12,VEREDA PALMAS,Rural,
2162977,10/29/2016,8:30 p.m.,sábado,AUTOMOVIL,DIPLOMATICO,Conductor,Masculino,No,N/A,SOLO DAÑOS,Choque,Vehiculo mal estacionado,Calle 40  Sur Carrera 24 D,N/R,Urbana,"(6.147263187, -75.576335752)"
2162953,10/29/2016,7:00 p.m.,sábado,CAMIONETA,PARTICULAR,Conductor,Masculino,No,N/A,SOLO DAÑOS,Choque,No mantener distancia de seguridad,Calle 36  Sur Carrera 50,LAS VEGAS,Urbana,
2162953,10/29/2016,7:00 p.m.,sábado,MOTOCICLETA,PARTICULAR,Motociclista,Masculino,No,N/A,SOLO DAÑOS,Choque,No mantener distancia de seguridad,Calle 36  Sur Carrera 50,LAS VEGAS,Urbana,
2162968,10/29/2016,6:40 p.m.,sábado,CAMION,PUBLICO,Conductor,Masculino,No,N/A,SOLO DAÑOS,Choque,Adelantar cerrando,Calle 37  Sur Carrera 46 A,ALCALA,Urbana,"(6.173105489, -75.591260929)"
2162968,10/29/2016,6:40 p.m.,sábado,AUTOMOVIL,PARTICULAR,Conductor,Femenino,No,N/A,SOLO DAÑOS,Choque,Adelantar cerrando,Calle 37  Sur Carrera 46 A,ALCALA,Urbana,"(6.173105489, -75.591260929)"
2162933,10/29/2016,2:00 p.m.,sábado,MOTOCICLETA,PARTICULAR,Motociclista,Masculino,No,N/A,SOLO DAÑOS,Choque,No mantener distancia de seguridad,Calle 31  Sur Carrera 48,LAS VEGAS,Urbana,
2162946,10/29/2016,5:45 a.m.,sábado,CAMION,PUBLICO,Conductor,Masculino,No,N/A,SOLO DAÑOS,Choque,Exceso de velocidad,Tramo 371 Kilometro  12,VEREDA PALMAS,Rural,
2162967,10/29/2016,10:35 a.m.,sábado,AUTOMOVIL,PARTICULAR,Conductor,Femenino,No,N/A,SOLO DAÑOS,Choque,Adelantar cerrando,Diagonal 32 B Transversal 29,LA MAGNOLIA,Urbana,"(6.176900416, -75.583562518)"
2162956,10/29/2016,12:30 p.m.,sábado,AUTOMOVIL,PARTICULAR,Conductor,Masculino,No,N/A,HERIDO,Choque,No mantener distancia de seguridad,Calle 37  Sur Carrera 49,LAS VEGAS,Urbana,"(6.174789471, -75.594204243)"
2162967,10/29/2016,10:35 a.m.,sábado,CAMPERO,PARTICULAR,Conductor,Femenino,No,N/A,SOLO DAÑOS,Choque,Adelantar cerrando,Diagonal 32 B Transversal 29,LA MAGNOLIA,Urbana,"(6.176900416, -75.583562518)"
2162921,10/29/2016,6:20 a.m.,sábado,AUTOMOVIL,PARTICULAR,Conductor,Masculino,No,N/A,SOLO DAÑOS,Choque,Reverso imprudente,Calle 45 C Sur Carrera 42,LA PAZ,Urbana,"(6.16308661, -75.594368811)"
2162920,10/29/2016,6:30 p.m.,sábado,AUTOMOVIL,PARTICULAR,Conductor,Masculino,No,N/A,SOLO DAÑOS,Choque,No mantener distancia de seguridad,Calle 38 A Sur Carrera 41,ZONA CENTRO,Urbana,"(6.168560755, -75.587015366)"
2162920,10/29/2016,6:30 p.m.,sábado,BUS,PUBLICO,Conductor,Masculino,No,N/A,SOLO DAÑOS,Choque,No mantener distancia de seguridad,Calle 38 A Sur Carrera 41,ZONA CENTRO,Urbana,"(6.168560755, -75.587015366)"
2162927,10/29/2016,5:40 p.m.,sábado,AUTOMOVIL,PARTICULAR,Conductor,Femenino,No,N/A,SOLO DAÑOS,Choque,Reverso imprudente,Calle 26  Sur Carrera 23 A,EL CHOCHO,Urbana,"(6.171326598, -75.565057159)"
2162927,10/29/2016,5:40 p.m.,sábado,AUTOMOVIL,PARTICULAR,Conductor,Femenino,No,N/A,SOLO DAÑOS,Choque,Reverso imprudente,Calle 26  Sur Carrera 23 A,EL CHOCHO,Urbana,"(6.171326598, -75.565057159)"
2162942,10/29/2016,4:40 p.m.,sábado,BICICLETA,PARTICULAR,Ciclista,Masculino,No,N/A,SOLO DAÑOS,Choque,Transitar por vias prohibidas,Calle 31  Sur Carrera 45 A,JARDINES,Urbana,"(6.17732964, -75.587025837)"
2162950,10/29/2016,1:00 p.m.,sábado,CAMIONETA,PARTICULAR,Conductor,Masculino,No,N/A,SOLO DAÑOS,Choque,No mantener distancia de seguridad,Calle 32 B Sur Carrera 50,LAS VEGAS,Urbana,
2162942,10/29/2016,4:40 p.m.,sábado,AUTOMOVIL,PARTICULAR,Conductor,Femenino,No,N/A,SOLO DAÑOS,Choque,Transitar por vias prohibidas,Calle 31  Sur Carrera 45 A,JARDINES,Urbana,"(6.17732964, -75.587025837)"
2162925,10/29/2016,4:40 p.m.,sábado,AUTOMOVIL,PARTICULAR,Conductor,Femenino,No,N/A,SOLO DAÑOS,Choque,No mantener distancia de seguridad,Transversal 34 DD Sur Diagonal 31,LA SEBASTIANA,Urbana,"(6.171640129, -75.579379099)"
2162950,10/29/2016,1:00 p.m.,sábado,AUTOMOVIL,PARTICULAR,Conductor,Masculino,No,N/A,SOLO DAÑOS,Choque,No mantener distancia de seguridad,Calle 32 B Sur Carrera 50,LAS VEGAS,Urbana,
2162933,10/29/2016,2:00 p.m.,sábado,AUTOMOVIL,PARTICULAR,Conductor,Masculino,No,N/A,SOLO DAÑOS,Choque,No mantener distancia de seguridad,Calle 31  Sur Carrera 48,LAS VEGAS,Urbana,
2162956,10/29/2016,12:30 p.m.,sábado,MOTOCICLETA,PARTICULAR,Motociclista,Masculino,No,N/A,HERIDO,Choque,No mantener distancia de seguridad,Calle 37  Sur Carrera 49,LAS VEGAS,Urbana,"(6.174789471, -75.594204243)"
2162925,10/29/2016,4:40 p.m.,sábado,MOTOCICLETA,PARTICULAR,Motociclista,Masculino,No,N/A,SOLO DAÑOS,Choque,No mantener distancia de seguridad,Transversal 34 DD Sur Diagonal 31,LA SEBASTIANA,Urbana,"(6.171640129, -75.579379099)"
2162947,10/29/2016,4:00 p.m.,sábado,CAMION,PUBLICO,Conductor,Masculino,No,N/A,SOLO DAÑOS,Choque,No mantener distancia de seguridad,Calle 37  Sur Carrera 50,LAS VEGAS,Urbana,
2162947,10/29/2016,4:00 p.m.,sábado,AUTOMOVIL,PARTICULAR,Conductor,Masculino,No,N/A,SOLO DAÑOS,Choque,No mantener distancia de seguridad,Calle 37  Sur Carrera 50,LAS VEGAS,Urbana,
2162928,10/29/2016,4:00 p.m.,sábado,CAMIONETA,PARTICULAR,Conductor,Masculino,No,N/A,SOLO DAÑOS,Choque,Desobedecer senales,Calle 30  Sur Carrera 43 A,BUCAREST,Urbana,"(6.177126039, -75.585250895)"
2162928,10/29/2016,4:00 p.m.,sábado,AUTOMOVIL,PUBLICO,Conductor,Masculino,No,N/A,SOLO DAÑOS,Choque,Desobedecer senales,Calle 30  Sur Carrera 43 A,BUCAREST,Urbana,"(6.177126039, -75.585250895)"
2162950,10/29/2016,1:00 p.m.,sábado,AUTOMOVIL,PARTICULAR,Conductor,Masculino,No,N/A,SOLO DAÑOS,Choque,No mantener distancia de seguridad,Calle 32 B Sur Carrera 50,LAS VEGAS,Urbana,
2162921,10/29/2016,6:20 a.m.,sábado,AUTOMOVIL,PUBLICO,Conductor,Masculino,No,N/A,SOLO DAÑOS,Choque,Reverso imprudente,Calle 45 C Sur Carrera 42,LA PAZ,Urbana,"(6.16308661, -75.594368811)"
2162936,10/29/2016,2:50 p.m.,sábado,MOTOCICLETA,PARTICULAR,Motociclista,Masculino,No,N/A,SOLO DAÑOS,Choque,No mantener distancia de seguridad,Calle 25 A Sur Carrera 48,LAS VEGAS,Urbana,"(6.185202689, -75.583587178)"
2162936,10/29/2016,2:50 p.m.,sábado,AUTOMOVIL,PARTICULAR,Conductor,Femenino,No,N/A,SOLO DAÑOS,Choque,No mantener distancia de seguridad,Calle 25 A Sur Carrera 48,LAS VEGAS,Urbana,"(6.185202689, -75.583587178)"
2162926,10/28/2016,3:10 p.m.,viernes,BUSETA,PUBLICO,Conductor,Masculino,No,N/A,SOLO DAÑOS,Choque,No mantener distancia de seguridad,Calle 23  Sur Carrera 43 A,ZU├æIGA,Urbana,"(6.182706228, -75.580329956)"
2162915,10/28/2016,6:40 a.m.,viernes,BUS,PUBLICO,Conductor,Masculino,No,N/A,HERIDO,Caida Ocupante,Exceso de velocidad,Calle 46  Sur Carrera 46 A,PRIMAVERA,Urbana,"(6.164633401, -75.596689606)"
2162917,10/28/2016,6:40 a.m.,viernes,CAMPERO,PARTICULAR,Conductor,Masculino,No,N/A,HERIDO,Atropello,Cruzar sin observar,Calle 40  Sur Carrera 29,SAN JOSE,Urbana,"(6.159832302, -75.582595296)"
2162961,10/28/2016,6:45 a.m.,viernes,CAMION,PUBLICO,Conductor,Masculino,No,N/A,SOLO DAÑOS,Choque,Adelantar cerrando,Tramo 371 Kilometro  1,VEREDA PALMAS,Rural,
2162961,10/28/2016,6:45 a.m.,viernes,AUTOMOVIL,PARTICULAR,Conductor,Femenino,No,N/A,SOLO DAÑOS,Choque,Adelantar cerrando,Tramo 371 Kilometro  1,VEREDA PALMAS,Rural,
2162944,10/28/2016,10:30 a.m.,viernes,CAMION,PUBLICO,Conductor,Masculino,No,N/A,SOLO DAÑOS,Choque,Obstaculos en la via,Tramo 375  Norte Kilometro  700,VEREDA PALMAS,Rural,
2162944,10/28/2016,10:30 a.m.,viernes,CAMIONETA,PARTICULAR,Conductor,Masculino,No,N/A,SOLO DAÑOS,Choque,Obstaculos en la via,Tramo 375  Norte Kilometro  700,VEREDA PALMAS,Rural,
2162959,10/28/2016,11:10 a.m.,viernes,CAMION,PUBLICO,Conductor,Masculino,No,N/A,SOLO DAÑOS,Choque,No mantener distancia de seguridad,Calle 36 E Sur Carrera 27 G,N/R,Urbana,"(6.167154903, -75.569336965)"
2162959,10/28/2016,11:10 a.m.,viernes,CAMIONETA,PARTICULAR,Conductor,Masculino,No,N/A,SOLO DAÑOS,Choque,No mantener distancia de seguridad,Calle 36 E Sur Carrera 27 G,N/R,Urbana,"(6.167154903, -75.569336965)"
2162959,10/28/2016,11:10 a.m.,viernes,CAMIONETA,PUBLICO,Conductor,Masculino,No,N/A,SOLO DAÑOS,Choque,No mantener distancia de seguridad,Calle 36 E Sur Carrera 27 G,N/R,Urbana,"(6.167154903, -75.569336965)"
2162940,10/28/2016,2:45 p.m.,viernes,CAMIONETA,PARTICULAR,Conductor,Femenino,No,N/A,SOLO DAÑOS,Choque,No mantener distancia de seguridad,Calle 36  Sur Carrera 27,EL CHOCHO,Urbana,"(6.167154903, -75.569336965)"
2162940,10/28/2016,2:45 p.m.,viernes,CAMIONETA,PARTICULAR,Conductor,Masculino,No,N/A,SOLO DAÑOS,Choque,No mantener distancia de seguridad,Calle 36  Sur Carrera 27,EL CHOCHO,Urbana,"(6.167154903, -75.569336965)"
2162926,10/28/2016,3:10 p.m.,viernes,CAMIONETA,PARTICULAR,Conductor,Masculino,No,N/A,SOLO DAÑOS,Choque,No mantener distancia de seguridad,Calle 23  Sur Carrera 43 A,ZU├æIGA,Urbana,"(6.182706228, -75.580329956)"
2162965,10/28/2016,3:30 p.m.,viernes,AUTOMOVIL,PARTICULAR,Conductor,Femenino,No,N/A,SOLO DAÑOS,Choque,Exceso de velocidad,Tramo 371 Kilometro  3,VEREDA EL ESCOBERO,Rural,
2162965,10/28/2016,3:30 p.m.,viernes,AUTOMOVIL,PARTICULAR,Conductor,Masculino,No,N/A,SOLO DAÑOS,Choque,Exceso de velocidad,Tramo 371 Kilometro  3,VEREDA EL ESCOBERO,Rural,
2162922,10/28/2016,3:50 p.m.,viernes,AUTOMOVIL,PARTICULAR,Conductor,Femenino,No,N/A,SOLO DAÑOS,Choque,Adelantar cerrando,Calle 24  Sur Carrera 38,N/R,Urbana,"(6.177798131, -75.5727217)"
2162922,10/28/2016,3:50 p.m.,viernes,AUTOMOVIL,PARTICULAR,Conductor,Masculino,No,N/A,SOLO DAÑOS,Choque,Adelantar cerrando,Calle 24  Sur Carrera 38,N/R,Urbana,"(6.177798131, -75.5727217)"
2162930,10/28/2016,5:20 p.m.,viernes,CAMPERO,PARTICULAR,Conductor,Masculino,No,N/A,SOLO DAÑOS,Choque,No mantener distancia de seguridad,Calle 39  Sur Carrera 43 A,ALCALA,Urbana,"(6.169120914, -75.589530358)"
2162930,10/28/2016,5:20 p.m.,viernes,MOTOCICLETA,PARTICULAR,Motociclista,Masculino,No,N/A,SOLO DAÑOS,Choque,No mantener distancia de seguridad,Calle 39  Sur Carrera 43 A,ALCALA,Urbana,"(6.169120914, -75.589530358)"
2162945,10/28/2016,6:00 p.m.,viernes,AUTOMOVIL,PARTICULAR,Conductor,Masculino,No,N/A,SOLO DAÑOS,Choque,Obstaculos en la via,Calle 29  Sur Carrera 45 B,N/R,Urbana,"(6.179896057, -75.586397028)"
2162951,10/28/2016,6:15 p.m.,viernes,AUTOMOVIL,PARTICULAR,Conductor,Femenino,No,N/A,SOLO DAÑOS,Choque,No mantener distancia de seguridad,Calle 32 B Sur Carrera 48,LAS VEGAS,Urbana,"(6.177255701, -75.590031365)"
2162951,10/28/2016,6:15 p.m.,viernes,AUTOMOVIL,PARTICULAR,Conductor,Femenino,No,N/A,SOLO DAÑOS,Choque,No mantener distancia de seguridad,Calle 32 B Sur Carrera 48,LAS VEGAS,Urbana,"(6.177255701, -75.590031365)"
2162919,10/27/2016,5:50 p.m.,jueves,MOTOCICLETA,PARTICULAR,Motociclista,Masculino,No,N/A,SOLO DAÑOS,Choque,Semaforo en rojo,Calle 30  Sur Carrera 48,LAS VEGAS,Urbana,"(6.180376127, -75.590288049)"
2162919,10/27/2016,5:50 p.m.,jueves,AUTOMOVIL,PARTICULAR,Conductor,Masculino,No,N/A,SOLO DAÑOS,Choque,Semaforo en rojo,Calle 30  Sur Carrera 48,LAS VEGAS,Urbana,"(6.180376127, -75.590288049)"
2162909,10/27/2016,6:15 p.m.,jueves,CAMIONETA,PARTICULAR,Conductor,Masculino,No,N/A,SOLO DAÑOS,Choque,Adelantar cerrando,Calle 50  Sur Carrera 48,LAS CASITAS,Urbana,
2162909,10/27/2016,6:15 p.m.,jueves,AUTOMOVIL,PARTICULAR,Conductor,Femenino,No,N/A,SOLO DAÑOS,Choque,Adelantar cerrando,Calle 50  Sur Carrera 48,LAS CASITAS,Urbana,
2162905,10/27/2016,8:00 p.m.,jueves,AUTOMOVIL,PARTICULAR,Conductor,Masculino,No,N/A,HERIDO,Caida Ocupante,Otra,Transversal 33  Sur Diagonal 33,LA MAGNOLIA,Urbana,"(6.173879308, -75.584283827)"
2162931,10/27/2016,8:00 p.m.,jueves,CAMION,PARTICULAR,Conductor,Masculino,No,N/A,SOLO DAÑOS,Choque,Otra,Tramo 372 Kilometro  12,VEREDA PALMAS,Rural,
2162910,10/27/2016,9:30 p.m.,jueves,AUTOMOVIL,PUBLICO,Conductor,Masculino,No,N/A,SOLO DAÑOS,Choque,No mantener distancia de seguridad,Tramo 372 Kilometro  13,VEREDA PALMAS,Rural,
2162910,10/27/2016,9:30 p.m.,jueves,BUS,PUBLICO,Conductor,Masculino,No,N/A,SOLO DAÑOS,Choque,No mantener distancia de seguridad,Tramo 372 Kilometro  13,VEREDA PALMAS,Rural,
2162903,10/27/2016,10:50 p.m.,jueves,CAMIONETA,PARTICULAR,Conductor,Femenino,No,N/A,HERIDO,Choque,No mantener distancia de seguridad,Calle 37  Sur Carrera 49,LAS VEGAS,Urbana,"(6.174789471, -75.594204243)"
2162916,10/27/2016,4:00 p.m.,jueves,MOTOCICLETA,PARTICULAR,Motociclista,Masculino,No,N/A,HERIDO,Atropello,Exceso de velocidad,Calle 40  Sur Carrera 29,SAN RAFAEL,Urbana,"(6.159832302, -75.582595296)"
2162903,10/27/2016,10:50 p.m.,jueves,AUTOMOVIL,PARTICULAR,Conductor,Masculino,No,N/A,HERIDO,Choque,No mantener distancia de seguridad,Calle 37  Sur Carrera 49,LAS VEGAS,Urbana,"(6.174789471, -75.594204243)"
2162913,10/27/2016,2:40 p.m.,jueves,AUTOMOVIL,PARTICULAR,Conductor,Femenino,No,N/A,SOLO DAÑOS,Choque,Desobedecer senales,Calle 38  Sur Carrera 37,MESA,Urbana,"(6.167718264, -75.584185497)"
2162949,10/27/2016,8:10 a.m.,jueves,CAMPERO,PARTICULAR,Conductor,Femenino,No,N/A,SOLO DAÑOS,Choque,No mantener distancia de seguridad,Calle 37  Sur Carrera 50,N/R,Urbana,
2162904,10/27/2016,7:20 a.m.,jueves,MOTOCICLETA,PARTICULAR,Motociclista,Masculino,No,N/A,HERIDO,Choque,Adelantar cerrando,Tramo 12 Kilometro  9,VEREDA PALMAS,Rural,
2162904,10/27/2016,7:20 a.m.,jueves,AUTOMOVIL,PARTICULAR,Conductor,Masculino,No,N/A,HERIDO,Choque,Adelantar cerrando,Tramo 12 Kilometro  9,VEREDA PALMAS,Rural,
2162924,10/27/2016,6:50 a.m.,jueves,MOTOCICLETA,PARTICULAR,Motociclista,Masculino,No,N/A,SOLO DAÑOS,Choque,Otra,Transversal 27 A Sur Carrera 42 B,LA MAGNOLIA,Urbana,"(6.158218327, -75.58174111)"
2162924,10/27/2016,6:50 a.m.,jueves,MICROBUS,PUBLICO,Conductor,Femenino,No,N/A,SOLO DAÑOS,Choque,Otra,Transversal 27 A Sur Carrera 42 B,LA MAGNOLIA,Urbana,"(6.158218327, -75.58174111)"
2162911,10/27/2016,6:45 a.m.,jueves,MOTOCICLETA,PARTICULAR,Motociclista,Femenino,No,N/A,SOLO DAÑOS,Choque,Transitar entre vehiculos,Calle 46  Sur Carrera 50,LAS VEGAS,Urbana,
2162911,10/27/2016,6:45 a.m.,jueves,AUTOMOVIL,PARTICULAR,Conductor,Masculino,No,N/A,SOLO DAÑOS,Choque,Transitar entre vehiculos,Calle 46  Sur Carrera 50,LAS VEGAS,Urbana,
2162898,10/27/2016,6:45 a.m.,jueves,MOTOCICLETA,PARTICULAR,Motociclista,Masculino,No,N/A,SOLO DAÑOS,Choque,No mantener distancia de seguridad,Calle 31  Sur Carrera 48,LAS VEGAS,Urbana,
2162898,10/27/2016,6:45 a.m.,jueves,AUTOMOVIL,PARTICULAR,Conductor,Femenino,No,N/A,SOLO DAÑOS,Choque,No mantener distancia de seguridad,Calle 31  Sur Carrera 48,LAS VEGAS,Urbana,
2162906,10/27/2016,6:40 a.m.,jueves,AUTOMOVIL,PARTICULAR,Conductor,Masculino,No,N/A,SOLO DAÑOS,Choque,No mantener distancia de seguridad,Calle 39  Sur Carrera 42,ZONA CENTRO,Urbana,"(6.168300638, -75.588159271)"
2162906,10/27/2016,6:40 a.m.,jueves,AUTOMOVIL,PARTICULAR,Conductor,Masculino,No,N/A,SOLO DAÑOS,Choque,No mantener distancia de seguridad,Calle 39  Sur Carrera 42,ZONA CENTRO,Urbana,"(6.168300638, -75.588159271)"
2162899,10/27/2016,6:30 a.m.,jueves,AUTOMOVIL,PARTICULAR,Conductor,Masculino,No,N/A,SOLO DAÑOS,Choque,Transitar entre vehiculos,Calle 39  Sur Carrera 50,LAS VEGAS,Urbana,