RADICADO,FECHA,HORA,DÍA DE LA SEMANA,CLASE DE VEHICULO,TIPO DE SERVICIO,TIPO DE VICTIMA,SEXO,ESTADO DE BEODEZ,RESULTADO DE BEODEZ,GRAVEDAD,CLASE DE ACCIDENTE,CAUSA,DIRECCIÓN,BARRIO,AREA,Coordenadas
2162868,10/22/2016,7:05 a.m.,sábado,BICICLETA,PARTICULAR,Ciclista,Masculino,No,N/A,HERIDO,Choque,No mantener distancia de seguridad,Calle 25 A Sur Carrera 50,LAS VEGAS,Urbana,
2162868,10/22/2016,7:05 a.m.,sábado,AUTOMOVIL,PARTICULAR,Conductor,Masculino,No,N/A,HERIDO,Choque,No mantener distancia de seguridad,Calle 25 A Sur Carrera 50,LAS VEGAS,Urbana,
2162837,10/22/2016,6:10 a.m.,sábado,MOTOCICLETA,PARTICULAR,Motociclista,Masculino,No,N/A,HERIDO,Choque,Desobedecer senales,Calle 38  Sur Carrera 35,MESA,Urbana,"(6.167045877, -75.583168417)"
2162850,10/21/2016,8:20 a.m.,viernes,MOTOCICLETA,PARTICULAR,Motociclista,Masculino,No,N/A,SOLO DAÑOS,Choque,Transitar entre vehiculos,Calle 35  Sur Carrera 48,LAS VEGAS,Urbana,
2162855,10/21/2016,9:45 p.m.,viernes,BICICLETA,PARTICULAR,Ciclista,Masculino,No,N/A,SOLO DAÑOS,Choque,No respetar prelacion,Calle 46  Sur Carrera 48,LAS VEGAS,Urbana,"(6.162824447, -75.599686607)"
2162855,10/21/2016,9:45 p.m.,viernes,MOTOCICLETA,PARTICULAR,Motociclista,Femenino,No,N/A,SOLO DAÑOS,Choque,No respetar prelacion,Calle 46  Sur Carrera 48,LAS VEGAS,Urbana,"(6.162824447, -75.599686607)"
2162838,10/21/2016,9:20 p.m.,viernes,BICICLETA,PARTICULAR,Ciclista,Masculino,No,N/A,HERIDO,Atropello,Exceso de velocidad,Calle 46 B Sur Carrera 42,LA PAZ,Urbana,"(6.161302711, -75.593998446)"
2162836,10/21/2016,6:30 p.m.,viernes,MOTOCICLETA,PARTICULAR,Motociclista,Masculino,No,N/A,HERIDO,Choque,Desobedecer senales,Diagonal 32 D Transversal 32,LA MAGNOLIA,Urbana,"(6.175661946, -75.584184038)"
2162836,10/21/2016,6:30 p.m.,viernes,AUTOMOVIL,PUBLICO,Conductor,Masculino,No,N/A,HERIDO,Choque,Desobedecer senales,Diagonal 32 D Transversal 32,LA MAGNOLIA,Urbana,"(6.175661946, -75.584184038)"
2162833,10/21/2016,6:00 p.m.,viernes,MOTOCICLETA,PARTICULAR,Motociclista,Masculino,No,N/A,SOLO DAÑOS,Choque,Otra,Calle 31 D Sur Carrera 24,VEREDA EL ESCOBERO,Urbana,
2162833,10/21/2016,6:00 p.m.,viernes,MOTOCICLETA,PARTICULAR,Motociclista,Masculino,No,N/A,SOLO DAÑOS,Choque,Otra,Calle 31 D Sur Carrera 24,VEREDA EL ESCOBERO,Urbana,
2162852,10/21/2016,3:00 p.m.,viernes,AUTOMOVIL,PARTICULAR,Conductor,Masculino,No,N/A,SOLO DAÑOS,Choque,Adelantar cerrando,Calle 37  Sur Carrera 43 A,ZONA CENTRO,Urbana,"(6.171151654, -75.58815663)"
2162852,10/21/2016,3:00 p.m.,viernes,AUTOMOVIL,PUBLICO,Conductor,Masculino,No,N/A,SOLO DAÑOS,Choque,Adelantar cerrando,Calle 37  Sur Carrera 43 A,ZONA CENTRO,Urbana,"(6.171151654, -75.58815663)"
2162845,10/21/2016,2:07 p.m.,viernes,AUTOMOVIL,PUBLICO,Conductor,Masculino,No,N/A,SOLO DAÑOS,Choque,No mantener distancia de seguridad,Calle 40  Sur Carrera 43 A,ALCALA,Urbana,"(6.167965983, -75.590242146)"
2162845,10/21/2016,2:07 p.m.,viernes,AUTOMOVIL,PARTICULAR,Conductor,Femenino,No,N/A,SOLO DAÑOS,Choque,No mantener distancia de seguridad,Calle 40  Sur Carrera 43 A,ALCALA,Urbana,"(6.167965983, -75.590242146)"
2162834,10/21/2016,1:30 p.m.,viernes,BUS,PUBLICO,Conductor,Masculino,No,N/A,HERIDO,Caida Ocupante,Exceso de velocidad,Tramo 377 Kilometro  16,VEREDA PALMAS,Rural,
2162865,10/21/2016,1:10 p.m.,viernes,AUTOMOVIL,PARTICULAR,Conductor,Masculino,No,N/A,SOLO DAÑOS,Choque,No mantener distancia de seguridad,Diagonal 32 Transversal 35 D,N/R,Urbana,"(6.168815732, -75.580692419)"
2162865,10/21/2016,1:10 p.m.,viernes,CAMPERO,PARTICULAR,Conductor,Masculino,No,N/A,SOLO DAÑOS,Choque,No mantener distancia de seguridad,Diagonal 32 Transversal 35 D,N/R,Urbana,"(6.168815732, -75.580692419)"
2162856,10/21/2016,12:30 p.m.,viernes,AUTOMOVIL,PUBLICO,Conductor,Masculino,No,N/A,SOLO DAÑOS,Choque,No respetar prelacion,Calle 38  Sur Carrera 48,LAS VEGAS,Urbana,
2162856,10/21/2016,12:30 p.m.,viernes,CAMIONETA,PARTICULAR,Conductor,Masculino,No,N/A,SOLO DAÑOS,Choque,No respetar prelacion,Calle 38  Sur Carrera 48,LAS VEGAS,Urbana,
2162827,10/21/2016,12:15 p.m.,viernes,MOTOCICLETA,PARTICULAR,Motociclista,Masculino,No,N/A,HERIDO,Choque,No mantener distancia de seguridad,Calle 25  Sur Carrera 50,LAS VEGAS,Urbana,
2162827,10/21/2016,12:15 p.m.,viernes,TRACTO-CAMION REMOLQUE,PUBLICO,Conductor,Masculino,No,N/A,HERIDO,Choque,No mantener distancia de seguridad,Calle 25  Sur Carrera 50,LAS VEGAS,Urbana,
2162857,10/21/2016,8:50 a.m.,viernes,CAMION,PARTICULAR,Conductor,Masculino,No,N/A,SOLO DAÑOS,Choque,Adelantar cerrando,Calle 46 A Sur Carrera 50,LAS VEGAS,Urbana,
2162857,10/21/2016,8:50 a.m.,viernes,CAMIONETA,PARTICULAR,Conductor,Femenino,No,N/A,SOLO DAÑOS,Choque,Adelantar cerrando,Calle 46 A Sur Carrera 50,LAS VEGAS,Urbana,
2162850,10/21/2016,8:20 a.m.,viernes,AUTOMOVIL,PARTICULAR,Conductor,Femenino,No,N/A,SOLO DAÑOS,Choque,Transitar entre vehiculos,Calle 35  Sur Carrera 48,LAS VEGAS,Urbana,
2162858,10/21/2016,8:05 a.m.,viernes,AUTOMOVIL,PARTICULAR,Conductor,Femenino,No,N/A,SOLO DAÑOS,Choque,Desobedecer senales,Calle 38  Sur Carrera 48,LAS VEGAS,Urbana,
2162858,10/21/2016,8:05 a.m.,viernes,AUTOMOVIL,PUBLICO,Conductor,Masculino,No,N/A,SOLO DAÑOS,Choque,Desobedecer senales,Calle 38  Sur Carrera 48,LAS VEGAS,Urbana,
2162863,10/21/2016,7:55 a.m.,viernes,AUTOMOVIL,PARTICULAR,Conductor,Masculino,No,N/A,SOLO DAÑOS,Choque,No mantener distancia de seguridad,Calle 25 AA Sur Carrera 50,LAS VEGAS,Urbana,"(6.182478523, -75.583313359)"
2162863,10/21/2016,7:55 a.m.,viernes,MOTOCICLETA,PARTICULAR,Motociclista,Masculino,No,N/A,SOLO DAÑOS,Choque,No mantener distancia de seguridad,Calle 25 AA Sur Carrera 50,LAS VEGAS,Urbana,"(6.182478523, -75.583313359)"
2162840,10/21/2016,7:10 a.m.,viernes,MOTOCICLETA,PARTICULAR,Motociclista,Masculino,No,N/A,HERIDO,Choque,Transitar entre vehiculos,Calle 25 AA Sur Carrera 50,LAS VEGAS,Urbana,"(6.182478523, -75.583313359)"
2162840,10/21/2016,7:10 a.m.,viernes,MOTOCICLETA,PARTICULAR,Motociclista,Masculino,No,N/A,HERIDO,Choque,Transitar entre vehiculos,Calle 25 AA Sur Carrera 50,LAS VEGAS,Urbana,"(6.182478523, -75.583313359)"
2162848,10/21/2016,6:40 a.m.,viernes,AUTOMOVIL,PARTICULAR,Conductor,Femenino,No,N/A,SOLO DAÑOS,Choque,No respetar prelacion,Calle 48 C Sur Carrera 48,LAS VEGAS,Urbana,"(6.159138282, -75.596259706)"
2162848,10/21/2016,6:40 a.m.,viernes,CAMIONETA,PARTICULAR,Conductor,Masculino,No,N/A,SOLO DAÑOS,Choque,No respetar prelacion,Calle 48 C Sur Carrera 48,LAS VEGAS,Urbana,"(6.159138282, -75.596259706)"
2162829,10/20/2016,9:50 p.m.,jueves,CAMIONETA,PUBLICO,Conductor,Masculino,No,N/A,SOLO DAÑOS,Choque,Desobedecer senales,Calle 38  Sur Carrera 48,N/R,Urbana,
2162829,10/20/2016,9:50 p.m.,jueves,AUTOMOVIL,PUBLICO,Conductor,Masculino,No,N/A,SOLO DAÑOS,Choque,Desobedecer senales,Calle 38  Sur Carrera 48,N/R,Urbana,
2162828,10/20/2016,6:20 p.m.,jueves,MOTOCICLETA,PARTICULAR,Motociclista,Masculino,No,N/A,HERIDO,Choque,Adelantar por la derecha,Calle 21  Sur Carrera 42,N/R,Urbana,"(6.183287121, -75.578959802)"
2162828,10/20/2016,6:20 p.m.,jueves,AUTOMOVIL,PARTICULAR,Conductor,Masculino,No,N/A,HERIDO,Choque,Adelantar por la derecha,Calle 21  Sur Carrera 42,N/R,Urbana,"(6.183287121, -75.578959802)"
2162820,10/20/2016,6:00 p.m.,jueves,AUTOMOVIL,PARTICULAR,Conductor,Masculino,No,N/A,SOLO DAÑOS,Choque,No mantener distancia de seguridad,Calle 36 D Sur Carrera 27 A,VEREDA EL ESCOBERO,Urbana,"(6.164831751, -75.574234965)"
2162820,10/20/2016,6:00 p.m.,jueves,CAMIONETA,PARTICULAR,Conductor,Femenino,No,N/A,SOLO DAÑOS,Choque,No mantener distancia de seguridad,Calle 36 D Sur Carrera 27 A,VEREDA EL ESCOBERO,Urbana,"(6.164831751, -75.574234965)"
2162813,10/20/2016,11:05 a.m.,jueves,AUTOMOVIL,PUBLICO,Conductor,Masculino,No,N/A,SOLO DAÑOS,Choque,Adelantar cerrando,Calle 45 A Sur Carrera 42 B,LA PAZ,Urbana,"(6.164010693, -75.593952112)"
2162813,10/20/2016,11:05 a.m.,jueves,CAMPERO,PARTICULAR,Conductor,Masculino,No,N/A,SOLO DAÑOS,Choque,Adelantar cerrando,Calle 45 A Sur Carrera 42 B,LA PAZ,Urbana,"(6.164010693, -75.593952112)"
2162812,10/20/2016,10:30 a.m.,jueves,MOTOCICLETA,PARTICULAR,Motociclista,Masculino,No,N/A,SOLO DAÑOS,Choque,No mantener distancia de seguridad,Calle 38  Sur Carrera 43 A,ZONA CENTRO,Urbana,"(6.170537577, -75.588625139)"
2162812,10/20/2016,10:30 a.m.,jueves,CAMION,PARTICULAR,Conductor,Masculino,No,N/A,SOLO DAÑOS,Choque,No mantener distancia de seguridad,Calle 38  Sur Carrera 43 A,ZONA CENTRO,Urbana,"(6.170537577, -75.588625139)"
2162831,10/20/2016,9:20 a.m.,jueves,MOTOCICLETA,PARTICULAR,Motociclista,Masculino,No,N/A,SOLO DAÑOS,Choque,Desobedecer senales,Calle 45 B Sur Carrera 43,LA PAZ,Urbana,"(6.164485785, -75.594678415)"
2162831,10/20/2016,9:20 a.m.,jueves,AUTOMOVIL,PUBLICO,Conductor,Masculino,No,N/A,SOLO DAÑOS,Choque,Desobedecer senales,Calle 45 B Sur Carrera 43,LA PAZ,Urbana,"(6.164485785, -75.594678415)"
2162859,10/20/2016,8:20 a.m.,jueves,AUTOMOVIL,PARTICULAR,Conductor,Femenino,No,N/A,SOLO DAÑOS,Volcamiento,Impericia en el manejo,Tramo 372 Kilometro  15,VEREDA PALMAS,Rural,
2162826,10/20/2016,7:05 a.m.,jueves,MOTOCICLETA,PARTICULAR,Motociclista,Masculino,No,N/A,SOLO DAÑOS,Choque,Impericia en el manejo,Calle 40  Sur Carrera 28 B,SAN JOSE,Urbana,"(6.160728003, -75.581424021)"
2162826,10/20/2016,7:05 a.m.,jueves,BUS,PUBLICO,Conductor,Masculino,No,N/A,SOLO DAÑOS,Choque,Impericia en el manejo,Calle 40  Sur Carrera 28 B,SAN JOSE,Urbana,"(6.160728003, -75.581424021)"
2162830,10/20/2016,6:00 a.m.,jueves,MOTOCICLETA,PARTICULAR,Motociclista,Masculino,No,N/A,SOLO DAÑOS,Choque,Desobedecer senales,Calle 38 B Sur Carrera 47 A,ALCALA,Urbana,"(6.17185993, -75.592965574)"
2162830,10/20/2016,6:00 a.m.,jueves,AUTOMOVIL,PUBLICO,Conductor,Masculino,No,N/A,SOLO DAÑOS,Choque,Desobedecer senales,Calle 38 B Sur Carrera 47 A,ALCALA,Urbana,"(6.17185993, -75.592965574)"
2162815,10/19/2016,7:20 p.m.,miércoles,AUTOMOVIL,PARTICULAR,Conductor,Femenino,No,N/A,SOLO DAÑOS,Choque,No mantener distancia de seguridad,Calle 40 A Sur Carrera 46 A,ALCALA,Urbana,"(6.168801152, -75.594449013)"
2162815,10/19/2016,7:20 p.m.,miércoles,MOTOCICLETA,DIPLOMATICO,Motociclista,Masculino,No,N/A,SOLO DAÑOS,Choque,No mantener distancia de seguridad,Calle 40 A Sur Carrera 46 A,ALCALA,Urbana,"(6.168801152, -75.594449013)"
2162817,10/19/2016,6:30 p.m.,miércoles,AUTOMOVIL,PARTICULAR,Conductor,Masculino,No,N/A,SOLO DAÑOS,Choque,Exceso de velocidad,Diagonal 39 Transversal 34 B,OBRERO,Urbana,"(6.171523576, -75.584132439)"
2162817,10/19/2016,6:30 p.m.,miércoles,MOTOCICLETA,PARTICULAR,Motociclista,Masculino,No,N/A,SOLO DAÑOS,Choque,Exceso de velocidad,Diagonal 39 Transversal 34 B,OBRERO,Urbana,"(6.171523576, -75.584132439)"
2163597,10/19/2016,6:10 p.m.,miércoles,AUTOMOVIL,PARTICULAR,Conductor,Masculino,No,N/A,HERIDO,Atropello,Otra,Calle 38 A Sur Carrera 38,SAN JOSE,Urbana,"(6.167339205, -75.585136359)"
2162832,10/19/2016,6:00 p.m.,miércoles,CAMIONETA,PARTICULAR,Conductor,Masculino,No,N/A,SOLO DAÑOS,Choque,Reverso imprudente,Tramo 373 Kilometro  10,VEREDA PALMAS,Rural,
2162832,10/19/2016,6:00 p.m.,miércoles,CAMION,PARTICULAR,Conductor,Masculino,No,N/A,SOLO DAÑOS,Choque,Reverso imprudente,Tramo 373 Kilometro  10,VEREDA PALMAS,Rural,
2162818,10/19/2016,5:10 p.m.,miércoles,MOTOCICLETA,PARTICULAR,Motociclista,Masculino,No,N/A,HERIDO,Choque,Desobedecer senales,Diagonal 32 D Transversal 32 A,LA MAGNOLIA,Urbana,"(6.175128619, -75.583985655)"
2162818,10/19/2016,5:10 p.m.,miércoles,AUTOMOVIL,PARTICULAR,Conductor,Masculino,No,N/A,HERIDO,Choque,Desobedecer senales,Diagonal 32 D Transversal 32 A,LA MAGNOLIA,Urbana,"(6.175128619, -75.583985655)"
2162814,10/19/2016,3:15 p.m.,miércoles,AUTOMOVIL,PUBLICO,Conductor,Masculino,No,N/A,SOLO DAÑOS,Choque,Adelantar cerrando,Calle 40  Sur Carrera 48,LAS VEGAS,Urbana,"(6.158744179, -75.594597118)"
2162814,10/19/2016,3:15 p.m.,miércoles,TRACTOCAMION,PUBLICO,Conductor,Masculino,No,N/A,SOLO DAÑOS,Choque,Adelantar cerrando,Calle 40  Sur Carrera 48,LAS VEGAS,Urbana,"(6.158744179, -75.594597118)"
2162823,10/19/2016,3:00 p.m.,miércoles,AUTOMOVIL,PARTICULAR,Conductor,Masculino,No,N/A,SOLO DAÑOS,Choque,Otra,Calle 29  Sur Carrera 45 A,N/R,Urbana,"(6.179923549, -75.586256751)"
2162823,10/19/2016,3:00 p.m.,miércoles,AUTOMOVIL,PARTICULAR,Conductor,Masculino,No,N/A,SOLO DAÑOS,Choque,Otra,Calle 29  Sur Carrera 45 A,N/R,Urbana,"(6.179923549, -75.586256751)"
2162824,10/19/2016,2:50 p.m.,miércoles,AUTOMOVIL,PARTICULAR,Conductor,Masculino,No,N/A,SOLO DAÑOS,Choque,Poner en marcha un vehiculo sin precauci,Calle 40 H Sur Carrera 41,EL DORADO,Urbana,"(6.164634475, -75.590462131)"
2162824,10/19/2016,2:50 p.m.,miércoles,CAMION,PARTICULAR,Conductor,Masculino,No,N/A,SOLO DAÑOS,Choque,Poner en marcha un vehiculo sin precauci,Calle 40 H Sur Carrera 41,EL DORADO,Urbana,"(6.164634475, -75.590462131)"
2162846,10/19/2016,2:40 p.m.,miércoles,CAMIONETA,PARTICULAR,Conductor,Femenino,No,N/A,SOLO DAÑOS,Choque,No mantener distancia de seguridad,Calle 30  Sur Carrera 46 A,JARDINES,Urbana,"(6.179166125, -75.587495869)"
2162846,10/19/2016,2:40 p.m.,miércoles,AUTOMOVIL,PARTICULAR,Conductor,Masculino,No,N/A,SOLO DAÑOS,Choque,No mantener distancia de seguridad,Calle 30  Sur Carrera 46 A,JARDINES,Urbana,"(6.179166125, -75.587495869)"
2162816,10/19/2016,2:25 p.m.,miércoles,AUTOMOVIL,PARTICULAR,Conductor,Masculino,No,N/A,SOLO DAÑOS,Choque,No respetar prelacion,Calle 26  Sur Carrera 34 A,VILLA GRANDE,Urbana,
2162816,10/19/2016,2:25 p.m.,miércoles,AUTOMOVIL,PARTICULAR,Conductor,Femenino,No,N/A,SOLO DAÑOS,Choque,No respetar prelacion,Calle 26  Sur Carrera 34 A,VILLA GRANDE,Urbana,
2162798,10/19/2016,1:10 p.m.,miércoles,MICROBUS,PUBLICO,Conductor,Femenino,No,N/A,HERIDO,Choque,Desobedecer senales,Transversal 33  Sur Diagonal 33,OBRERO,Urbana,"(6.173879308, -75.584283827)"
2162798,10/19/2016,1:10 p.m.,miércoles,AUTOMOVIL,PARTICULAR,Conductor,Femenino,No,N/A,HERIDO,Choque,Desobedecer senales,Transversal 33  Sur Diagonal 33,OBRERO,Urbana,"(6.173879308, -75.584283827)"
2162798,10/19/2016,1:10 p.m.,miércoles,MOTOCICLETA,PARTICULAR,Motociclista,Masculino,No,N/A,HERIDO,Choque,Desobedecer senales,Transversal 33  Sur Diagonal 33,OBRERO,Urbana,"(6.173879308, -75.584283827)"
2162825,10/19/2016,10:40 a.m.,miércoles,AUTOMOVIL,PUBLICO,Conductor,Masculino,No,N/A,SOLO DAÑOS,Choque,No mantener distancia de seguridad,Calle 37  Sur Carrera 50,LAS VEGAS,Urbana,
2162825,10/19/2016,10:40 a.m.,miércoles,AUTOMOVIL,PARTICULAR,Conductor,Masculino,No,N/A,SOLO DAÑOS,Choque,No mantener distancia de seguridad,Calle 37  Sur Carrera 50,LAS VEGAS,Urbana,
2162808,10/19/2016,9:45 a.m.,miércoles,MOTOCICLETA,PARTICULAR,Motociclista,Masculino,No,N/A,HERIDO,Atropello,Cruzar sin observar,Diagonal 32 Transversal 34,OBRERO,Urbana,"(6.173484731, -75.581690487)"
2162821,10/19/2016,7:00 a.m.,miércoles,AUTOMOVIL,PARTICULAR,Conductor,Femenino,No,N/A,SOLO DAÑOS,Choque,Desobedecer senales,Carrera 43 Transversal 33,LA MAGNOLIA,Urbana,"(6.173540656, -75.585683369)"
2162821,10/19/2016,7:00 a.m.,miércoles,BUS,PUBLICO,Conductor,Masculino,No,N/A,SOLO DAÑOS,Choque,Desobedecer senales,Carrera 43 Transversal 33,LA MAGNOLIA,Urbana,"(6.173540656, -75.585683369)"
2162821,10/19/2016,7:00 a.m.,miércoles,MICROBUS,PUBLICO,Conductor,Masculino,No,N/A,SOLO DAÑOS,Choque,Desobedecer senales,Carrera 43 Transversal 33,LA MAGNOLIA,Urbana,"(6.173540656, -75.585683369)"
2162805,10/18/2016,9:10 p.m.,martes,AUTOMOVIL,PARTICULAR,Conductor,Masculino,No,N/A,HERIDO,Choque,No mantener distancia de seguridad,Calle 30  Sur Carrera 48,LAS VEGAS,Urbana,"(6.180376127, -75.590288049)"
2162805,10/18/2016,9:10 p.m.,martes,MOTOCICLETA,PARTICULAR,Motociclista,Femenino,No,N/A,HERIDO,Choque,No mantener distancia de seguridad,Calle 30  Sur Carrera 48,LAS VEGAS,Urbana,"(6.180376127, -75.590288049)"
2162819,10/18/2016,8:10 p.m.,martes,AUTOMOVIL,PARTICULAR,Conductor,Masculino,No,N/A,SOLO DAÑOS,Choque,Adelantar cerrando,Tramo 373 Kilometro  5,VEREDA PALMAS,Rural,
2162819,10/18/2016,8:10 p.m.,martes,AUTOMOVIL,PARTICULAR,Conductor,Femenino,No,N/A,SOLO DAÑOS,Choque,Adelantar cerrando,Tramo 373 Kilometro  5,VEREDA PALMAS,Rural,
2162797,10/18/2016,6:40 p.m.,martes,CAMION,PUBLICO,Conductor,Masculino,No,N/A,SOLO DAÑOS,Choque,No mantener distancia de seguridad,Calle 37  Sur Carrera 46,N/R,Urbana,"(6.172613713, -75.590909108)"
2162797,10/18/2016,6:40 p.m.,martes,AUTOMOVIL,PARTICULAR,Conductor,Masculino,No,N/A,SOLO DAÑOS,Choque,No mantener distancia de seguridad,Calle 37  Sur Carrera 46,N/R,Urbana,"(6.172613713, -75.590909108)"
2162809,10/18/2016,6:10 p.m.,martes,MOTOCICLETA,PARTICULAR,Motociclista,Masculino,No,N/A,SOLO DAÑOS,Choque,Otra,Calle 36 D Sur Carrera 27 A,N/R,Urbana,"(6.164831751, -75.574234965)"
2162809,10/18/2016,6:10 p.m.,martes,CAMPERO,PARTICULAR,Conductor,Femenino,No,N/A,SOLO DAÑOS,Choque,Otra,Calle 36 D Sur Carrera 27 A,N/R,Urbana,"(6.164831751, -75.574234965)"
2162799,10/18/2016,5:17 p.m.,martes,MOTOCICLETA,PARTICULAR,Motociclista,Femenino,No,N/A,SOLO DAÑOS,Choque,Transitar entre vehiculos,Calle 38  Sur Carrera 41,ZONA CENTRO,Urbana,"(6.169244976, -75.586588065)"
2162799,10/18/2016,5:17 p.m.,martes,AUTOMOVIL,PARTICULAR,Conductor,Femenino,No,N/A,SOLO DAÑOS,Choque,Transitar entre vehiculos,Calle 38  Sur Carrera 41,ZONA CENTRO,Urbana,"(6.169244976, -75.586588065)"
2162811,10/18/2016,4:40 p.m.,martes,MOTOCICLETA,PARTICULAR,Motociclista,Femenino,No,N/A,SOLO DAÑOS,Choque,Desobedecer senales,Calle 38 A Sur Carrera 39,ZONA CENTRO,Urbana,"(6.167679571, -75.585676277)"
2162811,10/18/2016,4:40 p.m.,martes,AUTOMOVIL,PUBLICO,Conductor,Masculino,No,N/A,SOLO DAÑOS,Choque,Desobedecer senales,Calle 38 A Sur Carrera 39,ZONA CENTRO,Urbana,"(6.167679571, -75.585676277)"
2162803,10/18/2016,3:00 p.m.,martes,AUTOMOVIL,PARTICULAR,Conductor,Femenino,No,N/A,SOLO DAÑOS,Choque,No respetar prelacion,Calle 34 DD Sur Diagonal 29,N/R,Urbana,"(6.170939487, -75.576690595)"
2162803,10/18/2016,3:00 p.m.,martes,AUTOMOVIL,PUBLICO,Conductor,Masculino,No,N/A,SOLO DAÑOS,Choque,No respetar prelacion,Calle 34 DD Sur Diagonal 29,N/R,Urbana,"(6.170939487, -75.576690595)"
2162806,10/18/2016,2:40 p.m.,martes,AUTOMOVIL,PARTICULAR,Conductor,Masculino,No,N/A,SOLO DAÑOS,Choque,Reverso imprudente,Calle 36  Sur Carrera 40,ZONA CENTRO,Urbana,"(6.170187625, -75.585057659)"
2162806,10/18/2016,2:40 p.m.,martes,CAMIONETA,PARTICULAR,Conductor,Femenino,No,N/A,SOLO DAÑOS,Choque,Reverso imprudente,Calle 36  Sur Carrera 40,ZONA CENTRO,Urbana,"(6.170187625, -75.585057659)"
2162800,10/18/2016,1:40 p.m.,martes,MOTOCICLETA,PARTICULAR,Motociclista,Masculino,No,N/A,HERIDO,Otro,Otra,Calle 27  Sur Carrera 50,LAS VEGAS,Urbana,
2162822,10/18/2016,12:00 p.m.,martes,AUTOMOVIL,PARTICULAR,Conductor,Femenino,No,N/A,HERIDO,Choque,Desobedecer senales,Diagonal 33 Transversal 33,LA MAGNOLIA,Urbana,"(6.173879308, -75.584283827)"
2162822,10/18/2016,12:00 p.m.,martes,MOTOCICLETA,PARTICULAR,Motociclista,Masculino,No,N/A,HERIDO,Choque,Desobedecer senales,Diagonal 33 Transversal 33,LA MAGNOLIA,Urbana,"(6.173879308, -75.584283827)"
2162791,10/18/2016,12:00 p.m.,martes,AUTOMOVIL,PARTICULAR,Conductor,Femenino,No,N/A,SOLO DAÑOS,Choque,Exceso de velocidad,Calle 46 D Sur Carrera 42 B,LA PAZ,Urbana,"(6.161005965, -75.595094671)"
2162791,10/18/2016,12:00 p.m.,martes,MOTOCICLETA,PARTICULAR,Motociclista,Masculino,No,N/A,SOLO DAÑOS,Choque,Exceso de velocidad,Calle 46 D Sur Carrera 42 B,LA PAZ,Urbana,"(6.161005965, -75.595094671)"
2162791,10/18/2016,12:00 p.m.,martes,CAMPERO,PARTICULAR,Conductor,Masculino,No,N/A,SOLO DAÑOS,Choque,Exceso de velocidad,Calle 46 D Sur Carrera 42 B,LA PAZ,Urbana,"(6.161005965, -75.595094671)"
2162789,10/18/2016,11:05 a.m.,martes,MOTOCICLETA,PARTICULAR,Motociclista,Masculino,No,N/A,SOLO DAÑOS,Choque,Adelantar cerrando,Calle 38  Sur Carrera 42,ZONA CENTRO,Urbana,"(6.16961293, -75.587384695)"
2162789,10/18/2016,11:05 a.m.,martes,AUTOMOVIL,PUBLICO,Conductor,Masculino,No,N/A,SOLO DAÑOS,Choque,Adelantar cerrando,Calle 38  Sur Carrera 42,ZONA CENTRO,Urbana,"(6.16961293, -75.587384695)"
2162801,10/18/2016,10:45 a.m.,martes,AUTOMOVIL,PARTICULAR,Conductor,Masculino,No,N/A,SOLO DAÑOS,Choque,Otra,Calle 34  Sur Carrera 43 A,N/R,Urbana,"(6.173041737, -75.586969821)"
2162801,10/18/2016,10:45 a.m.,martes,MOTOCICLETA,PARTICULAR,Motociclista,Masculino,No,N/A,SOLO DAÑOS,Choque,Otra,Calle 34  Sur Carrera 43 A,N/R,Urbana,"(6.173041737, -75.586969821)"
2162801,10/18/2016,10:45 a.m.,martes,BUS,PUBLICO,Conductor,Masculino,No,N/A,SOLO DAÑOS,Choque,Otra,Calle 34  Sur Carrera 43 A,N/R,Urbana,"(6.173041737, -75.586969821)"
2162778,10/18/2016,9:32 a.m.,martes,AUTOMOVIL,PARTICULAR,Conductor,Femenino,No,N/A,SOLO DAÑOS,Choque,No mantener distancia de seguridad,Diagonal 31 BB Transversal 32,LAS FLORES,Urbana,"(6.176224449, -75.579602354)"
2162778,10/18/2016,9:32 a.m.,martes,AUTOMOVIL,PARTICULAR,Conductor,Masculino,No,N/A,SOLO DAÑOS,Choque,No mantener distancia de seguridad,Diagonal 31 BB Transversal 32,LAS FLORES,Urbana,"(6.176224449, -75.579602354)"
2162772,10/18/2016,8:00 a.m.,martes,CAMION,PUBLICO,Conductor,Masculino,No,N/A,SOLO DAÑOS,Choque,Poner en marcha un vehiculo sin precauci,Calle 37  Sur Carrera 48,LAS VEGAS,Urbana,"(6.17412211, -75.593061115)"
2162772,10/18/2016,8:00 a.m.,martes,CAMIONETA,PARTICULAR,Conductor,Masculino,No,N/A,SOLO DAÑOS,Choque,Poner en marcha un vehiculo sin precauci,Calle 37  Sur Carrera 48,LAS VEGAS,Urbana,"(6.17412211, -75.593061115)"
2162802,10/18/2016,6:30 a.m.,martes,MOTOCICLETA,PARTICULAR,Motociclista,Masculino,No,N/A,HERIDO,Choque,Otra,Calle 44 B Sur Carrera 42 B,LA PAZ,Urbana,"(6.164617098, -75.59342426)"
2162802,10/18/2016,6:30 a.m.,martes,MICROBUS,PUBLICO,Conductor,Masculino,No,N/A,HERIDO,Choque,Otra,Calle 44 B Sur Carrera 42 B,LA PAZ,Urbana,"(6.164617098, -75.59342426)"