RADICADO,FECHA,HORA,DÍA DE LA SEMANA,CLASE DE VEHICULO,TIPO DE SERVICIO,TIPO DE VICTIMA,SEXO,ESTADO DE BEODEZ,RESULTADO DE BEODEZ,GRAVEDAD,CLASE DE ACCIDENTE,CAUSA,DIRECCIÓN,BARRIO,AREA,Coordenadas
2162796,10/18/2016,6:20 a.m.,martes,AUTOMOVIL,PARTICULAR,Conductor,Masculino,No,N/A,SOLO DAÑOS,Choque,No mantener distancia de seguridad,Calle 43  Sur Carrera 50,LAS VEGAS,Urbana,"(6.159203801, -75.602594962)"
2162796,10/18/2016,6:20 a.m.,martes,AUTOMOVIL,PARTICULAR,Conductor,Masculino,No,N/A,SOLO DAÑOS,Choque,No mantener distancia de seguridad,Calle 43  Sur Carrera 50,LAS VEGAS,Urbana,"(6.159203801, -75.602594962)"
2162780,10/17/2016,6:00 p.m.,lunes,AUTOMOVIL,PARTICULAR,Conductor,Masculino,No,N/A,SOLO DAÑOS,Choque,No respetar prelacion,Calle 30  Sur Carrera 45 A,N/R,Urbana,"(6.178033442, -75.586523966)"
2162780,10/17/2016,6:00 p.m.,lunes,CAMIONETA,PARTICULAR,Conductor,Masculino,No,N/A,SOLO DAÑOS,Choque,No respetar prelacion,Calle 30  Sur Carrera 45 A,N/R,Urbana,"(6.178033442, -75.586523966)"
2162807,10/17/2016,5:10 p.m.,lunes,AUTOMOVIL,PARTICULAR,Conductor,Masculino,No,N/A,SOLO DAÑOS,Choque,No mantener distancia de seguridad,Tramo 373 Kilometro  100,VEREDA PALMAS,Rural,
2162807,10/17/2016,5:10 p.m.,lunes,CAMIONETA,PARTICULAR,Conductor,Masculino,No,N/A,SOLO DAÑOS,Choque,No mantener distancia de seguridad,Tramo 373 Kilometro  100,VEREDA PALMAS,Rural,
2162807,10/17/2016,5:10 p.m.,lunes,CAMIONETA,PARTICULAR,Conductor,Masculino,No,N/A,SOLO DAÑOS,Choque,No mantener distancia de seguridad,Tramo 373 Kilometro  100,VEREDA PALMAS,Rural,
2162804,10/17/2016,3:05 p.m.,lunes,MOTOCICLETA,PARTICULAR,Motociclista,Masculino,No,N/A,SOLO DAÑOS,Choque,Adelantar cerrando,Calle 45  Sur Carrera 42 B,LA PAZ,Urbana,"(6.163744297, -75.593137879)"
2162804,10/17/2016,3:05 p.m.,lunes,CAMPERO,PARTICULAR,Conductor,Masculino,No,N/A,SOLO DAÑOS,Choque,Adelantar cerrando,Calle 45  Sur Carrera 42 B,LA PAZ,Urbana,"(6.163744297, -75.593137879)"
2162810,10/17/2016,11:20 a.m.,lunes,MOTOCICLETA,PARTICULAR,Motociclista,Masculino,No,N/A,SOLO DAÑOS,Choque,No mantener distancia de seguridad,Tramo 373 Kilometro  24,VEREDA PALMAS,Rural,
2162810,10/17/2016,11:20 a.m.,lunes,CAMIONETA,PARTICULAR,Conductor,Femenino,No,N/A,SOLO DAÑOS,Choque,No mantener distancia de seguridad,Tramo 373 Kilometro  24,VEREDA PALMAS,Rural,
2162770,10/16/2016,5:10 p.m.,domingo,AUTOMOVIL,PARTICULAR,Conductor,Femenino,No,N/A,HERIDO,Atropello,Cruzar sin observar,Calle 45 B Sur Carrera 43,LA PAZ,Urbana,"(6.164485785, -75.594678415)"
2162793,10/16/2016,3:45 p.m.,domingo,AUTOMOVIL,PARTICULAR,Conductor,Masculino,No,N/A,SOLO DAÑOS,Choque,No mantener distancia de seguridad,Calle 37  Sur Carrera 33,N/R,Urbana,"(6.167021726, -75.581684577)"
2162793,10/16/2016,3:45 p.m.,domingo,CAMIONETA,PARTICULAR,Conductor,Femenino,No,N/A,SOLO DAÑOS,Choque,No mantener distancia de seguridad,Calle 37  Sur Carrera 33,N/R,Urbana,"(6.167021726, -75.581684577)"
2162793,10/16/2016,3:45 p.m.,domingo,AUTOMOVIL,PARTICULAR,Conductor,Masculino,No,N/A,SOLO DAÑOS,Choque,No mantener distancia de seguridad,Calle 37  Sur Carrera 33,N/R,Urbana,"(6.167021726, -75.581684577)"
2162793,10/16/2016,3:45 p.m.,domingo,AUTOMOVIL,PARTICULAR,Conductor,Masculino,No,N/A,SOLO DAÑOS,Choque,No mantener distancia de seguridad,Calle 37  Sur Carrera 33,N/R,Urbana,"(6.167021726, -75.581684577)"
2162785,10/16/2016,5:10 a.m.,domingo,AUTOMOVIL,PARTICULAR,Conductor,Masculino,No,N/A,SOLO DAÑOS,Choque,Adelantar cerrando,Calle 30  Sur Carrera 48,LAS VEGAS,Urbana,"(6.180376127, -75.590288049)"
2162785,10/16/2016,5:10 a.m.,domingo,AUTOMOVIL,PUBLICO,Conductor,Masculino,No,N/A,SOLO DAÑOS,Choque,Adelantar cerrando,Calle 30  Sur Carrera 48,LAS VEGAS,Urbana,"(6.180376127, -75.590288049)"
2162762,10/15/2016,7:40 p.m.,sábado,AUTOMOVIL,PARTICULAR,Conductor,Femenino,No,N/A,SOLO DAÑOS,Choque,Poner en marcha un vehiculo sin precauci,Calle 39  Sur Carrera 43,ZONA CENTRO,Urbana,"(6.168678771, -75.58876156)"
2162762,10/15/2016,7:40 p.m.,sábado,CAMPERO,PARTICULAR,Conductor,Masculino,No,N/A,SOLO DAÑOS,Choque,Poner en marcha un vehiculo sin precauci,Calle 39  Sur Carrera 43,ZONA CENTRO,Urbana,"(6.168678771, -75.58876156)"
2162774,10/15/2016,6:00 p.m.,sábado,CAMIONETA,PARTICULAR,Conductor,Femenino,No,N/A,SOLO DAÑOS,Choque,No mantener distancia de seguridad,Calle 25  Sur Carrera 43 A,AVENIDA EL POBLADO,Urbana,"(6.181560189, -75.582016491)"
2162774,10/15/2016,6:00 p.m.,sábado,AUTOMOVIL,PARTICULAR,Conductor,Masculino,No,N/A,SOLO DAÑOS,Choque,No mantener distancia de seguridad,Calle 25  Sur Carrera 43 A,AVENIDA EL POBLADO,Urbana,"(6.181560189, -75.582016491)"
2162782,10/15/2016,2:50 p.m.,sábado,MOTOCICLETA,PARTICULAR,Motociclista,Masculino,No,N/A,SOLO DAÑOS,Choque,No mantener distancia de seguridad,Calle 19  Sur Carrera 48,LAS VEGAS,Urbana,
2162782,10/15/2016,2:50 p.m.,sábado,AUTOMOVIL,PARTICULAR,Conductor,Masculino,No,N/A,SOLO DAÑOS,Choque,No mantener distancia de seguridad,Calle 19  Sur Carrera 48,LAS VEGAS,Urbana,
2162784,10/15/2016,2:40 p.m.,sábado,MOTOCICLETA,PARTICULAR,Motociclista,Masculino,No,N/A,SOLO DAÑOS,Choque,No mantener distancia de seguridad,Calle 39  Sur Carrera 39 A,LOS NARANJOS,Urbana,"(6.166978259, -75.586044922)"
2162784,10/15/2016,2:40 p.m.,sábado,AUTOMOVIL,PUBLICO,Conductor,Masculino,No,N/A,SOLO DAÑOS,Choque,No mantener distancia de seguridad,Calle 39  Sur Carrera 39 A,LOS NARANJOS,Urbana,"(6.166978259, -75.586044922)"
2162768,10/15/2016,2:15 p.m.,sábado,MOTOCICLETA,PARTICULAR,Motociclista,Masculino,No,N/A,HERIDO,Choque,Desobedecer senales,Tramo 371 Kilometro  11,VEREDA EL ESCOBERO,Rural,
2162768,10/15/2016,2:15 p.m.,sábado,AUTOMOVIL,PARTICULAR,Conductor,Masculino,No,N/A,HERIDO,Choque,Desobedecer senales,Tramo 371 Kilometro  11,VEREDA EL ESCOBERO,Rural,
2162765,10/15/2016,2:00 p.m.,sábado,AUTOMOVIL,PARTICULAR,Conductor,Masculino,No,N/A,SOLO DAÑOS,Choque,No mantener distancia de seguridad,Calle 19  Sur Carrera 48,LAS VEGAS,Urbana,
2162765,10/15/2016,2:00 p.m.,sábado,AUTOMOVIL,PUBLICO,Conductor,Masculino,No,N/A,SOLO DAÑOS,Choque,No mantener distancia de seguridad,Calle 19  Sur Carrera 48,LAS VEGAS,Urbana,
2162783,10/15/2016,1:30 p.m.,sábado,MOTOCICLETA,DIPLOMATICO,Motociclista,Masculino,No,N/A,SOLO DAÑOS,Choque,No mantener distancia de seguridad,Calle 37  Sur Carrera 37,ZONA CENTRO,Urbana,"(6.168351775, -75.583769107)"
2162783,10/15/2016,1:30 p.m.,sábado,AUTOMOVIL,PARTICULAR,Conductor,Masculino,No,N/A,SOLO DAÑOS,Choque,No mantener distancia de seguridad,Calle 37  Sur Carrera 37,ZONA CENTRO,Urbana,"(6.168351775, -75.583769107)"
2162781,10/15/2016,12:40 p.m.,sábado,AUTOMOVIL,PARTICULAR,Conductor,Masculino,No,N/A,SOLO DAÑOS,Choque,No mantener distancia de seguridad,Calle 28  Sur Carrera 27,EL ESMERALDAL,Urbana,"(6.175270544, -75.573686934)"
2162781,10/15/2016,12:40 p.m.,sábado,CAMIONETA,PARTICULAR,Conductor,Femenino,No,N/A,SOLO DAÑOS,Choque,No mantener distancia de seguridad,Calle 28  Sur Carrera 27,EL ESMERALDAL,Urbana,"(6.175270544, -75.573686934)"
2162773,10/15/2016,11:15 a.m.,sábado,AUTOMOVIL,PARTICULAR,Conductor,Masculino,No,N/A,SOLO DAÑOS,Choque,Adelantar en zona prohibida,Calle 23  Sur Carrera 27,N/R,Urbana,"(6.176668041, -75.567525633)"
2162773,10/15/2016,11:15 a.m.,sábado,MOTOCICLETA,PARTICULAR,Motociclista,Masculino,No,N/A,SOLO DAÑOS,Choque,Adelantar en zona prohibida,Calle 23  Sur Carrera 27,N/R,Urbana,"(6.176668041, -75.567525633)"
2162788,10/15/2016,7:55 a.m.,sábado,AUTOMOVIL,PARTICULAR,Conductor,Femenino,No,N/A,SOLO DAÑOS,Choque,Desobedecer senales,Calle 38 A Sur Carrera 39,MESA,Urbana,"(6.167679571, -75.585676277)"
2162788,10/15/2016,7:55 a.m.,sábado,MOTOCICLETA,PARTICULAR,Motociclista,Masculino,No,N/A,SOLO DAÑOS,Choque,Desobedecer senales,Calle 38 A Sur Carrera 39,MESA,Urbana,"(6.167679571, -75.585676277)"
2162788,10/15/2016,7:55 a.m.,sábado,CAMION,PUBLICO,Conductor,Masculino,No,N/A,SOLO DAÑOS,Choque,Desobedecer senales,Calle 38 A Sur Carrera 39,MESA,Urbana,"(6.167679571, -75.585676277)"
2162777,10/14/2016,9:00 p.m.,viernes,MOTOCICLETA,PARTICULAR,Motociclista,Masculino,No,N/A,SOLO DAÑOS,Choque,Exceso de velocidad,Calle 36  Sur Carrera 27,N/R,Urbana,"(6.167154903, -75.569336965)"
2162777,10/14/2016,9:00 p.m.,viernes,CAMIONETA,PARTICULAR,Conductor,Masculino,No,N/A,SOLO DAÑOS,Choque,Exceso de velocidad,Calle 36  Sur Carrera 27,N/R,Urbana,"(6.167154903, -75.569336965)"
2162795,10/14/2016,6:05 p.m.,viernes,CAMION,PUBLICO,Conductor,Masculino,No,N/A,SOLO DAÑOS,Choque,Reverso imprudente,Calle 37 B Sur Carrera 27 E,N/R,Urbana,"(6.159428343, -75.573788689)"
2162795,10/14/2016,6:05 p.m.,viernes,CAMION,PUBLICO,Conductor,Masculino,No,N/A,SOLO DAÑOS,Choque,Impericia en el manejo,Calle 37 B Sur Carrera 27 E,N/R,Urbana,"(6.159428343, -75.573788689)"
2162792,10/14/2016,5:20 p.m.,viernes,MOTOCICLETA,PARTICULAR,Motociclista,Masculino,No,N/A,HERIDO,Choque,Desobedecer senales,Diagonal 32 D Transversal 34,OBRERO,Urbana,"(6.172908151, -75.583144415)"
2162792,10/14/2016,5:20 p.m.,viernes,MOTOCICLETA,PARTICULAR,Motociclista,Masculino,No,N/A,HERIDO,Choque,Desobedecer senales,Diagonal 32 D Transversal 34,OBRERO,Urbana,"(6.172908151, -75.583144415)"
2162760,10/14/2016,5:20 p.m.,viernes,MOTOCICLETA,PARTICULAR,Motociclista,Masculino,No,N/A,HERIDO,Choque,Exceso de velocidad,Tramo 372 Kilometro  13,VEREDA PALMAS,Rural,
2162764,10/14/2016,5:15 p.m.,viernes,CLASE ACCIDE NO IDENTIFI,PARTICULAR,Conductor,Masculino,No,N/A,SOLO DAÑOS,Choque,Poner en marcha un vehiculo sin precauci,Calle 40 E Sur Carrera 30,N/R,Urbana,"(6.162574498, -75.582346729)"
2162764,10/14/2016,5:15 p.m.,viernes,MICROBUS,PUBLICO,Conductor,Masculino,No,N/A,SOLO DAÑOS,Choque,Poner en marcha un vehiculo sin precauci,Calle 40 E Sur Carrera 30,N/R,Urbana,"(6.162574498, -75.582346729)"
2162790,10/14/2016,4:15 p.m.,viernes,MOTOCICLETA,PARTICULAR,Motociclista,Masculino,No,N/A,SOLO DAÑOS,Choque,No mantener distancia de seguridad,Calle 36 D Sur Carrera 27 D,VEREDA EL ESCOBERO,Urbana,"(6.164970853, -75.574637268)"
2162790,10/14/2016,4:15 p.m.,viernes,AUTOMOVIL,PARTICULAR,Conductor,Masculino,No,N/A,SOLO DAÑOS,Choque,No mantener distancia de seguridad,Calle 36 D Sur Carrera 27 D,VEREDA EL ESCOBERO,Urbana,"(6.164970853, -75.574637268)"
2162769,10/14/2016,4:05 p.m.,viernes,CAMIONETA,PARTICULAR,Conductor,Masculino,No,N/A,HERIDO,Choque,No mantener distancia de seguridad,Calle 43  Sur Carrera 48,LAS VEGAS,Urbana,"(6.168592602, -75.597528999)"
2162769,10/14/2016,4:05 p.m.,viernes,AUTOMOVIL,PARTICULAR,Conductor,Sin registro,No,N/A,HERIDO,Choque,No mantener distancia de seguridad,Calle 43  Sur Carrera 48,LAS VEGAS,Urbana,"(6.168592602, -75.597528999)"
2162769,10/14/2016,4:05 p.m.,viernes,AUTOMOVIL,PARTICULAR,Conductor,Femenino,No,N/A,HERIDO,Choque,No mantener distancia de seguridad,Calle 43  Sur Carrera 48,LAS VEGAS,Urbana,"(6.168592602, -75.597528999)"
2162766,10/14/2016,3:05 p.m.,viernes,AUTOMOVIL,PARTICULAR,Conductor,Masculino,No,N/A,SOLO DAÑOS,Choque,No mantener distancia de seguridad,Calle 44  Sur Carrera 41,EL DORADO,Urbana,"(6.164161335, -75.5915997)"
2162766,10/14/2016,3:05 p.m.,viernes,AUTOMOVIL,PARTICULAR,Conductor,Masculino,No,N/A,SOLO DAÑOS,Choque,No mantener distancia de seguridad,Calle 44  Sur Carrera 41,EL DORADO,Urbana,"(6.164161335, -75.5915997)"
2162786,10/14/2016,2:40 p.m.,viernes,CAMIONETA,PARTICULAR,Conductor,Masculino,No,N/A,SOLO DAÑOS,Choque,Adelantar cerrando,Calle 37  Sur Carrera 41,ZONA CENTRO,Urbana,"(6.169855492, -75.586196006)"
2162786,10/14/2016,2:40 p.m.,viernes,BUS,PUBLICO,Conductor,Masculino,No,N/A,SOLO DAÑOS,Choque,Adelantar cerrando,Calle 37  Sur Carrera 41,ZONA CENTRO,Urbana,"(6.169855492, -75.586196006)"
2162779,10/14/2016,1:50 p.m.,viernes,AUTOMOVIL,PARTICULAR,Conductor,Masculino,No,N/A,SOLO DAÑOS,Choque,Adelantar cerrando,Tramo 372 Kilometro  16,VEREDA PALMAS,Rural,
2162779,10/14/2016,1:50 p.m.,viernes,AUTOMOVIL,PARTICULAR,Conductor,Femenino,No,N/A,SOLO DAÑOS,Choque,Adelantar cerrando,Tramo 372 Kilometro  16,VEREDA PALMAS,Rural,
2162776,10/14/2016,12:00 p.m.,viernes,CAMION,PUBLICO,Conductor,Masculino,No,N/A,SOLO DAÑOS,Choque,Reverso imprudente,Calle 32 A Sur Carrera 43,LA MAGNOLIA,Urbana,"(6.174867987, -75.58533492)"
2162776,10/14/2016,12:00 p.m.,viernes,AUTOMOVIL,PARTICULAR,Conductor,Femenino,No,N/A,SOLO DAÑOS,Choque,Reverso imprudente,Calle 32 A Sur Carrera 43,LA MAGNOLIA,Urbana,"(6.174867987, -75.58533492)"
2162787,10/14/2016,6:30 a.m.,viernes,MOTOCICLETA,PARTICULAR,Motociclista,Masculino,No,N/A,HERIDO,Choque,Desobedecer senales,Calle 38  Sur Carrera 38,ZONA CENTRO,Urbana,"(6.16803936, -75.584694353)"
2162787,10/14/2016,6:30 a.m.,viernes,BUS,PUBLICO,Conductor,Masculino,No,N/A,HERIDO,Choque,Desobedecer senales,Calle 38  Sur Carrera 38,ZONA CENTRO,Urbana,"(6.16803936, -75.584694353)"
2162771,10/14/2016,6:30 a.m.,viernes,MOTOCICLETA,PARTICULAR,Motociclista,Masculino,No,N/A,HERIDO,Atropello,Cruzar sin observar,Calle 38  Sur Carrera 40,ZONA CENTRO,Urbana,"(6.16879573, -75.585889779)"
2162767,10/14/2016,6:30 a.m.,viernes,MOTOCICLETA,PARTICULAR,Motociclista,Masculino,No,N/A,HERIDO,Caida Ocupante,Impericia en el manejo,Calle 30  Sur Carrera 43 A,N/R,Urbana,"(6.177126039, -75.585250895)"
2162775,10/14/2016,5:50 a.m.,viernes,CAMION,PUBLICO,Conductor,Masculino,No,N/A,SOLO DAÑOS,Choque,Otra,Calle 40  Sur Carrera 29 F,EL SALADO,Urbana,"(6.159832302, -75.582595296)"
2162775,10/14/2016,5:50 a.m.,viernes,BUS,PUBLICO,Conductor,Masculino,No,N/A,SOLO DAÑOS,Choque,Otra,Calle 40  Sur Carrera 29 F,EL SALADO,Urbana,"(6.159832302, -75.582595296)"
2162755,10/13/2016,11:30 a.m.,jueves,CAMION,PUBLICO,Conductor,Masculino,No,N/A,SOLO DAÑOS,Otro,Otra,Calle 37  Sur Carrera 50,LAS VEGAS,Urbana,
2162756,10/13/2016,6:00 p.m.,jueves,AUTOMOVIL,PUBLICO,Conductor,Masculino,No,N/A,SOLO DAÑOS,Choque,Adelantar cerrando,Calle 38  Sur Carrera 43,ZONA CENTRO,Urbana,"(6.170061667, -75.587839128)"
2162756,10/13/2016,6:00 p.m.,jueves,MOTOCICLETA,PARTICULAR,Motociclista,Masculino,No,N/A,SOLO DAÑOS,Choque,Adelantar cerrando,Calle 38  Sur Carrera 43,ZONA CENTRO,Urbana,"(6.170061667, -75.587839128)"
2162794,10/13/2016,4:45 p.m.,jueves,CAMIONETA,PARTICULAR,Conductor,Femenino,No,N/A,SOLO DAÑOS,Choque,Reverso imprudente,Calle 21  Sur Carrera 41,N/R,Urbana,"(6.182165945, -75.576776678)"
2162794,10/13/2016,4:45 p.m.,jueves,AUTOMOVIL,PARTICULAR,Conductor,Femenino,No,N/A,SOLO DAÑOS,Choque,Reverso imprudente,Calle 21  Sur Carrera 41,N/R,Urbana,"(6.182165945, -75.576776678)"
2162757,10/13/2016,4:30 p.m.,jueves,MOTOCICLETA,PARTICULAR,Motociclista,Masculino,No,N/A,HERIDO,Choque,Transitar entre vehiculos,Calle 40 B Sur Carrera 37,EL DORADO,Urbana,"(6.164256506, -75.586419998)"
2162757,10/13/2016,4:30 p.m.,jueves,AUTOMOVIL,PARTICULAR,Conductor,Masculino,No,N/A,HERIDO,Choque,Transitar entre vehiculos,Calle 40 B Sur Carrera 37,EL DORADO,Urbana,"(6.164256506, -75.586419998)"
2162753,10/13/2016,4:00 p.m.,jueves,CAMIONETA,PARTICULAR,Conductor,Masculino,No,N/A,HERIDO,Choque,Adelantar por la derecha,Calle 37  Sur Carrera 37,ZONA CENTRO,Urbana,"(6.168351775, -75.583769107)"
2162753,10/13/2016,4:00 p.m.,jueves,MOTOCICLETA,PARTICULAR,Motociclista,Masculino,No,N/A,HERIDO,Choque,Adelantar por la derecha,Calle 37  Sur Carrera 37,ZONA CENTRO,Urbana,"(6.168351775, -75.583769107)"
2162763,10/13/2016,1:50 p.m.,jueves,AUTOMOVIL,PARTICULAR,Conductor,Femenino,No,N/A,SOLO DAÑOS,Choque,Otra,Calle 39  Sur Carrera 49,LAS VEGAS,Urbana,
2162763,10/13/2016,1:50 p.m.,jueves,AUTOMOVIL,PARTICULAR,Conductor,Masculino,No,N/A,SOLO DAÑOS,Choque,Otra,Calle 39  Sur Carrera 49,LAS VEGAS,Urbana,
2162758,10/13/2016,1:30 p.m.,jueves,AUTOMOVIL,PARTICULAR,Conductor,Masculino,No,N/A,SOLO DAÑOS,Choque,Adelantar cerrando,Calle 38  Sur Carrera 42,ZONA CENTRO,Urbana,"(6.16961293, -75.587384695)"
2162758,10/13/2016,1:30 p.m.,jueves,AUTOMOVIL,PUBLICO,Conductor,Masculino,No,N/A,SOLO DAÑOS,Choque,Adelantar cerrando,Calle 38  Sur Carrera 42,ZONA CENTRO,Urbana,"(6.16961293, -75.587384695)"
2162755,10/13/2016,11:30 a.m.,jueves,AUTOMOVIL,PARTICULAR,Conductor,Masculino,No,N/A,SOLO DAÑOS,Otro,Otra,Calle 37  Sur Carrera 50,LAS VEGAS,Urbana,
2162761,10/13/2016,8:15 a.m.,jueves,MOTOCICLETA,PARTICULAR,Motociclista,Masculino,No,N/A,HERIDO,Choque,Otra,Calle 30  Sur Carrera 50,LAS VEGAS,Urbana,
2162761,10/13/2016,8:15 a.m.,jueves,MOTOCICLETA,PARTICULAR,Motociclista,Masculino,No,N/A,HERIDO,Choque,Otra,Calle 30  Sur Carrera 50,LAS VEGAS,Urbana,
2162748,10/13/2016,7:20 a.m.,jueves,AUTOMOVIL,PARTICULAR,Conductor,Masculino,No,N/A,SOLO DAÑOS,Choque,No respetar prelacion,Calle 50  Sur Carrera 48,LAS VEGAS,Urbana,
2162748,10/13/2016,7:20 a.m.,jueves,MOTOCICLETA,PARTICULAR,Motociclista,Masculino,No,N/A,SOLO DAÑOS,Choque,Transitar entre vehiculos,Calle 50  Sur Carrera 48,LAS VEGAS,Urbana,
2162748,10/13/2016,7:20 a.m.,jueves,MOTOCICLETA,PARTICULAR,Motociclista,Masculino,No,N/A,SOLO DAÑOS,Choque,No respetar prelacion,Calle 50  Sur Carrera 48,LAS VEGAS,Urbana,
2162748,10/13/2016,7:20 a.m.,jueves,AUTOMOVIL,PARTICULAR,Conductor,Masculino,No,N/A,SOLO DAÑOS,Choque,Transitar entre vehiculos,Calle 50  Sur Carrera 48,LAS VEGAS,Urbana,
2162742,10/12/2016,7:50 a.m.,miércoles,AUTOMOVIL,PARTICULAR,Conductor,Femenino,No,N/A,SOLO DAÑOS,Choque,Desobedecer senales,Diagonal 32 D Transversal 32,LA MAGNOLIA,Urbana,"(6.175661946, -75.584184038)"
2162759,10/12/2016,5:20 p.m.,miércoles,MOTOCICLETA,PARTICULAR,Motociclista,Masculino,No,N/A,HERIDO,Choque,Otra,Calle 36  Sur Carrera 43 A,ZONA CENTRO,Urbana,"(6.171868319, -75.587748226)"
2162749,10/12/2016,10:45 a.m.,miércoles,AUTOMOVIL,PARTICULAR,Conductor,Femenino,No,N/A,SOLO DAÑOS,Choque,No mantener distancia de seguridad,Calle 25  Sur Carrera 43 A,ZU├æIGA,Urbana,"(6.181560189, -75.582016491)"
2162747,10/12/2016,2:20 p.m.,miércoles,AUTOMOVIL,PARTICULAR,Conductor,Femenino,No,N/A,SOLO DAÑOS,Choque,Desobedecer senales,Calle 39  Sur Carrera 46,ALCALA,Urbana,"(6.170549172, -75.592418207)"
2162759,10/12/2016,5:20 p.m.,miércoles,AUTOMOVIL,PARTICULAR,Conductor,Masculino,No,N/A,HERIDO,Choque,Otra,Calle 36  Sur Carrera 43 A,ZONA CENTRO,Urbana,"(6.171868319, -75.587748226)"
2162738,10/12/2016,9:20 a.m.,miércoles,AUTOMOVIL,PARTICULAR,Conductor,Masculino,No,N/A,HERIDO,Choque,Transitar entre vehiculos,Calle 21  Sur Carrera 50,LAS VEGAS,Urbana,
2162754,10/12/2016,7:40 a.m.,miércoles,CAMIONETA,PARTICULAR,Conductor,Masculino,No,N/A,SOLO DAÑOS,Choque,Adelantar cerrando,Calle 38 A Sur Carrera 41,N/R,Urbana,"(6.168560755, -75.587015366)"
2162754,10/12/2016,7:40 a.m.,miércoles,BUSETA,PUBLICO,Conductor,Masculino,No,N/A,SOLO DAÑOS,Choque,Adelantar cerrando,Calle 38 A Sur Carrera 41,N/R,Urbana,"(6.168560755, -75.587015366)"
2162746,10/12/2016,7:00 a.m.,miércoles,MOTOCICLETA,PARTICULAR,Motociclista,Masculino,No,N/A,SOLO DAÑOS,Choque,Adelantar por la derecha,Calle 22  Sur Carrera 44,ZU├æIGA,Urbana,"(6.18394153, -75.580552968)"
2162746,10/12/2016,7:00 a.m.,miércoles,AUTOMOVIL,PARTICULAR,Conductor,Femenino,No,N/A,SOLO DAÑOS,Choque,Adelantar por la derecha,Calle 22  Sur Carrera 44,ZU├æIGA,Urbana,"(6.18394153, -75.580552968)"
2162739,10/12/2016,5:58 a.m.,miércoles,CAMIONETA,PARTICULAR,Conductor,Masculino,No,N/A,HERIDO,Choque,Reverso imprudente,Calle 45 B Sur Carrera 42 B,LA PAZ,Urbana,"(6.163155121, -75.593708386)"
2162739,10/12/2016,5:58 a.m.,miércoles,MOTOCICLETA,PARTICULAR,Motociclista,Femenino,No,N/A,HERIDO,Choque,Adelantar por la derecha,Calle 45 B Sur Carrera 42 B,LA PAZ,Urbana,"(6.163155121, -75.593708386)"
2162741,10/12/2016,10:45 a.m.,miércoles,AUTOMOVIL,PARTICULAR,Conductor,Masculino,No,N/A,SOLO DAÑOS,Choque,No mantener distancia de seguridad,Calle 49  Sur Carrera 48,LAS VEGAS,Urbana,"(6.163238618, -75.602507178)"
2162739,10/12/2016,5:58 a.m.,miércoles,MOTOCICLETA,PARTICULAR,Motociclista,Femenino,No,N/A,HERIDO,Choque,Reverso imprudente,Calle 45 B Sur Carrera 42 B,LA PAZ,Urbana,"(6.163155121, -75.593708386)"
2162739,10/12/2016,5:58 a.m.,miércoles,CAMIONETA,PARTICULAR,Conductor,Masculino,No,N/A,HERIDO,Choque,Adelantar por la derecha,Calle 45 B Sur Carrera 42 B,LA PAZ,Urbana,"(6.163155121, -75.593708386)"
2162741,10/12/2016,10:45 a.m.,miércoles,MOTOCICLETA,PARTICULAR,Motociclista,Masculino,No,N/A,SOLO DAÑOS,Choque,No mantener distancia de seguridad,Calle 49  Sur Carrera 48,LAS VEGAS,Urbana,"(6.163238618, -75.602507178)"
2162747,10/12/2016,2:20 p.m.,miércoles,CAMIONETA,PARTICULAR,Conductor,Masculino,No,N/A,SOLO DAÑOS,Choque,Desobedecer senales,Calle 39  Sur Carrera 46,ALCALA,Urbana,"(6.170549172, -75.592418207)"
2162749,10/12/2016,10:45 a.m.,miércoles,MOTOCICLETA,PARTICULAR,Motociclista,Masculino,No,N/A,SOLO DAÑOS,Choque,No mantener distancia de seguridad,Calle 25  Sur Carrera 43 A,ZU├æIGA,Urbana,"(6.181560189, -75.582016491)"
2162738,10/12/2016,9:20 a.m.,miércoles,MOTOCICLETA,PARTICULAR,Motociclista,Femenino,No,N/A,HERIDO,Choque,Transitar entre vehiculos,Calle 21  Sur Carrera 50,LAS VEGAS,Urbana,
2162742,10/12/2016,7:50 a.m.,miércoles,AUTOMOVIL,PARTICULAR,Conductor,Masculino,No,N/A,SOLO DAÑOS,Choque,Desobedecer senales,Diagonal 32 D Transversal 32,LA MAGNOLIA,Urbana,"(6.175661946, -75.584184038)"
2162733,10/11/2016,9:40 a.m.,martes,BUS,PUBLICO,Conductor,Masculino,No,N/A,SOLO DAÑOS,Choque,No respetar prelacion,Calle 47  Sur Carrera 40,EL TRIANON,Urbana,"(6.15929595, -75.593774797)"
2162733,10/11/2016,9:40 a.m.,martes,AUTOMOVIL,PUBLICO,Conductor,Masculino,No,N/A,SOLO DAÑOS,Choque,No respetar prelacion,Calle 47  Sur Carrera 40,EL TRIANON,Urbana,"(6.15929595, -75.593774797)"
2162743,10/11/2016,3:00 p.m.,martes,MOTOCICLETA,PARTICULAR,Motociclista,Masculino,No,N/A,SOLO DAÑOS,Choque,No respetar prelacion,Tramo 371 Kilometro  1,VEREDA EL ESCOBERO,Rural,