RADICADO,FECHA,HORA,DÍA DE LA SEMANA,CLASE DE VEHICULO,TIPO DE SERVICIO,TIPO DE VICTIMA,SEXO,ESTADO DE BEODEZ,RESULTADO DE BEODEZ,GRAVEDAD,CLASE DE ACCIDENTE,CAUSA,DIRECCIÓN,BARRIO,AREA,Coordenadas
2162572,09/26/2016,4:45 p.m.,lunes,AUTOMOVIL,PARTICULAR,Conductor,Masculino,No,N/A,SOLO DAÑOS,Choque,Impericia en el manejo,Calle 48 F Sur Carrera 39 E,LOMA DEL BARRO,Urbana,"(6.156024221, -75.598072554)"
2162572,09/26/2016,4:45 p.m.,lunes,AUTOMOVIL,PARTICULAR,Conductor,Femenino,No,N/A,SOLO DAÑOS,Choque,Impericia en el manejo,Calle 48 F Sur Carrera 39 E,LOMA DEL BARRO,Urbana,"(6.156024221, -75.598072554)"
2162578,09/26/2016,2:50 p.m.,lunes,MOTOCICLETA,PARTICULAR,Motociclista,Masculino,No,N/A,SOLO DAÑOS,Choque,Adelantar en zona prohibida,Calle 39  Sur Carrera 27 B,N/R,Urbana,"(6.159217585, -75.578834618)"
2162578,09/26/2016,2:50 p.m.,lunes,CAMIONETA,PARTICULAR,Conductor,Femenino,No,N/A,SOLO DAÑOS,Choque,Adelantar en zona prohibida,Calle 39  Sur Carrera 27 B,N/R,Urbana,"(6.159217585, -75.578834618)"
2162579,09/26/2016,2:15 p.m.,lunes,MOTOCICLETA,PARTICULAR,Motociclista,Masculino,No,N/A,SOLO DAÑOS,Choque,Desobedecer senales,Diagonal 32 D Transversal 33,LA MAGNOLIA,Urbana,"(6.174101275, -75.583606066)"
2162579,09/26/2016,2:15 p.m.,lunes,AUTOMOVIL,PARTICULAR,Conductor,Masculino,No,N/A,SOLO DAÑOS,Choque,Desobedecer senales,Diagonal 32 D Transversal 33,LA MAGNOLIA,Urbana,"(6.174101275, -75.583606066)"
2162584,09/26/2016,11:20 a.m.,lunes,CAMION,PUBLICO,Conductor,Masculino,No,N/A,SOLO DAÑOS,Choque,Otra,Calle 43  Sur Carrera 49,LAS VEGAS,Urbana,
2162584,09/26/2016,11:20 a.m.,lunes,AUTOMOVIL,PUBLICO,Conductor,Masculino,No,N/A,SOLO DAÑOS,Choque,Otra,Calle 43  Sur Carrera 49,LAS VEGAS,Urbana,
2162577,09/26/2016,9:45 a.m.,lunes,AUTOMOVIL,PARTICULAR,Conductor,Masculino,No,N/A,SOLO DAÑOS,Choque,No mantener distancia de seguridad,Tramo 372 Kilometro  16,VEREDA PALMAS,Rural,
2162573,09/26/2016,5:10 p.m.,lunes,AUTOMOVIL,PARTICULAR,Conductor,Femenino,No,N/A,SOLO DAÑOS,Choque,No mantener distancia de seguridad,Calle 36 D Sur Carrera 27,VEREDA EL ESCOBERO,Urbana,"(6.162479576, -75.570222573)"
2162566,09/26/2016,9:40 a.m.,lunes,CAMIONETA,PUBLICO,Conductor,Masculino,No,N/A,SOLO DAÑOS,Choque,No mantener distancia de seguridad,Calle 40  Sur Carrera 48,LAS VEGAS,Urbana,"(6.158744179, -75.594597118)"
2162562,09/25/2016,9:35 a.m.,domingo,BUS,PUBLICO,Conductor,Masculino,No,N/A,SOLO DAÑOS,Choque,Desobedecer senales,Diagonal 32 B Transversal 34,LA MAGNOLIA,Urbana,"(6.172777915, -75.582237861)"
2162562,09/25/2016,9:35 a.m.,domingo,AUTOMOVIL,PARTICULAR,Conductor,Masculino,No,N/A,SOLO DAÑOS,Choque,Desobedecer senales,Diagonal 32 B Transversal 34,LA MAGNOLIA,Urbana,"(6.172777915, -75.582237861)"
2162576,09/25/2016,7:30 a.m.,domingo,AUTOMOVIL,PARTICULAR,Conductor,Masculino,No,N/A,SOLO DAÑOS,Volcamiento,Exceso de velocidad,Tramo 372 Kilometro  14,VEREDA PALMAS,Rural,
2162582,09/25/2016,11:00 a.m.,domingo,AUTOMOVIL,PARTICULAR,Conductor,Masculino,No,N/A,SOLO DAÑOS,Choque,No respetar prelacion,Calle 37  Sur Carrera 48,N/R,Urbana,"(6.17412211, -75.593061115)"
2162558,09/25/2016,1:00 p.m.,domingo,MOTOCICLETA,PARTICULAR,Motociclista,Masculino,No,N/A,SOLO DAÑOS,Choque,Desobedecer senales,Calle 37  Sur Carrera 38,ZONA CENTRO,Urbana,"(6.168685416, -75.584291241)"
2162582,09/25/2016,11:00 a.m.,domingo,CAMIONETA,PARTICULAR,Conductor,Femenino,No,N/A,SOLO DAÑOS,Choque,No respetar prelacion,Calle 37  Sur Carrera 48,N/R,Urbana,"(6.17412211, -75.593061115)"
2162558,09/25/2016,1:00 p.m.,domingo,AUTOMOVIL,PARTICULAR,Conductor,Masculino,No,N/A,SOLO DAÑOS,Choque,Desobedecer senales,Calle 37  Sur Carrera 38,ZONA CENTRO,Urbana,"(6.168685416, -75.584291241)"
2162563,09/24/2016,1:00 p.m.,sábado,AUTOMOVIL,PUBLICO,Conductor,Masculino,No,N/A,SOLO DAÑOS,Choque,Adelantar cerrando,Calle 46  Sur Carrera 46,PRIMAVERA,Urbana,"(6.164633401, -75.596689606)"
2162563,09/24/2016,1:00 p.m.,sábado,AUTOMOVIL,PARTICULAR,Conductor,Masculino,No,N/A,SOLO DAÑOS,Choque,Adelantar cerrando,Calle 46  Sur Carrera 46,PRIMAVERA,Urbana,"(6.164633401, -75.596689606)"
2162570,09/24/2016,12:00 p.m.,sábado,Sin registro,PUBLICO,Conductor,Masculino,No,N/A,SOLO DAÑOS,Choque,Adelantar cerrando,Calle 37  Sur Diagonal 31,N/R,Urbana,"(6.166120684, -75.580740605)"
2162570,09/24/2016,12:00 p.m.,sábado,AUTOMOVIL,PARTICULAR,Conductor,Femenino,No,N/A,SOLO DAÑOS,Choque,Adelantar cerrando,Calle 37  Sur Diagonal 31,N/R,Urbana,"(6.166120684, -75.580740605)"
2162553,09/24/2016,10:30 a.m.,sábado,MOTOCICLETA,PARTICULAR,Motociclista,Masculino,No,N/A,HERIDO,Caida Ocupante,Huecos,Calle 28  Sur Carrera 48,LAS VEGAS,Urbana,
2162896,09/24/2016,12:02 p.m.,sábado,CAMION,PUBLICO,Conductor,Masculino,No,N/A,SOLO DAÑOS,Choque,Otra,Carrera 50 Calle 39 A Sur,LAS VEGAS,Urbana,
2162896,09/24/2016,12:02 p.m.,sábado,CAMION,PUBLICO,Conductor,Masculino,No,N/A,SOLO DAÑOS,Choque,Otra,Carrera 50 Calle 39 A Sur,LAS VEGAS,Urbana,
2162556,09/24/2016,9:00 p.m.,sábado,MOTOCICLETA,PARTICULAR,Motociclista,Masculino,No,N/A,SOLO DAÑOS,Choque,No mantener distancia de seguridad,Calle 32 B Sur Carrera 48,LAS VEGAS,Urbana,"(6.177255701, -75.590031365)"
2162556,09/24/2016,9:00 p.m.,sábado,AUTOMOVIL,PARTICULAR,Conductor,Masculino,No,N/A,SOLO DAÑOS,Choque,No mantener distancia de seguridad,Calle 32 B Sur Carrera 48,LAS VEGAS,Urbana,"(6.177255701, -75.590031365)"
2162560,09/24/2016,6:19 p.m.,sábado,AUTOMOVIL,PUBLICO,Conductor,Masculino,No,N/A,HERIDO,Choque,Desobedecer senales,Calle 44  Sur Carrera 41,EL DORADO,Urbana,"(6.164161335, -75.5915997)"
2162560,09/24/2016,6:19 p.m.,sábado,BICICLETA,PARTICULAR,Ciclista,Masculino,No,N/A,HERIDO,Choque,Desobedecer senales,Calle 44  Sur Carrera 41,EL DORADO,Urbana,"(6.164161335, -75.5915997)"
2162557,09/24/2016,2:50 p.m.,sábado,AUTOMOVIL,PARTICULAR,Conductor,Masculino,No,N/A,SOLO DAÑOS,Choque,Adelantar cerrando,Calle 37  Sur Carrera 39,ZONA CENTRO,Urbana,"(6.169035546, -75.584847552)"
2162557,09/24/2016,2:50 p.m.,sábado,BUSETA,PUBLICO,Conductor,Masculino,No,N/A,SOLO DAÑOS,Choque,Adelantar cerrando,Calle 37  Sur Carrera 39,ZONA CENTRO,Urbana,"(6.169035546, -75.584847552)"
2162542,09/23/2016,4:35 p.m.,viernes,MOTOCICLETA,PARTICULAR,Motociclista,Masculino,No,N/A,HERIDO,Choque,Desobedecer senales,Calle 39  Sur Carrera 39,MESA,Urbana,"(6.166978259, -75.586044922)"
2162569,09/23/2016,5:20 p.m.,viernes,MOTOCICLETA,PARTICULAR,Motociclista,Masculino,No,N/A,HERIDO,Choque,Adelantar por la derecha,Tramo 372 Kilometro  7,VEREDA PALMAS,Rural,
2162569,09/23/2016,5:20 p.m.,viernes,MOTOCICLETA,PARTICULAR,Motociclista,Masculino,No,N/A,HERIDO,Choque,Adelantar por la derecha,Tramo 372 Kilometro  7,VEREDA PALMAS,Rural,
2162547,09/23/2016,4:50 p.m.,viernes,CAMIONETA,PARTICULAR,Conductor,Masculino,No,N/A,HERIDO,Atropello,Cruzar sin observar,Calle 21  Sur Carrera 41 A,ZU├æIGA,Urbana,"(6.182549881, -75.577500332)"
2162547,09/23/2016,4:50 p.m.,viernes,CAMIONETA,PARTICULAR,Conductor,Masculino,No,N/A,HERIDO,Atropello,Exceso de velocidad,Calle 21  Sur Carrera 41 A,ZU├æIGA,Urbana,"(6.182549881, -75.577500332)"
2162542,09/23/2016,4:35 p.m.,viernes,AUTOMOVIL,PARTICULAR,Conductor,Masculino,No,N/A,HERIDO,Choque,Desobedecer senales,Calle 39  Sur Carrera 39,MESA,Urbana,"(6.166978259, -75.586044922)"
2162550,09/23/2016,4:30 p.m.,viernes,AUTOMOVIL,PUBLICO,Conductor,Masculino,No,N/A,SOLO DAÑOS,Choque,Adelantar cerrando,Calle 37  Sur Carrera 43 A,ZONA CENTRO,Urbana,"(6.171151654, -75.58815663)"
2162550,09/23/2016,4:30 p.m.,viernes,Sin registro,PUBLICO,Conductor,Masculino,No,N/A,SOLO DAÑOS,Choque,Adelantar cerrando,Calle 37  Sur Carrera 43 A,ZONA CENTRO,Urbana,"(6.171151654, -75.58815663)"
2162548,09/23/2016,3:10 p.m.,viernes,AUTOMOVIL,PARTICULAR,Conductor,Femenino,No,N/A,SOLO DAÑOS,Choque,Impericia en el manejo,Calle 34 A Sur Carrera 27 D,LA INMACULADA,Urbana,"(6.172512502, -75.577047381)"
2162548,09/23/2016,3:10 p.m.,viernes,BUS,PUBLICO,Conductor,Masculino,No,N/A,SOLO DAÑOS,Choque,Impericia en el manejo,Calle 34 A Sur Carrera 27 D,LA INMACULADA,Urbana,"(6.172512502, -75.577047381)"
2162551,09/23/2016,3:00 p.m.,viernes,MOTOCICLETA,PARTICULAR,Motociclista,Femenino,No,N/A,HERIDO,Choque,Desobedecer senales,Calle 38 A Sur Carrera 46,ALCALA,Urbana,"(6.171457357, -75.591576633)"
2162551,09/23/2016,3:00 p.m.,viernes,CAMIONETA,PARTICULAR,Conductor,Femenino,No,N/A,HERIDO,Choque,Desobedecer senales,Calle 38 A Sur Carrera 46,ALCALA,Urbana,"(6.171457357, -75.591576633)"
2162546,09/23/2016,2:10 p.m.,viernes,AUTOMOVIL,PARTICULAR,Conductor,Masculino,No,N/A,SOLO DAÑOS,Choque,No mantener distancia de seguridad,Calle 38  Sur Carrera 43 A,ZONA CENTRO,Urbana,"(6.170537577, -75.588625139)"
2162546,09/23/2016,2:10 p.m.,viernes,MOTOCICLETA,PARTICULAR,Motociclista,Masculino,No,N/A,SOLO DAÑOS,Choque,No mantener distancia de seguridad,Calle 38  Sur Carrera 43 A,ZONA CENTRO,Urbana,"(6.170537577, -75.588625139)"
2162552,09/23/2016,2:00 p.m.,viernes,MOTOCICLETA,PARTICULAR,Motociclista,Masculino,No,N/A,HERIDO,Atropello,Cruzar sin observar,Calle 37  Sur Carrera 49,LAS VEGAS,Urbana,"(6.174789471, -75.594204243)"
2162549,09/23/2016,12:50 p.m.,viernes,CAMPERO,PARTICULAR,Conductor,Femenino,No,N/A,SOLO DAÑOS,Choque,No mantener distancia de seguridad,Tramo 371 Kilometro  9,VEREDA PALMAS,Rural,
2162549,09/23/2016,12:50 p.m.,viernes,AUTOMOVIL,PUBLICO,Conductor,Masculino,No,N/A,SOLO DAÑOS,Choque,No mantener distancia de seguridad,Tramo 371 Kilometro  9,VEREDA PALMAS,Rural,
2162554,09/23/2016,12:45 p.m.,viernes,MOTOCICLETA,PARTICULAR,Motociclista,Masculino,No,N/A,HERIDO,Atropello,Otra,Diagonal 31 E Transversal 33 A Sur,LA MAGNOLIA,Urbana,"(6.173761816, -75.578919701)"
2162571,09/23/2016,11:40 a.m.,viernes,AUTOMOVIL,PARTICULAR,Conductor,Femenino,No,N/A,HERIDO,Atropello,Cruzar sin observar,Calle 38 A Sur Carrera 42,ZONA CENTRO,Urbana,"(6.169022232, -75.587722385)"
2162574,09/23/2016,8:50 a.m.,viernes,AUTOMOVIL,PARTICULAR,Conductor,Masculino,No,N/A,SOLO DAÑOS,Choque,No mantener distancia de seguridad,Calle 25  Sur Carrera 43 A,AVENIDA EL POBLADO,Urbana,"(6.181560189, -75.582016491)"
2162574,09/23/2016,8:50 a.m.,viernes,AUTOMOVIL,PARTICULAR,Conductor,Femenino,No,N/A,SOLO DAÑOS,Choque,No mantener distancia de seguridad,Calle 25  Sur Carrera 43 A,AVENIDA EL POBLADO,Urbana,"(6.181560189, -75.582016491)"
2162537,09/23/2016,8:05 a.m.,viernes,AUTOMOVIL,PUBLICO,Conductor,Masculino,No,N/A,SOLO DAÑOS,Choque,No mantener distancia de seguridad,Calle 37  Sur Carrera 50,LAS VEGAS,Urbana,
2162559,09/23/2016,8:00 a.m.,viernes,AUTOMOVIL,PARTICULAR,Conductor,Masculino,No,N/A,SOLO DAÑOS,Choque,No mantener distancia de seguridad,Calle 31  Sur Carrera 45 A,SAN MARCOS,Urbana,"(6.17732964, -75.587025837)"
2162559,09/23/2016,8:00 a.m.,viernes,AUTOMOVIL,PARTICULAR,Conductor,Femenino,No,N/A,SOLO DAÑOS,Choque,No mantener distancia de seguridad,Calle 31  Sur Carrera 45 A,SAN MARCOS,Urbana,"(6.17732964, -75.587025837)"
2162561,09/23/2016,6:30 a.m.,viernes,BUSETA,PUBLICO,Conductor,Masculino,No,N/A,HERIDO,Caida Ocupante,Arrancar sin precaucion,Calle 38  Sur Carrera 49,LAS VEGAS,Urbana,
2162537,09/23/2016,8:05 a.m.,viernes,AUTOMOVIL,PARTICULAR,Conductor,Masculino,No,N/A,SOLO DAÑOS,Choque,No mantener distancia de seguridad,Calle 37  Sur Carrera 50,LAS VEGAS,Urbana,
2162575,09/22/2016,8:30 p.m.,jueves,MOTOCICLETA,PARTICULAR,Motociclista,Masculino,No,N/A,HERIDO,Choque,Impericia en el manejo,Calle 40  Sur Carrera 24,EL SALADO,Urbana,"(6.147263187, -75.576335752)"
2162541,09/22/2016,6:50 p.m.,jueves,MOTOCICLETA,PARTICULAR,Motociclista,Masculino,No,N/A,SOLO DAÑOS,Choque,Transitar entre vehiculos,Calle 25  Sur Carrera 43 A,ZU├æIGA,Urbana,"(6.181560189, -75.582016491)"
2163183,09/22/2016,5:30 p.m.,jueves,AUTOMOVIL,PARTICULAR,Conductor,Femenino,No,N/A,SOLO DAÑOS,Choque,Otra,Calle 36 D Sur Carrera 27,VEREDA EL ESCOBERO,Urbana,"(6.162479576, -75.570222573)"
2163183,09/22/2016,5:30 p.m.,jueves,MOTOCICLETA,DIPLOMATICO,Motociclista,Masculino,No,N/A,SOLO DAÑOS,Choque,Otra,Calle 36 D Sur Carrera 27,VEREDA EL ESCOBERO,Urbana,"(6.162479576, -75.570222573)"
2162538,09/22/2016,2:45 p.m.,jueves,BICICLETA,PARTICULAR,Ciclista,Femenino,No,N/A,HERIDO,Choque,Exceso de velocidad,Calle 46  Sur Carrera 50,LAS VEGAS,Urbana,
2162538,09/22/2016,2:45 p.m.,jueves,CAMIONETA,PUBLICO,Conductor,Masculino,No,N/A,HERIDO,Choque,Exceso de velocidad,Calle 46  Sur Carrera 50,LAS VEGAS,Urbana,
2162531,09/22/2016,2:40 p.m.,jueves,CAMION,PUBLICO,Conductor,Masculino,No,N/A,HERIDO,Choque,Transitar entre vehiculos,Calle 46  Sur Carrera 50,LAS VEGAS,Urbana,
2162531,09/22/2016,2:40 p.m.,jueves,MOTOCICLETA,PARTICULAR,Motociclista,Masculino,No,N/A,HERIDO,Choque,Transitar entre vehiculos,Calle 46  Sur Carrera 50,LAS VEGAS,Urbana,
2162531,09/22/2016,2:40 p.m.,jueves,CAMION,PARTICULAR,Conductor,Masculino,No,N/A,HERIDO,Choque,Transitar entre vehiculos,Calle 46  Sur Carrera 50,LAS VEGAS,Urbana,
2162545,09/22/2016,1:50 p.m.,jueves,MOTOCICLETA,PARTICULAR,Motociclista,Femenino,No,N/A,HERIDO,Choque,Transitar entre vehiculos,Calle 25  Sur Carrera 48,LAS VEGAS,Urbana,
2162545,09/22/2016,1:50 p.m.,jueves,Sin registro,PUBLICO,Conductor,Masculino,No,N/A,HERIDO,Choque,Transitar entre vehiculos,Calle 25  Sur Carrera 48,LAS VEGAS,Urbana,
2162529,09/22/2016,1:30 p.m.,jueves,AUTOMOVIL,PARTICULAR,Conductor,Masculino,No,N/A,SOLO DAÑOS,Choque,No mantener distancia de seguridad,Calle 32  Sur Carrera 46,EL PORTAL,Urbana,"(6.176931913, -75.588499114)"
2162529,09/22/2016,1:30 p.m.,jueves,AUTOMOVIL,PARTICULAR,Conductor,Masculino,No,N/A,SOLO DAÑOS,Choque,No mantener distancia de seguridad,Calle 32  Sur Carrera 46,EL PORTAL,Urbana,"(6.176931913, -75.588499114)"
2162528,09/22/2016,1:30 p.m.,jueves,AUTOMOVIL,PUBLICO,Conductor,Masculino,No,N/A,SOLO DAÑOS,Choque,No mantener distancia de seguridad,Calle 40 B Sur Carrera 27,LA MINA,Urbana,"(6.157910673, -75.581553601)"
2162528,09/22/2016,1:30 p.m.,jueves,AUTOMOVIL,PUBLICO,Conductor,Masculino,No,N/A,SOLO DAÑOS,Choque,No mantener distancia de seguridad,Calle 40 B Sur Carrera 27,LA MINA,Urbana,"(6.157910673, -75.581553601)"
2162565,09/22/2016,10:20 a.m.,jueves,MOTOCICLETA,PARTICULAR,Motociclista,Masculino,No,N/A,HERIDO,Atropello,Cruzar sin observar,Diagonal 32 Transversal 36,LOS NARANJOS,Urbana,"(6.168258576, -75.580670172)"
2162541,09/22/2016,6:50 p.m.,jueves,AUTOMOVIL,PARTICULAR,Conductor,Masculino,No,N/A,SOLO DAÑOS,Choque,Transitar entre vehiculos,Calle 25  Sur Carrera 43 A,ZU├æIGA,Urbana,"(6.181560189, -75.582016491)"
2162565,09/22/2016,10:20 a.m.,jueves,MOTOCICLETA,PARTICULAR,Motociclista,Masculino,No,N/A,HERIDO,Atropello,Exceso de velocidad,Diagonal 32 Transversal 36,LOS NARANJOS,Urbana,"(6.168258576, -75.580670172)"
2162544,09/22/2016,8:20 a.m.,jueves,AUTOMOVIL,PUBLICO,Conductor,Masculino,No,N/A,SOLO DAÑOS,Choque,Impericia en el manejo,Diagonal 31 Transversal 33 A,LAS FLORES,Urbana,"(6.173761816, -75.578919701)"
2162544,09/22/2016,8:20 a.m.,jueves,BUS,PUBLICO,Conductor,Masculino,No,N/A,SOLO DAÑOS,Choque,Impericia en el manejo,Diagonal 31 Transversal 33 A,LAS FLORES,Urbana,"(6.173761816, -75.578919701)"
2162543,09/22/2016,8:10 a.m.,jueves,CAMION,PUBLICO,Conductor,Masculino,No,N/A,SOLO DAÑOS,Choque,Reverso imprudente,Calle 22 D Sur Carrera 46,ZU├æIGA,Urbana,
2162543,09/22/2016,8:10 a.m.,jueves,AUTOMOVIL,PARTICULAR,Conductor,Femenino,No,N/A,SOLO DAÑOS,Choque,Reverso imprudente,Calle 22 D Sur Carrera 46,ZU├æIGA,Urbana,
2162533,09/22/2016,7:45 a.m.,jueves,MICROBUS,PUBLICO,Conductor,Masculino,No,N/A,SOLO DAÑOS,Choque,Reverso imprudente,Calle 23  Sur Carrera 15,N/R,Urbana,"(6.174857575, -75.559615039)"
2162533,09/22/2016,7:45 a.m.,jueves,CAMIONETA,PARTICULAR,Conductor,Femenino,No,N/A,SOLO DAÑOS,Choque,Reverso imprudente,Calle 23  Sur Carrera 15,N/R,Urbana,"(6.174857575, -75.559615039)"
2162519,09/22/2016,7:45 a.m.,jueves,CAMION,PUBLICO,Conductor,Masculino,No,N/A,MUERTO,Otro,Vehiculo mal estacionado,Tramo 372 Kilometro  17,VEREDA PALMAS,Rural,
2162522,09/22/2016,7:40 a.m.,jueves,MICROBUS,PUBLICO,Conductor,Masculino,No,N/A,SOLO DAÑOS,Choque,No mantener distancia de seguridad,Calle 25  Sur Carrera 49,LAS VEGAS,Urbana,
2162522,09/22/2016,7:40 a.m.,jueves,CAMPERO,PARTICULAR,Conductor,Femenino,No,N/A,SOLO DAÑOS,Choque,No mantener distancia de seguridad,Calle 25  Sur Carrera 49,LAS VEGAS,Urbana,
2162521,09/22/2016,7:35 a.m.,jueves,BUS,PUBLICO,Conductor,Masculino,No,N/A,HERIDO,Caida Ocupante,Arrancar sin precaucion,Calle 48 C Sur Carrera 43 A,N/R,Urbana,"(6.162378903, -75.597630589)"
2162521,09/22/2016,7:35 a.m.,jueves,BUS,PUBLICO,Conductor,Masculino,No,N/A,HERIDO,Caida Ocupante,Transitar con las puertas abiertas,Calle 48 C Sur Carrera 43 A,N/R,Urbana,"(6.162378903, -75.597630589)"
2162534,09/22/2016,7:00 a.m.,jueves,CAMIONETA,PARTICULAR,Conductor,Femenino,No,N/A,SOLO DAÑOS,Choque,No mantener distancia de seguridad,Calle 36  Sur Carrera 27,EL CHOCHO,Urbana,"(6.167154903, -75.569336965)"
2162534,09/22/2016,7:00 a.m.,jueves,CAMPERO,PARTICULAR,Conductor,Femenino,No,N/A,SOLO DAÑOS,Choque,No mantener distancia de seguridad,Calle 36  Sur Carrera 27,EL CHOCHO,Urbana,"(6.167154903, -75.569336965)"
2162540,09/22/2016,6:10 a.m.,jueves,CAMIONETA,PUBLICO,Conductor,Masculino,No,N/A,SOLO DAÑOS,Choque,Reverso imprudente,Tramo 373 Kilometro  15,VEREDA PALMAS,Rural,
2162540,09/22/2016,6:10 a.m.,jueves,CAMION,PUBLICO,Conductor,Masculino,No,N/A,SOLO DAÑOS,Choque,Reverso imprudente,Tramo 373 Kilometro  15,VEREDA PALMAS,Rural,
2162530,09/22/2016,7:00 p.m.,jueves,AUTOMOVIL,PUBLICO,Conductor,Masculino,No,N/A,SOLO DAÑOS,Choque,Adelantar cerrando,Calle 39  Sur Carrera 31,MESA,Urbana,"(6.164350999, -75.581942513)"
2162575,09/22/2016,8:30 p.m.,jueves,MICROBUS,PUBLICO,Conductor,Masculino,No,N/A,HERIDO,Choque,Impericia en el manejo,Calle 40  Sur Carrera 24,EL SALADO,Urbana,"(6.147263187, -75.576335752)"
2162530,09/22/2016,7:00 p.m.,jueves,BUS,PUBLICO,Conductor,Masculino,No,N/A,SOLO DAÑOS,Choque,Adelantar cerrando,Calle 39  Sur Carrera 31,MESA,Urbana,"(6.164350999, -75.581942513)"
2162527,09/21/2016,5:25 p.m.,miércoles,CAMIONETA,PUBLICO,Conductor,Masculino,No,N/A,SOLO DAÑOS,Choque,Adelantar cerrando,Diagonal 32 Transversal 35 A,LOS NARANJOS,Urbana,"(6.169858515, -75.580973363)"
2162518,09/21/2016,5:20 p.m.,miércoles,CAMIONETA,PARTICULAR,Conductor,Femenino,No,N/A,SOLO DAÑOS,Choque,Adelantar cerrando,Calle 37  Sur Carrera 29,LOMA DE LAS BRUJAS,Urbana,"(6.165886877, -75.579550992)"
2162518,09/21/2016,5:20 p.m.,miércoles,AUTOMOVIL,PARTICULAR,Conductor,Femenino,No,N/A,SOLO DAÑOS,Choque,Adelantar cerrando,Calle 37  Sur Carrera 29,LOMA DE LAS BRUJAS,Urbana,"(6.165886877, -75.579550992)"
2162525,09/21/2016,5:15 p.m.,miércoles,CAMIONETA,PARTICULAR,Conductor,Femenino,No,N/A,SOLO DAÑOS,Choque,Reverso imprudente,Calle 37 B Sur Carrera 28,N/R,Urbana,"(6.164360036, -75.578794609)"
2162525,09/21/2016,5:15 p.m.,miércoles,AUTOMOVIL,PARTICULAR,Conductor,Masculino,No,N/A,SOLO DAÑOS,Choque,Reverso imprudente,Calle 37 B Sur Carrera 28,N/R,Urbana,"(6.164360036, -75.578794609)"
2162516,09/21/2016,4:30 p.m.,miércoles,AUTOMOVIL,PARTICULAR,Conductor,Masculino,No,N/A,SOLO DAÑOS,Choque,Adelantar cerrando,Calle 38  Sur Carrera 29 A,MESA,Urbana,"(6.165022576, -75.580713107)"
2162516,09/21/2016,4:30 p.m.,miércoles,VOLQUETA,PUBLICO,Conductor,Masculino,No,N/A,SOLO DAÑOS,Choque,Adelantar cerrando,Calle 38  Sur Carrera 29 A,MESA,Urbana,"(6.165022576, -75.580713107)"
2162523,09/21/2016,2:50 p.m.,miércoles,AUTOMOVIL,PARTICULAR,Conductor,Femenino,No,N/A,HERIDO,Choque,No mantener distancia de seguridad,Calle 30  Sur Carrera 43 A,JARDINES,Urbana,"(6.177126039, -75.585250895)"
2162523,09/21/2016,2:50 p.m.,miércoles,AUTOMOVIL,PARTICULAR,Conductor,Masculino,No,N/A,HERIDO,Choque,No mantener distancia de seguridad,Calle 30  Sur Carrera 43 A,JARDINES,Urbana,"(6.177126039, -75.585250895)"
2162532,09/21/2016,2:45 p.m.,miércoles,CAMIONETA,PARTICULAR,Conductor,Masculino,No,N/A,SOLO DAÑOS,Choque,No mantener distancia de seguridad,Calle 36 D Sur Carrera 27 D,VEREDA EL ESCOBERO,Urbana,"(6.164970853, -75.574637268)"
2162532,09/21/2016,2:45 p.m.,miércoles,AUTOMOVIL,PARTICULAR,Conductor,Masculino,No,N/A,SOLO DAÑOS,Choque,No mantener distancia de seguridad,Calle 36 D Sur Carrera 27 D,VEREDA EL ESCOBERO,Urbana,"(6.164970853, -75.574637268)"
2162532,09/21/2016,2:45 p.m.,miércoles,CAMIONETA,PARTICULAR,Conductor,Femenino,No,N/A,SOLO DAÑOS,Choque,No mantener distancia de seguridad,Calle 36 D Sur Carrera 27 D,VEREDA EL ESCOBERO,Urbana,"(6.164970853, -75.574637268)"
2162532,09/21/2016,2:45 p.m.,miércoles,AUTOMOVIL,PARTICULAR,Conductor,Masculino,No,N/A,SOLO DAÑOS,Choque,No mantener distancia de seguridad,Calle 36 D Sur Carrera 27 D,VEREDA EL ESCOBERO,Urbana,"(6.164970853, -75.574637268)"
2162510,09/21/2016,5:30 a.m.,miércoles,AUTOMOVIL,PARTICULAR,Conductor,Masculino,No,N/A,SOLO DAÑOS,Choque,No respetar prelacion,Calle 38  Sur Carrera 38,ZONA CENTRO,Urbana,"(6.16803936, -75.584694353)"
2162510,09/21/2016,5:30 a.m.,miércoles,MICROBUS,PUBLICO,Conductor,Masculino,No,N/A,SOLO DAÑOS,Choque,No respetar prelacion,Calle 38  Sur Carrera 38,ZONA CENTRO,Urbana,"(6.16803936, -75.584694353)"
2162517,09/21/2016,2:30 p.m.,miércoles,AUTOMOVIL,PARTICULAR,Conductor,Masculino,No,N/A,SOLO DAÑOS,Choque,No mantener distancia de seguridad,Calle 37  Sur Carrera 50,LAS VEGAS,Urbana,
2162535,09/21/2016,1:20 p.m.,miércoles,MOTOCICLETA,PARTICULAR,Motociclista,Masculino,No,N/A,SOLO DAÑOS,Choque,No mantener distancia de seguridad,Calle 38  Sur Carrera 43 A,ZONA CENTRO,Urbana,"(6.170537577, -75.588625139)"
2162517,09/21/2016,2:30 p.m.,miércoles,AUTOMOVIL,PARTICULAR,Conductor,Femenino,No,N/A,SOLO DAÑOS,Choque,No mantener distancia de seguridad,Calle 37  Sur Carrera 50,LAS VEGAS,Urbana,