RADICADO,FECHA,HORA,DÍA DE LA SEMANA,CLASE DE VEHICULO,TIPO DE SERVICIO,TIPO DE VICTIMA,SEXO,ESTADO DE BEODEZ,RESULTADO DE BEODEZ,GRAVEDAD,CLASE DE ACCIDENTE,CAUSA,DIRECCIÓN,BARRIO,AREA,Coordenadas
2162406,09/12/2016,12:45 p.m.,lunes,AUTOMOVIL,PARTICULAR,Conductor,Femenino,No,N/A,HERIDO,Choque,No mantener distancia de seguridad,Tramo 373 Kilometro  12,VEREDA PALMAS,Rural,
2162406,09/12/2016,12:45 p.m.,lunes,MOTOCICLETA,PARTICULAR,Motociclista,Masculino,No,N/A,HERIDO,Choque,No mantener distancia de seguridad,Tramo 373 Kilometro  12,VEREDA PALMAS,Rural,
2162406,09/12/2016,12:45 p.m.,lunes,AUTOMOVIL,PUBLICO,Conductor,Masculino,No,N/A,HERIDO,Choque,No mantener distancia de seguridad,Tramo 373 Kilometro  12,VEREDA PALMAS,Rural,
2162410,09/12/2016,8:40 a.m.,lunes,MOTOCICLETA,PARTICULAR,Motociclista,Masculino,No,N/A,SOLO DAÑOS,Choque,No mantener distancia de seguridad,Calle 25  Sur Carrera 47,ZU├æIGA,Urbana,
2162410,09/12/2016,8:40 a.m.,lunes,CAMIONETA,PARTICULAR,Conductor,Masculino,No,N/A,SOLO DAÑOS,Choque,No mantener distancia de seguridad,Calle 25  Sur Carrera 47,ZU├æIGA,Urbana,
2162396,09/12/2016,7:15 a.m.,lunes,AUTOMOVIL,DIPLOMATICO,Conductor,Masculino,No,N/A,SOLO DAÑOS,Choque,No mantener distancia de seguridad,Calle 39  Sur Carrera 48,LAS VEGAS,Urbana,"(6.17373153, -75.596883967)"
2162396,09/12/2016,7:15 a.m.,lunes,AUTOMOVIL,PARTICULAR,Conductor,Masculino,No,N/A,SOLO DAÑOS,Choque,No mantener distancia de seguridad,Calle 39  Sur Carrera 48,LAS VEGAS,Urbana,"(6.17373153, -75.596883967)"
2162396,09/12/2016,7:15 a.m.,lunes,AUTOMOVIL,PARTICULAR,Conductor,Masculino,No,N/A,SOLO DAÑOS,Choque,No mantener distancia de seguridad,Calle 39  Sur Carrera 48,LAS VEGAS,Urbana,"(6.17373153, -75.596883967)"
2162409,09/12/2016,4:30 p.m.,lunes,AUTOMOVIL,PARTICULAR,Conductor,Masculino,No,N/A,SOLO DAÑOS,Choque,Adelantar cerrando,Calle 38 A Sur Carrera 40,ZONA CENTRO,Urbana,"(6.168097144, -75.586307809)"
2162425,09/12/2016,2:35 p.m.,lunes,CAMION,PARTICULAR,Conductor,Masculino,No,N/A,SOLO DAÑOS,Choque,Impericia en el manejo,Calle 31  Sur Carrera 43,SAN MARCOS,Urbana,"(6.176823564, -75.585392151)"
2162388,09/12/2016,6:00 a.m.,lunes,BUS,PUBLICO,Conductor,Masculino,No,N/A,SOLO DAÑOS,Choque,No mantener distancia de seguridad,Calle 25  Sur Carrera 48,LAS VEGAS,Urbana,
2162388,09/12/2016,6:00 a.m.,lunes,AUTOMOVIL,PARTICULAR,Conductor,Masculino,No,N/A,SOLO DAÑOS,Choque,No mantener distancia de seguridad,Calle 25  Sur Carrera 48,LAS VEGAS,Urbana,
2162402,09/12/2016,5:50 a.m.,lunes,AUTOMOVIL,PARTICULAR,Conductor,Masculino,No,N/A,SOLO DAÑOS,Choque,Desobedecer senales,Tramo 372 Kilometro  120,VEREDA PALMAS,Rural,
2162402,09/12/2016,5:50 a.m.,lunes,CAMIONETA,PARTICULAR,Conductor,Masculino,No,N/A,SOLO DAÑOS,Choque,Desobedecer senales,Tramo 372 Kilometro  120,VEREDA PALMAS,Rural,
2162366,09/12/2016,12:25 a.m.,lunes,MOTOCICLETA,PARTICULAR,Motociclista,Sin registro,No,N/A,HERIDO,Choque,Desobedecer senales,Diagonal 32 B Transversal 34,OBRERO,Urbana,"(6.172777915, -75.582237861)"
2162366,09/12/2016,12:25 a.m.,lunes,MOTOCICLETA,PARTICULAR,Motociclista,Masculino,No,N/A,HERIDO,Choque,Desobedecer senales,Diagonal 32 B Transversal 34,OBRERO,Urbana,"(6.172777915, -75.582237861)"
2162399,09/12/2016,3:30 p.m.,lunes,CAMION,PUBLICO,Conductor,Masculino,No,N/A,SOLO DAÑOS,Choque,No respetar prelacion,Tramo 181 Kilometro  100,VEREDA PALMAS,Rural,
2162429,09/12/2016,4:45 p.m.,lunes,CAMIONETA,PARTICULAR,Conductor,Femenino,No,N/A,SOLO DAÑOS,Choque,No mantener distancia de seguridad,Calle 37  Sur Carrera 49,LAS VEGAS,Urbana,"(6.174789471, -75.594204243)"
2162429,09/12/2016,4:45 p.m.,lunes,AUTOMOVIL,PARTICULAR,Conductor,Masculino,No,N/A,SOLO DAÑOS,Choque,No mantener distancia de seguridad,Calle 37  Sur Carrera 49,LAS VEGAS,Urbana,"(6.174789471, -75.594204243)"
2162409,09/12/2016,4:30 p.m.,lunes,CAMIONETA,PARTICULAR,Conductor,Masculino,No,N/A,SOLO DAÑOS,Choque,Adelantar cerrando,Calle 38 A Sur Carrera 40,ZONA CENTRO,Urbana,"(6.168097144, -75.586307809)"
2162414,09/12/2016,1:30 p.m.,lunes,BUS,PUBLICO,Conductor,Masculino,No,N/A,SOLO DAÑOS,Choque,No mantener distancia de seguridad,Calle 39 B Sur Carrera 29,SAN JOSE,Urbana,"(6.161392412, -75.580707343)"
2162404,09/12/2016,3:30 p.m.,lunes,AUTOMOVIL,PARTICULAR,Conductor,Femenino,No,N/A,SOLO DAÑOS,Choque,No mantener distancia de seguridad,Calle 50  Sur Carrera 48,LAS CASITAS,Urbana,
2162404,09/12/2016,3:30 p.m.,lunes,AUTOMOVIL,PUBLICO,Conductor,Masculino,No,N/A,SOLO DAÑOS,Choque,No mantener distancia de seguridad,Calle 50  Sur Carrera 48,LAS CASITAS,Urbana,
2162403,09/12/2016,2:00 p.m.,lunes,AUTOMOVIL,PARTICULAR,Conductor,Femenino,No,N/A,SOLO DAÑOS,Choque,Exceso de velocidad,Diagonal 29 Transversal 34 DD,LA SEBASTIANA,Urbana,"(6.171592718, -75.577428355)"
2162403,09/12/2016,2:00 p.m.,lunes,MICROBUS,PUBLICO,Conductor,Masculino,No,N/A,SOLO DAÑOS,Choque,Exceso de velocidad,Diagonal 29 Transversal 34 DD,LA SEBASTIANA,Urbana,"(6.171592718, -75.577428355)"
2162414,09/12/2016,1:30 p.m.,lunes,AUTOMOVIL,PUBLICO,Conductor,Masculino,No,N/A,SOLO DAÑOS,Choque,No mantener distancia de seguridad,Calle 39 B Sur Carrera 29,SAN JOSE,Urbana,"(6.161392412, -75.580707343)"
2162392,09/11/2016,2:45 p.m.,domingo,AUTOMOVIL,PARTICULAR,Conductor,Masculino,No,N/A,SOLO DAÑOS,Choque,Reverso imprudente,Calle 37  Sur Carrera 28,VEREDA EL ESCOBERO,Urbana,"(6.165679454, -75.578340422)"
2162392,09/11/2016,2:45 p.m.,domingo,AUTOMOVIL,PARTICULAR,Conductor,Masculino,No,N/A,SOLO DAÑOS,Choque,Reverso imprudente,Calle 37  Sur Carrera 28,VEREDA EL ESCOBERO,Urbana,"(6.165679454, -75.578340422)"
2162387,09/11/2016,12:40 p.m.,domingo,AUTOMOVIL,PARTICULAR,Conductor,Masculino,No,N/A,SOLO DAÑOS,Choque,Impericia en el manejo,Diagonal 40 Transversal 34 B,OBRERO,Urbana,"(6.171277439, -75.584751199)"
2162364,09/11/2016,11:15 a.m.,domingo,AUTOMOVIL,PARTICULAR,Conductor,Femenino,No,N/A,SOLO DAÑOS,Choque,Impericia en el manejo,Calle 38  Sur Carrera 44,ZONA CENTRO,Urbana,"(6.170783841, -75.589258782)"
2162400,09/11/2016,11:10 a.m.,domingo,MOTOCICLETA,PARTICULAR,Motociclista,Masculino,No,N/A,HERIDO,Choque,Desobedecer senales,Calle 35  Sur Carrera 42,ZONA CENTRO,Urbana,"(6.17174158, -75.586068572)"
2162384,09/11/2016,8:20 p.m.,domingo,AUTOMOVIL,PARTICULAR,Conductor,Femenino,No,N/A,SOLO DAÑOS,Choque,Impericia en el manejo,Calle 48 F Sur Carrera 42 D,LOMA DEL BARRO,Urbana,"(6.157476884, -75.598032245)"
2162373,09/11/2016,8:30 a.m.,domingo,MOTOCICLETA,PARTICULAR,Motociclista,Masculino,No,N/A,HERIDO,Choque,Desobedecer senales,Calle 27  Sur Carrera 28,EL ESMERALDAL,Urbana,"(6.175346318, -75.574583402)"
2162384,09/11/2016,8:20 p.m.,domingo,AUTOMOVIL,PARTICULAR,Conductor,Masculino,No,N/A,SOLO DAÑOS,Choque,Impericia en el manejo,Calle 48 F Sur Carrera 42 D,LOMA DEL BARRO,Urbana,"(6.157476884, -75.598032245)"
2162386,09/11/2016,7:00 p.m.,domingo,MOTOCICLETA,PARTICULAR,Motociclista,Femenino,No,N/A,SOLO DAÑOS,Choque,Desobedecer senales,Calle 39 B Sur Carrera 29 A,MESA,Urbana,"(6.163042511, -75.581527444)"
2162373,09/11/2016,8:30 a.m.,domingo,AUTOMOVIL,PARTICULAR,Conductor,Masculino,No,N/A,HERIDO,Choque,Desobedecer senales,Calle 27  Sur Carrera 28,EL ESMERALDAL,Urbana,"(6.175346318, -75.574583402)"
2162364,09/11/2016,11:15 a.m.,domingo,CAMIONETA,PUBLICO,Conductor,Masculino,No,N/A,SOLO DAÑOS,Choque,Impericia en el manejo,Calle 38  Sur Carrera 44,ZONA CENTRO,Urbana,"(6.170783841, -75.589258782)"
2162400,09/11/2016,11:10 a.m.,domingo,AUTOMOVIL,PUBLICO,Conductor,Masculino,No,N/A,HERIDO,Choque,Desobedecer senales,Calle 35  Sur Carrera 42,ZONA CENTRO,Urbana,"(6.17174158, -75.586068572)"
2162386,09/11/2016,7:00 p.m.,domingo,AUTOMOVIL,PUBLICO,Conductor,Masculino,No,N/A,SOLO DAÑOS,Choque,Desobedecer senales,Calle 39 B Sur Carrera 29 A,MESA,Urbana,"(6.163042511, -75.581527444)"
2162360,09/11/2016,5:30 p.m.,domingo,MOTOCICLETA,PARTICULAR,Motociclista,Femenino,No,N/A,HERIDO,Caida Ocupante,Desobedecer senales,Diagonal 33 Transversal 34 D,OBRERO,Urbana,"(6.170891508, -75.583140175)"
2162360,09/11/2016,5:30 p.m.,domingo,AUTOMOVIL,PARTICULAR,Conductor,Sin registro,No,N/A,HERIDO,Caida Ocupante,Desobedecer senales,Diagonal 33 Transversal 34 D,OBRERO,Urbana,"(6.170891508, -75.583140175)"
2162355,09/10/2016,2:40 p.m.,sábado,MOTOCICLETA,PARTICULAR,Motociclista,Femenino,No,N/A,HERIDO,Choque,Transitar entre vehiculos,Calle 35  Sur Carrera 50,LAS VEGAS,Urbana,
2162381,09/10/2016,11:30 p.m.,sábado,AUTOMOVIL,PARTICULAR,Conductor,Masculino,No,N/A,SOLO DAÑOS,Choque,Otra,Calle 27 A Sur Carrera 43 A,VILLA GRANDE,Urbana,"(6.180069628, -75.585608003)"
2162381,09/10/2016,11:30 p.m.,sábado,AUTOMOVIL,PARTICULAR,Conductor,Masculino,No,N/A,SOLO DAÑOS,Choque,Otra,Calle 27 A Sur Carrera 43 A,VILLA GRANDE,Urbana,"(6.180069628, -75.585608003)"
2162383,09/10/2016,9:20 p.m.,sábado,AUTOMOVIL,PARTICULAR,Conductor,Masculino,No,N/A,SOLO DAÑOS,Choque,No mantener distancia de seguridad,Calle 33 B Sur Carrera 50,LAS VEGAS,Urbana,
2162383,09/10/2016,9:20 p.m.,sábado,AUTOMOVIL,PARTICULAR,Conductor,Masculino,No,N/A,SOLO DAÑOS,Choque,No mantener distancia de seguridad,Calle 33 B Sur Carrera 50,LAS VEGAS,Urbana,
2162368,09/10/2016,5:40 p.m.,sábado,MOTOCICLETA,PARTICULAR,Motociclista,Masculino,No,N/A,SOLO DAÑOS,Choque,Adelantar cerrando,Calle 39  Sur Carrera 27,EL CHINGU├ì,Urbana,"(6.159217585, -75.578834618)"
2162368,09/10/2016,5:40 p.m.,sábado,AUTOMOVIL,PARTICULAR,Conductor,Femenino,No,N/A,SOLO DAÑOS,Choque,Adelantar cerrando,Calle 39  Sur Carrera 27,EL CHINGU├ì,Urbana,"(6.159217585, -75.578834618)"
2162390,09/10/2016,3:30 p.m.,sábado,AUTOMOVIL,PARTICULAR,Conductor,Masculino,No,N/A,SOLO DAÑOS,Choque,No mantener distancia de seguridad,Calle 39 A Sur Carrera 48,LAS VEGAS,Urbana,"(6.168916704, -75.59147177)"
2162390,09/10/2016,3:30 p.m.,sábado,AUTOMOVIL,PARTICULAR,Conductor,Masculino,No,N/A,SOLO DAÑOS,Choque,No mantener distancia de seguridad,Calle 39 A Sur Carrera 48,LAS VEGAS,Urbana,"(6.168916704, -75.59147177)"
2162374,09/10/2016,2:50 p.m.,sábado,MOTOCICLETA,PARTICULAR,Motociclista,Masculino,No,N/A,SOLO DAÑOS,Choque,Transitar entre vehiculos,Calle 32 B Sur Carrera 48,LAS VEGAS,Urbana,"(6.177255701, -75.590031365)"
2162374,09/10/2016,2:50 p.m.,sábado,MOTOCICLETA,PARTICULAR,Motociclista,Masculino,No,N/A,SOLO DAÑOS,Choque,Transitar entre vehiculos,Calle 32 B Sur Carrera 48,LAS VEGAS,Urbana,"(6.177255701, -75.590031365)"
2162374,09/10/2016,2:50 p.m.,sábado,AUTOMOVIL,PARTICULAR,Conductor,Masculino,No,N/A,SOLO DAÑOS,Choque,Transitar entre vehiculos,Calle 32 B Sur Carrera 48,LAS VEGAS,Urbana,"(6.177255701, -75.590031365)"
2162355,09/10/2016,2:40 p.m.,sábado,MOTOCICLETA,PARTICULAR,Motociclista,Masculino,No,N/A,HERIDO,Choque,Transitar entre vehiculos,Calle 35  Sur Carrera 50,LAS VEGAS,Urbana,
2162355,09/10/2016,2:40 p.m.,sábado,CAMIONETA,PARTICULAR,Conductor,Masculino,No,N/A,HERIDO,Choque,Transitar entre vehiculos,Calle 35  Sur Carrera 50,LAS VEGAS,Urbana,
2162355,09/10/2016,2:40 p.m.,sábado,AUTOMOVIL,PARTICULAR,Conductor,Masculino,No,N/A,HERIDO,Choque,Transitar entre vehiculos,Calle 35  Sur Carrera 50,LAS VEGAS,Urbana,
2162355,09/10/2016,2:40 p.m.,sábado,MOTOCICLETA,PARTICULAR,Motociclista,Masculino,No,N/A,HERIDO,Choque,Transitar entre vehiculos,Calle 35  Sur Carrera 50,LAS VEGAS,Urbana,
2162355,09/10/2016,2:40 p.m.,sábado,AUTOMOVIL,PARTICULAR,Conductor,Masculino,No,N/A,HERIDO,Choque,Transitar entre vehiculos,Calle 35  Sur Carrera 50,LAS VEGAS,Urbana,
2162752,09/10/2016,2:00 p.m.,sábado,MOTOCICLETA,PARTICULAR,Motociclista,Sin registro,No,N/A,HERIDO,Atropello,Otra,Diagonal 31 Transversal 34 D Sur,URIBE ANGEL,Urbana,"(6.17201459, -75.579216112)"
2162380,09/10/2016,1:20 p.m.,sábado,CAMIONETA,PARTICULAR,Conductor,Femenino,No,N/A,SOLO DAÑOS,Choque,Reverso imprudente,Calle 38  Sur Carrera 46,ZONA CENTRO,Urbana,"(6.171966643, -75.591369743)"
2162380,09/10/2016,1:20 p.m.,sábado,AUTOMOVIL,PARTICULAR,Conductor,Femenino,No,N/A,SOLO DAÑOS,Choque,Reverso imprudente,Calle 38  Sur Carrera 46,ZONA CENTRO,Urbana,"(6.171966643, -75.591369743)"
2162397,09/10/2016,12:15 p.m.,sábado,AUTOMOVIL,PARTICULAR,Conductor,Femenino,No,N/A,HERIDO,Atropello,Poner en marcha un vehiculo sin precauci,Calle 35  Sur Carrera 43 A,SAN MARCOS,Urbana,"(6.17249645, -75.587328326)"
2162397,09/10/2016,12:15 p.m.,sábado,AUTOMOVIL,PARTICULAR,Conductor,Femenino,No,N/A,HERIDO,Atropello,Cruzar sin observar,Calle 35  Sur Carrera 43 A,SAN MARCOS,Urbana,"(6.17249645, -75.587328326)"
2162379,09/10/2016,11:15 a.m.,sábado,CAMIONETA,PARTICULAR,Conductor,Masculino,No,N/A,SOLO DAÑOS,Choque,Adelantar cerrando,Calle 39  Sur Carrera 43 A,ALCALA,Urbana,"(6.169120914, -75.589530358)"
2162379,09/10/2016,11:15 a.m.,sábado,BUS,PUBLICO,Conductor,Masculino,No,N/A,SOLO DAÑOS,Choque,Adelantar cerrando,Calle 39  Sur Carrera 43 A,ALCALA,Urbana,"(6.169120914, -75.589530358)"
2162376,09/10/2016,11:15 a.m.,sábado,MOTOCICLETA,PARTICULAR,Motociclista,Masculino,No,N/A,SOLO DAÑOS,Choque,No respetar prelacion,Calle 21  Sur Carrera 41,ZU├æIGA,Urbana,"(6.182165945, -75.576776678)"
2162376,09/10/2016,11:15 a.m.,sábado,AUTOMOVIL,PARTICULAR,Conductor,Femenino,No,N/A,SOLO DAÑOS,Choque,No respetar prelacion,Calle 21  Sur Carrera 41,ZU├æIGA,Urbana,"(6.182165945, -75.576776678)"
2162395,09/10/2016,10:25 a.m.,sábado,AUTOMOVIL,PUBLICO,Conductor,Masculino,No,N/A,SOLO DAÑOS,Choque,Adelantar cerrando,Calle 39  Sur Carrera 43 A,ZONA CENTRO,Urbana,"(6.169120914, -75.589530358)"
2162395,09/10/2016,10:25 a.m.,sábado,AUTOMOVIL,PARTICULAR,Conductor,Masculino,No,N/A,SOLO DAÑOS,Choque,Adelantar cerrando,Calle 39  Sur Carrera 43 A,ZONA CENTRO,Urbana,"(6.169120914, -75.589530358)"
2162375,09/10/2016,9:50 a.m.,sábado,AUTOMOVIL,PARTICULAR,Conductor,Masculino,No,N/A,SOLO DAÑOS,Choque,Otra,Calle 45 C Sur Carrera 40,LAS ANTILLAS,Urbana,"(6.161670296, -75.592350489)"
2162375,09/10/2016,9:50 a.m.,sábado,BUS,PUBLICO,Conductor,Masculino,No,N/A,SOLO DAÑOS,Choque,Otra,Calle 45 C Sur Carrera 40,LAS ANTILLAS,Urbana,"(6.161670296, -75.592350489)"
2162371,09/10/2016,7:30 a.m.,sábado,AUTOMOVIL,PARTICULAR,Conductor,Masculino,No,N/A,SOLO DAÑOS,Choque,Desobedecer senales,Calle 43  Sur Carrera 48,LAS VEGAS,Urbana,"(6.168592602, -75.597528999)"
2162371,09/10/2016,7:30 a.m.,sábado,CAMPERO,PARTICULAR,Conductor,Masculino,No,N/A,SOLO DAÑOS,Choque,Desobedecer senales,Calle 43  Sur Carrera 48,LAS VEGAS,Urbana,"(6.168592602, -75.597528999)"
2162389,09/10/2016,4:15 a.m.,sábado,AUTOMOVIL,PUBLICO,Conductor,Masculino,No,N/A,SOLO DAÑOS,Choque,Semaforo en rojo,Calle 37  Sur Carrera 43 A,ZONA CENTRO,Urbana,"(6.171151654, -75.58815663)"
2162389,09/10/2016,4:15 a.m.,sábado,AUTOMOVIL,PUBLICO,Conductor,Masculino,No,N/A,SOLO DAÑOS,Choque,Semaforo en rojo,Calle 37  Sur Carrera 43 A,ZONA CENTRO,Urbana,"(6.171151654, -75.58815663)"
2162367,09/09/2016,4:20 p.m.,viernes,MOTOCICLETA,DIPLOMATICO,Motociclista,Masculino,No,N/A,SOLO DAÑOS,Choque,Adelantar cerrando,Calle 37 B Sur Carrera 27 B,LOMA DE LAS BRUJAS,Urbana,"(6.161472845, -75.576107866)"
2162367,09/09/2016,4:20 p.m.,viernes,AUTOMOVIL,PARTICULAR,Conductor,Femenino,No,N/A,SOLO DAÑOS,Choque,Adelantar cerrando,Calle 37 B Sur Carrera 27 B,LOMA DE LAS BRUJAS,Urbana,"(6.161472845, -75.576107866)"
2162365,09/09/2016,3:30 p.m.,viernes,CAMPERO,PARTICULAR,Conductor,Femenino,No,N/A,SOLO DAÑOS,Choque,No mantener distancia de seguridad,Calle 39  Sur Carrera 39,ZONA CENTRO,Urbana,"(6.166978259, -75.586044922)"
2162365,09/09/2016,3:30 p.m.,viernes,AUTOMOVIL,PARTICULAR,Conductor,Masculino,No,N/A,SOLO DAÑOS,Choque,No mantener distancia de seguridad,Calle 39  Sur Carrera 39,ZONA CENTRO,Urbana,"(6.166978259, -75.586044922)"
2162378,09/09/2016,3:10 p.m.,viernes,MOTOCICLETA,PARTICULAR,Motociclista,Masculino,No,N/A,SOLO DAÑOS,Choque,No mantener distancia de seguridad,Calle 38 A Sur Carrera 48,LAS VEGAS,Urbana,"(6.168560755, -75.587015366)"
2162378,09/09/2016,3:10 p.m.,viernes,AUTOMOVIL,PARTICULAR,Conductor,Femenino,No,N/A,SOLO DAÑOS,Choque,No mantener distancia de seguridad,Calle 38 A Sur Carrera 48,LAS VEGAS,Urbana,"(6.168560755, -75.587015366)"
2162372,09/09/2016,1:00 p.m.,viernes,AUTOMOVIL,PARTICULAR,Conductor,Femenino,No,N/A,HERIDO,Otro,Exceso de velocidad,Tramo 372 Kilometro  12,VEREDA PALMAS,Rural,
2162369,09/09/2016,10:10 a.m.,viernes,MOTOCICLETA,PARTICULAR,Motociclista,Femenino,No,N/A,HERIDO,Choque,No mantener distancia de seguridad,Calle 36  Sur Carrera 25,EL CHOCHO,Urbana,"(6.167194335, -75.564826277)"
2162369,09/09/2016,10:10 a.m.,viernes,MOTOCICLETA,PARTICULAR,Motociclista,Masculino,No,N/A,HERIDO,Choque,No mantener distancia de seguridad,Calle 36  Sur Carrera 25,EL CHOCHO,Urbana,"(6.167194335, -75.564826277)"
2162361,09/09/2016,9:47 a.m.,viernes,CAMIONETA,PUBLICO,Conductor,Masculino,No,N/A,SOLO DAÑOS,Choque,Exceso de velocidad,Calle 39  Sur Carrera 43,ZONA CENTRO,Urbana,"(6.168678771, -75.58876156)"
2162361,09/09/2016,9:47 a.m.,viernes,CAMION,PUBLICO,Conductor,Masculino,No,N/A,SOLO DAÑOS,Choque,Exceso de velocidad,Calle 39  Sur Carrera 43,ZONA CENTRO,Urbana,"(6.168678771, -75.58876156)"
2162393,09/09/2016,9:40 a.m.,viernes,AUTOMOVIL,PARTICULAR,Conductor,Femenino,No,N/A,SOLO DAÑOS,Choque,No mantener distancia de seguridad,Calle 39 A Sur Carrera 50,LAS VEGAS,Urbana,
2162391,09/09/2016,6:20 a.m.,viernes,AUTOMOVIL,PARTICULAR,Conductor,Masculino,No,N/A,HERIDO,Choque,No mantener distancia de seguridad,Calle 26  Sur Carrera 50,LAS VEGAS,Urbana,
2162391,09/09/2016,6:20 a.m.,viernes,CAMPERO,PARTICULAR,Conductor,Femenino,No,N/A,HERIDO,Choque,No mantener distancia de seguridad,Calle 26  Sur Carrera 50,LAS VEGAS,Urbana,
2162391,09/09/2016,6:20 a.m.,viernes,AUTOMOVIL,PARTICULAR,Conductor,Masculino,No,N/A,HERIDO,Choque,No mantener distancia de seguridad,Calle 26  Sur Carrera 50,LAS VEGAS,Urbana,
2162391,09/09/2016,6:20 a.m.,viernes,AUTOMOVIL,PARTICULAR,Conductor,Femenino,No,N/A,HERIDO,Choque,No mantener distancia de seguridad,Calle 26  Sur Carrera 50,LAS VEGAS,Urbana,
2162359,09/09/2016,10:10 p.m.,viernes,AUTOMOVIL,PARTICULAR,Conductor,Masculino,No,N/A,SOLO DAÑOS,Choque,Desobedecer senales,Calle 33 B Sur Carrera 33 B,ZONA CENTRO,Urbana,"(6.173020436, -75.584061461)"
2163145,09/09/2016,5:13 a.m.,viernes,BUS,PUBLICO,Conductor,Femenino,No,N/A,SOLO DAÑOS,Choque,Otra,Diagonal 33 Transversal 34 E,N/R,Urbana,"(6.172651904, -75.583822418)"
2163145,09/09/2016,5:13 a.m.,viernes,AUTOMOVIL,PARTICULAR,Conductor,Masculino,No,N/A,SOLO DAÑOS,Choque,Otra,Diagonal 33 Transversal 34 E,N/R,Urbana,"(6.172651904, -75.583822418)"
2162394,09/09/2016,4:50 a.m.,viernes,AUTOMOVIL,PARTICULAR,Conductor,Femenino,No,N/A,HERIDO,Atropello,Cruzar sin observar,Calle 39  Sur Carrera 25,EL CHINGU├ì,Urbana,"(6.157563812, -75.579224131)"
2162359,09/09/2016,10:10 p.m.,viernes,MOTOCICLETA,PARTICULAR,Motociclista,Masculino,No,N/A,SOLO DAÑOS,Choque,Desobedecer senales,Calle 33 B Sur Carrera 33 B,ZONA CENTRO,Urbana,"(6.173020436, -75.584061461)"
2162363,09/09/2016,10:30 p.m.,viernes,AUTOMOVIL,PARTICULAR,Conductor,Masculino,No,N/A,SOLO DAÑOS,Choque,Adelantar cerrando,Calle 31 A Sur Carrera 43 A,SAN MARCOS,Urbana,"(6.17641909, -75.585561331)"
2162363,09/09/2016,10:30 p.m.,viernes,CAMIONETA,PARTICULAR,Conductor,Femenino,No,N/A,SOLO DAÑOS,Choque,Adelantar cerrando,Calle 31 A Sur Carrera 43 A,SAN MARCOS,Urbana,"(6.17641909, -75.585561331)"
2162393,09/09/2016,9:40 a.m.,viernes,MOTOCICLETA,PARTICULAR,Motociclista,Masculino,No,N/A,SOLO DAÑOS,Choque,No mantener distancia de seguridad,Calle 39 A Sur Carrera 50,LAS VEGAS,Urbana,
2162358,09/08/2016,12:45 p.m.,jueves,AUTOMOVIL,PARTICULAR,Conductor,Femenino,No,N/A,SOLO DAÑOS,Choque,Otra,Calle 25  Sur Carrera 48,LAS VEGAS,Urbana,
2162337,09/08/2016,8:45 a.m.,jueves,AUTOMOVIL,PARTICULAR,Conductor,Masculino,No,N/A,HERIDO,Choque,No mantener distancia de seguridad,Calle 37  Sur Carrera 48,LAS VEGAS,Urbana,"(6.17412211, -75.593061115)"
2162337,09/08/2016,8:45 a.m.,jueves,AUTOMOVIL,PUBLICO,Conductor,Masculino,No,N/A,HERIDO,Choque,No mantener distancia de seguridad,Calle 37  Sur Carrera 48,LAS VEGAS,Urbana,"(6.17412211, -75.593061115)"
2162337,09/08/2016,8:45 a.m.,jueves,CAMPERO,PARTICULAR,Conductor,Masculino,No,N/A,HERIDO,Choque,No mantener distancia de seguridad,Calle 37  Sur Carrera 48,LAS VEGAS,Urbana,"(6.17412211, -75.593061115)"
2162385,09/08/2016,7:20 a.m.,jueves,BICICLETA,PARTICULAR,Ciclista,Femenino,No,N/A,HERIDO,Choque,Transitar por vias prohibidas,Diagonal 31 Transversal 33,LAS FLORES,Urbana,"(6.174094397, -75.578818529)"
2162385,09/08/2016,7:20 a.m.,jueves,AUTOMOVIL,PUBLICO,Conductor,Masculino,No,N/A,HERIDO,Choque,Transitar por vias prohibidas,Diagonal 31 Transversal 33,LAS FLORES,Urbana,"(6.174094397, -75.578818529)"
2162350,09/08/2016,7:20 a.m.,jueves,AUTOMOVIL,PARTICULAR,Conductor,Masculino,No,N/A,SOLO DAÑOS,Choque,No respetar prelacion,Calle 40  Sur Carrera 47,ALCALA,Urbana,"(6.16946967, -75.59467671)"
2162350,09/08/2016,7:20 a.m.,jueves,MICROBUS,PUBLICO,Conductor,Masculino,No,N/A,SOLO DAÑOS,Choque,No respetar prelacion,Calle 40  Sur Carrera 47,ALCALA,Urbana,"(6.16946967, -75.59467671)"
2162336,09/08/2016,7:10 a.m.,jueves,AUTOMOVIL,PARTICULAR,Conductor,Masculino,No,N/A,SOLO DAÑOS,Choque,No mantener distancia de seguridad,Calle 37  Sur Carrera 43 A,EL PORTAL,Urbana,"(6.171151654, -75.58815663)"
2162336,09/08/2016,7:10 a.m.,jueves,CAMION,PUBLICO,Conductor,Masculino,No,N/A,SOLO DAÑOS,Choque,No mantener distancia de seguridad,Calle 37  Sur Carrera 43 A,EL PORTAL,Urbana,"(6.171151654, -75.58815663)"
2162351,09/08/2016,6:50 a.m.,jueves,MOTOCICLETA,PARTICULAR,Motociclista,Masculino,No,N/A,SOLO DAÑOS,Choque,Transitar entre vehiculos,Calle 21  Sur Carrera 41 AA,N/R,Urbana,"(6.182549881, -75.577500332)"