RADICADO,FECHA,HORA,DÍA DE LA SEMANA,CLASE DE VEHICULO,TIPO DE SERVICIO,TIPO DE VICTIMA,SEXO,ESTADO DE BEODEZ,RESULTADO DE BEODEZ,GRAVEDAD,CLASE DE ACCIDENTE,CAUSA,DIRECCIÓN,BARRIO,AREA,Coordenadas
2162300,09/03/2016,11:15 a.m.,sábado,MOTOCICLETA,PARTICULAR,Motociclista,Masculino,No,N/A,SOLO DAÑOS,Choque,Desobedecer senales,Calle 48  Sur Carrera 40 A,LA PAZ,Urbana,"(6.15925241, -75.594791433)"
2162300,09/03/2016,11:15 a.m.,sábado,AUTOMOVIL,PARTICULAR,Conductor,Masculino,No,N/A,SOLO DAÑOS,Choque,Desobedecer senales,Calle 48  Sur Carrera 40 A,LA PAZ,Urbana,"(6.15925241, -75.594791433)"
2162303,09/03/2016,10:30 a.m.,sábado,MOTOCICLETA,PARTICULAR,Motociclista,Masculino,No,N/A,SOLO DAÑOS,Choque,Adelantar por la derecha,Tramo 12 Kilometro  30,VEREDA PALMAS,Rural,
2162303,09/03/2016,10:30 a.m.,sábado,AUTOMOVIL,PARTICULAR,Conductor,Femenino,No,N/A,SOLO DAÑOS,Choque,Adelantar por la derecha,Tramo 12 Kilometro  30,VEREDA PALMAS,Rural,
2162294,09/03/2016,9:30 a.m.,sábado,MOTOCICLETA,PARTICULAR,Motociclista,Masculino,No,N/A,HERIDO,Choque,No mantener distancia de seguridad,Calle 44  Sur Carrera 42,EL DORADO,Urbana,
2162294,09/03/2016,9:30 a.m.,sábado,MOTOCICLETA,PARTICULAR,Motociclista,Masculino,No,N/A,HERIDO,Choque,No mantener distancia de seguridad,Calle 44  Sur Carrera 42,EL DORADO,Urbana,
2162312,09/03/2016,7:25 a.m.,sábado,CAMPERO,PARTICULAR,Conductor,Masculino,No,N/A,SOLO DAÑOS,Choque,No mantener distancia de seguridad,Calle 28  Sur Carrera 26 D,EL CHOCHO,Urbana,
2162312,09/03/2016,7:25 a.m.,sábado,CAMIONETA,PARTICULAR,Conductor,Masculino,No,N/A,SOLO DAÑOS,Choque,No mantener distancia de seguridad,Calle 28  Sur Carrera 26 D,EL CHOCHO,Urbana,
2162284,09/03/2016,6:00 p.m.,sábado,MOTOCICLETA,PARTICULAR,Motociclista,Masculino,No,N/A,SOLO DAÑOS,Choque,Adelantar en zona prohibida,Calle 36 D Sur Carrera 27,VEREDA EL ESCOBERO,Urbana,"(6.162479576, -75.570222573)"
2162284,09/03/2016,6:00 p.m.,sábado,AUTOMOVIL,PARTICULAR,Conductor,Masculino,No,N/A,SOLO DAÑOS,Choque,Adelantar en zona prohibida,Calle 36 D Sur Carrera 27,VEREDA EL ESCOBERO,Urbana,"(6.162479576, -75.570222573)"
2162287,09/03/2016,2:25 p.m.,sábado,MOTOCICLETA,PARTICULAR,Motociclista,Masculino,No,N/A,SOLO DAÑOS,Choque,Transitar entre vehiculos,Calle 36 D Sur Carrera 27 D,VEREDA EL ESCOBERO,Urbana,"(6.164970853, -75.574637268)"
2162293,09/02/2016,6:55 a.m.,viernes,AUTOMOVIL,PARTICULAR,Conductor,Femenino,No,N/A,HERIDO,Choque,Desobedecer senales,Calle 38  Sur Carrera 26,MESA,Urbana,"(6.157269643, -75.578057868)"
2162288,09/02/2016,6:00 p.m.,viernes,MOTOCICLETA,PARTICULAR,Motociclista,Masculino,No,N/A,HERIDO,Choque,Transitar entre vehiculos,Calle 49 B Sur Carrera 48,LAS VEGAS,Urbana,"(6.162530582, -75.602554517)"
2162288,09/02/2016,6:00 p.m.,viernes,MOTOCICLETA,PARTICULAR,Motociclista,Masculino,No,N/A,HERIDO,Choque,Transitar entre vehiculos,Calle 49 B Sur Carrera 48,LAS VEGAS,Urbana,"(6.162530582, -75.602554517)"
2162288,09/02/2016,6:00 p.m.,viernes,AUTOMOVIL,PARTICULAR,Conductor,Masculino,No,N/A,HERIDO,Choque,Transitar entre vehiculos,Calle 49 B Sur Carrera 48,LAS VEGAS,Urbana,"(6.162530582, -75.602554517)"
2162291,09/02/2016,5:50 p.m.,viernes,MOTOCICLETA,PARTICULAR,Motociclista,Masculino,No,N/A,HERIDO,Atropello,Cruzar sin observar,Calle 44  Sur Carrera 46 A,ALCALA,Urbana,"(6.166598302, -75.59740688)"
2162296,09/02/2016,5:10 p.m.,viernes,MOTOCICLETA,PARTICULAR,Motociclista,Masculino,No,N/A,HERIDO,Choque,Transitar entre vehiculos,Calle 48  Sur Carrera 50,LAS VEGAS,Urbana,
2162296,09/02/2016,5:10 p.m.,viernes,CAMION,PUBLICO,Conductor,Masculino,No,N/A,HERIDO,Choque,Transitar entre vehiculos,Calle 48  Sur Carrera 50,LAS VEGAS,Urbana,
2162290,09/02/2016,4:50 p.m.,viernes,CAMIONETA,PARTICULAR,Conductor,Masculino,No,N/A,HERIDO,Choque,Exceso de velocidad,Tramo 192 Kilometro  16,VEREDA PALMAS,Rural,
2162290,09/02/2016,4:50 p.m.,viernes,MOTOCICLETA,PARTICULAR,Motociclista,Masculino,No,N/A,HERIDO,Choque,Exceso de velocidad,Tramo 192 Kilometro  16,VEREDA PALMAS,Rural,
2162302,09/02/2016,4:20 p.m.,viernes,MOTOCICLETA,PARTICULAR,Motociclista,Femenino,No,N/A,HERIDO,Choque,No respetar prelacion,Tramo 12 Kilometro  16,VEREDA PALMAS,Rural,
2162302,09/02/2016,4:20 p.m.,viernes,AUTOMOVIL,PARTICULAR,Conductor,Masculino,No,N/A,HERIDO,Choque,Exceso de velocidad,Tramo 12 Kilometro  16,VEREDA PALMAS,Rural,
2162302,09/02/2016,4:20 p.m.,viernes,AUTOMOVIL,PARTICULAR,Conductor,Masculino,No,N/A,HERIDO,Choque,No respetar prelacion,Tramo 12 Kilometro  16,VEREDA PALMAS,Rural,
2162302,09/02/2016,4:20 p.m.,viernes,MOTOCICLETA,PARTICULAR,Motociclista,Femenino,No,N/A,HERIDO,Choque,Exceso de velocidad,Tramo 12 Kilometro  16,VEREDA PALMAS,Rural,
2162285,09/02/2016,2:20 p.m.,viernes,AUTOMOVIL,PARTICULAR,Conductor,Femenino,No,N/A,SOLO DAÑOS,Choque,Reverso imprudente,Calle 26  Sur Carrera 43 A,VILLA GRANDE,Urbana,"(6.180841534, -75.582938146)"
2162285,09/02/2016,2:20 p.m.,viernes,MICROBUS,PUBLICO,Conductor,Masculino,No,N/A,SOLO DAÑOS,Choque,Reverso imprudente,Calle 26  Sur Carrera 43 A,VILLA GRANDE,Urbana,"(6.180841534, -75.582938146)"
2162295,09/02/2016,1:50 p.m.,viernes,CAMIONETA,PARTICULAR,Conductor,Femenino,No,N/A,SOLO DAÑOS,Choque,Adelantar en zona prohibida,Calle 50  Sur Carrera 48,LAS VEGAS,Urbana,
2162295,09/02/2016,1:50 p.m.,viernes,MOTOCICLETA,PARTICULAR,Motociclista,Masculino,No,N/A,SOLO DAÑOS,Choque,Adelantar en zona prohibida,Calle 50  Sur Carrera 48,LAS VEGAS,Urbana,
2162299,09/02/2016,10:50 a.m.,viernes,AUTOMOVIL,PARTICULAR,Conductor,Femenino,No,N/A,SOLO DAÑOS,Choque,No respetar prelacion,Calle 37  Sur Carrera 49,LAS VEGAS,Urbana,"(6.174789471, -75.594204243)"
2162299,09/02/2016,10:50 a.m.,viernes,CAMPERO,PARTICULAR,Conductor,Masculino,No,N/A,SOLO DAÑOS,Choque,No respetar prelacion,Calle 37  Sur Carrera 49,LAS VEGAS,Urbana,"(6.174789471, -75.594204243)"
2162313,09/02/2016,7:50 a.m.,viernes,CAMION,PUBLICO,Conductor,Masculino,No,N/A,SOLO DAÑOS,Choque,Desobedecer senales,Calle 37  Sur Carrera 50,LAS VEGAS,Urbana,
2162313,09/02/2016,7:50 a.m.,viernes,AUTOMOVIL,PARTICULAR,Conductor,Femenino,No,N/A,SOLO DAÑOS,Choque,Desobedecer senales,Calle 37  Sur Carrera 50,LAS VEGAS,Urbana,
2162298,09/02/2016,7:00 a.m.,viernes,MOTOCICLETA,PARTICULAR,Motociclista,Sin registro,No,N/A,SOLO DAÑOS,Choque,No respetar prelacion,Calle 37 B Sur Carrera 28,LOMA DE LAS BRUJAS,Urbana,"(6.164360036, -75.578794609)"
2162298,09/02/2016,7:00 a.m.,viernes,AUTOMOVIL,PARTICULAR,Conductor,Masculino,No,N/A,SOLO DAÑOS,Choque,No respetar prelacion,Calle 37 B Sur Carrera 28,LOMA DE LAS BRUJAS,Urbana,"(6.164360036, -75.578794609)"
2162293,09/02/2016,6:55 a.m.,viernes,MOTOCICLETA,PARTICULAR,Motociclista,Masculino,No,N/A,HERIDO,Choque,Desobedecer senales,Calle 38  Sur Carrera 26,MESA,Urbana,"(6.157269643, -75.578057868)"
2162309,09/02/2016,5:30 a.m.,viernes,TRACTOCAMION,PUBLICO,Conductor,Masculino,No,N/A,SOLO DAÑOS,Choque,No mantener distancia de seguridad,Calle 39  Sur Carrera 50,LAS VEGAS,Urbana,
2162309,09/02/2016,5:30 a.m.,viernes,MOTOCICLETA,PARTICULAR,Motociclista,Masculino,No,N/A,SOLO DAÑOS,Choque,No mantener distancia de seguridad,Calle 39  Sur Carrera 50,LAS VEGAS,Urbana,
2162280,09/01/2016,6:40 p.m.,jueves,AUTOMOVIL,PARTICULAR,Conductor,Femenino,No,N/A,SOLO DAÑOS,Choque,Transitar entre vehiculos,Calle 37  Sur Carrera 43,ZONA CENTRO,Urbana,"(6.170662973, -75.587448517)"
2162280,09/01/2016,6:40 p.m.,jueves,AUTOMOVIL,PARTICULAR,Conductor,Femenino,No,N/A,SOLO DAÑOS,Choque,Adelantar cerrando,Calle 37  Sur Carrera 43,ZONA CENTRO,Urbana,"(6.170662973, -75.587448517)"
2162280,09/01/2016,6:40 p.m.,jueves,AUTOMOVIL,PUBLICO,Conductor,Masculino,No,N/A,SOLO DAÑOS,Choque,Transitar entre vehiculos,Calle 37  Sur Carrera 43,ZONA CENTRO,Urbana,"(6.170662973, -75.587448517)"
2162282,09/01/2016,3:15 p.m.,jueves,AUTOMOVIL,PARTICULAR,Conductor,Masculino,No,N/A,HERIDO,Atropello,Exceso de velocidad,Calle 44  Sur Carrera 43 A,MILAN VALLEJUELOS,Urbana,"(6.165598746, -75.594021133)"
2162282,09/01/2016,3:15 p.m.,jueves,AUTOMOVIL,PARTICULAR,Conductor,Masculino,No,N/A,HERIDO,Atropello,Cruzar sin observar,Calle 44  Sur Carrera 43 A,MILAN VALLEJUELOS,Urbana,"(6.165598746, -75.594021133)"
2162286,09/01/2016,2:25 p.m.,jueves,AUTOMOVIL,PARTICULAR,Conductor,Femenino,No,N/A,SOLO DAÑOS,Choque,Adelantar en zona prohibida,Calle 46 A Sur Carrera 49,ZONA CENTRO,Urbana,"(6.167038176, -75.600817262)"
2162286,09/01/2016,2:25 p.m.,jueves,MOTOCICLETA,PARTICULAR,Motociclista,Masculino,No,N/A,SOLO DAÑOS,Choque,Adelantar en zona prohibida,Calle 46 A Sur Carrera 49,ZONA CENTRO,Urbana,"(6.167038176, -75.600817262)"
2162275,09/01/2016,1:30 p.m.,jueves,MOTOCICLETA,PARTICULAR,Motociclista,Femenino,No,N/A,HERIDO,Choque,No respetar prelacion,Calle 37  Sur Carrera 41,ZONA CENTRO,Urbana,"(6.169855492, -75.586196006)"
2162275,09/01/2016,1:30 p.m.,jueves,AUTOMOVIL,PARTICULAR,Conductor,Sin registro,No,N/A,HERIDO,Choque,No respetar prelacion,Calle 37  Sur Carrera 41,ZONA CENTRO,Urbana,"(6.169855492, -75.586196006)"
2162281,09/01/2016,10:15 a.m.,jueves,AUTOMOVIL,PARTICULAR,Conductor,Masculino,No,N/A,SOLO DAÑOS,Choque,Exceso de velocidad,Tramo 372 Kilometro  12,VEREDA PALMAS,Rural,
2162276,09/01/2016,7:45 a.m.,jueves,AUTOMOVIL,PARTICULAR,Conductor,Femenino,No,N/A,SOLO DAÑOS,Choque,Exceso de velocidad,Tramo 371 Kilometro  1,VEREDA EL ESCOBERO,Rural,
2162276,09/01/2016,7:45 a.m.,jueves,AUTOMOVIL,PARTICULAR,Conductor,Masculino,No,N/A,SOLO DAÑOS,Choque,Exceso de velocidad,Tramo 371 Kilometro  1,VEREDA EL ESCOBERO,Rural,
2162276,09/01/2016,7:45 a.m.,jueves,AUTOMOVIL,PARTICULAR,Conductor,Masculino,No,N/A,SOLO DAÑOS,Choque,Exceso de velocidad,Tramo 371 Kilometro  1,VEREDA EL ESCOBERO,Rural,
2162297,09/01/2016,7:15 p.m.,jueves,MOTOCICLETA,PARTICULAR,Motociclista,Masculino,No,N/A,HERIDO,Choque,Semaforo en rojo,Diagonal 31 Transversal 34 D,OBRERO,Urbana,"(6.17201459, -75.579216112)"
2162297,09/01/2016,7:15 p.m.,jueves,MOTOCICLETA,DIPLOMATICO,Motociclista,Masculino,No,N/A,HERIDO,Choque,Semaforo en rojo,Diagonal 31 Transversal 34 D,OBRERO,Urbana,"(6.17201459, -75.579216112)"
2162280,09/01/2016,6:40 p.m.,jueves,AUTOMOVIL,PUBLICO,Conductor,Masculino,No,N/A,SOLO DAÑOS,Choque,Adelantar cerrando,Calle 37  Sur Carrera 43,ZONA CENTRO,Urbana,"(6.170662973, -75.587448517)"
2162289,09/01/2016,7:30 p.m.,jueves,MOTOCICLETA,PARTICULAR,Motociclista,Masculino,No,N/A,HERIDO,Atropello,Cruzar sin observar,Calle 23  Sur Carrera 27,LA INMACULADA,Urbana,"(6.176668041, -75.567525633)"
2162280,09/01/2016,6:40 p.m.,jueves,MOTOCICLETA,PARTICULAR,Motociclista,Masculino,No,N/A,SOLO DAÑOS,Choque,Transitar entre vehiculos,Calle 37  Sur Carrera 43,ZONA CENTRO,Urbana,"(6.170662973, -75.587448517)"
2162280,09/01/2016,6:40 p.m.,jueves,MOTOCICLETA,PARTICULAR,Motociclista,Masculino,No,N/A,SOLO DAÑOS,Choque,Adelantar cerrando,Calle 37  Sur Carrera 43,ZONA CENTRO,Urbana,"(6.170662973, -75.587448517)"
2162274,09/01/2016,9:45 p.m.,jueves,BUS,PUBLICO,Conductor,Masculino,No,N/A,HERIDO,Choque,Semaforo en rojo,Calle 38  Sur Carrera 40,ZONA CENTRO,Urbana,"(6.16879573, -75.585889779)"
2162274,09/01/2016,9:45 p.m.,jueves,BICICLETA,PARTICULAR,Ciclista,Masculino,No,N/A,HERIDO,Choque,Semaforo en rojo,Calle 38  Sur Carrera 40,ZONA CENTRO,Urbana,"(6.16879573, -75.585889779)"
2162274,09/01/2016,9:45 p.m.,jueves,MOTOCICLETA,PARTICULAR,Motociclista,Masculino,No,N/A,HERIDO,Choque,Semaforo en rojo,Calle 38  Sur Carrera 40,ZONA CENTRO,Urbana,"(6.16879573, -75.585889779)"
2162278,08/31/2016,10:30 a.m.,miércoles,MOTOCICLETA,PARTICULAR,Motociclista,Masculino,No,N/A,SOLO DAÑOS,Choque,No respetar prelacion,Calle 36 D Sur Carrera 27,VEREDA EL ESCOBERO,Urbana,"(6.162479576, -75.570222573)"
2162261,08/31/2016,7:55 a.m.,miércoles,MOTOCICLETA,PARTICULAR,Motociclista,Femenino,No,N/A,HERIDO,Atropello,Impericia en el manejo,Calle 37  Sur Carrera 48,LAS VEGAS,Urbana,"(6.17412211, -75.593061115)"
2162278,08/31/2016,10:30 a.m.,miércoles,AUTOMOVIL,PUBLICO,Conductor,Masculino,No,N/A,SOLO DAÑOS,Choque,No respetar prelacion,Calle 36 D Sur Carrera 27,VEREDA EL ESCOBERO,Urbana,"(6.162479576, -75.570222573)"
2162262,08/31/2016,10:40 p.m.,miércoles,MOTOCICLETA,PARTICULAR,Motociclista,Femenino,No,N/A,HERIDO,Caida Ocupante,Impericia en el manejo,Calle 31  Sur Carrera 50,LAS VEGAS,Urbana,
2162259,08/31/2016,9:50 p.m.,miércoles,MOTOCICLETA,PARTICULAR,Motociclista,Masculino,No,N/A,HERIDO,Caida Ocupante,Impericia en el manejo,Calle 40  Sur Carrera 48,LAS VEGAS,Urbana,"(6.158744179, -75.594597118)"
2162263,08/31/2016,8:00 p.m.,miércoles,CAMPERO,OFICIAL,Conductor,Masculino,No,N/A,SOLO DAÑOS,Choque,No respetar prelacion,Calle 37  Sur Carrera 48,LAS VEGAS,Urbana,"(6.17412211, -75.593061115)"
2162263,08/31/2016,8:00 p.m.,miércoles,AUTOMOVIL,PARTICULAR,Conductor,Masculino,No,N/A,SOLO DAÑOS,Choque,No respetar prelacion,Calle 37  Sur Carrera 48,LAS VEGAS,Urbana,"(6.17412211, -75.593061115)"
2162260,08/31/2016,7:45 p.m.,miércoles,MOTOCICLETA,PARTICULAR,Motociclista,Femenino,No,N/A,HERIDO,Otro,Impericia en el manejo,Calle 41  Sur Carrera 25 A,LA MINA,Urbana,"(6.154531978, -75.584346414)"
2162270,08/31/2016,5:45 p.m.,miércoles,MOTOCICLETA,PARTICULAR,Motociclista,Femenino,No,N/A,SOLO DAÑOS,Choque,Adelantar cerrando,Calle 31  Sur Carrera 48,LAS VEGAS,Urbana,
2162270,08/31/2016,5:45 p.m.,miércoles,CAMIONETA,PUBLICO,Conductor,Masculino,No,N/A,SOLO DAÑOS,Choque,Adelantar cerrando,Calle 31  Sur Carrera 48,LAS VEGAS,Urbana,
2162269,08/31/2016,5:07 p.m.,miércoles,MOTOCICLETA,PARTICULAR,Motociclista,Masculino,No,N/A,SOLO DAÑOS,Choque,Transitar entre vehiculos,Calle 38  Sur Carrera 44,ZONA CENTRO,Urbana,"(6.170783841, -75.589258782)"
2162269,08/31/2016,5:07 p.m.,miércoles,AUTOMOVIL,PARTICULAR,Conductor,Masculino,No,N/A,SOLO DAÑOS,Choque,Transitar entre vehiculos,Calle 38  Sur Carrera 44,ZONA CENTRO,Urbana,"(6.170783841, -75.589258782)"
2162268,08/31/2016,4:30 p.m.,miércoles,BUS,PUBLICO,Conductor,Masculino,No,N/A,HERIDO,Choque,Otra,Diagonal 31 Transversal 36  Sur,LA PRADERA,Urbana,"(6.168204377, -75.580205142)"
2162268,08/31/2016,4:30 p.m.,miércoles,MOTOCICLETA,PARTICULAR,Motociclista,Masculino,No,N/A,HERIDO,Choque,Otra,Diagonal 31 Transversal 36  Sur,LA PRADERA,Urbana,"(6.168204377, -75.580205142)"
2162279,08/31/2016,3:21 p.m.,miércoles,MOTOCICLETA,PARTICULAR,Motociclista,Masculino,No,N/A,SOLO DAÑOS,Choque,Adelantar en zona prohibida,Calle 39 A Sur Carrera 46,ZONA CENTRO,Urbana,"(6.170082274, -75.592914383)"
2162279,08/31/2016,3:21 p.m.,miércoles,AUTOMOVIL,PARTICULAR,Conductor,Masculino,No,N/A,SOLO DAÑOS,Choque,Adelantar en zona prohibida,Calle 39 A Sur Carrera 46,ZONA CENTRO,Urbana,"(6.170082274, -75.592914383)"
2162283,08/31/2016,1:25 p.m.,miércoles,CAMIONETA,PUBLICO,Conductor,Masculino,No,N/A,HERIDO,Choque,Desobedecer senales,Calle 46  Sur Carrera 42 B,LA PAZ,Urbana,"(6.162405159, -75.594349519)"
2162283,08/31/2016,1:25 p.m.,miércoles,MOTOCICLETA,PARTICULAR,Motociclista,Masculino,No,N/A,HERIDO,Choque,Desobedecer senales,Calle 46  Sur Carrera 42 B,LA PAZ,Urbana,"(6.162405159, -75.594349519)"
2162267,08/31/2016,1:00 p.m.,miércoles,MOTOCICLETA,PARTICULAR,Motociclista,Masculino,No,N/A,SOLO DAÑOS,Choque,Reverso imprudente,Calle 43 A Sur Carrera 43 A,PRIMAVERA,Urbana,"(6.166401394, -75.592384108)"
2162267,08/31/2016,1:00 p.m.,miércoles,CAMIONETA,PARTICULAR,Conductor,Masculino,No,N/A,SOLO DAÑOS,Choque,Reverso imprudente,Calle 43 A Sur Carrera 43 A,PRIMAVERA,Urbana,"(6.166401394, -75.592384108)"
2162273,08/31/2016,12:05 p.m.,miércoles,MOTOCICLETA,PARTICULAR,Motociclista,Masculino,No,N/A,HERIDO,Choque,No respetar prelacion,Calle 39  Sur Carrera 29 A,SAN JOSE,Urbana,"(6.164019418, -75.581208066)"
2162273,08/31/2016,12:05 p.m.,miércoles,AUTOMOVIL,DIPLOMATICO,Conductor,Femenino,No,N/A,HERIDO,Choque,No respetar prelacion,Calle 39  Sur Carrera 29 A,SAN JOSE,Urbana,"(6.164019418, -75.581208066)"
2162272,08/31/2016,11:50 a.m.,miércoles,AUTOMOVIL,PUBLICO,Conductor,Masculino,No,N/A,SOLO DAÑOS,Choque,Otra,Calle 38  Sur Carrera 32,MESA,Urbana,"(6.166011939, -75.581581213)"
2162272,08/31/2016,11:50 a.m.,miércoles,MOTOCICLETA,PARTICULAR,Motociclista,Masculino,No,N/A,SOLO DAÑOS,Choque,Otra,Calle 38  Sur Carrera 32,MESA,Urbana,"(6.166011939, -75.581581213)"
2162250,08/30/2016,7:20 p.m.,martes,AUTOMOVIL,PARTICULAR,Conductor,Femenino,No,N/A,SOLO DAÑOS,Choque,Adelantar cerrando,Calle 36  Sur Carrera 43 A,ZONA CENTRO,Urbana,"(6.171868319, -75.587748226)"
2162246,08/30/2016,5:30 a.m.,martes,MOTOCICLETA,PARTICULAR,Motociclista,Femenino,No,N/A,HERIDO,Caida Ocupante,Transitar entre vehiculos,Calle 48  Sur Carrera 50,LAS VEGAS,Urbana,
2162246,08/30/2016,5:30 a.m.,martes,MOTOCICLETA,PARTICULAR,Motociclista,Masculino,No,N/A,HERIDO,Caida Ocupante,Transitar entre vehiculos,Calle 48  Sur Carrera 50,LAS VEGAS,Urbana,
2162247,08/30/2016,7:20 a.m.,martes,MOTOCICLETA,PARTICULAR,Motociclista,Masculino,No,N/A,SOLO DAÑOS,Choque,Exceso de velocidad,Calle 25  Sur Carrera 42 B,LAS ORQUIDEAS,Urbana,"(6.179561127, -75.579866326)"
2162247,08/30/2016,7:20 a.m.,martes,AUTOMOVIL,PARTICULAR,Conductor,Femenino,No,N/A,SOLO DAÑOS,Choque,Exceso de velocidad,Calle 25  Sur Carrera 42 B,LAS ORQUIDEAS,Urbana,"(6.179561127, -75.579866326)"
2162244,08/30/2016,8:40 a.m.,martes,CAMION,PUBLICO,Conductor,Masculino,No,N/A,SOLO DAÑOS,Choque,Adelantar cerrando,Calle 48  Sur Carrera 50,LAS VEGAS,Urbana,
2162244,08/30/2016,8:40 a.m.,martes,CAMION,PARTICULAR,Conductor,Masculino,No,N/A,SOLO DAÑOS,Choque,Adelantar cerrando,Calle 48  Sur Carrera 50,LAS VEGAS,Urbana,
2162258,08/30/2016,9:30 a.m.,martes,AUTOMOVIL,PARTICULAR,Conductor,Masculino,No,N/A,HERIDO,Choque,Adelantar cerrando,Calle 37  Sur Carrera 49,EL PORTAL,Urbana,"(6.174789471, -75.594204243)"
2162258,08/30/2016,9:30 a.m.,martes,MOTOCICLETA,PARTICULAR,Motociclista,Masculino,No,N/A,HERIDO,Choque,Adelantar cerrando,Calle 37  Sur Carrera 49,EL PORTAL,Urbana,"(6.174789471, -75.594204243)"
2162252,08/30/2016,10:10 a.m.,martes,CAMIONETA,PARTICULAR,Conductor,Masculino,No,N/A,SOLO DAÑOS,Choque,No mantener distancia de seguridad,Calle 42  Sur Carrera 50,LAS VEGAS,Urbana,
2162252,08/30/2016,10:10 a.m.,martes,AUTOMOVIL,PUBLICO,Conductor,Masculino,No,N/A,SOLO DAÑOS,Choque,No mantener distancia de seguridad,Calle 42  Sur Carrera 50,LAS VEGAS,Urbana,
2162265,08/30/2016,10:20 a.m.,martes,MICROBUS,PUBLICO,Conductor,Masculino,No,N/A,SOLO DAÑOS,Choque,Adelantar cerrando,Calle 37 B Sur Carrera 49,LAS VEGAS,Urbana,
2162265,08/30/2016,10:20 a.m.,martes,AUTOMOVIL,PARTICULAR,Conductor,Masculino,No,N/A,SOLO DAÑOS,Choque,Adelantar cerrando,Calle 37 B Sur Carrera 49,LAS VEGAS,Urbana,
2162254,08/30/2016,12:15 p.m.,martes,AUTOMOVIL,PARTICULAR,Conductor,Masculino,No,N/A,SOLO DAÑOS,Choque,No mantener distancia de seguridad,Calle 30  Sur Carrera 44 A,JARDINES,Urbana,"(6.177491165, -75.585774948)"
2162254,08/30/2016,12:15 p.m.,martes,CAMPERO,PARTICULAR,Conductor,Masculino,No,N/A,SOLO DAÑOS,Choque,No mantener distancia de seguridad,Calle 30  Sur Carrera 44 A,JARDINES,Urbana,"(6.177491165, -75.585774948)"
2162271,08/30/2016,1:55 p.m.,martes,MOTOCICLETA,PARTICULAR,Motociclista,Masculino,No,N/A,SOLO DAÑOS,Choque,Adelantar en zona prohibida,Calle 45 A Sur Carrera 39 D,N/R,Urbana,"(6.161471458, -75.590981836)"
2162271,08/30/2016,1:55 p.m.,martes,CAMIONETA,PARTICULAR,Conductor,Masculino,No,N/A,SOLO DAÑOS,Choque,Adelantar en zona prohibida,Calle 45 A Sur Carrera 39 D,N/R,Urbana,"(6.161471458, -75.590981836)"
2162266,08/30/2016,3:10 p.m.,martes,MOTOCICLETA,PARTICULAR,Motociclista,Masculino,No,N/A,SOLO DAÑOS,Choque,Desobedecer senales,Calle 45 B Sur Carrera 43,LA PAZ,Urbana,"(6.164485785, -75.594678415)"
2162266,08/30/2016,3:10 p.m.,martes,AUTOMOVIL,PARTICULAR,Conductor,Femenino,No,N/A,SOLO DAÑOS,Choque,Desobedecer senales,Calle 45 B Sur Carrera 43,LA PAZ,Urbana,"(6.164485785, -75.594678415)"
2162277,08/30/2016,3:45 p.m.,martes,CAMPERO,PARTICULAR,Conductor,Femenino,No,N/A,SOLO DAÑOS,Choque,Desobedecer senales,Calle 45 B Sur Carrera 43,LA PAZ,Urbana,"(6.164485785, -75.594678415)"
2162277,08/30/2016,3:45 p.m.,martes,AUTOMOVIL,PARTICULAR,Conductor,Masculino,No,N/A,SOLO DAÑOS,Choque,Desobedecer senales,Calle 45 B Sur Carrera 43,LA PAZ,Urbana,"(6.164485785, -75.594678415)"
2162251,08/30/2016,4:30 p.m.,martes,AUTOMOVIL,PARTICULAR,Conductor,Masculino,No,N/A,SOLO DAÑOS,Choque,No mantener distancia de seguridad,Calle 40  Sur Carrera 42,EL DORADO,Urbana,
2162251,08/30/2016,4:30 p.m.,martes,CAMPERO,PARTICULAR,Conductor,Femenino,No,N/A,SOLO DAÑOS,Choque,No mantener distancia de seguridad,Calle 40  Sur Carrera 42,EL DORADO,Urbana,
2162255,08/30/2016,5:30 p.m.,martes,AUTOMOVIL,PARTICULAR,Conductor,Masculino,No,N/A,SOLO DAÑOS,Choque,No mantener distancia de seguridad,Calle 25  Sur Carrera 45,ZU├æIGA,Urbana,"(6.182658265, -75.582042508)"
2162255,08/30/2016,5:30 p.m.,martes,MOTOCICLETA,PARTICULAR,Motociclista,Masculino,No,N/A,SOLO DAÑOS,Choque,No mantener distancia de seguridad,Calle 25  Sur Carrera 45,ZU├æIGA,Urbana,"(6.182658265, -75.582042508)"
2162256,08/30/2016,5:50 p.m.,martes,AUTOMOVIL,PARTICULAR,Conductor,Masculino,No,N/A,SOLO DAÑOS,Choque,Adelantar cerrando,Calle 37  Sur Carrera 49,LAS VEGAS,Urbana,"(6.174789471, -75.594204243)"
2162256,08/30/2016,5:50 p.m.,martes,CAMIONETA,PARTICULAR,Conductor,Masculino,No,N/A,SOLO DAÑOS,Choque,Adelantar cerrando,Calle 37  Sur Carrera 49,LAS VEGAS,Urbana,"(6.174789471, -75.594204243)"
2162249,08/30/2016,7:20 p.m.,martes,AUTOMOVIL,PARTICULAR,Conductor,Femenino,No,N/A,SOLO DAÑOS,Choque,No mantener distancia de seguridad,Calle 38  Sur Carrera 39,ZONA CENTRO,Urbana,"(6.16839174, -75.585247797)"