RADICADO,FECHA,HORA,DÍA DE LA SEMANA,CLASE DE VEHICULO,TIPO DE SERVICIO,TIPO DE VICTIMA,SEXO,ESTADO DE BEODEZ,RESULTADO DE BEODEZ,GRAVEDAD,CLASE DE ACCIDENTE,CAUSA,DIRECCIÓN,BARRIO,AREA,Coordenadas
2162194,08/25/2016,2:10 p.m.,jueves,AUTOMOVIL,PARTICULAR,Conductor,Masculino,No,N/A,SOLO DAÑOS,Choque,No mantener distancia de seguridad,Calle 48 C Sur Carrera 43 A,LOMA DEL BARRO,Urbana,"(6.162378903, -75.597630589)"
2162194,08/25/2016,2:10 p.m.,jueves,BUS,PUBLICO,Conductor,Masculino,No,N/A,SOLO DAÑOS,Choque,No mantener distancia de seguridad,Calle 48 C Sur Carrera 43 A,LOMA DEL BARRO,Urbana,"(6.162378903, -75.597630589)"
2162190,08/25/2016,1:40 p.m.,jueves,CAMIONETA,PARTICULAR,Conductor,Masculino,No,N/A,HERIDO,Atropello,Otra,Calle 37 B Sur Carrera 27,LOMA DE LAS BRUJAS,Urbana,"(6.159428343, -75.573788689)"
2162187,08/25/2016,7:30 a.m.,jueves,CAMPERO,PARTICULAR,Conductor,Masculino,No,N/A,SOLO DAÑOS,Choque,Reverso imprudente,Calle 45  Sur Carrera 41,LA PAZ,Urbana,"(6.162879731, -75.592166183)"
2162187,08/25/2016,7:30 a.m.,jueves,AUTOMOVIL,PARTICULAR,Conductor,Masculino,No,N/A,SOLO DAÑOS,Choque,Reverso imprudente,Calle 45  Sur Carrera 41,LA PAZ,Urbana,"(6.162879731, -75.592166183)"
2162197,08/25/2016,7:20 a.m.,jueves,AUTOMOVIL,PARTICULAR,Conductor,Femenino,No,N/A,SOLO DAÑOS,Choque,No mantener distancia de seguridad,Tramo 12 Kilometro  16,VEREDA PALMAS,Rural,
2162197,08/25/2016,7:20 a.m.,jueves,MICROBUS,PUBLICO,Conductor,Femenino,No,N/A,SOLO DAÑOS,Choque,No mantener distancia de seguridad,Tramo 12 Kilometro  16,VEREDA PALMAS,Rural,
2162183,08/25/2016,1:50 a.m.,jueves,MOTOCICLETA,PARTICULAR,Motociclista,Sin registro,No,N/A,SOLO DAÑOS,Choque,No respetar prelacion,Calle 30  Sur Carrera 48,LAS VEGAS,Urbana,"(6.180376127, -75.590288049)"
2162183,08/25/2016,1:50 a.m.,jueves,AUTOMOVIL,PUBLICO,Conductor,Masculino,No,N/A,SOLO DAÑOS,Choque,No respetar prelacion,Calle 30  Sur Carrera 48,LAS VEGAS,Urbana,"(6.180376127, -75.590288049)"
2162189,08/24/2016,6:25 a.m.,miércoles,AUTOMOVIL,PARTICULAR,Conductor,Femenino,No,N/A,SOLO DAÑOS,Choque,No mantener distancia de seguridad,Calle 32 B Sur Carrera 48,EL PORTAL,Urbana,"(6.177255701, -75.590031365)"
2162189,08/24/2016,6:25 a.m.,miércoles,AUTOMOVIL,PARTICULAR,Conductor,Sin registro,No,N/A,SOLO DAÑOS,Choque,No mantener distancia de seguridad,Calle 32 B Sur Carrera 48,EL PORTAL,Urbana,"(6.177255701, -75.590031365)"
2162191,08/24/2016,7:40 p.m.,miércoles,CAMIONETA,PARTICULAR,Conductor,Femenino,No,N/A,SOLO DAÑOS,Choque,Transitar entre vehiculos,Calle 21  Sur Carrera 41,EL ESMERALDAL,Urbana,"(6.182165945, -75.576776678)"
2162191,08/24/2016,7:40 p.m.,miércoles,MOTOCICLETA,PARTICULAR,Motociclista,Masculino,No,N/A,SOLO DAÑOS,Choque,Transitar entre vehiculos,Calle 21  Sur Carrera 41,EL ESMERALDAL,Urbana,"(6.182165945, -75.576776678)"
2162193,08/24/2016,3:50 p.m.,miércoles,MOTOCICLETA,PARTICULAR,Motociclista,Masculino,No,N/A,SOLO DAÑOS,Choque,Otra,Calle 38  Sur Carrera 31,MESA,Urbana,"(6.165577674, -75.581121822)"
2162193,08/24/2016,3:50 p.m.,miércoles,BUS,PUBLICO,Conductor,Masculino,No,N/A,SOLO DAÑOS,Choque,Otra,Calle 38  Sur Carrera 31,MESA,Urbana,"(6.165577674, -75.581121822)"
2162182,08/24/2016,3:00 p.m.,miércoles,AUTOMOVIL,PARTICULAR,Conductor,Masculino,No,N/A,SOLO DAÑOS,Choque,No respetar prelacion,Calle 40  Sur Carrera 41 A,EL DORADO,Urbana,"(6.167156789, -75.588046879)"
2162182,08/24/2016,3:00 p.m.,miércoles,AUTOMOVIL,DIPLOMATICO,Conductor,Masculino,No,N/A,SOLO DAÑOS,Choque,No respetar prelacion,Calle 40  Sur Carrera 41 A,EL DORADO,Urbana,"(6.167156789, -75.588046879)"
2162186,08/24/2016,10:30 a.m.,miércoles,MOTOCICLETA,PARTICULAR,Motociclista,Masculino,No,N/A,SOLO DAÑOS,Choque,Impericia en el manejo,Diagonal 30 B Transversal 32 A,LAS FLORES,Urbana,"(6.174651656, -75.578351174)"
2162186,08/24/2016,10:30 a.m.,miércoles,BUSETA,PUBLICO,Conductor,Masculino,No,N/A,SOLO DAÑOS,Choque,Impericia en el manejo,Diagonal 30 B Transversal 32 A,LAS FLORES,Urbana,"(6.174651656, -75.578351174)"
2162220,08/24/2016,7:45 a.m.,miércoles,AUTOMOVIL,PUBLICO,Conductor,Masculino,No,N/A,SOLO DAÑOS,Choque,Adelantar cerrando,Calle 48  Sur Carrera 48,LAS VEGAS,Urbana,"(6.164595282, -75.601380414)"
2162220,08/24/2016,7:45 a.m.,miércoles,CAMION,PUBLICO,Conductor,Masculino,No,N/A,SOLO DAÑOS,Choque,Adelantar cerrando,Calle 48  Sur Carrera 48,LAS VEGAS,Urbana,"(6.164595282, -75.601380414)"
2162184,08/24/2016,7:35 a.m.,miércoles,CAMIONETA,PARTICULAR,Conductor,Masculino,No,N/A,SOLO DAÑOS,Choque,Desobedecer senales,Calle 39  Sur Carrera 36,MESA,Urbana,"(6.165994343, -75.584581167)"
2162184,08/24/2016,7:35 a.m.,miércoles,AUTOMOVIL,PARTICULAR,Conductor,Masculino,No,N/A,SOLO DAÑOS,Choque,Desobedecer senales,Calle 39  Sur Carrera 36,MESA,Urbana,"(6.165994343, -75.584581167)"
2162189,08/24/2016,6:25 a.m.,miércoles,CAMIONETA,PARTICULAR,Conductor,Femenino,No,N/A,SOLO DAÑOS,Choque,No mantener distancia de seguridad,Calle 32 B Sur Carrera 48,EL PORTAL,Urbana,"(6.177255701, -75.590031365)"
2162177,08/23/2016,2:20 p.m.,martes,CAMIONETA,PARTICULAR,Conductor,Femenino,No,N/A,SOLO DAÑOS,Choque,Reverso imprudente,Calle 19  Sur Carrera 48,LAS VEGAS,Urbana,
2162185,08/23/2016,1:00 p.m.,martes,AUTOMOVIL,PARTICULAR,Conductor,Femenino,No,N/A,SOLO DAÑOS,Choque,No mantener distancia de seguridad,Tramo 372 Kilometro  18,VEREDA PALMAS,Rural,
2162180,08/23/2016,7:45 p.m.,martes,AUTOMOVIL,PARTICULAR,Conductor,Femenino,No,N/A,SOLO DAÑOS,Choque,Semaforo en rojo,Calle 37  Sur Carrera 29,N/R,Urbana,"(6.165886877, -75.579550992)"
2162180,08/23/2016,7:45 p.m.,martes,AUTOMOVIL,PUBLICO,Conductor,Masculino,No,N/A,SOLO DAÑOS,Choque,Semaforo en rojo,Calle 37  Sur Carrera 29,N/R,Urbana,"(6.165886877, -75.579550992)"
2162188,08/23/2016,7:00 p.m.,martes,AUTOMOVIL,PARTICULAR,Conductor,Masculino,No,N/A,SOLO DAÑOS,Choque,No respetar prelacion,Calle 45 B Sur Carrera 43,LA PAZ,Urbana,"(6.164485785, -75.594678415)"
2162188,08/23/2016,7:00 p.m.,martes,AUTOMOVIL,PARTICULAR,Conductor,Masculino,No,N/A,SOLO DAÑOS,Choque,No respetar prelacion,Calle 45 B Sur Carrera 43,LA PAZ,Urbana,"(6.164485785, -75.594678415)"
2162178,08/23/2016,5:25 p.m.,martes,AUTOMOVIL,PARTICULAR,Conductor,Masculino,No,N/A,SOLO DAÑOS,Choque,Adelantar cerrando,Calle 37  Sur Carrera 41,ZONA CENTRO,Urbana,"(6.169855492, -75.586196006)"
2162178,08/23/2016,5:25 p.m.,martes,BUS,PUBLICO,Conductor,Masculino,No,N/A,SOLO DAÑOS,Choque,Adelantar cerrando,Calle 37  Sur Carrera 41,ZONA CENTRO,Urbana,"(6.169855492, -75.586196006)"
2162181,08/23/2016,2:20 p.m.,martes,AUTOMOVIL,DIPLOMATICO,Conductor,Femenino,No,N/A,SOLO DAÑOS,Choque,Adelantar cerrando,Calle 45  Sur Carrera 42 B,LA PAZ,Urbana,"(6.163744297, -75.593137879)"
2162181,08/23/2016,2:20 p.m.,martes,BUS,PUBLICO,Conductor,Masculino,No,N/A,SOLO DAÑOS,Choque,Adelantar cerrando,Calle 45  Sur Carrera 42 B,LA PAZ,Urbana,"(6.163744297, -75.593137879)"
2162177,08/23/2016,2:20 p.m.,martes,AUTOMOVIL,PARTICULAR,Conductor,Masculino,No,N/A,SOLO DAÑOS,Choque,Reverso imprudente,Calle 19  Sur Carrera 48,LAS VEGAS,Urbana,
2162185,08/23/2016,1:00 p.m.,martes,MOTOCICLETA,PARTICULAR,Motociclista,Masculino,No,N/A,SOLO DAÑOS,Choque,No mantener distancia de seguridad,Tramo 372 Kilometro  18,VEREDA PALMAS,Rural,
2162176,08/22/2016,1:40 p.m.,lunes,MOTOCICLETA,PARTICULAR,Motociclista,Masculino,No,N/A,SOLO DAÑOS,Choque,Adelantar en zona prohibida,Calle 38  Sur Carrera 39,ZONA CENTRO,Urbana,"(6.16839174, -75.585247797)"
2162167,08/22/2016,6:40 a.m.,lunes,BUSETA,PUBLICO,Conductor,Masculino,No,N/A,SOLO DAÑOS,Choque,No mantener distancia de seguridad,Calle 45 A Sur Carrera 41,LAS ANTILLAS,Urbana,"(6.162373073, -75.592714285)"
2162172,08/22/2016,6:10 p.m.,lunes,AUTOMOVIL,PARTICULAR,Conductor,Femenino,No,N/A,SOLO DAÑOS,Choque,Semaforo en rojo,Calle 39  Sur Carrera 41,ZONA CENTRO,Urbana,"(6.167870042, -75.587448707)"
2162172,08/22/2016,6:10 p.m.,lunes,MOTOCICLETA,PARTICULAR,Motociclista,Masculino,No,N/A,SOLO DAÑOS,Choque,Semaforo en rojo,Calle 39  Sur Carrera 41,ZONA CENTRO,Urbana,"(6.167870042, -75.587448707)"
2162171,08/22/2016,6:05 p.m.,lunes,AUTOMOVIL,PARTICULAR,Conductor,Femenino,No,N/A,SOLO DAÑOS,Choque,Adelantar cerrando,Calle 37  Sur Carrera 50,LAS VEGAS,Urbana,
2162171,08/22/2016,6:05 p.m.,lunes,TRACTOCAMION,PUBLICO,Conductor,Masculino,No,N/A,SOLO DAÑOS,Choque,Adelantar cerrando,Calle 37  Sur Carrera 50,LAS VEGAS,Urbana,
2162174,08/22/2016,5:20 p.m.,lunes,MOTOCICLETA,PARTICULAR,Motociclista,Masculino,No,N/A,SOLO DAÑOS,Choque,Desobedecer senales,Diagonal 39 Transversal 34 B,OBRERO,Urbana,"(6.171523576, -75.584132439)"
2162174,08/22/2016,5:20 p.m.,lunes,AUTOMOVIL,PARTICULAR,Conductor,Femenino,No,N/A,SOLO DAÑOS,Choque,Desobedecer senales,Diagonal 39 Transversal 34 B,OBRERO,Urbana,"(6.171523576, -75.584132439)"
2162176,08/22/2016,1:40 p.m.,lunes,AUTOMOVIL,PARTICULAR,Conductor,Masculino,No,N/A,SOLO DAÑOS,Choque,Adelantar en zona prohibida,Calle 38  Sur Carrera 39,ZONA CENTRO,Urbana,"(6.16839174, -75.585247797)"
2162167,08/22/2016,6:40 a.m.,lunes,AUTOMOVIL,PUBLICO,Conductor,Masculino,No,N/A,SOLO DAÑOS,Choque,No mantener distancia de seguridad,Calle 45 A Sur Carrera 41,LAS ANTILLAS,Urbana,"(6.162373073, -75.592714285)"
2162169,08/21/2016,3:30 p.m.,domingo,BUS,PUBLICO,Conductor,Masculino,No,N/A,HERIDO,Choque,Desobedecer senales,Calle 38 A Sur Carrera 31,MESA,Urbana,"(6.164992599, -75.581527384)"
2162158,08/21/2016,8:20 p.m.,domingo,AUTOMOVIL,PARTICULAR,Conductor,Masculino,No,N/A,SOLO DAÑOS,Choque,No mantener distancia de seguridad,Calle 40  Sur Carrera 48,LAS VEGAS,Urbana,"(6.158744179, -75.594597118)"
2162158,08/21/2016,8:20 p.m.,domingo,AUTOMOVIL,PUBLICO,Conductor,Masculino,No,N/A,SOLO DAÑOS,Choque,No mantener distancia de seguridad,Calle 40  Sur Carrera 48,LAS VEGAS,Urbana,"(6.158744179, -75.594597118)"
2162144,08/21/2016,5:20 p.m.,domingo,AUTOMOVIL,PUBLICO,Conductor,Masculino,No,N/A,HERIDO,Atropello,Cruzar sin observar,Diagonal 33 Transversal 33,LA MAGNOLIA,Urbana,"(6.173879308, -75.584283827)"
2162146,08/21/2016,4:10 p.m.,domingo,AUTOMOVIL,PARTICULAR,Conductor,Masculino,No,N/A,SOLO DAÑOS,Choque,Otra,Calle 40 F Sur Carrera 39 A,N/R,Urbana,"(6.164329543, -75.589160063)"
2162169,08/21/2016,3:30 p.m.,domingo,MOTOCICLETA,PARTICULAR,Motociclista,Masculino,No,N/A,HERIDO,Choque,Desobedecer senales,Calle 38 A Sur Carrera 31,MESA,Urbana,"(6.164992599, -75.581527384)"
2162155,08/21/2016,3:10 p.m.,domingo,AUTOMOVIL,PARTICULAR,Conductor,Femenino,No,N/A,SOLO DAÑOS,Choque,Exceso de velocidad,Tramo 372 Kilometro  17,VEREDA PALMAS,Rural,
2162155,08/21/2016,3:10 p.m.,domingo,AUTOMOVIL,PARTICULAR,Conductor,Masculino,No,N/A,SOLO DAÑOS,Choque,Impericia en el manejo,Tramo 372 Kilometro  17,VEREDA PALMAS,Rural,
2162155,08/21/2016,3:10 p.m.,domingo,AUTOMOVIL,PARTICULAR,Conductor,Masculino,No,N/A,SOLO DAÑOS,Choque,Exceso de velocidad,Tramo 372 Kilometro  17,VEREDA PALMAS,Rural,
2162155,08/21/2016,3:10 p.m.,domingo,AUTOMOVIL,PARTICULAR,Conductor,Femenino,No,N/A,SOLO DAÑOS,Choque,Impericia en el manejo,Tramo 372 Kilometro  17,VEREDA PALMAS,Rural,
2162162,08/21/2016,9:20 a.m.,domingo,AUTOMOVIL,PARTICULAR,Conductor,Masculino,No,N/A,SOLO DAÑOS,Choque,No respetar prelacion,Calle 31  Sur Carrera 45 A,JARDINES,Urbana,"(6.17732964, -75.587025837)"
2162162,08/21/2016,9:20 a.m.,domingo,BUSETA,PUBLICO,Conductor,Masculino,No,N/A,SOLO DAÑOS,Choque,No respetar prelacion,Calle 31  Sur Carrera 45 A,JARDINES,Urbana,"(6.17732964, -75.587025837)"
2162151,08/21/2016,9:00 a.m.,domingo,AUTOMOVIL,PARTICULAR,Conductor,Femenino,No,N/A,SOLO DAÑOS,Choque,No mantener distancia de seguridad,Calle 32 B Sur Carrera 48,LAS VEGAS,Urbana,"(6.177255701, -75.590031365)"
2162151,08/21/2016,9:00 a.m.,domingo,AUTOMOVIL,PUBLICO,Conductor,Masculino,No,N/A,SOLO DAÑOS,Choque,No mantener distancia de seguridad,Calle 32 B Sur Carrera 48,LAS VEGAS,Urbana,"(6.177255701, -75.590031365)"
2162142,08/20/2016,7:30 p.m.,sábado,CAMIONETA,PARTICULAR,Conductor,Masculino,No,N/A,SOLO DAÑOS,Choque,No mantener distancia de seguridad,Calle 39  Sur Carrera 47 A,ALCALA,Urbana,"(6.171457478, -75.593352997)"
2162164,08/20/2016,7:15 p.m.,sábado,AUTOMOVIL,PARTICULAR,Conductor,Masculino,No,N/A,HERIDO,Choque,Desobedecer senales,Calle 37  Sur Carrera 36,ZONA CENTRO,Urbana,"(6.168044613, -75.583236971)"
2162164,08/20/2016,7:15 p.m.,sábado,MOTOCICLETA,PARTICULAR,Motociclista,Masculino,No,N/A,HERIDO,Choque,Desobedecer senales,Calle 37  Sur Carrera 36,ZONA CENTRO,Urbana,"(6.168044613, -75.583236971)"
2162152,08/20/2016,6:55 p.m.,sábado,AUTOMOVIL,PARTICULAR,Conductor,Femenino,No,N/A,SOLO DAÑOS,Choque,Reverso imprudente,Calle 36 D Sur Carrera 27 D,N/R,Urbana,"(6.164970853, -75.574637268)"
2162170,08/20/2016,9:10 p.m.,sábado,AUTOMOVIL,PUBLICO,Conductor,Masculino,No,N/A,SOLO DAÑOS,Choque,Desobedecer senales,Calle 37  Sur Carrera 36,MESA,Urbana,"(6.168044613, -75.583236971)"
2162152,08/20/2016,6:55 p.m.,sábado,CAMIONETA,PARTICULAR,Conductor,Masculino,No,N/A,SOLO DAÑOS,Choque,Reverso imprudente,Calle 36 D Sur Carrera 27 D,N/R,Urbana,"(6.164970853, -75.574637268)"
2162170,08/20/2016,9:10 p.m.,sábado,MICROBUS,PUBLICO,Conductor,Masculino,No,N/A,SOLO DAÑOS,Choque,Desobedecer senales,Calle 37  Sur Carrera 36,MESA,Urbana,"(6.168044613, -75.583236971)"
2162141,08/20/2016,3:45 p.m.,sábado,CAMION,OFICIAL,Conductor,Masculino,No,N/A,HERIDO,Caida Ocupante,Otra,Calle 25  Sur Carrera 48,N/R,Urbana,
2162153,08/20/2016,3:30 p.m.,sábado,CAMIONETA,PARTICULAR,Conductor,Masculino,No,N/A,SOLO DAÑOS,Choque,No mantener distancia de seguridad,Calle 36 D Sur Carrera 27 D,VEREDA EL ESCOBERO,Urbana,"(6.164970853, -75.574637268)"
2162153,08/20/2016,3:30 p.m.,sábado,AUTOMOVIL,PARTICULAR,Conductor,Femenino,No,N/A,SOLO DAÑOS,Choque,No mantener distancia de seguridad,Calle 36 D Sur Carrera 27 D,VEREDA EL ESCOBERO,Urbana,"(6.164970853, -75.574637268)"
2162147,08/20/2016,2:50 p.m.,sábado,AUTOMOVIL,PUBLICO,Conductor,Masculino,No,N/A,HERIDO,Choque,Desobedecer senales,Calle 38 A Sur Carrera 31,MESA,Urbana,"(6.164992599, -75.581527384)"
2162147,08/20/2016,2:50 p.m.,sábado,MOTOCICLETA,PARTICULAR,Motociclista,Masculino,No,N/A,HERIDO,Choque,Desobedecer senales,Calle 38 A Sur Carrera 31,MESA,Urbana,"(6.164992599, -75.581527384)"
2162149,08/20/2016,2:10 p.m.,sábado,CAMION,PUBLICO,Conductor,Masculino,No,N/A,SOLO DAÑOS,Choque,Adelantar cerrando,Calle 25  Sur Carrera 49,LAS ORQUIDEAS,Urbana,
2162149,08/20/2016,2:10 p.m.,sábado,CAMPERO,PARTICULAR,Conductor,Femenino,No,N/A,SOLO DAÑOS,Choque,Adelantar cerrando,Calle 25  Sur Carrera 49,LAS ORQUIDEAS,Urbana,
2162163,08/20/2016,8:05 a.m.,sábado,MOTOCICLETA,PARTICULAR,Motociclista,Femenino,No,N/A,HERIDO,Otro,Impericia en el manejo,Calle 37  Sur Carrera 48,GLORIETA EXITO,Urbana,"(6.17412211, -75.593061115)"
2162142,08/20/2016,7:30 p.m.,sábado,CAMIONETA,PARTICULAR,Conductor,Masculino,No,N/A,SOLO DAÑOS,Choque,No mantener distancia de seguridad,Calle 39  Sur Carrera 47 A,ALCALA,Urbana,"(6.171457478, -75.593352997)"
2162150,08/19/2016,7:50 a.m.,viernes,BICICLETA,PARTICULAR,Ciclista,Masculino,No,N/A,HERIDO,Choque,Semaforo en rojo,Calle 46  Sur Carrera 43 A,PRIMAVERA,Urbana,"(6.164149951, -75.595997505)"
2162168,08/19/2016,6:10 p.m.,viernes,AUTOMOVIL,PARTICULAR,Conductor,Masculino,No,N/A,SOLO DAÑOS,Choque,No mantener distancia de seguridad,Calle 46 A Sur Carrera 50,LAS VEGAS,Urbana,
2162160,08/19/2016,4:45 p.m.,viernes,BUS,PUBLICO,Conductor,Masculino,No,N/A,SOLO DAÑOS,Choque,No mantener distancia de seguridad,Calle 25  Sur Carrera 43 A,LAS ORQUIDEAS,Urbana,"(6.181560189, -75.582016491)"
2162160,08/19/2016,4:45 p.m.,viernes,CAMION,PUBLICO,Conductor,Masculino,No,N/A,SOLO DAÑOS,Choque,No mantener distancia de seguridad,Calle 25  Sur Carrera 43 A,LAS ORQUIDEAS,Urbana,"(6.181560189, -75.582016491)"
2162175,08/19/2016,2:00 p.m.,viernes,AUTOMOVIL,PARTICULAR,Conductor,Femenino,No,N/A,SOLO DAÑOS,Choque,No mantener distancia de seguridad,Calle 22  Sur Carrera 41 A,N/R,Urbana,
2162175,08/19/2016,2:00 p.m.,viernes,AUTOMOVIL,PARTICULAR,Conductor,Femenino,No,N/A,SOLO DAÑOS,Choque,No mantener distancia de seguridad,Calle 22  Sur Carrera 41 A,N/R,Urbana,
2162166,08/19/2016,1:20 p.m.,viernes,AUTOMOVIL,PARTICULAR,Conductor,Femenino,No,N/A,SOLO DAÑOS,Choque,Adelantar cerrando,Calle 40 A Sur Carrera 24 B,LA MINA,Urbana,"(6.151984005, -75.58064483)"
2162150,08/19/2016,7:50 a.m.,viernes,AUTOMOVIL,PARTICULAR,Conductor,Masculino,No,N/A,HERIDO,Choque,Semaforo en rojo,Calle 46  Sur Carrera 43 A,PRIMAVERA,Urbana,"(6.164149951, -75.595997505)"
2162159,08/19/2016,8:05 a.m.,viernes,CAMIONETA,PUBLICO,Conductor,Masculino,No,N/A,HERIDO,Atropello,Cruzar sin observar,Calle 21  Sur Carrera 41,N/R,Urbana,"(6.182165945, -75.576776678)"
2162154,08/19/2016,9:30 p.m.,viernes,AUTOMOVIL,PUBLICO,Conductor,Masculino,No,N/A,SOLO DAÑOS,Choque,Desobedecer senales,Calle 21  Sur Carrera 43 A,N/R,Urbana,"(6.18399286, -75.579597643)"
2162154,08/19/2016,9:30 p.m.,viernes,AUTOMOVIL,PUBLICO,Conductor,Masculino,No,N/A,SOLO DAÑOS,Choque,Desobedecer senales,Calle 21  Sur Carrera 43 A,N/R,Urbana,"(6.18399286, -75.579597643)"
2162157,08/19/2016,9:00 p.m.,viernes,CAMIONETA,PARTICULAR,Conductor,Femenino,No,N/A,HERIDO,Choque,Adelantar cerrando,Calle 39 A Sur Carrera 50,LAS VEGAS,Urbana,
2162145,08/19/2016,10:50 a.m.,viernes,AUTOMOVIL,PARTICULAR,Conductor,Masculino,No,N/A,SOLO DAÑOS,Choque,No mantener distancia de seguridad,Calle 37  Sur Carrera 50,LAS VEGAS,Urbana,
2162145,08/19/2016,10:50 a.m.,viernes,AUTOMOVIL,PARTICULAR,Conductor,Masculino,No,N/A,SOLO DAÑOS,Choque,No mantener distancia de seguridad,Calle 37  Sur Carrera 50,LAS VEGAS,Urbana,
2162157,08/19/2016,9:00 p.m.,viernes,MOTOCICLETA,PARTICULAR,Motociclista,Masculino,No,N/A,HERIDO,Choque,Adelantar cerrando,Calle 39 A Sur Carrera 50,LAS VEGAS,Urbana,
2162161,08/19/2016,6:20 p.m.,viernes,AUTOMOVIL,PARTICULAR,Conductor,Femenino,No,N/A,SOLO DAÑOS,Choque,Adelantar cerrando,Calle 31  Sur Carrera 48,LAS VEGAS,Urbana,
2162161,08/19/2016,6:20 p.m.,viernes,MOTOCICLETA,PARTICULAR,Motociclista,Masculino,No,N/A,SOLO DAÑOS,Choque,Adelantar cerrando,Calle 31  Sur Carrera 48,LAS VEGAS,Urbana,
2162161,08/19/2016,6:20 p.m.,viernes,MOTOCICLETA,PARTICULAR,Motociclista,Masculino,No,N/A,SOLO DAÑOS,Choque,Adelantar cerrando,Calle 31  Sur Carrera 48,LAS VEGAS,Urbana,
2162168,08/19/2016,6:10 p.m.,viernes,AUTOMOVIL,PARTICULAR,Conductor,Masculino,No,N/A,SOLO DAÑOS,Choque,No mantener distancia de seguridad,Calle 46 A Sur Carrera 50,LAS VEGAS,Urbana,
2162166,08/19/2016,1:20 p.m.,viernes,AUTOMOVIL,PUBLICO,Conductor,Masculino,No,N/A,SOLO DAÑOS,Choque,Adelantar cerrando,Calle 40 A Sur Carrera 24 B,LA MINA,Urbana,"(6.151984005, -75.58064483)"
2162168,08/19/2016,6:10 p.m.,viernes,TRACTOCAMION,PUBLICO,Conductor,Masculino,No,N/A,SOLO DAÑOS,Choque,No mantener distancia de seguridad,Calle 46 A Sur Carrera 50,LAS VEGAS,Urbana,
2162173,08/18/2016,1:11 p.m.,jueves,CAMPERO,PARTICULAR,Conductor,Femenino,No,N/A,SOLO DAÑOS,Choque,No mantener distancia de seguridad,Calle 25  Sur Carrera 42,N/R,Urbana,"(6.179561127, -75.579866326)"
2162137,08/18/2016,11:21 p.m.,jueves,CAMIONETA,PARTICULAR,Conductor,Masculino,No,N/A,SOLO DAÑOS,Choque,Poner en marcha un vehiculo sin precauci,Calle 26  Sur Carrera 48,LAS VEGAS,Urbana,"(6.183423583, -75.585428952)"
2162139,08/18/2016,8:10 p.m.,jueves,AUTOMOVIL,PUBLICO,Conductor,Masculino,No,N/A,SOLO DAÑOS,Choque,Reverso imprudente,Tramo 372 Kilometro  12,VEREDA PALMAS,Rural,
2162139,08/18/2016,8:10 p.m.,jueves,CAMPERO,PARTICULAR,Conductor,Femenino,No,N/A,SOLO DAÑOS,Choque,Reverso imprudente,Tramo 372 Kilometro  12,VEREDA PALMAS,Rural,
2162136,08/18/2016,6:30 p.m.,jueves,MOTOCICLETA,PARTICULAR,Motociclista,Masculino,No,N/A,MUERTO,Otro,Otra,Calle 25 A Sur Carrera 48,LAS VEGAS,Urbana,"(6.185202689, -75.583587178)"
2162135,08/18/2016,6:30 p.m.,jueves,CAMIONETA,PARTICULAR,Conductor,Masculino,No,N/A,SOLO DAÑOS,Choque,Otra,Calle 25 A Sur Carrera 48,LAS VEGAS,Urbana,"(6.185202689, -75.583587178)"
2162135,08/18/2016,6:30 p.m.,jueves,AUTOMOVIL,PARTICULAR,Conductor,Femenino,No,N/A,SOLO DAÑOS,Choque,Otra,Calle 25 A Sur Carrera 48,LAS VEGAS,Urbana,"(6.185202689, -75.583587178)"
2162156,08/18/2016,3:40 p.m.,jueves,AUTOMOVIL,PUBLICO,Conductor,Masculino,No,N/A,SOLO DAÑOS,Choque,Poner en marcha un vehiculo sin precauci,Calle 19  Sur Carrera 48,LAS VEGAS,Urbana,
2162156,08/18/2016,3:40 p.m.,jueves,BUS,PUBLICO,Conductor,Masculino,No,N/A,SOLO DAÑOS,Choque,Poner en marcha un vehiculo sin precauci,Calle 19  Sur Carrera 48,LAS VEGAS,Urbana,
2162143,08/18/2016,1:15 p.m.,jueves,TRACTOCAMION,PUBLICO,Conductor,Masculino,No,N/A,SOLO DAÑOS,Choque,No respetar prelacion,Calle 39 A Sur Carrera 50,LAS VEGAS,Urbana,
2162143,08/18/2016,1:15 p.m.,jueves,CAMIONETA,PARTICULAR,Conductor,Masculino,No,N/A,SOLO DAÑOS,Choque,No respetar prelacion,Calle 39 A Sur Carrera 50,LAS VEGAS,Urbana,
2162173,08/18/2016,1:11 p.m.,jueves,BUS,PUBLICO,Conductor,Masculino,No,N/A,SOLO DAÑOS,Choque,No mantener distancia de seguridad,Calle 25  Sur Carrera 42,N/R,Urbana,"(6.179561127, -75.579866326)"
2162173,08/18/2016,1:11 p.m.,jueves,AUTOMOVIL,PUBLICO,Conductor,Masculino,No,N/A,SOLO DAÑOS,Choque,No mantener distancia de seguridad,Calle 25  Sur Carrera 42,N/R,Urbana,"(6.179561127, -75.579866326)"
2162148,08/18/2016,9:10 a.m.,jueves,AUTOMOVIL,PARTICULAR,Conductor,Masculino,No,N/A,SOLO DAÑOS,Choque,Exceso de velocidad,Tramo 372 Kilometro  7,VEREDA PALMAS,Rural,
2162148,08/18/2016,9:10 a.m.,jueves,AUTOMOVIL,PARTICULAR,Conductor,Masculino,No,N/A,SOLO DAÑOS,Choque,Exceso de velocidad,Tramo 372 Kilometro  7,VEREDA PALMAS,Rural,
2162165,08/18/2016,8:30 a.m.,jueves,MOTOCICLETA,PARTICULAR,Motociclista,Masculino,No,N/A,SOLO DAÑOS,Choque,Exceso de velocidad,Tramo 371 Kilometro  1,VEREDA EL ESCOBERO,Rural,