RADICADO,FECHA,HORA,DÍA DE LA SEMANA,CLASE DE VEHICULO,TIPO DE SERVICIO,TIPO DE VICTIMA,SEXO,ESTADO DE BEODEZ,RESULTADO DE BEODEZ,GRAVEDAD,CLASE DE ACCIDENTE,CAUSA,DIRECCIÓN,BARRIO,AREA,Coordenadas
2161645,07/01/2016,5:30 a.m.,viernes,AUTOMOVIL,PUBLICO,Conductor,Masculino,No,N/A,SOLO DAÑOS,Choque,No mantener distancia de seguridad,Calle 26 A Sur Carrera 42 B,LAS ORQUIDEAS,Urbana,"(6.177324883, -75.579423678)"
2161645,07/01/2016,5:30 a.m.,viernes,AUTOMOVIL,PARTICULAR,Conductor,Masculino,No,N/A,SOLO DAÑOS,Choque,No mantener distancia de seguridad,Calle 26 A Sur Carrera 42 B,LAS ORQUIDEAS,Urbana,"(6.177324883, -75.579423678)"
2161640,07/01/2016,7:00 a.m.,viernes,MOTOCICLETA,PARTICULAR,Motociclista,Masculino,No,N/A,SOLO DAÑOS,Choque,Otra,Calle 37  Sur Carrera 48,GLORIETA EXITO,Urbana,"(6.17412211, -75.593061115)"
2161620,07/01/2016,9:20 a.m.,viernes,MICROBUS,PUBLICO,Conductor,Masculino,No,N/A,HERIDO,Choque,Otra,Calle 37  Sur Carrera 49,LAS ORQUIDEAS,Urbana,"(6.174789471, -75.594204243)"
2161620,07/01/2016,9:20 a.m.,viernes,CAMION,PUBLICO,Conductor,Masculino,No,N/A,HERIDO,Choque,Otra,Calle 37  Sur Carrera 49,LAS ORQUIDEAS,Urbana,"(6.174789471, -75.594204243)"
2161620,07/01/2016,9:20 a.m.,viernes,CAMIONETA,PUBLICO,Conductor,Masculino,No,N/A,HERIDO,Choque,Otra,Calle 37  Sur Carrera 49,LAS ORQUIDEAS,Urbana,"(6.174789471, -75.594204243)"
2161620,07/01/2016,9:20 a.m.,viernes,AUTOMOVIL,PUBLICO,Conductor,Masculino,No,N/A,HERIDO,Choque,Otra,Calle 37  Sur Carrera 49,LAS ORQUIDEAS,Urbana,"(6.174789471, -75.594204243)"
2161632,07/01/2016,9:25 a.m.,viernes,BUS,PUBLICO,Conductor,Masculino,No,N/A,SOLO DAÑOS,Choque,Otra,Calle 38  Sur Carrera 46,ALCALA,Urbana,"(6.171966643, -75.591369743)"
2161632,07/01/2016,9:25 a.m.,viernes,AUTOMOVIL,PARTICULAR,Conductor,Femenino,No,N/A,SOLO DAÑOS,Choque,Otra,Calle 38  Sur Carrera 46,ALCALA,Urbana,"(6.171966643, -75.591369743)"
2161665,07/01/2016,11:20 a.m.,viernes,MOTOCICLETA,PARTICULAR,Motociclista,Masculino,No,N/A,SOLO DAÑOS,Choque,No mantener distancia de seguridad,Calle 37  Sur Carrera 43 A,ZONA CENTRO,Urbana,"(6.171151654, -75.58815663)"
2161665,07/01/2016,11:20 a.m.,viernes,AUTOMOVIL,PUBLICO,Conductor,Masculino,No,N/A,SOLO DAÑOS,Choque,No mantener distancia de seguridad,Calle 37  Sur Carrera 43 A,ZONA CENTRO,Urbana,"(6.171151654, -75.58815663)"
2161665,07/01/2016,11:20 a.m.,viernes,AUTOMOVIL,PUBLICO,Conductor,Masculino,No,N/A,SOLO DAÑOS,Choque,No mantener distancia de seguridad,Calle 37  Sur Carrera 43 A,ZONA CENTRO,Urbana,"(6.171151654, -75.58815663)"
2161641,07/01/2016,12:05 p.m.,viernes,AUTOMOVIL,PARTICULAR,Conductor,Masculino,No,N/A,SOLO DAÑOS,Choque,Otra,Calle 38  Sur Carrera 42,ZONA CENTRO,Urbana,"(6.16961293, -75.587384695)"
2161641,07/01/2016,12:05 p.m.,viernes,AUTOMOVIL,PARTICULAR,Conductor,Masculino,No,N/A,SOLO DAÑOS,Choque,Otra,Calle 38  Sur Carrera 42,ZONA CENTRO,Urbana,"(6.16961293, -75.587384695)"
2161619,07/01/2016,1:00 p.m.,viernes,BUS,PUBLICO,Conductor,Masculino,No,N/A,SOLO DAÑOS,Choque,No mantener distancia de seguridad,Calle 46 A Sur Carrera 49,LAS VEGAS,Urbana,"(6.167038176, -75.600817262)"
2161619,07/01/2016,1:00 p.m.,viernes,AUTOMOVIL,PARTICULAR,Conductor,Masculino,No,N/A,SOLO DAÑOS,Choque,No mantener distancia de seguridad,Calle 46 A Sur Carrera 49,LAS VEGAS,Urbana,"(6.167038176, -75.600817262)"
2161635,07/01/2016,1:00 p.m.,viernes,AUTOMOVIL,PARTICULAR,Conductor,Masculino,No,N/A,SOLO DAÑOS,Choque,Otra,Calle 35  Sur Carrera 41,ZONA CENTRO,Urbana,"(6.171300757, -75.585342241)"
2161635,07/01/2016,1:00 p.m.,viernes,AUTOMOVIL,PARTICULAR,Conductor,Femenino,No,N/A,SOLO DAÑOS,Choque,Otra,Calle 35  Sur Carrera 41,ZONA CENTRO,Urbana,"(6.171300757, -75.585342241)"
2161657,07/01/2016,1:50 p.m.,viernes,BUS,PUBLICO,Conductor,Masculino,No,N/A,SOLO DAÑOS,Choque,Otra,Calle 50  Sur Carrera 48,LAS VEGAS,Urbana,
2161657,07/01/2016,1:50 p.m.,viernes,AUTOMOVIL,PARTICULAR,Conductor,Masculino,No,N/A,SOLO DAÑOS,Choque,Otra,Calle 50  Sur Carrera 48,LAS VEGAS,Urbana,
2161660,07/01/2016,2:50 p.m.,viernes,MOTOCICLETA,PARTICULAR,Motociclista,Masculino,No,N/A,SOLO DAÑOS,Choque,Otra,Calle 48 C Sur Carrera 43 A,AVENIDA EL POBLADO,Urbana,"(6.162378903, -75.597630589)"
2161660,07/01/2016,2:50 p.m.,viernes,MOTOCICLETA,PARTICULAR,Motociclista,Masculino,No,N/A,SOLO DAÑOS,Choque,Otra,Calle 48 C Sur Carrera 43 A,AVENIDA EL POBLADO,Urbana,"(6.162378903, -75.597630589)"
2161625,07/01/2016,3:45 p.m.,viernes,CAMION,PUBLICO,Conductor,Masculino,No,N/A,SOLO DAÑOS,Choque,Otra,Calle 37 B Sur Carrera 27 B,LOMA DE LAS BRUJAS,Urbana,"(6.161472845, -75.576107866)"
2161625,07/01/2016,3:45 p.m.,viernes,AUTOMOVIL,PARTICULAR,Conductor,Masculino,No,N/A,SOLO DAÑOS,Choque,Otra,Calle 37 B Sur Carrera 27 B,LOMA DE LAS BRUJAS,Urbana,"(6.161472845, -75.576107866)"
2161628,07/01/2016,4:30 p.m.,viernes,AUTOMOVIL,PARTICULAR,Conductor,Femenino,No,N/A,SOLO DAÑOS,Choque,Otra,Calle 40 B Sur Carrera 38,N/R,Urbana,"(6.16165565, -75.583379356)"
2161628,07/01/2016,4:30 p.m.,viernes,MOTOCARRO,PARTICULAR,Motociclista,Masculino,No,N/A,SOLO DAÑOS,Choque,Otra,Calle 40 B Sur Carrera 38,N/R,Urbana,"(6.16165565, -75.583379356)"
2161634,07/01/2016,5:00 p.m.,viernes,AUTOMOVIL,PARTICULAR,Conductor,Masculino,No,N/A,HERIDO,Choque,Otra,Calle 37  Sur Carrera 50,LAS VEGAS,Urbana,
2161634,07/01/2016,5:00 p.m.,viernes,MOTOCICLETA,PARTICULAR,Motociclista,Masculino,No,N/A,HERIDO,Choque,Otra,Calle 37  Sur Carrera 50,LAS VEGAS,Urbana,
2161624,07/01/2016,5:50 p.m.,viernes,MOTOCICLETA,PARTICULAR,Motociclista,Masculino,No,N/A,SOLO DAÑOS,Choque,Otra,Calle 38  Sur Carrera 46,ALCALA,Urbana,"(6.171966643, -75.591369743)"
2161659,07/01/2016,6:30 p.m.,viernes,AUTOMOVIL,PARTICULAR,Conductor,Femenino,No,N/A,SOLO DAÑOS,Choque,Otra,Diagonal 40 Transversal 33 B Sur,N/R,Urbana,"(6.172318879, -75.585229618)"
2161659,07/01/2016,6:30 p.m.,viernes,AUTOMOVIL,PUBLICO,Conductor,Masculino,No,N/A,SOLO DAÑOS,Choque,Otra,Diagonal 40 Transversal 33 B Sur,N/R,Urbana,"(6.172318879, -75.585229618)"
2161653,07/01/2016,7:30 p.m.,viernes,AUTOMOVIL,PARTICULAR,Conductor,Masculino,No,N/A,SOLO DAÑOS,Choque,No mantener distancia de seguridad,Tramo 375 Kilometro  7,VEREDA PANTANILLO,Rural,
2161653,07/01/2016,7:30 p.m.,viernes,AUTOMOVIL,PARTICULAR,Conductor,Femenino,No,N/A,SOLO DAÑOS,Choque,No mantener distancia de seguridad,Tramo 375 Kilometro  7,VEREDA PANTANILLO,Rural,
2161631,07/01/2016,8:15 p.m.,viernes,CAMIONETA,PARTICULAR,Conductor,Masculino,No,N/A,SOLO DAÑOS,Choque,Otra,Calle 39  Sur Carrera 40,ZONA CENTRO,Urbana,"(6.167409609, -75.586720978)"
2161631,07/01/2016,8:15 p.m.,viernes,AUTOMOVIL,PARTICULAR,Conductor,Femenino,No,N/A,SOLO DAÑOS,Choque,Otra,Calle 39  Sur Carrera 40,ZONA CENTRO,Urbana,"(6.167409609, -75.586720978)"
2161631,07/01/2016,8:15 p.m.,viernes,AUTOMOVIL,PARTICULAR,Conductor,Masculino,No,N/A,SOLO DAÑOS,Choque,Otra,Calle 39  Sur Carrera 40,ZONA CENTRO,Urbana,"(6.167409609, -75.586720978)"
2161612,06/30/2016,7:20 a.m.,jueves,MOTOCICLETA,PARTICULAR,Motociclista,Masculino,No,N/A,SOLO DAÑOS,Choque,Otra,Calle 25 AA Sur Carrera 50,LAS VEGAS,Urbana,"(6.182478523, -75.583313359)"
2161610,06/30/2016,7:15 a.m.,jueves,AUTOMOVIL,PARTICULAR,Conductor,Masculino,No,N/A,SOLO DAÑOS,Choque,Otra,Calle 21  Sur Carrera 43,N/R,Urbana,"(6.18399286, -75.579597643)"
2161610,06/30/2016,7:15 a.m.,jueves,MOTOCICLETA,PARTICULAR,Motociclista,Masculino,No,N/A,SOLO DAÑOS,Choque,Otra,Calle 21  Sur Carrera 43,N/R,Urbana,"(6.18399286, -75.579597643)"
2161626,06/30/2016,8:40 p.m.,jueves,AUTOMOVIL,PARTICULAR,Conductor,Masculino,No,N/A,SOLO DAÑOS,Choque,Otra,Calle 38  Sur Carrera 35,N/R,Urbana,"(6.167045877, -75.583168417)"
2161626,06/30/2016,8:40 p.m.,jueves,AUTOMOVIL,PUBLICO,Conductor,Masculino,No,N/A,SOLO DAÑOS,Choque,Otra,Calle 38  Sur Carrera 35,N/R,Urbana,"(6.167045877, -75.583168417)"
2161614,06/30/2016,8:20 p.m.,jueves,MOTOCICLETA,PARTICULAR,Motociclista,Masculino,No,N/A,HERIDO,Choque,Otra,Calle 41 AA Sur Carrera 39,N/R,Urbana,"(6.15839206, -75.584955646)"
2161614,06/30/2016,8:20 p.m.,jueves,MOTOCICLETA,DIPLOMATICO,Motociclista,Masculino,No,N/A,HERIDO,Choque,Otra,Calle 41 AA Sur Carrera 39,N/R,Urbana,"(6.15839206, -75.584955646)"
2161650,06/30/2016,3:00 p.m.,jueves,BUS,PUBLICO,Conductor,Masculino,No,N/A,SOLO DAÑOS,Choque,Arrancar sin precaucion,Calle 40 B Sur Carrera 39 A,EL DORADO,Urbana,"(6.165386968, -75.587185007)"
2161650,06/30/2016,3:00 p.m.,jueves,BUSETA,PUBLICO,Conductor,Masculino,No,N/A,SOLO DAÑOS,Choque,Arrancar sin precaucion,Calle 40 B Sur Carrera 39 A,EL DORADO,Urbana,"(6.165386968, -75.587185007)"
2161648,06/30/2016,1:50 p.m.,jueves,AUTOMOVIL,PARTICULAR,Conductor,Masculino,No,N/A,SOLO DAÑOS,Choque,Otra,Calle 37  Sur Carrera 48,GLORIETA EXITO,Urbana,"(6.17412211, -75.593061115)"
2161648,06/30/2016,1:50 p.m.,jueves,MICROBUS,PUBLICO,Conductor,Masculino,No,N/A,SOLO DAÑOS,Choque,Otra,Calle 37  Sur Carrera 48,GLORIETA EXITO,Urbana,"(6.17412211, -75.593061115)"
2161616,06/30/2016,12:40 p.m.,jueves,AUTOMOVIL,PARTICULAR,Conductor,Masculino,No,N/A,SOLO DAÑOS,Choque,Otra,Diagonal 40 Carrera 41,OBRERO,Urbana,
2161616,06/30/2016,12:40 p.m.,jueves,MICROBUS,PUBLICO,Conductor,Masculino,No,N/A,SOLO DAÑOS,Choque,Otra,Diagonal 40 Carrera 41,OBRERO,Urbana,
2161612,06/30/2016,7:20 a.m.,jueves,MOTOCICLETA,PARTICULAR,Motociclista,Masculino,No,N/A,SOLO DAÑOS,Choque,Otra,Calle 25 AA Sur Carrera 50,LAS VEGAS,Urbana,"(6.182478523, -75.583313359)"
2161606,06/30/2016,11:00 a.m.,jueves,CAMIONETA,PARTICULAR,Conductor,Femenino,No,N/A,SOLO DAÑOS,Choque,Otra,Calle 26  Sur Carrera 43 A,N/R,Urbana,"(6.180841534, -75.582938146)"
2161606,06/30/2016,11:00 a.m.,jueves,AUTOMOVIL,PARTICULAR,Conductor,Femenino,No,N/A,SOLO DAÑOS,Choque,Otra,Calle 26  Sur Carrera 43 A,N/R,Urbana,"(6.180841534, -75.582938146)"
2161629,06/30/2016,10:00 a.m.,jueves,AUTOMOVIL,PARTICULAR,Conductor,Masculino,No,N/A,SOLO DAÑOS,Choque,Otra,Calle 48  Sur Carrera 50,LAS VEGAS,Urbana,
2161629,06/30/2016,10:00 a.m.,jueves,CAMIONETA,PARTICULAR,Conductor,Masculino,No,N/A,SOLO DAÑOS,Choque,Otra,Calle 48  Sur Carrera 50,LAS VEGAS,Urbana,
2161629,06/30/2016,10:00 a.m.,jueves,CAMIONETA,PARTICULAR,Conductor,Masculino,No,N/A,SOLO DAÑOS,Choque,Otra,Calle 48  Sur Carrera 50,LAS VEGAS,Urbana,
2161629,06/30/2016,10:00 a.m.,jueves,AUTOMOVIL,PARTICULAR,Conductor,Masculino,No,N/A,SOLO DAÑOS,Choque,Otra,Calle 48  Sur Carrera 50,LAS VEGAS,Urbana,
2161611,06/30/2016,8:00 a.m.,jueves,AUTOMOVIL,PARTICULAR,Conductor,Femenino,No,N/A,SOLO DAÑOS,Choque,Otra,Calle 30  Sur Carrera 30,JARDINES,Urbana,
2161611,06/30/2016,8:00 a.m.,jueves,AUTOMOVIL,PUBLICO,Conductor,Masculino,No,N/A,SOLO DAÑOS,Choque,Otra,Calle 30  Sur Carrera 30,JARDINES,Urbana,
2161612,06/30/2016,7:20 a.m.,jueves,AUTOMOVIL,PARTICULAR,Conductor,Femenino,No,N/A,SOLO DAÑOS,Choque,Otra,Calle 25 AA Sur Carrera 50,LAS VEGAS,Urbana,"(6.182478523, -75.583313359)"
2161600,06/29/2016,4:25 p.m.,miércoles,AUTOMOVIL,PARTICULAR,Conductor,Masculino,No,N/A,SOLO DAÑOS,Choque,Otra,Calle 31  Sur Carrera 48,LAS VEGAS,Urbana,
2161609,06/29/2016,8:00 p.m.,miércoles,AUTOMOVIL,PARTICULAR,Conductor,Masculino,No,N/A,SOLO DAÑOS,Choque,Estacionar sin seguridad,Calle 36  Sur Carrera 27,LA INMACULADA,Urbana,"(6.167154903, -75.569336965)"
2161609,06/29/2016,8:00 p.m.,miércoles,AUTOMOVIL,PARTICULAR,Conductor,Masculino,No,N/A,SOLO DAÑOS,Choque,Estacionar sin seguridad,Calle 36  Sur Carrera 27,LA INMACULADA,Urbana,"(6.167154903, -75.569336965)"
2161602,06/29/2016,6:47 p.m.,miércoles,MOTOCICLETA,DIPLOMATICO,Motociclista,Femenino,No,N/A,HERIDO,Choque,Reverso imprudente,Diagonal 30 Transversal 34 A,MANUEL URIBE ANGEL,Urbana,"(6.173077967, -75.577713319)"
2161602,06/29/2016,6:47 p.m.,miércoles,MOTOCICLETA,PARTICULAR,Motociclista,Masculino,No,N/A,HERIDO,Choque,Reverso imprudente,Diagonal 30 Transversal 34 A,MANUEL URIBE ANGEL,Urbana,"(6.173077967, -75.577713319)"
2161607,06/29/2016,5:40 p.m.,miércoles,AUTOMOVIL,PARTICULAR,Conductor,Masculino,No,N/A,SOLO DAÑOS,Choque,Otra,Calle 37  Sur Carrera 31,MESA,Urbana,"(6.166120684, -75.580740605)"
2161607,06/29/2016,5:40 p.m.,miércoles,BUS,PUBLICO,Conductor,Masculino,No,N/A,SOLO DAÑOS,Choque,Otra,Calle 37  Sur Carrera 31,MESA,Urbana,"(6.166120684, -75.580740605)"
2161600,06/29/2016,4:25 p.m.,miércoles,AUTOMOVIL,PARTICULAR,Conductor,Masculino,No,N/A,SOLO DAÑOS,Choque,Otra,Calle 31  Sur Carrera 48,LAS VEGAS,Urbana,
2161603,06/29/2016,2:40 p.m.,miércoles,MOTOCICLETA,PARTICULAR,Motociclista,Masculino,No,N/A,SOLO DAÑOS,Choque,Otra,Calle 40 C Sur Carrera 29,SAN JOSE,Urbana,"(6.160404351, -75.582515029)"
2161603,06/29/2016,2:40 p.m.,miércoles,AUTOMOVIL,PARTICULAR,Conductor,Masculino,No,N/A,SOLO DAÑOS,Choque,Otra,Calle 40 C Sur Carrera 29,SAN JOSE,Urbana,"(6.160404351, -75.582515029)"
2161599,06/29/2016,11:25 a.m.,miércoles,AUTOMOVIL,PARTICULAR,Conductor,Masculino,No,N/A,SOLO DAÑOS,Choque,Otra,Diagonal 32 D Transversal 32  Sur,LA MAGNOLIA,Urbana,"(6.175661946, -75.584184038)"
2161599,06/29/2016,11:25 a.m.,miércoles,MOTOCICLETA,PARTICULAR,Motociclista,Masculino,No,N/A,SOLO DAÑOS,Choque,Otra,Diagonal 32 D Transversal 32  Sur,LA MAGNOLIA,Urbana,"(6.175661946, -75.584184038)"
2161599,06/29/2016,11:25 a.m.,miércoles,AUTOMOVIL,PARTICULAR,Conductor,Masculino,No,N/A,SOLO DAÑOS,Choque,Otra,Diagonal 32 D Transversal 32  Sur,LA MAGNOLIA,Urbana,"(6.175661946, -75.584184038)"
2161605,06/29/2016,10:10 a.m.,miércoles,AUTOMOVIL,PARTICULAR,Conductor,Femenino,No,N/A,SOLO DAÑOS,Choque,Otra,Tramo 372 Kilometro  8,VEREDA PALMAS,Rural,
2161595,06/29/2016,10:00 a.m.,miércoles,AUTOMOVIL,PARTICULAR,Conductor,Masculino,No,N/A,SOLO DAÑOS,Choque,No mantener distancia de seguridad,Calle 43  Sur Carrera 48,N/R,Urbana,"(6.168592602, -75.597528999)"
2161595,06/29/2016,10:00 a.m.,miércoles,AUTOMOVIL,PARTICULAR,Conductor,Masculino,No,N/A,SOLO DAÑOS,Choque,No mantener distancia de seguridad,Calle 43  Sur Carrera 48,N/R,Urbana,"(6.168592602, -75.597528999)"
2161608,06/29/2016,7:15 a.m.,miércoles,AUTOMOVIL,PARTICULAR,Conductor,Femenino,No,N/A,SOLO DAÑOS,Choque,No mantener distancia de seguridad,Calle 25 A Sur Carrera 43 A,VILLA GRANDE,Urbana,"(6.181689385, -75.582417986)"
2161608,06/29/2016,7:15 a.m.,miércoles,BUS,PUBLICO,Conductor,Masculino,No,N/A,SOLO DAÑOS,Choque,No mantener distancia de seguridad,Calle 25 A Sur Carrera 43 A,VILLA GRANDE,Urbana,"(6.181689385, -75.582417986)"
2161594,06/29/2016,7:00 a.m.,miércoles,AUTOMOVIL,PUBLICO,Conductor,Masculino,No,N/A,SOLO DAÑOS,Choque,No mantener distancia de seguridad,Calle 39  Sur Carrera 41,ZONA CENTRO,Urbana,"(6.167870042, -75.587448707)"
2161594,06/29/2016,7:00 a.m.,miércoles,BUS,PUBLICO,Conductor,Masculino,No,N/A,SOLO DAÑOS,Choque,No mantener distancia de seguridad,Calle 39  Sur Carrera 41,ZONA CENTRO,Urbana,"(6.167870042, -75.587448707)"
2161596,06/29/2016,5:40 a.m.,miércoles,AUTOMOVIL,PARTICULAR,Conductor,Femenino,No,N/A,SOLO DAÑOS,Choque,Otra,Calle 40  Sur Carrera 25 B,EL SALADO,Urbana,"(6.155114269, -75.578968941)"
2161596,06/29/2016,5:40 a.m.,miércoles,MOTOCICLETA,PARTICULAR,Motociclista,Masculino,No,N/A,SOLO DAÑOS,Choque,Otra,Calle 40  Sur Carrera 25 B,EL SALADO,Urbana,"(6.155114269, -75.578968941)"
2161589,06/28/2016,6:15 p.m.,martes,MOTOCICLETA,PARTICULAR,Motociclista,Masculino,No,N/A,SOLO DAÑOS,Choque,No mantener distancia de seguridad,Calle 25 A Sur Carrera 43 A,VILLA GRANDE,Urbana,"(6.181689385, -75.582417986)"
2161592,06/28/2016,9:20 p.m.,martes,BICICLETA,PARTICULAR,Ciclista,Masculino,No,N/A,SOLO DAÑOS,Choque,Otra,Calle 25  Sur Carrera 44,ZU├æIGA,Urbana,"(6.182241808, -75.581473173)"
2161592,06/28/2016,9:20 p.m.,martes,AUTOMOVIL,PARTICULAR,Conductor,Femenino,No,N/A,SOLO DAÑOS,Choque,Otra,Calle 25  Sur Carrera 44,ZU├æIGA,Urbana,"(6.182241808, -75.581473173)"
2161588,06/28/2016,9:10 p.m.,martes,CAMIONETA,PARTICULAR,Conductor,Masculino,No,N/A,HERIDO,Choque,Otra,Tramo 372 Kilometro  10,VEREDA PALMAS,Rural,
2161587,06/28/2016,6:30 p.m.,martes,CAMPERO,PARTICULAR,Conductor,Masculino,No,N/A,SOLO DAÑOS,Choque,Otra,Calle 39 B Sur Carrera 30,SAN JOSE,Urbana,"(6.16327841, -75.581916425)"
2161587,06/28/2016,6:30 p.m.,martes,MOTOCICLETA,PARTICULAR,Motociclista,Masculino,No,N/A,SOLO DAÑOS,Choque,Otra,Calle 39 B Sur Carrera 30,SAN JOSE,Urbana,"(6.16327841, -75.581916425)"
2161589,06/28/2016,6:15 p.m.,martes,AUTOMOVIL,PUBLICO,Conductor,Masculino,No,N/A,SOLO DAÑOS,Choque,No mantener distancia de seguridad,Calle 25 A Sur Carrera 43 A,VILLA GRANDE,Urbana,"(6.181689385, -75.582417986)"
2161586,06/28/2016,6:00 p.m.,martes,MOTOCICLETA,PARTICULAR,Motociclista,Masculino,No,N/A,HERIDO,Atropello,Otra,Calle 40 C Sur Carrera 29,LA MINA,Urbana,"(6.160404351, -75.582515029)"
2161598,06/28/2016,2:15 p.m.,martes,CAMIONETA,PARTICULAR,Conductor,Masculino,No,N/A,HERIDO,Choque,Otra,Calle 39  Sur Carrera 25,N/R,Urbana,"(6.157563812, -75.579224131)"
2161598,06/28/2016,2:15 p.m.,martes,MOTOCICLETA,PARTICULAR,Motociclista,Masculino,No,N/A,HERIDO,Choque,Otra,Calle 39  Sur Carrera 25,N/R,Urbana,"(6.157563812, -75.579224131)"
2161597,06/28/2016,11:00 a.m.,martes,MOTOCICLETA,PARTICULAR,Motociclista,Masculino,No,N/A,HERIDO,Choque,Otra,Diagonal 33 Transversal 33,LA MAGNOLIA,Urbana,"(6.173879308, -75.584283827)"
2161597,06/28/2016,11:00 a.m.,martes,AUTOMOVIL,PARTICULAR,Conductor,Femenino,No,N/A,HERIDO,Choque,Otra,Diagonal 33 Transversal 33,LA MAGNOLIA,Urbana,"(6.173879308, -75.584283827)"
2161593,06/28/2016,9:34 a.m.,martes,AUTOMOVIL,PARTICULAR,Conductor,Masculino,No,N/A,SOLO DAÑOS,Choque,No mantener distancia de seguridad,Diagonal 31 Transversal 32 D Sur,LAS FLORES,Urbana,"(6.17448507, -75.578695932)"
2161593,06/28/2016,9:34 a.m.,martes,MOTOCICLETA,PARTICULAR,Motociclista,Masculino,No,N/A,SOLO DAÑOS,Choque,No mantener distancia de seguridad,Diagonal 31 Transversal 32 D Sur,LAS FLORES,Urbana,"(6.17448507, -75.578695932)"
2161577,06/28/2016,9:25 a.m.,martes,MOTOCICLETA,PARTICULAR,Motociclista,Masculino,No,N/A,HERIDO,Caida Ocupante,Otra,Calle 36 D Sur Carrera 27 D,VEREDA EL ESCOBERO,Urbana,"(6.164970853, -75.574637268)"
2161613,06/28/2016,6:40 a.m.,martes,AUTOMOVIL,PUBLICO,Conductor,Masculino,No,N/A,SOLO DAÑOS,Choque,Otra,Tramo 377 Kilometro  1,VEREDA LA ESPERANZA,Rural,
2161613,06/28/2016,6:40 a.m.,martes,CAMPERO,PARTICULAR,Conductor,Femenino,No,N/A,SOLO DAÑOS,Choque,Otra,Tramo 377 Kilometro  1,VEREDA LA ESPERANZA,Rural,
2161578,06/27/2016,6:30 a.m.,lunes,AUTOMOVIL,PARTICULAR,Conductor,Masculino,No,N/A,SOLO DAÑOS,Choque,Otra,Calle 19  Sur Carrera 48,LAS VEGAS,Urbana,
2161580,06/27/2016,4:30 p.m.,lunes,AUTOMOVIL,PARTICULAR,Conductor,Femenino,No,N/A,SOLO DAÑOS,Choque,Otra,Diagonal 31 Transversal 32 A Sur,LA MAGNOLIA,Urbana,"(6.174681134, -75.578471041)"
2161575,06/27/2016,7:26 a.m.,lunes,CAMIONETA,PUBLICO,Conductor,Masculino,No,N/A,SOLO DAÑOS,Choque,Otra,Calle 27  Sur Carrera 27 B,EL ESMERALDAL,Urbana,"(6.173240655, -75.569098008)"
2161579,06/27/2016,3:30 p.m.,lunes,AUTOMOVIL,PARTICULAR,Conductor,Femenino,No,N/A,HERIDO,Choque,Otra,Diagonal 31 E Transversal 34 D Sur,LOS NARANJOS,Urbana,"(6.17201459, -75.579216112)"
2161579,06/27/2016,3:30 p.m.,lunes,MOTOCICLETA,PARTICULAR,Motociclista,Masculino,No,N/A,HERIDO,Choque,Otra,Diagonal 31 E Transversal 34 D Sur,LOS NARANJOS,Urbana,"(6.17201459, -75.579216112)"
2161585,06/27/2016,12:10 p.m.,lunes,CAMIONETA,PARTICULAR,Conductor,Femenino,No,N/A,SOLO DAÑOS,Choque,No mantener distancia de seguridad,Calle 27  Sur Carrera 27,LA INMACULADA,Urbana,"(6.17243521, -75.567871917)"
2161571,06/27/2016,10:42 p.m.,lunes,MOTOCICLETA,PARTICULAR,Motociclista,Masculino,No,N/A,HERIDO,Choque,Otra,Calle 39  Sur Carrera 46 A,ALCALA,Urbana,"(6.170846461, -75.592725263)"
2161578,06/27/2016,6:30 a.m.,lunes,AUTOMOVIL,PARTICULAR,Conductor,Femenino,No,N/A,SOLO DAÑOS,Choque,Otra,Calle 19  Sur Carrera 48,LAS VEGAS,Urbana,
2161582,06/27/2016,6:50 a.m.,lunes,MOTOCICLETA,PARTICULAR,Motociclista,Masculino,No,N/A,SOLO DAÑOS,Choque,Otra,Calle 46 A Sur Carrera 50,LAS VEGAS,Urbana,
2161585,06/27/2016,12:10 p.m.,lunes,CAMIONETA,PARTICULAR,Conductor,Masculino,No,N/A,SOLO DAÑOS,Choque,No mantener distancia de seguridad,Calle 27  Sur Carrera 27,LA INMACULADA,Urbana,"(6.17243521, -75.567871917)"
2161573,06/27/2016,6:30 p.m.,lunes,MOTOCICLETA,PARTICULAR,Motociclista,Masculino,No,N/A,SOLO DAÑOS,Choque,Otra,Calle 27  Sur Carrera 28,EL ESMERALDAL,Urbana,"(6.175346318, -75.574583402)"
2161575,06/27/2016,7:26 a.m.,lunes,AUTOMOVIL,PARTICULAR,Conductor,Femenino,No,N/A,SOLO DAÑOS,Choque,Otra,Calle 27  Sur Carrera 27 B,EL ESMERALDAL,Urbana,"(6.173240655, -75.569098008)"
2161571,06/27/2016,10:42 p.m.,lunes,MOTOCICLETA,PARTICULAR,Motociclista,Masculino,No,N/A,HERIDO,Choque,Otra,Calle 39  Sur Carrera 46 A,ALCALA,Urbana,"(6.170846461, -75.592725263)"
2161582,06/27/2016,6:50 a.m.,lunes,MOTOCICLETA,PARTICULAR,Motociclista,Masculino,No,N/A,SOLO DAÑOS,Choque,Otra,Calle 46 A Sur Carrera 50,LAS VEGAS,Urbana,
2161582,06/27/2016,6:50 a.m.,lunes,AUTOMOVIL,PARTICULAR,Conductor,Masculino,No,N/A,SOLO DAÑOS,Choque,Otra,Calle 46 A Sur Carrera 50,LAS VEGAS,Urbana,
2161573,06/27/2016,6:30 p.m.,lunes,MOTOCICLETA,PARTICULAR,Motociclista,Masculino,No,N/A,SOLO DAÑOS,Choque,Otra,Calle 27  Sur Carrera 28,EL ESMERALDAL,Urbana,"(6.175346318, -75.574583402)"
2161572,06/27/2016,4:50 p.m.,lunes,MOTOCICLETA,PARTICULAR,Motociclista,Masculino,No,N/A,HERIDO,Atropello,Otra,Calle 36  Sur Carrera 43,ZONA CENTRO,Urbana,"(6.171434076, -75.587040068)"
2161580,06/27/2016,4:30 p.m.,lunes,AUTOMOVIL,PUBLICO,Conductor,Masculino,No,N/A,SOLO DAÑOS,Choque,Otra,Diagonal 31 Transversal 32 A Sur,LA MAGNOLIA,Urbana,"(6.174681134, -75.578471041)"
2161576,06/26/2016,7:00 p.m.,domingo,AUTOMOVIL,PARTICULAR,Conductor,Masculino,No,N/A,SOLO DAÑOS,Choque,Otra,Calle 36  Sur Carrera 27 A,VEREDA EL ESCOBERO,Urbana,"(6.167592229, -75.570654593)"