RADICADO,FECHA,HORA,DÍA DE LA SEMANA,CLASE DE VEHICULO,TIPO DE SERVICIO,TIPO DE VICTIMA,SEXO,ESTADO DE BEODEZ,RESULTADO DE BEODEZ,GRAVEDAD,CLASE DE ACCIDENTE,CAUSA,DIRECCIÓN,BARRIO,AREA,Coordenadas
2161068,05/11/2016,6:30 p.m.,miércoles,AUTOMOVIL,PARTICULAR,Conductor,Femenino,No,N/A,SOLO DAÑOS,Choque,No mantener distancia de seguridad,Calle 37  Sur Carrera 50,N/R,Urbana,
2161067,05/11/2016,6:20 a.m.,miércoles,AUTOMOVIL,PARTICULAR,Conductor,Masculino,No,N/A,SOLO DAÑOS,Choque,Desobedecer senales,Calle 38  Sur Carrera 46,N/R,Urbana,"(6.171966643, -75.591369743)"
2161067,05/11/2016,6:20 a.m.,miércoles,MOTOCICLETA,PARTICULAR,Motociclista,Femenino,No,N/A,SOLO DAÑOS,Choque,Desobedecer senales,Calle 38  Sur Carrera 46,N/R,Urbana,"(6.171966643, -75.591369743)"
2161077,05/11/2016,6:05 a.m.,miércoles,AUTOMOVIL,PARTICULAR,Conductor,Masculino,No,N/A,HERIDO,Choque,No respetar prelacion,Calle 40 B Sur Carrera 39 A,EL DORADO,Urbana,"(6.165386968, -75.587185007)"
2161077,05/11/2016,6:05 a.m.,miércoles,MOTOCICLETA,PARTICULAR,Motociclista,Masculino,No,N/A,HERIDO,Choque,No respetar prelacion,Calle 40 B Sur Carrera 39 A,EL DORADO,Urbana,"(6.165386968, -75.587185007)"
2161076,05/11/2016,6:00 a.m.,miércoles,CAMIONETA,PUBLICO,Conductor,Masculino,No,N/A,SOLO DAÑOS,Choque,Impericia en el manejo,Tramo 372 Kilometro  5,VEREDA PALMAS,Rural,
2161076,05/11/2016,6:00 a.m.,miércoles,AUTOMOVIL,PARTICULAR,Conductor,Masculino,No,N/A,SOLO DAÑOS,Choque,Impericia en el manejo,Tramo 372 Kilometro  5,VEREDA PALMAS,Rural,
2161065,05/11/2016,4:10 p.m.,miércoles,CAMIONETA,PARTICULAR,Conductor,Masculino,No,N/A,SOLO DAÑOS,Choque,No respetar prelacion,Transversal 36 Diagonal 31,LA SEBASTIANA,Urbana,"(6.16838256, -75.580579153)"
2161058,05/10/2016,6:00 p.m.,martes,AUTOMOVIL,PUBLICO,Conductor,Masculino,No,N/A,SOLO DAÑOS,Choque,Adelantar cerrando,Calle 37  Sur Carrera 49,N/R,Urbana,"(6.174789471, -75.594204243)"
2161054,05/10/2016,5:20 p.m.,martes,MOTOCICLETA,PARTICULAR,Motociclista,Masculino,No,N/A,SOLO DAÑOS,Choque,Transitar entre vehiculos,Calle 39  Sur Carrera 43,ZONA CENTRO,Urbana,"(6.168678771, -75.58876156)"
2161054,05/10/2016,5:20 p.m.,martes,AUTOMOVIL,DIPLOMATICO,Conductor,Masculino,No,N/A,SOLO DAÑOS,Choque,Transitar entre vehiculos,Calle 39  Sur Carrera 43,ZONA CENTRO,Urbana,"(6.168678771, -75.58876156)"
2161051,05/10/2016,5:00 p.m.,martes,MOTOCICLETA,PARTICULAR,Motociclista,Masculino,No,N/A,HERIDO,Choque,Desobedecer senales,Calle 40 AA Sur Carrera 36,EL DORADO,Urbana,"(6.164225597, -75.585320139)"
2161051,05/10/2016,5:00 p.m.,martes,AUTOMOVIL,PUBLICO,Conductor,Masculino,No,N/A,HERIDO,Choque,Desobedecer senales,Calle 40 AA Sur Carrera 36,EL DORADO,Urbana,"(6.164225597, -75.585320139)"
2161062,05/10/2016,4:00 p.m.,martes,CAMPERO,PARTICULAR,Conductor,Femenino,No,N/A,SOLO DAÑOS,Choque,No mantener distancia de seguridad,Calle 27  Sur Carrera 27,ZU├æIGA,Urbana,"(6.17243521, -75.567871917)"
2161062,05/10/2016,4:00 p.m.,martes,AUTOMOVIL,PARTICULAR,Conductor,Femenino,No,N/A,SOLO DAÑOS,Choque,No mantener distancia de seguridad,Calle 27  Sur Carrera 27,ZU├æIGA,Urbana,"(6.17243521, -75.567871917)"
2161060,05/10/2016,1:30 p.m.,martes,MOTOCICLETA,PARTICULAR,Motociclista,Femenino,No,N/A,SOLO DAÑOS,Choque,No respetar prelacion,Calle 31  Sur Carrera 43 A,SAN MARCOS,Urbana,"(6.176823564, -75.585392151)"
2161060,05/10/2016,1:30 p.m.,martes,AUTOMOVIL,PARTICULAR,Conductor,Femenino,No,N/A,SOLO DAÑOS,Choque,No respetar prelacion,Calle 31  Sur Carrera 43 A,SAN MARCOS,Urbana,"(6.176823564, -75.585392151)"
2161055,05/10/2016,5:15 a.m.,martes,MOTOCICLETA,PARTICULAR,Motociclista,Masculino,No,N/A,SOLO DAÑOS,Choque,Transitar entre vehiculos,Calle 19  Sur Carrera 50,LAS VEGAS,Urbana,
2161055,05/10/2016,5:15 a.m.,martes,MICROBUS,PUBLICO,Conductor,Masculino,No,N/A,SOLO DAÑOS,Choque,Transitar entre vehiculos,Calle 19  Sur Carrera 50,LAS VEGAS,Urbana,
2161873,05/10/2016,3:44 a.m.,martes,MOTOCICLETA,PARTICULAR,Motociclista,Masculino,No,N/A,SOLO DAÑOS,Choque,Otra,Calle 32 B Sur Carrera 50,LAS VEGAS,Urbana,
2161873,05/10/2016,3:44 a.m.,martes,CAMIONETA,PARTICULAR,Conductor,Sin registro,No,N/A,SOLO DAÑOS,Choque,Otra,Calle 32 B Sur Carrera 50,LAS VEGAS,Urbana,
2161058,05/10/2016,6:00 p.m.,martes,CAMION,PUBLICO,Conductor,Masculino,No,N/A,SOLO DAÑOS,Choque,Adelantar cerrando,Calle 37  Sur Carrera 49,N/R,Urbana,"(6.174789471, -75.594204243)"
2161052,05/09/2016,12:30 p.m.,lunes,MOTOCICLETA,PARTICULAR,Motociclista,Masculino,No,N/A,HERIDO,Choque,Otra,Calle 40 F Sur Carrera 30,SAN JOSE,Urbana,"(6.160823983, -75.584519464)"
2161009,05/09/2016,11:25 p.m.,lunes,MOTOCICLETA,PARTICULAR,Motociclista,Masculino,No,N/A,SOLO DAÑOS,Choque,Otra,Calle 40 A Sur Carrera 24 B,N/R,Urbana,"(6.151984005, -75.58064483)"
2161009,05/09/2016,11:25 p.m.,lunes,AUTOMOVIL,PARTICULAR,Conductor,Masculino,No,N/A,SOLO DAÑOS,Choque,Otra,Calle 40 A Sur Carrera 24 B,N/R,Urbana,"(6.151984005, -75.58064483)"
2161030,05/09/2016,10:00 p.m.,lunes,AUTOMOVIL,PARTICULAR,Conductor,Femenino,No,N/A,SOLO DAÑOS,Choque,Reverso imprudente,Carrera 43 A Calle 25  Sur,VILLA GRANDE,Urbana,"(6.181616833, -75.581857267)"
2161030,05/09/2016,10:00 p.m.,lunes,AUTOMOVIL,PARTICULAR,Conductor,Femenino,No,N/A,SOLO DAÑOS,Choque,Reverso imprudente,Carrera 43 A Calle 25  Sur,VILLA GRANDE,Urbana,"(6.181616833, -75.581857267)"
2161021,05/09/2016,6:10 p.m.,lunes,AUTOMOVIL,PARTICULAR,Conductor,Masculino,No,N/A,SOLO DAÑOS,Choque,No mantener distancia de seguridad,Carrera 27 Calle 36 D Sur,LA INMACULADA,Urbana,"(6.167009975, -75.569278076)"
2161021,05/09/2016,6:10 p.m.,lunes,AUTOMOVIL,PARTICULAR,Conductor,Masculino,No,N/A,SOLO DAÑOS,Choque,No mantener distancia de seguridad,Carrera 27 Calle 36 D Sur,LA INMACULADA,Urbana,"(6.167009975, -75.569278076)"
2161061,05/09/2016,4:50 p.m.,lunes,CAMPERO,PARTICULAR,Conductor,Masculino,No,N/A,SOLO DAÑOS,Choque,Adelantar cerrando,Tramo 372 Kilometro  10,VEREDA PALMAS,Rural,
2161061,05/09/2016,4:50 p.m.,lunes,CAMIONETA,PARTICULAR,Conductor,Masculino,No,N/A,SOLO DAÑOS,Choque,Adelantar cerrando,Tramo 372 Kilometro  10,VEREDA PALMAS,Rural,
2161057,05/09/2016,3:50 p.m.,lunes,AUTOMOVIL,PARTICULAR,Conductor,Masculino,No,N/A,SOLO DAÑOS,Choque,No mantener distancia de seguridad,Calle 36 D Sur Carrera 27 D,VEREDA EL ESCOBERO,Urbana,"(6.164970853, -75.574637268)"
2161057,05/09/2016,3:50 p.m.,lunes,MOTOCICLETA,PARTICULAR,Motociclista,Masculino,No,N/A,SOLO DAÑOS,Choque,No mantener distancia de seguridad,Calle 36 D Sur Carrera 27 D,VEREDA EL ESCOBERO,Urbana,"(6.164970853, -75.574637268)"
2161027,05/09/2016,3:26 p.m.,lunes,AUTOMOVIL,PARTICULAR,Conductor,Masculino,No,N/A,SOLO DAÑOS,Choque,No mantener distancia de seguridad,Carrera 48 Calle 25  Sur,LAS VEGAS,Urbana,"(6.185059174, -75.58329333)"
2161027,05/09/2016,3:26 p.m.,lunes,AUTOMOVIL,PARTICULAR,Conductor,Masculino,No,N/A,SOLO DAÑOS,Choque,No mantener distancia de seguridad,Carrera 48 Calle 25  Sur,LAS VEGAS,Urbana,"(6.185059174, -75.58329333)"
2161052,05/09/2016,12:30 p.m.,lunes,BICICLETA,PARTICULAR,Ciclista,Masculino,No,N/A,HERIDO,Choque,Otra,Calle 40 F Sur Carrera 30,SAN JOSE,Urbana,"(6.160823983, -75.584519464)"
2161071,05/09/2016,12:20 p.m.,lunes,AUTOMOVIL,PARTICULAR,Conductor,Masculino,No,N/A,SOLO DAÑOS,Choque,Impericia en el manejo,Carrera 30 Calle 40 F Sur,N/R,Urbana,"(6.160818107, -75.584612841)"
2161005,05/08/2016,7:00 p.m.,domingo,AUTOMOVIL,PARTICULAR,Conductor,Masculino,No,N/A,SOLO DAÑOS,Choque,No respetar prelacion,Tramo 372 Kilometro  13,VEREDA PALMAS,Rural,
2161050,05/08/2016,6:00 p.m.,domingo,MOTOCICLETA,PARTICULAR,Motociclista,Femenino,No,N/A,HERIDO,Atropello,Cruzar sin observar,Calle 40 B Sur Carrera 27 B,LA MINA,Urbana,"(6.158875504, -75.581663381)"
2161047,05/08/2016,6:00 p.m.,domingo,BICICLETA,PARTICULAR,Ciclista,Masculino,No,N/A,HERIDO,Choque,No mantener distancia de seguridad,Calle 40 B Sur Carrera 27 B,LA MINA,Urbana,"(6.158875504, -75.581663381)"
2161047,05/08/2016,6:00 p.m.,domingo,AUTOMOVIL,PUBLICO,Conductor,Masculino,No,N/A,HERIDO,Choque,No mantener distancia de seguridad,Calle 40 B Sur Carrera 27 B,LA MINA,Urbana,"(6.158875504, -75.581663381)"
2161043,05/08/2016,4:30 p.m.,domingo,AUTOMOVIL,PUBLICO,Conductor,Masculino,No,N/A,SOLO DAÑOS,Choque,Otra,Diagonal 29 Transversal 32 A Sur,ALTO DE MISAEL,Urbana,"(6.175050214, -75.577890939)"
2161022,05/08/2016,3:30 p.m.,domingo,AUTOMOVIL,PARTICULAR,Conductor,Masculino,No,N/A,SOLO DAÑOS,Choque,No mantener distancia de seguridad,Carrera 50 Calle 37  Sur,LAS VEGAS,Urbana,
2161022,05/08/2016,3:30 p.m.,domingo,AUTOMOVIL,PUBLICO,Conductor,Masculino,No,N/A,SOLO DAÑOS,Choque,No mantener distancia de seguridad,Carrera 50 Calle 37  Sur,LAS VEGAS,Urbana,
2161046,05/08/2016,2:40 p.m.,domingo,AUTOMOVIL,PARTICULAR,Conductor,Masculino,No,N/A,HERIDO,Choque,Exceso de velocidad,Tramo 371 Kilometro  5,VEREDA EL ESCOBERO,Rural,
2161046,05/08/2016,2:40 p.m.,domingo,CAMPERO,PARTICULAR,Conductor,Masculino,No,N/A,HERIDO,Choque,Exceso de velocidad,Tramo 371 Kilometro  5,VEREDA EL ESCOBERO,Rural,
2161046,05/08/2016,2:40 p.m.,domingo,CAMPERO,PARTICULAR,Conductor,Masculino,No,N/A,HERIDO,Choque,Exceso de velocidad,Tramo 371 Kilometro  5,VEREDA EL ESCOBERO,Rural,
2161048,05/08/2016,2:20 p.m.,domingo,MOTOCICLETA,PARTICULAR,Motociclista,Masculino,No,N/A,HERIDO,Choque,Adelantar por la derecha,Tramo 372 Kilometro  14,VEREDA PALMAS,Rural,
2161048,05/08/2016,2:20 p.m.,domingo,AUTOMOVIL,PARTICULAR,Conductor,Femenino,No,N/A,HERIDO,Choque,Adelantar por la derecha,Tramo 372 Kilometro  14,VEREDA PALMAS,Rural,
2161053,05/08/2016,2:00 p.m.,domingo,MICROBUS,PUBLICO,Conductor,Masculino,No,N/A,SOLO DAÑOS,Choque,Adelantar cerrando,Tramo 372 Kilometro  16,VEREDA PALMAS,Rural,
2161053,05/08/2016,2:00 p.m.,domingo,AUTOMOVIL,PARTICULAR,Conductor,Masculino,No,N/A,SOLO DAÑOS,Choque,Adelantar cerrando,Tramo 372 Kilometro  16,VEREDA PALMAS,Rural,
2161049,05/08/2016,2:00 p.m.,domingo,MOTOCICLETA,PARTICULAR,Motociclista,Masculino,No,N/A,HERIDO,Choque,Otra,Calle 30  Sur Carrera 50,LAS VEGAS,Urbana,
2161049,05/08/2016,2:00 p.m.,domingo,AUTOMOVIL,PARTICULAR,Conductor,Masculino,No,N/A,HERIDO,Choque,Otra,Calle 30  Sur Carrera 50,LAS VEGAS,Urbana,
2161059,05/08/2016,1:30 p.m.,domingo,CAMPERO,PARTICULAR,Conductor,Masculino,No,N/A,SOLO DAÑOS,Choque,Otra,Tramo 371 Kilometro  1,VEREDA EL ESCOBERO,Rural,
2161059,05/08/2016,1:30 p.m.,domingo,AUTOMOVIL,PARTICULAR,Conductor,Masculino,No,N/A,SOLO DAÑOS,Choque,Otra,Tramo 371 Kilometro  1,VEREDA EL ESCOBERO,Rural,
2161013,05/08/2016,12:45 p.m.,domingo,CAMIONETA,PARTICULAR,Conductor,Masculino,No,N/A,SOLO DAÑOS,Choque,No mantener distancia de seguridad,Calle 21  Sur Carrera 41 A,ZU├æIGA,Urbana,"(6.182549881, -75.577500332)"
2161013,05/08/2016,12:45 p.m.,domingo,BUS,PUBLICO,Conductor,Masculino,No,N/A,SOLO DAÑOS,Choque,No mantener distancia de seguridad,Calle 21  Sur Carrera 41 A,ZU├æIGA,Urbana,"(6.182549881, -75.577500332)"
2161018,05/08/2016,11:40 a.m.,domingo,AUTOMOVIL,PARTICULAR,Conductor,Femenino,No,N/A,SOLO DAÑOS,Choque,Semaforo en rojo,Calle 38  Sur Carrera 39,ZONA CENTRO,Urbana,"(6.16839174, -75.585247797)"
2161005,05/08/2016,7:00 p.m.,domingo,AUTOMOVIL,PARTICULAR,Conductor,Masculino,No,N/A,SOLO DAÑOS,Choque,No respetar prelacion,Tramo 372 Kilometro  13,VEREDA PALMAS,Rural,
2161018,05/08/2016,11:40 a.m.,domingo,CAMIONETA,PARTICULAR,Conductor,Masculino,No,N/A,SOLO DAÑOS,Choque,Semaforo en rojo,Calle 38  Sur Carrera 39,ZONA CENTRO,Urbana,"(6.16839174, -75.585247797)"
2161038,05/08/2016,10:10 a.m.,domingo,MOTOCICLETA,PARTICULAR,Motociclista,Masculino,No,N/A,HERIDO,Choque,Otra,Calle 40  Sur Carrera 31,SAN JOSE,Urbana,"(6.163186404, -75.582708672)"
2161038,05/08/2016,10:10 a.m.,domingo,AUTOMOVIL,PARTICULAR,Conductor,Masculino,No,N/A,HERIDO,Choque,Otra,Calle 40  Sur Carrera 31,SAN JOSE,Urbana,"(6.163186404, -75.582708672)"
2161040,05/08/2016,9:00 a.m.,domingo,AUTOMOVIL,PARTICULAR,Conductor,Femenino,No,N/A,HERIDO,Choque,Otra,Transversal 34 E Sur Diagonal 31 A,LA SEBASTIANA,Urbana,"(6.173807152, -75.581083293)"
2161040,05/08/2016,9:00 a.m.,domingo,MOTOCICLETA,PARTICULAR,Motociclista,Masculino,No,N/A,HERIDO,Choque,Otra,Transversal 34 E Sur Diagonal 31 A,LA SEBASTIANA,Urbana,"(6.173807152, -75.581083293)"
2161032,05/08/2016,7:40 a.m.,domingo,AUTOMOVIL,PARTICULAR,Conductor,Masculino,No,N/A,SOLO DAÑOS,Choque,Reverso imprudente,Carrera 33 Calle 39  Sur,MESA,Urbana,"(6.164867486, -75.582946666)"
2161032,05/08/2016,7:40 a.m.,domingo,AUTOMOVIL,PUBLICO,Conductor,Masculino,No,N/A,SOLO DAÑOS,Choque,Reverso imprudente,Carrera 33 Calle 39  Sur,MESA,Urbana,"(6.164867486, -75.582946666)"
2161008,05/07/2016,10:10 a.m.,sábado,MOTOCICLETA,PARTICULAR,Motociclista,Femenino,No,N/A,SOLO DAÑOS,Choque,No mantener distancia de seguridad,Calle 36 D Sur Carrera 27,VEREDA EL ESCOBERO,Urbana,"(6.162479576, -75.570222573)"
2161045,05/07/2016,9:25 p.m.,sábado,MOTOCICLETA,PARTICULAR,Motociclista,Masculino,No,N/A,HERIDO,Choque,Transitar entre vehiculos,Carrera 43 A Calle 46  Sur,PRIMAVERA,Urbana,"(6.164030981, -75.595992633)"
2161045,05/07/2016,9:25 p.m.,sábado,MOTOCICLETA,PARTICULAR,Motociclista,Masculino,No,N/A,HERIDO,Choque,Transitar entre vehiculos,Carrera 43 A Calle 46  Sur,PRIMAVERA,Urbana,"(6.164030981, -75.595992633)"
2161006,05/07/2016,7:40 p.m.,sábado,AUTOMOVIL,PARTICULAR,Conductor,Masculino,Si,1,HERIDO,Atropello,No respetar prelacion,Carrera 40 A Calle 40 F Sur,EL DORADO,Urbana,"(6.164685452, -75.589594868)"
2161010,05/07/2016,6:50 p.m.,sábado,MOTOCICLETA,PARTICULAR,Motociclista,Masculino,No,N/A,HERIDO,Choque,No respetar prelacion,Carrera 42 B Calle 46 C Sur,LA PAZ,Urbana,"(6.161304496, -75.594874118)"
2161010,05/07/2016,6:50 p.m.,sábado,MOTOCICLETA,DIPLOMATICO,Motociclista,Masculino,No,N/A,HERIDO,Choque,No respetar prelacion,Carrera 42 B Calle 46 C Sur,LA PAZ,Urbana,"(6.161304496, -75.594874118)"
2161007,05/07/2016,2:00 p.m.,sábado,AUTOMOVIL,PARTICULAR,Conductor,Masculino,No,N/A,SOLO DAÑOS,Choque,Impericia en el manejo,Carrera 25 A Calle 40 G Sur,LA MINA,Urbana,"(6.154691714, -75.584355272)"
2161007,05/07/2016,2:00 p.m.,sábado,BUS,PUBLICO,Conductor,Masculino,No,N/A,SOLO DAÑOS,Choque,Impericia en el manejo,Carrera 25 A Calle 40 G Sur,LA MINA,Urbana,"(6.154691714, -75.584355272)"
2161037,05/07/2016,12:00 p.m.,sábado,AUTOMOVIL,PARTICULAR,Conductor,Femenino,No,N/A,SOLO DAÑOS,Choque,No mantener distancia de seguridad,Calle 27  Sur Carrera 28,EL ESMERALDAL,Urbana,"(6.175346318, -75.574583402)"
2161037,05/07/2016,12:00 p.m.,sábado,CAMPERO,PARTICULAR,Conductor,Femenino,No,N/A,SOLO DAÑOS,Choque,No mantener distancia de seguridad,Calle 27  Sur Carrera 28,EL ESMERALDAL,Urbana,"(6.175346318, -75.574583402)"
2161044,05/07/2016,11:50 a.m.,sábado,TRACTOCAMION,PARTICULAR,Conductor,Masculino,No,N/A,SOLO DAÑOS,Choque,Otra,Carrera 43 A Calle 23  Sur,ZU├æIGA,Urbana,"(6.182555831, -75.580177931)"
2161044,05/07/2016,11:50 a.m.,sábado,AUTOMOVIL,PARTICULAR,Conductor,Femenino,No,N/A,SOLO DAÑOS,Choque,Otra,Carrera 43 A Calle 23  Sur,ZU├æIGA,Urbana,"(6.182555831, -75.580177931)"
2161031,05/07/2016,11:30 a.m.,sábado,AUTOMOVIL,PUBLICO,Conductor,Masculino,No,N/A,SOLO DAÑOS,Choque,No mantener distancia de seguridad,Diagonal 39 Transversal 34 B,OBRERO,Urbana,"(6.171523576, -75.584132439)"
2161031,05/07/2016,11:30 a.m.,sábado,AUTOMOVIL,PARTICULAR,Conductor,Masculino,No,N/A,SOLO DAÑOS,Choque,No mantener distancia de seguridad,Diagonal 39 Transversal 34 B,OBRERO,Urbana,"(6.171523576, -75.584132439)"
2161020,05/07/2016,11:30 a.m.,sábado,AUTOMOVIL,PARTICULAR,Conductor,Masculino,No,N/A,SOLO DAÑOS,Choque,No mantener distancia de seguridad,Carrera 48 Calle 46 A Sur,LAS VEGAS,Urbana,"(6.166193944, -75.599773956)"
2161020,05/07/2016,11:30 a.m.,sábado,CAMPERO,PARTICULAR,Conductor,Femenino,No,N/A,SOLO DAÑOS,Choque,No mantener distancia de seguridad,Carrera 48 Calle 46 A Sur,LAS VEGAS,Urbana,"(6.166193944, -75.599773956)"
2161011,05/07/2016,11:25 a.m.,sábado,AUTOMOVIL,PARTICULAR,Conductor,Masculino,No,N/A,SOLO DAÑOS,Choque,No mantener distancia de seguridad,Carrera 40 A Calle 40 B Sur,EL DORADO,Urbana,"(6.165850422, -75.587816881)"
2161011,05/07/2016,11:25 a.m.,sábado,CAMIONETA,PARTICULAR,Conductor,Femenino,No,N/A,SOLO DAÑOS,Choque,No mantener distancia de seguridad,Carrera 40 A Calle 40 B Sur,EL DORADO,Urbana,"(6.165850422, -75.587816881)"
2161008,05/07/2016,10:10 a.m.,sábado,CAMIONETA,PARTICULAR,Conductor,Masculino,No,N/A,SOLO DAÑOS,Choque,No mantener distancia de seguridad,Calle 36 D Sur Carrera 27,VEREDA EL ESCOBERO,Urbana,"(6.162479576, -75.570222573)"
2161029,05/07/2016,10:00 a.m.,sábado,MOTOCICLETA,PARTICULAR,Motociclista,Masculino,No,N/A,SOLO DAÑOS,Choque,Exceso de velocidad,Diagonal 29 Transversal 33,ALTO DE MISAEL,Urbana,"(6.173974531, -75.577316875)"
2161029,05/07/2016,10:00 a.m.,sábado,CAMPERO,PARTICULAR,Conductor,Masculino,No,N/A,SOLO DAÑOS,Choque,Exceso de velocidad,Diagonal 29 Transversal 33,ALTO DE MISAEL,Urbana,"(6.173974531, -75.577316875)"
2161033,05/07/2016,8:35 a.m.,sábado,MOTOCICLETA,PARTICULAR,Motociclista,Masculino,No,N/A,SOLO DAÑOS,Choque,Otra,Calle 36 D Sur Carrera 7,VEREDA EL ESCOBERO,Urbana,
2161033,05/07/2016,8:35 a.m.,sábado,CAMIONETA,PARTICULAR,Conductor,Femenino,No,N/A,SOLO DAÑOS,Choque,Otra,Calle 36 D Sur Carrera 7,VEREDA EL ESCOBERO,Urbana,
2161026,05/07/2016,8:10 a.m.,sábado,AUTOMOVIL,PARTICULAR,Conductor,Masculino,No,N/A,HERIDO,Choque,No mantener distancia de seguridad,Calle 38  Sur Carrera 29,SAN JOSE,Urbana,"(6.165022576, -75.580713107)"
2161026,05/07/2016,8:10 a.m.,sábado,AUTOMOVIL,PARTICULAR,Conductor,Femenino,No,N/A,HERIDO,Choque,No mantener distancia de seguridad,Calle 38  Sur Carrera 29,SAN JOSE,Urbana,"(6.165022576, -75.580713107)"
2161026,05/07/2016,8:10 a.m.,sábado,AUTOMOVIL,PUBLICO,Conductor,Masculino,No,N/A,HERIDO,Choque,No mantener distancia de seguridad,Calle 38  Sur Carrera 29,SAN JOSE,Urbana,"(6.165022576, -75.580713107)"
2161063,05/07/2016,7:50 a.m.,sábado,AUTOMOVIL,PARTICULAR,Conductor,Masculino,No,N/A,SOLO DAÑOS,Choque,Desobedecer senales,Transversal 33  Sur Diagonal 31 E,LA MAGNOLIA,Urbana,"(6.174189158, -75.578884189)"
2161063,05/07/2016,7:50 a.m.,sábado,AUTOMOVIL,PUBLICO,Conductor,Masculino,No,N/A,SOLO DAÑOS,Choque,Desobedecer senales,Transversal 33  Sur Diagonal 31 E,LA MAGNOLIA,Urbana,"(6.174189158, -75.578884189)"
2161017,05/07/2016,6:40 a.m.,sábado,AUTOMOVIL,PARTICULAR,Conductor,Masculino,No,N/A,SOLO DAÑOS,Choque,No respetar prelacion,Carrera 50 Calle 39 B Sur,LAS VEGAS,Urbana,
2161017,05/07/2016,6:40 a.m.,sábado,MOTOCICLETA,PARTICULAR,Motociclista,Masculino,No,N/A,SOLO DAÑOS,Choque,No respetar prelacion,Carrera 50 Calle 39 B Sur,LAS VEGAS,Urbana,
2161056,05/07/2016,5:50 a.m.,sábado,MOTOCICLETA,PARTICULAR,Motociclista,Masculino,No,N/A,SOLO DAÑOS,Choque,Impericia en el manejo,Transversal 35 D Sur Diagonal 29,LA SEBASTIANA,Urbana,
2161056,05/07/2016,5:50 a.m.,sábado,AUTOMOVIL,PARTICULAR,Conductor,Masculino,No,N/A,SOLO DAÑOS,Choque,Impericia en el manejo,Transversal 35 D Sur Diagonal 29,LA SEBASTIANA,Urbana,
2161033,05/07/2016,8:35 a.m.,sábado,CAMIONETA,PARTICULAR,Conductor,Masculino,No,N/A,SOLO DAÑOS,Choque,Otra,Calle 36 D Sur Carrera 7,VEREDA EL ESCOBERO,Urbana,
2161023,05/06/2016,11:10 a.m.,viernes,MOTOCICLETA,PARTICULAR,Motociclista,Masculino,No,N/A,HERIDO,Choque,Exceso de velocidad,Carrera 50 Calle 39  Sur,LAS VEGAS,Urbana,
2161039,05/06/2016,11:00 p.m.,viernes,AUTOMOVIL,PARTICULAR,Conductor,Femenino,No,N/A,SOLO DAÑOS,Choque,No mantener distancia de seguridad,Carrera 43 A Calle 27  Sur,AVENIDA EL POBLADO,Urbana,"(6.179697995, -75.583177217)"
2161024,05/06/2016,10:30 a.m.,viernes,MOTOCICLETA,PARTICULAR,Motociclista,Femenino,No,N/A,HERIDO,Caida Ocupante,Impericia en el manejo,Calle 40  Sur Carrera 44,ALCALA,Urbana,"(6.168120304, -75.590956207)"
2161004,05/06/2016,9:25 a.m.,viernes,CAMIONETA,PUBLICO,Conductor,Masculino,No,N/A,SOLO DAÑOS,Choque,No mantener distancia de seguridad,Calle 40  Sur Carrera 29,SAN JOSE,Urbana,"(6.159832302, -75.582595296)"
2161004,05/06/2016,9:25 a.m.,viernes,BUS,PUBLICO,Conductor,Masculino,No,N/A,SOLO DAÑOS,Choque,No mantener distancia de seguridad,Calle 40  Sur Carrera 29,SAN JOSE,Urbana,"(6.159832302, -75.582595296)"
2161012,05/06/2016,8:20 a.m.,viernes,MOTOCICLETA,PARTICULAR,Motociclista,Masculino,No,N/A,HERIDO,Atropello,Otra,Calle 37  Sur Carrera 42,ZONA CENTRO,Urbana,"(6.17029993, -75.586935484)"
2161014,05/06/2016,8:00 a.m.,viernes,CAMIONETA,PARTICULAR,Conductor,Masculino,No,N/A,SOLO DAÑOS,Choque,No mantener distancia de seguridad,Tramo 372 Kilometro  13,VEREDA PALMAS,Rural,
2161014,05/06/2016,8:00 a.m.,viernes,MOTOCICLETA,PARTICULAR,Motociclista,Masculino,No,N/A,SOLO DAÑOS,Choque,No mantener distancia de seguridad,Tramo 372 Kilometro  13,VEREDA PALMAS,Rural,
2161041,05/06/2016,9:50 p.m.,viernes,BUS,PUBLICO,Conductor,Masculino,No,N/A,SOLO DAÑOS,Choque,Adelantar cerrando,Calle 21  Sur Carrera 44,ZU├æIGA,Urbana,
2161041,05/06/2016,9:50 p.m.,viernes,AUTOMOVIL,PARTICULAR,Conductor,Masculino,No,N/A,SOLO DAÑOS,Choque,Adelantar cerrando,Calle 21  Sur Carrera 44,ZU├æIGA,Urbana,
2161042,05/06/2016,9:30 p.m.,viernes,CAMPERO,PARTICULAR,Conductor,Masculino,No,N/A,SOLO DAÑOS,Choque,No mantener distancia de seguridad,Carrera 43 A Calle 23  Sur,AVENIDA EL POBLADO,Urbana,"(6.182555831, -75.580177931)"
2161042,05/06/2016,9:30 p.m.,viernes,AUTOMOVIL,PARTICULAR,Conductor,Masculino,No,N/A,SOLO DAÑOS,Choque,No mantener distancia de seguridad,Carrera 43 A Calle 23  Sur,AVENIDA EL POBLADO,Urbana,"(6.182555831, -75.580177931)"
2161019,05/06/2016,8:30 p.m.,viernes,CAMIONETA,PARTICULAR,Conductor,Masculino,No,N/A,HERIDO,Choque,Otra,Carrera 48 Calle 30  Sur,LAS VEGAS,Urbana,"(6.179366643, -75.588084104)"