RADICADO,FECHA,HORA,DÍA DE LA SEMANA,CLASE DE VEHICULO,TIPO DE SERVICIO,TIPO DE VICTIMA,SEXO,ESTADO DE BEODEZ,RESULTADO DE BEODEZ,GRAVEDAD,CLASE DE ACCIDENTE,CAUSA,DIRECCIÓN,BARRIO,AREA,Coordenadas
2161019,05/06/2016,8:30 p.m.,viernes,MOTOCICLETA,PARTICULAR,Motociclista,Masculino,No,N/A,HERIDO,Choque,Otra,Carrera 48 Calle 30  Sur,LAS VEGAS,Urbana,"(6.179366643, -75.588084104)"
2161036,05/06/2016,8:20 p.m.,viernes,CAMIONETA,PARTICULAR,Conductor,Masculino,No,N/A,SOLO DAÑOS,Choque,No respetar prelacion,Carrera 50 Calle 46  Sur,LAS VEGAS,Urbana,"(6.16131219, -75.603198185)"
2161036,05/06/2016,8:20 p.m.,viernes,AUTOMOVIL,PARTICULAR,Conductor,Masculino,No,N/A,SOLO DAÑOS,Choque,No respetar prelacion,Carrera 50 Calle 46  Sur,LAS VEGAS,Urbana,"(6.16131219, -75.603198185)"
2161015,05/06/2016,3:30 p.m.,viernes,AUTOMOVIL,PARTICULAR,Conductor,Masculino,No,N/A,SOLO DAÑOS,Choque,Adelantar cerrando,Calle 21  Sur Carrera 43 A,N/R,Urbana,"(6.18399286, -75.579597643)"
2161015,05/06/2016,3:30 p.m.,viernes,AUTOMOVIL,PARTICULAR,Conductor,Femenino,No,N/A,SOLO DAÑOS,Choque,Adelantar cerrando,Calle 21  Sur Carrera 43 A,N/R,Urbana,"(6.18399286, -75.579597643)"
2161028,05/06/2016,1:00 p.m.,viernes,MOTOCICLETA,PARTICULAR,Motociclista,Masculino,No,N/A,HERIDO,Choque,Impericia en el manejo,Carrera 43 A Calle 44  Sur,PRIMAVERA,Urbana,"(6.1654766, -75.594017219)"
2161028,05/06/2016,1:00 p.m.,viernes,CAMIONETA,PARTICULAR,Conductor,Femenino,No,N/A,HERIDO,Choque,Impericia en el manejo,Carrera 43 A Calle 44  Sur,PRIMAVERA,Urbana,"(6.1654766, -75.594017219)"
2161039,05/06/2016,11:00 p.m.,viernes,AUTOMOVIL,PARTICULAR,Conductor,Femenino,No,N/A,SOLO DAÑOS,Choque,No mantener distancia de seguridad,Carrera 43 A Calle 27  Sur,AVENIDA EL POBLADO,Urbana,"(6.179697995, -75.583177217)"
2161000,05/05/2016,9:00 a.m.,jueves,AUTOMOVIL,PUBLICO,Conductor,Masculino,No,N/A,HERIDO,Choque,No mantener distancia de seguridad,Carrera 50 Calle 39  Sur,LAS VEGAS,Urbana,
2160996,05/05/2016,7:20 a.m.,jueves,MOTOCICLETA,PARTICULAR,Motociclista,Femenino,No,N/A,HERIDO,Choque,No mantener distancia de seguridad,Calle 36 D Sur Carrera 27 D,LA MAGNOLIA,Urbana,"(6.164970853, -75.574637268)"
2160996,05/05/2016,7:20 a.m.,jueves,AUTOMOVIL,PARTICULAR,Conductor,Masculino,No,N/A,HERIDO,Choque,No mantener distancia de seguridad,Calle 36 D Sur Carrera 27 D,LA MAGNOLIA,Urbana,"(6.164970853, -75.574637268)"
2161002,05/05/2016,7:15 a.m.,jueves,CAMIONETA,OFICIAL,Conductor,Masculino,No,N/A,SOLO DAÑOS,Choque,Adelantar cerrando,Diagonal 31 Calle 37 B Sur,N/R,Urbana,"(6.165165175, -75.580268963)"
2161002,05/05/2016,7:15 a.m.,jueves,BUS,PUBLICO,Conductor,Masculino,No,N/A,SOLO DAÑOS,Choque,Adelantar cerrando,Diagonal 31 Calle 37 B Sur,N/R,Urbana,"(6.165165175, -75.580268963)"
2160994,05/05/2016,7:00 a.m.,jueves,CAMION,PARTICULAR,Conductor,Masculino,No,N/A,SOLO DAÑOS,Choque,Otra,Carrera 43 A Transversal 29,BUCAREST,Urbana,"(6.177803112, -75.584555495)"
2161035,05/05/2016,6:50 a.m.,jueves,AUTOMOVIL,PARTICULAR,Conductor,Femenino,No,N/A,SOLO DAÑOS,Choque,No mantener distancia de seguridad,Tramo 372 Kilometro  13,VEREDA PALMAS,Rural,
2161035,05/05/2016,6:50 a.m.,jueves,AUTOMOVIL,PARTICULAR,Conductor,Masculino,No,N/A,SOLO DAÑOS,Choque,No mantener distancia de seguridad,Tramo 372 Kilometro  13,VEREDA PALMAS,Rural,
2161035,05/05/2016,6:50 a.m.,jueves,CAMPERO,PARTICULAR,Conductor,Masculino,No,N/A,SOLO DAÑOS,Choque,No mantener distancia de seguridad,Tramo 372 Kilometro  13,VEREDA PALMAS,Rural,
2161035,05/05/2016,6:50 a.m.,jueves,AUTOMOVIL,PARTICULAR,Conductor,Masculino,No,N/A,SOLO DAÑOS,Choque,No mantener distancia de seguridad,Tramo 372 Kilometro  13,VEREDA PALMAS,Rural,
2161035,05/05/2016,6:50 a.m.,jueves,AUTOMOVIL,PARTICULAR,Conductor,Masculino,No,N/A,SOLO DAÑOS,Choque,No mantener distancia de seguridad,Tramo 372 Kilometro  13,VEREDA PALMAS,Rural,
2160995,05/05/2016,2:10 p.m.,jueves,CAMPERO,PARTICULAR,Conductor,Femenino,No,N/A,SOLO DAÑOS,Choque,No mantener distancia de seguridad,Carrera 48 Calle 50  Sur,LAS VEGAS,Urbana,
2161025,05/05/2016,8:30 p.m.,jueves,CAMPERO,PARTICULAR,Conductor,Masculino,No,N/A,SOLO DAÑOS,Choque,No mantener distancia de seguridad,Tramo 372 Kilometro  12,VEREDA PALMAS,Rural,
2161025,05/05/2016,8:30 p.m.,jueves,AUTOMOVIL,PUBLICO,Conductor,Masculino,No,N/A,SOLO DAÑOS,Choque,No mantener distancia de seguridad,Tramo 372 Kilometro  12,VEREDA PALMAS,Rural,
2161034,05/05/2016,8:10 p.m.,jueves,AUTOMOVIL,PUBLICO,Conductor,Masculino,No,N/A,SOLO DAÑOS,Choque,No mantener distancia de seguridad,Calle 36  Sur Carrera 42 B,LAS ORQUIDEAS,Urbana,"(6.17108429, -75.586487414)"
2161034,05/05/2016,8:10 p.m.,jueves,BUS,PUBLICO,Conductor,Masculino,No,N/A,SOLO DAÑOS,Choque,No mantener distancia de seguridad,Calle 36  Sur Carrera 42 B,LAS ORQUIDEAS,Urbana,"(6.17108429, -75.586487414)"
2161001,05/05/2016,6:10 p.m.,jueves,AUTOMOVIL,PARTICULAR,Conductor,Femenino,No,N/A,SOLO DAÑOS,Choque,No respetar prelacion,Carrera 48 Calle 37  Sur,LAS VEGAS,Urbana,"(6.172859211, -75.592769925)"
2161001,05/05/2016,6:10 p.m.,jueves,AUTOMOVIL,PUBLICO,Conductor,Masculino,No,N/A,SOLO DAÑOS,Choque,No respetar prelacion,Carrera 48 Calle 37  Sur,LAS VEGAS,Urbana,"(6.172859211, -75.592769925)"
2161003,05/05/2016,4:50 p.m.,jueves,MOTOCICLETA,PARTICULAR,Motociclista,Masculino,No,N/A,HERIDO,Choque,No mantener distancia de seguridad,Calle 48 C Sur Carrera 46,N/R,Urbana,"(6.162854875, -75.599744367)"
2161003,05/05/2016,4:50 p.m.,jueves,AUTOMOVIL,PUBLICO,Conductor,Masculino,No,N/A,HERIDO,Choque,No mantener distancia de seguridad,Calle 48 C Sur Carrera 46,N/R,Urbana,"(6.162854875, -75.599744367)"
2160999,05/05/2016,4:30 p.m.,jueves,AUTOMOVIL,PARTICULAR,Conductor,Masculino,No,N/A,SOLO DAÑOS,Choque,No mantener distancia de seguridad,Carrera 48 Calle 37  Sur,LAS VEGAS,Urbana,"(6.172859211, -75.592769925)"
2160999,05/05/2016,4:30 p.m.,jueves,CAMPERO,PARTICULAR,Conductor,Masculino,No,N/A,SOLO DAÑOS,Choque,No mantener distancia de seguridad,Carrera 48 Calle 37  Sur,LAS VEGAS,Urbana,"(6.172859211, -75.592769925)"
2161016,05/05/2016,2:30 p.m.,jueves,AUTOMOVIL,PARTICULAR,Conductor,Masculino,No,N/A,SOLO DAÑOS,Choque,No mantener distancia de seguridad,Calle 37  Sur Carrera 36,ZONA CENTRO,Urbana,"(6.168044613, -75.583236971)"
2161016,05/05/2016,2:30 p.m.,jueves,MICROBUS,PUBLICO,Conductor,Masculino,No,N/A,SOLO DAÑOS,Choque,No mantener distancia de seguridad,Calle 37  Sur Carrera 36,ZONA CENTRO,Urbana,"(6.168044613, -75.583236971)"
2160995,05/05/2016,2:10 p.m.,jueves,AUTOMOVIL,PARTICULAR,Conductor,Femenino,No,N/A,SOLO DAÑOS,Choque,No mantener distancia de seguridad,Carrera 48 Calle 50  Sur,LAS VEGAS,Urbana,
2160998,05/05/2016,1:00 p.m.,jueves,MOTOCICLETA,PARTICULAR,Motociclista,Masculino,No,N/A,SOLO DAÑOS,Choque,Otra,Carrera 30 Calle 40 F Sur,SAN JOSE,Urbana,"(6.160818107, -75.584612841)"
2160998,05/05/2016,1:00 p.m.,jueves,BUSETA,PUBLICO,Conductor,Masculino,No,N/A,SOLO DAÑOS,Choque,Otra,Carrera 30 Calle 40 F Sur,SAN JOSE,Urbana,"(6.160818107, -75.584612841)"
2160988,05/05/2016,11:15 a.m.,jueves,AUTOMOVIL,PARTICULAR,Conductor,Masculino,No,N/A,SOLO DAÑOS,Choque,Adelantar cerrando,Carrera 48 Calle 19  Sur,LAS VEGAS,Urbana,"(6.187349001, -75.581535682)"
2160988,05/05/2016,11:15 a.m.,jueves,CAMION,PUBLICO,Conductor,Masculino,No,N/A,SOLO DAÑOS,Choque,Adelantar cerrando,Carrera 48 Calle 19  Sur,LAS VEGAS,Urbana,"(6.187349001, -75.581535682)"
2161000,05/05/2016,9:00 a.m.,jueves,AUTOMOVIL,PARTICULAR,Conductor,Masculino,No,N/A,HERIDO,Choque,No mantener distancia de seguridad,Carrera 50 Calle 39  Sur,LAS VEGAS,Urbana,
2161000,05/05/2016,9:00 a.m.,jueves,CAMIONETA,PUBLICO,Conductor,Masculino,No,N/A,HERIDO,Choque,No mantener distancia de seguridad,Carrera 50 Calle 39  Sur,LAS VEGAS,Urbana,
2161000,05/05/2016,9:00 a.m.,jueves,CAMION,PUBLICO,Conductor,Masculino,No,N/A,HERIDO,Choque,No mantener distancia de seguridad,Carrera 50 Calle 39  Sur,LAS VEGAS,Urbana,
2160981,05/04/2016,10:30 p.m.,miércoles,AUTOMOVIL,PARTICULAR,Conductor,Masculino,No,N/A,SOLO DAÑOS,Choque,Adelantar en zona prohibida,Carrera 49 Calle 43  Sur,LAS VEGAS,Urbana,"(6.160925818, -75.599980088)"
2160984,05/04/2016,5:30 p.m.,miércoles,MOTOCICLETA,PARTICULAR,Motociclista,Masculino,No,N/A,SOLO DAÑOS,Choque,Otra,Carrera 42 Calle 33 B Sur,ZONA CENTRO,Urbana,"(6.172431982, -75.585528606)"
2160984,05/04/2016,5:30 p.m.,miércoles,CAMPERO,PARTICULAR,Conductor,Masculino,No,N/A,SOLO DAÑOS,Choque,Otra,Carrera 42 Calle 33 B Sur,ZONA CENTRO,Urbana,"(6.172431982, -75.585528606)"
2160979,05/04/2016,5:30 p.m.,miércoles,CAMIONETA,PUBLICO,Conductor,Masculino,No,N/A,SOLO DAÑOS,Choque,Exceso de velocidad,Calle 46  Sur Carrera 46,PRIMAVERA,Urbana,"(6.164633401, -75.596689606)"
2160985,05/04/2016,5:20 p.m.,miércoles,AUTOMOVIL,PARTICULAR,Conductor,Masculino,No,N/A,SOLO DAÑOS,Choque,Reverso imprudente,Carrera 48 Calle 32 B Sur,LAS VEGAS,Urbana,"(6.176994311, -75.589841192)"
2160985,05/04/2016,5:20 p.m.,miércoles,CAMIONETA,PARTICULAR,Conductor,Masculino,No,N/A,SOLO DAÑOS,Choque,Reverso imprudente,Carrera 48 Calle 32 B Sur,LAS VEGAS,Urbana,"(6.176994311, -75.589841192)"
2160982,05/04/2016,3:40 p.m.,miércoles,TRACTOCAMION,PUBLICO,Conductor,Masculino,No,N/A,SOLO DAÑOS,Choque,Desobedecer senales,Carrera 48 Calle 46 A Sur,LAS VEGAS,Urbana,"(6.166193944, -75.599773956)"
2160982,05/04/2016,3:40 p.m.,miércoles,CAMIONETA,PARTICULAR,Conductor,Femenino,No,N/A,SOLO DAÑOS,Choque,Desobedecer senales,Carrera 48 Calle 46 A Sur,LAS VEGAS,Urbana,"(6.166193944, -75.599773956)"
2160997,05/04/2016,2:20 p.m.,miércoles,MOTOCICLETA,PARTICULAR,Motociclista,Masculino,No,N/A,SOLO DAÑOS,Choque,Adelantar en zona prohibida,Calle 36 D Sur Carrera 27 A,VEREDA EL ESCOBERO,Urbana,"(6.164831751, -75.574234965)"
2160997,05/04/2016,2:20 p.m.,miércoles,AUTOMOVIL,PARTICULAR,Conductor,Masculino,No,N/A,SOLO DAÑOS,Choque,Adelantar en zona prohibida,Calle 36 D Sur Carrera 27 A,VEREDA EL ESCOBERO,Urbana,"(6.164831751, -75.574234965)"
2160989,05/04/2016,12:55 p.m.,miércoles,AUTOMOVIL,PARTICULAR,Conductor,Masculino,No,N/A,SOLO DAÑOS,Choque,No mantener distancia de seguridad,Calle 21  Sur Carrera 43 A,N/R,Urbana,"(6.18399286, -75.579597643)"
2160989,05/04/2016,12:55 p.m.,miércoles,AUTOMOVIL,PUBLICO,Conductor,Masculino,No,N/A,SOLO DAÑOS,Choque,No mantener distancia de seguridad,Calle 21  Sur Carrera 43 A,N/R,Urbana,"(6.18399286, -75.579597643)"
2160993,05/04/2016,12:20 p.m.,miércoles,MOTOCICLETA,PARTICULAR,Motociclista,Masculino,No,N/A,HERIDO,Choque,No respetar prelacion,Calle 40  Sur Carrera 25 B,EL SALADO,Urbana,"(6.155114269, -75.578968941)"
2160993,05/04/2016,12:20 p.m.,miércoles,AUTOMOVIL,PARTICULAR,Conductor,Femenino,No,N/A,HERIDO,Choque,No respetar prelacion,Calle 40  Sur Carrera 25 B,EL SALADO,Urbana,"(6.155114269, -75.578968941)"
2160992,05/04/2016,11:40 a.m.,miércoles,AUTOMOVIL,PARTICULAR,Conductor,Masculino,No,N/A,SOLO DAÑOS,Choque,Adelantar cerrando,Carrera 50 Calle 25 A Sur,LAS VEGAS,Urbana,"(6.186515998, -75.585125414)"
2160992,05/04/2016,11:40 a.m.,miércoles,CAMIONETA,PUBLICO,Conductor,Masculino,No,N/A,SOLO DAÑOS,Choque,Adelantar cerrando,Carrera 50 Calle 25 A Sur,LAS VEGAS,Urbana,"(6.186515998, -75.585125414)"
2160973,05/04/2016,9:55 a.m.,miércoles,AUTOMOVIL,PARTICULAR,Conductor,Femenino,No,N/A,SOLO DAÑOS,Choque,No respetar prelacion,Calle 32  Sur Carrera 45 B,EL PORTAL,Urbana,"(6.17690285, -75.588461995)"
2160973,05/04/2016,9:55 a.m.,miércoles,AUTOMOVIL,PUBLICO,Conductor,Masculino,No,N/A,SOLO DAÑOS,Choque,No respetar prelacion,Calle 32  Sur Carrera 45 B,EL PORTAL,Urbana,"(6.17690285, -75.588461995)"
2160983,05/04/2016,8:30 a.m.,miércoles,CAMPERO,PARTICULAR,Conductor,Masculino,No,N/A,HERIDO,Choque,No mantener distancia de seguridad,Tramo 372 Kilometro  6,VEREDA PALMAS,Rural,
2160983,05/04/2016,8:30 a.m.,miércoles,MOTOCICLETA,PARTICULAR,Motociclista,Masculino,No,N/A,HERIDO,Choque,No mantener distancia de seguridad,Tramo 372 Kilometro  6,VEREDA PALMAS,Rural,
2160986,05/04/2016,8:00 a.m.,miércoles,AUTOMOVIL,PARTICULAR,Conductor,Masculino,No,N/A,SOLO DAÑOS,Choque,Reverso imprudente,Calle 37  Sur Carrera 38,ZONA CENTRO,Urbana,"(6.168685416, -75.584291241)"
2160986,05/04/2016,8:00 a.m.,miércoles,CAMIONETA,PARTICULAR,Conductor,Femenino,No,N/A,SOLO DAÑOS,Choque,Reverso imprudente,Calle 37  Sur Carrera 38,ZONA CENTRO,Urbana,"(6.168685416, -75.584291241)"
2160974,05/04/2016,7:30 a.m.,miércoles,AUTOMOVIL,PARTICULAR,Conductor,Masculino,No,N/A,SOLO DAÑOS,Choque,Adelantar cerrando,Calle 25 B Sur Carrera 48,LAS VEGAS,Urbana,"(6.182085855, -75.585029253)"
2160974,05/04/2016,7:30 a.m.,miércoles,CAMPERO,PARTICULAR,Conductor,Femenino,No,N/A,SOLO DAÑOS,Choque,Adelantar cerrando,Calle 25 B Sur Carrera 48,LAS VEGAS,Urbana,"(6.182085855, -75.585029253)"
2160991,05/04/2016,6:45 a.m.,miércoles,CAMION,PARTICULAR,Conductor,Masculino,No,N/A,SOLO DAÑOS,Choque,Poner en marcha un vehiculo sin precauci,Carrera 48 Calle 49 B Sur,N/R,Urbana,"(6.162599027, -75.602787472)"
2160991,05/04/2016,6:45 a.m.,miércoles,AUTOMOVIL,PARTICULAR,Conductor,Masculino,No,N/A,SOLO DAÑOS,Choque,Poner en marcha un vehiculo sin precauci,Carrera 48 Calle 49 B Sur,N/R,Urbana,"(6.162599027, -75.602787472)"
2160972,05/04/2016,6:40 a.m.,miércoles,AUTOMOVIL,PARTICULAR,Conductor,Femenino,No,N/A,SOLO DAÑOS,Choque,No respetar prelacion,Calle 21  Sur Carrera 43 A,ZU├æIGA,Urbana,"(6.18399286, -75.579597643)"
2160972,05/04/2016,6:40 a.m.,miércoles,MICROBUS,PUBLICO,Conductor,Masculino,No,N/A,SOLO DAÑOS,Choque,No respetar prelacion,Calle 21  Sur Carrera 43 A,ZU├æIGA,Urbana,"(6.18399286, -75.579597643)"
2160987,05/04/2016,6:00 a.m.,miércoles,MOTOCICLETA,PARTICULAR,Motociclista,Masculino,No,N/A,HERIDO,Caida Ocupante,Exceso de velocidad,Diagonal 31 Transversal 33 A,LAS FLORES,Urbana,"(6.173761816, -75.578919701)"
2160977,05/04/2016,6:35 a.m.,miércoles,CAMPERO,PARTICULAR,Conductor,Masculino,No,N/A,SOLO DAÑOS,Choque,No mantener distancia de seguridad,Carrera 48 Calle 25  Sur,LAS VEGAS,Urbana,"(6.185059174, -75.58329333)"
2160977,05/04/2016,6:35 a.m.,miércoles,AUTOMOVIL,PARTICULAR,Conductor,Femenino,No,N/A,SOLO DAÑOS,Choque,No mantener distancia de seguridad,Carrera 48 Calle 25  Sur,LAS VEGAS,Urbana,"(6.185059174, -75.58329333)"
2160978,05/04/2016,6:30 a.m.,miércoles,CAMPERO,PUBLICO,Conductor,Masculino,No,N/A,SOLO DAÑOS,Choque,Exceso de velocidad,Tramo 372 Kilometro  15,VEREDA PALMAS,Rural,
2160990,05/04/2016,6:00 a.m.,miércoles,MOTOCICLETA,PARTICULAR,Motociclista,Masculino,No,N/A,HERIDO,Caida Ocupante,Otra,Diagonal 31 Transversal 33 A Sur,LAS FLORES,Urbana,"(6.173761816, -75.578919701)"
2160981,05/04/2016,10:30 p.m.,miércoles,MOTOCICLETA,PARTICULAR,Motociclista,Femenino,No,N/A,SOLO DAÑOS,Choque,Adelantar en zona prohibida,Carrera 49 Calle 43  Sur,LAS VEGAS,Urbana,"(6.160925818, -75.599980088)"
2160975,05/03/2016,7:30 p.m.,martes,AUTOMOVIL,PARTICULAR,Conductor,Masculino,No,N/A,SOLO DAÑOS,Choque,No mantener distancia de seguridad,Calle 25  Sur Carrera 41,N/R,Urbana,"(6.179145147, -75.577476499)"
2160970,05/03/2016,8:30 p.m.,martes,MOTOCICLETA,PARTICULAR,Motociclista,Masculino,No,N/A,SOLO DAÑOS,Choque,No mantener distancia de seguridad,Tramo 372 Kilometro  7,VEREDA PALMAS,Rural,
2160970,05/03/2016,8:30 p.m.,martes,AUTOMOVIL,PARTICULAR,Conductor,Femenino,No,N/A,SOLO DAÑOS,Choque,No mantener distancia de seguridad,Tramo 372 Kilometro  7,VEREDA PALMAS,Rural,
2160975,05/03/2016,7:30 p.m.,martes,CAMIONETA,PARTICULAR,Conductor,Femenino,No,N/A,SOLO DAÑOS,Choque,No mantener distancia de seguridad,Calle 25  Sur Carrera 41,N/R,Urbana,"(6.179145147, -75.577476499)"
2160966,05/03/2016,4:50 p.m.,martes,MOTOCICLETA,PARTICULAR,Motociclista,Masculino,No,N/A,SOLO DAÑOS,Choque,Transitar entre vehiculos,Calle 37  Sur Carrera 49,LAS VEGAS,Urbana,"(6.174789471, -75.594204243)"
2160966,05/03/2016,4:50 p.m.,martes,AUTOMOVIL,PARTICULAR,Conductor,Masculino,No,N/A,SOLO DAÑOS,Choque,Transitar entre vehiculos,Calle 37  Sur Carrera 49,LAS VEGAS,Urbana,"(6.174789471, -75.594204243)"
2160967,05/03/2016,3:40 p.m.,martes,AUTOMOVIL,PUBLICO,Conductor,Masculino,No,N/A,SOLO DAÑOS,Choque,Desobedecer senales,Diagonal 31 E Transversal 34,N/R,Urbana,"(6.172689669, -75.578827286)"
2160967,05/03/2016,3:40 p.m.,martes,MOTOCICLETA,PARTICULAR,Motociclista,Masculino,No,N/A,SOLO DAÑOS,Choque,Desobedecer senales,Diagonal 31 E Transversal 34,N/R,Urbana,"(6.172689669, -75.578827286)"
2160965,05/03/2016,3:20 p.m.,martes,AUTOMOVIL,PARTICULAR,Conductor,Masculino,No,N/A,SOLO DAÑOS,Choque,Otra,Transversal 34 D Sur Diagonal 27 D,N/R,Urbana,"(6.171709483, -75.577479587)"
2160971,05/03/2016,3:00 p.m.,martes,MOTOCICLETA,PARTICULAR,Motociclista,Masculino,No,N/A,HERIDO,Choque,No respetar prelacion,Calle 36  Sur Carrera 35,LOS NARANJOS,Urbana,"(6.167677049, -75.582671784)"
2160971,05/03/2016,3:00 p.m.,martes,MOTOCICLETA,PARTICULAR,Motociclista,Masculino,No,N/A,HERIDO,Choque,No respetar prelacion,Calle 36  Sur Carrera 35,LOS NARANJOS,Urbana,"(6.167677049, -75.582671784)"
2160963,05/03/2016,12:00 p.m.,martes,CAMIONETA,PARTICULAR,Conductor,Masculino,No,N/A,HERIDO,Choque,Desobedecer senales,Calle 46  Sur Carrera 46 A,PRIMAVERA,Urbana,"(6.164633401, -75.596689606)"
2160963,05/03/2016,12:00 p.m.,martes,MOTOCICLETA,PARTICULAR,Motociclista,Masculino,No,N/A,HERIDO,Choque,Desobedecer senales,Calle 46  Sur Carrera 46 A,PRIMAVERA,Urbana,"(6.164633401, -75.596689606)"
2160976,05/03/2016,11:40 a.m.,martes,CAMIONETA,PARTICULAR,Conductor,Masculino,No,N/A,SOLO DAÑOS,Choque,No respetar prelacion,Diagonal 29 Transversal 34 A,ALTO DE MISAEL,Urbana,"(6.172575765, -75.577144157)"
2160976,05/03/2016,11:40 a.m.,martes,AUTOMOVIL,PARTICULAR,Conductor,Masculino,No,N/A,SOLO DAÑOS,Choque,No respetar prelacion,Diagonal 29 Transversal 34 A,ALTO DE MISAEL,Urbana,"(6.172575765, -75.577144157)"
2160957,05/03/2016,10:15 a.m.,martes,AUTOMOVIL,PARTICULAR,Conductor,Femenino,No,N/A,SOLO DAÑOS,Choque,Otra,Carrera 43 A Calle 37  Sur,ZONA CENTRO,Urbana,"(6.171024704, -75.588164697)"
2160957,05/03/2016,10:15 a.m.,martes,MOTOCICLETA,PARTICULAR,Motociclista,Masculino,No,N/A,SOLO DAÑOS,Choque,Otra,Carrera 43 A Calle 37  Sur,ZONA CENTRO,Urbana,"(6.171024704, -75.588164697)"
2160964,05/03/2016,9:30 a.m.,martes,MOTOCICLETA,PARTICULAR,Motociclista,Sin registro,No,N/A,SOLO DAÑOS,Choque,Otra,Carrera 49 Calle 46  Sur,LAS VEGAS,Urbana,"(6.166966077, -75.600888173)"
2160964,05/03/2016,9:30 a.m.,martes,AUTOMOVIL,PARTICULAR,Conductor,Masculino,No,N/A,SOLO DAÑOS,Choque,Otra,Carrera 49 Calle 46  Sur,LAS VEGAS,Urbana,"(6.166966077, -75.600888173)"
2160968,05/03/2016,8:10 a.m.,martes,MOTOCICLETA,PARTICULAR,Motociclista,Masculino,No,N/A,SOLO DAÑOS,Choque,Adelantar en zona prohibida,Transversal 34  Sur Diagonal 32 B,LA MAGNOLIA,Urbana,"(6.173239256, -75.582514857)"
2160968,05/03/2016,8:10 a.m.,martes,CAMIONETA,PARTICULAR,Conductor,Femenino,No,N/A,SOLO DAÑOS,Choque,Adelantar en zona prohibida,Transversal 34  Sur Diagonal 32 B,LA MAGNOLIA,Urbana,"(6.173239256, -75.582514857)"
2160969,05/03/2016,6:40 a.m.,martes,MOTOCICLETA,PARTICULAR,Motociclista,Masculino,No,N/A,SOLO DAÑOS,Choque,Adelantar en zona prohibida,Carrera 46 A Calle 37  Sur,EL PORTAL,Urbana,"(6.174306692, -75.590260781)"
2160969,05/03/2016,6:40 a.m.,martes,AUTOMOVIL,PARTICULAR,Conductor,Masculino,No,N/A,SOLO DAÑOS,Choque,Adelantar en zona prohibida,Carrera 46 A Calle 37  Sur,EL PORTAL,Urbana,"(6.174306692, -75.590260781)"
2160956,05/03/2016,4:10 a.m.,martes,MICROBUS,PUBLICO,Conductor,Masculino,No,N/A,SOLO DAÑOS,Choque,Otra,Calle 38  Sur Carrera 43,ZONA CENTRO,Urbana,"(6.170061667, -75.587839128)"
2160956,05/03/2016,4:10 a.m.,martes,BUS,PUBLICO,Conductor,Masculino,No,N/A,SOLO DAÑOS,Choque,Otra,Calle 38  Sur Carrera 43,ZONA CENTRO,Urbana,"(6.170061667, -75.587839128)"
2160950,05/02/2016,6:10 p.m.,lunes,BICICLETA,PARTICULAR,Ciclista,Masculino,No,N/A,HERIDO,Atropello,Exceso de velocidad,Calle 48  Sur Carrera 39,EL TRIANON,Urbana,"(6.157034839, -75.593452854)"
2160960,05/02/2016,5:40 p.m.,lunes,CAMIONETA,PARTICULAR,Conductor,Femenino,No,N/A,SOLO DAÑOS,Choque,No mantener distancia de seguridad,Carrera 48 Calle 43  Sur,LAS VEGAS,Urbana,"(6.168335134, -75.597233576)"
2160951,05/02/2016,8:05 p.m.,lunes,BUS,PUBLICO,Conductor,Masculino,No,N/A,HERIDO,Atropello,No respetar prelacion,Calle 47  Sur Carrera 40,EL TRIANON,Urbana,"(6.15929595, -75.593774797)"
2160960,05/02/2016,5:40 p.m.,lunes,MICROBUS,PUBLICO,Conductor,Masculino,No,N/A,SOLO DAÑOS,Choque,No mantener distancia de seguridad,Carrera 48 Calle 43  Sur,LAS VEGAS,Urbana,"(6.168335134, -75.597233576)"
2160955,05/02/2016,4:00 p.m.,lunes,CAMPERO,PARTICULAR,Conductor,Masculino,No,N/A,SOLO DAÑOS,Choque,No mantener distancia de seguridad,Carrera 29 A Calle 38  Sur,N/R,Urbana,"(6.16496822, -75.580828364)"
2160955,05/02/2016,4:00 p.m.,lunes,BUS,PUBLICO,Conductor,Masculino,No,N/A,SOLO DAÑOS,Choque,No mantener distancia de seguridad,Carrera 29 A Calle 38  Sur,N/R,Urbana,"(6.16496822, -75.580828364)"
2160980,05/02/2016,2:50 p.m.,lunes,AUTOMOVIL,DIPLOMATICO,Conductor,Femenino,No,N/A,HERIDO,Choque,Desobedecer senales,Transversal 32  Sur Diagonal 32 D,LA MAGNOLIA,Urbana,"(6.175708497, -75.584289613)"
2160980,05/02/2016,2:50 p.m.,lunes,MOTOCICLETA,PARTICULAR,Motociclista,Femenino,No,N/A,HERIDO,Choque,Desobedecer senales,Transversal 32  Sur Diagonal 32 D,LA MAGNOLIA,Urbana,"(6.175708497, -75.584289613)"
2160961,05/02/2016,12:45 p.m.,lunes,Sin registro,PARTICULAR,Conductor,Masculino,No,N/A,SOLO DAÑOS,Choque,Adelantar cerrando,Carrera 48 Calle 19  Sur,LAS VEGAS,Urbana,"(6.187349001, -75.581535682)"
2160961,05/02/2016,12:45 p.m.,lunes,AUTOMOVIL,PARTICULAR,Conductor,Masculino,No,N/A,SOLO DAÑOS,Choque,Adelantar cerrando,Carrera 48 Calle 19  Sur,LAS VEGAS,Urbana,"(6.187349001, -75.581535682)"