RADICADO,FECHA,HORA,DÍA DE LA SEMANA,CLASE DE VEHICULO,TIPO DE SERVICIO,TIPO DE VICTIMA,SEXO,ESTADO DE BEODEZ,RESULTADO DE BEODEZ,GRAVEDAD,CLASE DE ACCIDENTE,CAUSA,DIRECCIÓN,BARRIO,AREA,Coordenadas
2160900,04/27/2016,9:00 a.m.,miércoles,AUTOMOVIL,PARTICULAR,Conductor,Masculino,No,N/A,SOLO DAÑOS,Choque,Adelantar cerrando,Carrera 50 Calle 37  Sur,LAS VEGAS,Urbana,
2160900,04/27/2016,9:00 a.m.,miércoles,AUTOMOVIL,PARTICULAR,Conductor,Femenino,No,N/A,SOLO DAÑOS,Choque,Adelantar cerrando,Carrera 50 Calle 37  Sur,LAS VEGAS,Urbana,
2160899,04/27/2016,9:00 a.m.,miércoles,AUTOMOVIL,PUBLICO,Conductor,Masculino,No,N/A,SOLO DAÑOS,Choque,Desobedecer senales,Calle 38  Sur Carrera 37,MESA,Urbana,"(6.167718264, -75.584185497)"
2160902,04/27/2016,8:20 a.m.,miércoles,CAMION,PUBLICO,Conductor,Masculino,No,N/A,SOLO DAÑOS,Choque,Adelantar cerrando,Carrera 50 Calle 29  Sur,LAS VEGAS,Urbana,"(6.182760672, -75.58882785)"
2160902,04/27/2016,8:20 a.m.,miércoles,CAMION,PUBLICO,Conductor,Masculino,No,N/A,SOLO DAÑOS,Choque,Adelantar cerrando,Carrera 50 Calle 29  Sur,LAS VEGAS,Urbana,"(6.182760672, -75.58882785)"
2160886,04/27/2016,8:15 a.m.,miércoles,AUTOMOVIL,PARTICULAR,Conductor,Femenino,No,N/A,SOLO DAÑOS,Choque,No mantener distancia de seguridad,Carrera 48 Calle 50  Sur,LAS CASITAS,Urbana,
2160886,04/27/2016,8:15 a.m.,miércoles,AUTOMOVIL,PUBLICO,Conductor,Masculino,No,N/A,SOLO DAÑOS,Choque,No mantener distancia de seguridad,Carrera 48 Calle 50  Sur,LAS CASITAS,Urbana,
2160885,04/27/2016,6:40 a.m.,miércoles,MOTOCICLETA,PARTICULAR,Motociclista,Masculino,No,N/A,HERIDO,Choque,Transitar entre vehiculos,Carrera 50 Calle 47  Sur,LAS VEGAS,Urbana,
2160885,04/27/2016,6:40 a.m.,miércoles,MOTOCICLETA,PARTICULAR,Motociclista,Femenino,No,N/A,HERIDO,Choque,Transitar entre vehiculos,Carrera 50 Calle 47  Sur,LAS VEGAS,Urbana,
2160885,04/27/2016,6:40 a.m.,miércoles,CAMPERO,PARTICULAR,Conductor,Masculino,No,N/A,HERIDO,Choque,Transitar entre vehiculos,Carrera 50 Calle 47  Sur,LAS VEGAS,Urbana,
2160882,04/26/2016,6:20 p.m.,martes,BUS,PUBLICO,Conductor,Masculino,No,N/A,SOLO DAÑOS,Choque,Adelantar cerrando,Calle 37  Sur Carrera 34,MESA,Urbana,"(6.167404691, -75.582257952)"
2160892,04/26/2016,9:30 p.m.,martes,MOTOCICLETA,PARTICULAR,Motociclista,Masculino,No,N/A,HERIDO,Choque,Transitar entre vehiculos,Calle 37  Sur Carrera 50,N/R,Urbana,
2160892,04/26/2016,9:30 p.m.,martes,MOTOCICLETA,PARTICULAR,Motociclista,Masculino,No,N/A,HERIDO,Choque,Transitar entre vehiculos,Calle 37  Sur Carrera 50,N/R,Urbana,
2160882,04/26/2016,6:20 p.m.,martes,BUS,PUBLICO,Conductor,Masculino,No,N/A,SOLO DAÑOS,Choque,Adelantar cerrando,Calle 37  Sur Carrera 34,MESA,Urbana,"(6.167404691, -75.582257952)"
2160884,04/26/2016,5:05 p.m.,martes,AUTOMOVIL,PARTICULAR,Conductor,Femenino,No,N/A,SOLO DAÑOS,Choque,Reverso imprudente,Carrera 46 Calle 19  Sur,ZU├æIGA,Urbana,"(6.186463071, -75.580460558)"
2160884,04/26/2016,5:05 p.m.,martes,AUTOMOVIL,PARTICULAR,Conductor,Femenino,No,N/A,SOLO DAÑOS,Choque,Reverso imprudente,Carrera 46 Calle 19  Sur,ZU├æIGA,Urbana,"(6.186463071, -75.580460558)"
2160896,04/26/2016,5:00 p.m.,martes,AUTOMOVIL,PARTICULAR,Conductor,Femenino,No,N/A,SOLO DAÑOS,Choque,No respetar prelacion,Calle 39  Sur Carrera 45 B,ALCALA,Urbana,"(6.169926232, -75.591760522)"
2160896,04/26/2016,5:00 p.m.,martes,CAMIONETA,PARTICULAR,Conductor,Masculino,No,N/A,SOLO DAÑOS,Choque,No respetar prelacion,Calle 39  Sur Carrera 45 B,ALCALA,Urbana,"(6.169926232, -75.591760522)"
2160893,04/26/2016,5:00 p.m.,martes,TRACTOCAMION,PUBLICO,Conductor,Masculino,No,N/A,SOLO DAÑOS,Choque,Adelantar por la derecha,Carrera 48 Calle 25  Sur,LAS VEGAS,Urbana,"(6.185059174, -75.58329333)"
2160893,04/26/2016,5:00 p.m.,martes,CAMIONETA,PARTICULAR,Conductor,Masculino,No,N/A,SOLO DAÑOS,Choque,Adelantar por la derecha,Carrera 48 Calle 25  Sur,LAS VEGAS,Urbana,"(6.185059174, -75.58329333)"
2160881,04/26/2016,4:10 p.m.,martes,AUTOMOVIL,PARTICULAR,Conductor,Masculino,No,N/A,HERIDO,Choque,Adelantar por la derecha,Carrera 42 Calle 33 B Sur,ZONA CENTRO,Urbana,"(6.172431982, -75.585528606)"
2160881,04/26/2016,4:10 p.m.,martes,MOTOCICLETA,PARTICULAR,Motociclista,Masculino,No,N/A,HERIDO,Choque,Adelantar por la derecha,Carrera 42 Calle 33 B Sur,ZONA CENTRO,Urbana,"(6.172431982, -75.585528606)"
2160894,04/26/2016,12:50 p.m.,martes,AUTOMOVIL,PARTICULAR,Conductor,Femenino,No,N/A,SOLO DAÑOS,Choque,Desobedecer senales,Carrera 27 Calle 35  Sur,LA INMACULADA,Urbana,
2160894,04/26/2016,12:50 p.m.,martes,CAMION,PUBLICO,Conductor,Masculino,No,N/A,SOLO DAÑOS,Choque,Desobedecer senales,Carrera 27 Calle 35  Sur,LA INMACULADA,Urbana,
2160880,04/26/2016,12:00 p.m.,martes,BUS,PUBLICO,Conductor,Masculino,No,N/A,SOLO DAÑOS,Choque,Poner en marcha un vehiculo sin precauci,Calle 36 D Sur Carrera 27 A,N/R,Urbana,"(6.164831751, -75.574234965)"
2160880,04/26/2016,12:00 p.m.,martes,MOTOCICLETA,PARTICULAR,Motociclista,Masculino,No,N/A,SOLO DAÑOS,Choque,Poner en marcha un vehiculo sin precauci,Calle 36 D Sur Carrera 27 A,N/R,Urbana,"(6.164831751, -75.574234965)"
2160879,04/26/2016,10:30 a.m.,martes,AUTOMOVIL,PARTICULAR,Conductor,Masculino,No,N/A,SOLO DAÑOS,Choque,Exceso de velocidad,Carrera 42 A Diagonal 29,ALTO DE MISAEL,Urbana,"(6.179669709, -75.579880719)"
2160889,04/26/2016,7:10 a.m.,martes,AUTOMOVIL,PARTICULAR,Conductor,Masculino,No,N/A,SOLO DAÑOS,Choque,No mantener distancia de seguridad,Calle 39  Sur Carrera 42,ZONA CENTRO,Urbana,"(6.168300638, -75.588159271)"
2160889,04/26/2016,7:10 a.m.,martes,MICROBUS,PUBLICO,Conductor,Masculino,No,N/A,SOLO DAÑOS,Choque,No mantener distancia de seguridad,Calle 39  Sur Carrera 42,ZONA CENTRO,Urbana,"(6.168300638, -75.588159271)"
2160903,04/26/2016,6:40 a.m.,martes,MOTOCICLETA,PARTICULAR,Motociclista,Femenino,No,N/A,HERIDO,Atropello,No respetar prelacion,Carrera 48 Calle 49  Sur,LAS VEGAS,Urbana,"(6.162978079, -75.602401613)"
2160891,04/26/2016,5:50 a.m.,martes,AUTOMOVIL,PARTICULAR,Conductor,Femenino,No,N/A,SOLO DAÑOS,Choque,Exceso de velocidad,Tramo 372 Kilometro  12,VEREDA PALMAS,Rural,
2160895,04/26/2016,5:15 a.m.,martes,MOTOCICLETA,PARTICULAR,Motociclista,Masculino,No,N/A,SOLO DAÑOS,Choque,Adelantar por la derecha,Calle 50  Sur Carrera 43 A,LAS CASITAS,Urbana,
2160891,04/26/2016,5:50 a.m.,martes,AUTOMOVIL,PARTICULAR,Conductor,Femenino,No,N/A,SOLO DAÑOS,Choque,Exceso de velocidad,Tramo 372 Kilometro  12,VEREDA PALMAS,Rural,
2160895,04/26/2016,5:15 a.m.,martes,AUTOMOVIL,PARTICULAR,Conductor,Masculino,No,N/A,SOLO DAÑOS,Choque,Adelantar por la derecha,Calle 50  Sur Carrera 43 A,LAS CASITAS,Urbana,
2160856,04/25/2016,12:00 a.m.,lunes,AUTOMOVIL,PARTICULAR,Conductor,Femenino,No,N/A,SOLO DAÑOS,Choque,No mantener distancia de seguridad,Calle 25  Sur Carrera 43 A,LAS ORQUIDEAS,Urbana,"(6.181560189, -75.582016491)"
2160870,04/25/2016,6:50 a.m.,lunes,MOTOCICLETA,PARTICULAR,Motociclista,Masculino,No,N/A,SOLO DAÑOS,Choque,Transitar entre vehiculos,Carrera 48 Calle 39  Sur,LAS VEGAS,Urbana,"(6.17163722, -75.593649993)"
2160870,04/25/2016,6:50 a.m.,lunes,AUTOMOVIL,PARTICULAR,Conductor,Masculino,No,N/A,SOLO DAÑOS,Choque,Transitar entre vehiculos,Carrera 48 Calle 39  Sur,LAS VEGAS,Urbana,"(6.17163722, -75.593649993)"
2160876,04/25/2016,6:50 a.m.,lunes,BUS,PUBLICO,Conductor,Masculino,No,N/A,SOLO DAÑOS,Choque,Impericia en el manejo,Carrera 28 Calle 37 B Sur,N/R,Urbana,"(6.164229297, -75.578821455)"
2160876,04/25/2016,6:50 a.m.,lunes,AUTOMOVIL,PARTICULAR,Conductor,Masculino,No,N/A,SOLO DAÑOS,Choque,Impericia en el manejo,Carrera 28 Calle 37 B Sur,N/R,Urbana,"(6.164229297, -75.578821455)"
2160878,04/25/2016,6:50 a.m.,lunes,AUTOMOVIL,PARTICULAR,Conductor,Masculino,No,N/A,SOLO DAÑOS,Choque,No mantener distancia de seguridad,Carrera 50 Calle 46 A Sur,LAS VEGAS,Urbana,"(6.16131219, -75.603198185)"
2161739,04/25/2016,8:30 p.m.,lunes,AUTOMOVIL,PARTICULAR,Conductor,Masculino,No,N/A,SOLO DAÑOS,Choque,Otra,Calle 40  Sur Carrera 48,LAS VEGAS,Urbana,"(6.158744179, -75.594597118)"
2160878,04/25/2016,6:50 a.m.,lunes,MOTOCICLETA,PARTICULAR,Motociclista,Masculino,No,N/A,SOLO DAÑOS,Choque,No mantener distancia de seguridad,Carrera 50 Calle 46 A Sur,LAS VEGAS,Urbana,"(6.16131219, -75.603198185)"
2160868,04/25/2016,7:20 a.m.,lunes,CAMPERO,PARTICULAR,Conductor,Femenino,No,N/A,HERIDO,Choque,No mantener distancia de seguridad,Tramo 372 Kilometro  11,VEREDA PALMAS,Rural,
2160868,04/25/2016,7:20 a.m.,lunes,MOTOCICLETA,PARTICULAR,Motociclista,Masculino,No,N/A,HERIDO,Choque,No mantener distancia de seguridad,Tramo 372 Kilometro  11,VEREDA PALMAS,Rural,
2160867,04/25/2016,7:55 a.m.,lunes,BUS,PUBLICO,Conductor,Masculino,No,N/A,SOLO DAÑOS,Choque,Otra,Calle 40  Sur Carrera 24 EE,EL SALADO,Urbana,"(6.14985354, -75.577060443)"
2160867,04/25/2016,7:55 a.m.,lunes,CAMION,PUBLICO,Conductor,Masculino,No,N/A,SOLO DAÑOS,Choque,Otra,Calle 40  Sur Carrera 24 EE,EL SALADO,Urbana,"(6.14985354, -75.577060443)"
2160872,04/25/2016,10:40 a.m.,lunes,AUTOMOVIL,PUBLICO,Conductor,Masculino,No,N/A,SOLO DAÑOS,Choque,No mantener distancia de seguridad,Diagonal 31 Transversal 32 A Sur,LA MAGNOLIA,Urbana,"(6.174681134, -75.578471041)"
2160872,04/25/2016,10:40 a.m.,lunes,AUTOMOVIL,PARTICULAR,Conductor,Masculino,No,N/A,SOLO DAÑOS,Choque,No mantener distancia de seguridad,Diagonal 31 Transversal 32 A Sur,LA MAGNOLIA,Urbana,"(6.174681134, -75.578471041)"
2160883,04/25/2016,1:50 p.m.,lunes,CAMION,PARTICULAR,Conductor,Masculino,No,N/A,SOLO DAÑOS,Choque,Reverso imprudente,Carrera 25 Calle 36  Sur,EL CHOCHO,Urbana,
2160883,04/25/2016,1:50 p.m.,lunes,MICROBUS,PUBLICO,Conductor,Masculino,No,N/A,SOLO DAÑOS,Choque,Reverso imprudente,Carrera 25 Calle 36  Sur,EL CHOCHO,Urbana,
2160862,04/25/2016,4:35 p.m.,lunes,BUS,PUBLICO,Conductor,Masculino,No,N/A,SOLO DAÑOS,Choque,Otra,Calle 39  Sur Carrera 41,ZONA CENTRO,Urbana,"(6.167870042, -75.587448707)"
2160862,04/25/2016,4:35 p.m.,lunes,BUSETA,PUBLICO,Conductor,Masculino,No,N/A,SOLO DAÑOS,Choque,Otra,Calle 39  Sur Carrera 41,ZONA CENTRO,Urbana,"(6.167870042, -75.587448707)"
2160877,04/25/2016,5:45 p.m.,lunes,BUS,PUBLICO,Conductor,Masculino,No,N/A,SOLO DAÑOS,Choque,Fallas en los frenos,Carrera 41  Norte Calle 33 B Sur,ZONA CENTRO,Urbana,"(6.171618698, -75.585004401)"
2160877,04/25/2016,5:45 p.m.,lunes,AUTOMOVIL,PARTICULAR,Conductor,Masculino,No,N/A,SOLO DAÑOS,Choque,Fallas en los frenos,Carrera 41  Norte Calle 33 B Sur,ZONA CENTRO,Urbana,"(6.171618698, -75.585004401)"
2160877,04/25/2016,5:45 p.m.,lunes,BUS,PUBLICO,Conductor,Masculino,No,N/A,SOLO DAÑOS,Choque,Fallas en los frenos,Carrera 41  Norte Calle 33 B Sur,ZONA CENTRO,Urbana,"(6.171618698, -75.585004401)"
2160877,04/25/2016,5:45 p.m.,lunes,MOTOCICLETA,PARTICULAR,Motociclista,Masculino,No,N/A,SOLO DAÑOS,Choque,Fallas en los frenos,Carrera 41  Norte Calle 33 B Sur,ZONA CENTRO,Urbana,"(6.171618698, -75.585004401)"
2160877,04/25/2016,5:45 p.m.,lunes,AUTOMOVIL,PARTICULAR,Conductor,Femenino,No,N/A,SOLO DAÑOS,Choque,Fallas en los frenos,Carrera 41  Norte Calle 33 B Sur,ZONA CENTRO,Urbana,"(6.171618698, -75.585004401)"
2160863,04/25/2016,6:30 p.m.,lunes,MOTOCICLETA,PARTICULAR,Motociclista,Masculino,No,N/A,SOLO DAÑOS,Choque,Otra,Calle 38  Sur Carrera 43 A,ZONA CENTRO,Urbana,"(6.170537577, -75.588625139)"
2160863,04/25/2016,6:30 p.m.,lunes,AUTOMOVIL,PUBLICO,Conductor,Masculino,No,N/A,SOLO DAÑOS,Choque,Otra,Calle 38  Sur Carrera 43 A,ZONA CENTRO,Urbana,"(6.170537577, -75.588625139)"
2160863,04/25/2016,6:30 p.m.,lunes,MOTOCICLETA,PARTICULAR,Motociclista,Masculino,No,N/A,SOLO DAÑOS,Choque,Otra,Calle 38  Sur Carrera 43 A,ZONA CENTRO,Urbana,"(6.170537577, -75.588625139)"
2161739,04/25/2016,8:30 p.m.,lunes,AUTOMOVIL,PARTICULAR,Conductor,Femenino,No,N/A,SOLO DAÑOS,Choque,Otra,Calle 40  Sur Carrera 48,LAS VEGAS,Urbana,"(6.158744179, -75.594597118)"
2160856,04/25/2016,12:00 a.m.,lunes,AUTOMOVIL,PARTICULAR,Conductor,Femenino,No,N/A,SOLO DAÑOS,Choque,No mantener distancia de seguridad,Calle 25  Sur Carrera 43 A,LAS ORQUIDEAS,Urbana,"(6.181560189, -75.582016491)"
2160856,04/25/2016,12:00 a.m.,lunes,AUTOMOVIL,PARTICULAR,Conductor,Masculino,No,N/A,SOLO DAÑOS,Choque,No mantener distancia de seguridad,Calle 25  Sur Carrera 43 A,LAS ORQUIDEAS,Urbana,"(6.181560189, -75.582016491)"
2161198,04/24/2016,10:30 a.m.,domingo,MOTOCICLETA,DIPLOMATICO,Motociclista,Masculino,No,N/A,SOLO DAÑOS,Choque,Otra,Calle 34 AA Sur Carrera 28,N/R,Urbana,"(6.170477592, -75.575559141)"
2160869,04/24/2016,8:15 a.m.,domingo,MOTOCICLETA,PARTICULAR,Motociclista,Masculino,No,N/A,HERIDO,Choque,Transitar entre vehiculos,Tramo 372 Kilometro  14,VEREDA PALMAS,Rural,
2160869,04/24/2016,8:15 a.m.,domingo,BICICLETA,PARTICULAR,Ciclista,Masculino,No,N/A,HERIDO,Choque,Transitar entre vehiculos,Tramo 372 Kilometro  14,VEREDA PALMAS,Rural,
2160861,04/24/2016,8:50 a.m.,domingo,AUTOMOVIL,PUBLICO,Conductor,Masculino,No,N/A,SOLO DAÑOS,Choque,Semaforo en rojo,Carrera 43 A Calle 39  Sur,AVENIDA EL POBLADO,Urbana,"(6.169011071, -75.589484903)"
2160861,04/24/2016,8:50 a.m.,domingo,CAMIONETA,PARTICULAR,Conductor,Masculino,No,N/A,SOLO DAÑOS,Choque,Semaforo en rojo,Carrera 43 A Calle 39  Sur,AVENIDA EL POBLADO,Urbana,"(6.169011071, -75.589484903)"
2161198,04/24/2016,10:30 a.m.,domingo,AUTOMOVIL,PARTICULAR,Conductor,Masculino,No,N/A,SOLO DAÑOS,Choque,Otra,Calle 34 AA Sur Carrera 28,N/R,Urbana,"(6.170477592, -75.575559141)"
2160864,04/24/2016,5:40 p.m.,domingo,MOTOCICLETA,PARTICULAR,Motociclista,Masculino,No,N/A,HERIDO,Otro,Impericia en el manejo,Tramo 371 Kilometro  1,VEREDA EL ESCOBERO,Rural,
2160865,04/24/2016,7:00 p.m.,domingo,BUS,PUBLICO,Conductor,Masculino,No,N/A,SOLO DAÑOS,Choque,No mantener distancia de seguridad,Tramo 371 Kilometro  10,VEREDA EL ESCOBERO,Rural,
2160865,04/24/2016,7:00 p.m.,domingo,CAMIONETA,PARTICULAR,Conductor,Masculino,No,N/A,SOLO DAÑOS,Choque,No mantener distancia de seguridad,Tramo 371 Kilometro  10,VEREDA EL ESCOBERO,Rural,
2160865,04/24/2016,7:00 p.m.,domingo,AUTOMOVIL,PARTICULAR,Conductor,Femenino,No,N/A,SOLO DAÑOS,Choque,No mantener distancia de seguridad,Tramo 371 Kilometro  10,VEREDA EL ESCOBERO,Rural,
2160859,04/24/2016,7:15 p.m.,domingo,CAMIONETA,PARTICULAR,Conductor,Masculino,No,N/A,SOLO DAÑOS,Choque,Adelantar cerrando,Carrera 43 A Calle 40  Sur,EL DORADO,Urbana,"(6.168044687, -75.59026877)"
2160859,04/24/2016,7:15 p.m.,domingo,MOTOCICLETA,PARTICULAR,Motociclista,Femenino,No,N/A,SOLO DAÑOS,Choque,Adelantar cerrando,Carrera 43 A Calle 40  Sur,EL DORADO,Urbana,"(6.168044687, -75.59026877)"
2160873,04/24/2016,7:30 p.m.,domingo,CAMION,PUBLICO,Conductor,Masculino,No,N/A,SOLO DAÑOS,Choque,Reverso imprudente,Carrera 27 G Calle 36 D Sur,VEREDA EL ESCOBERO,Urbana,"(6.166212839, -75.576914109)"
2160873,04/24/2016,7:30 p.m.,domingo,CAMPERO,PARTICULAR,Conductor,Femenino,No,N/A,SOLO DAÑOS,Choque,Reverso imprudente,Carrera 27 G Calle 36 D Sur,VEREDA EL ESCOBERO,Urbana,"(6.166212839, -75.576914109)"
2160871,04/24/2016,7:40 p.m.,domingo,AUTOMOVIL,PUBLICO,Conductor,Masculino,No,N/A,HERIDO,Choque,Adelantar cerrando,Carrera 43 A Calle 25 A Sur,VILLA GRANDE,Urbana,"(6.181504184, -75.581741498)"
2160871,04/24/2016,7:40 p.m.,domingo,AUTOMOVIL,PARTICULAR,Conductor,Femenino,No,N/A,HERIDO,Choque,Adelantar cerrando,Carrera 43 A Calle 25 A Sur,VILLA GRANDE,Urbana,"(6.181504184, -75.581741498)"
2160874,04/23/2016,2:50 p.m.,sábado,MOTOCICLETA,PARTICULAR,Motociclista,Masculino,No,N/A,SOLO DAÑOS,Choque,No respetar prelacion,Tramo 372 Kilometro  12,VEREDA PALMAS,Rural,
2160874,04/23/2016,2:50 p.m.,sábado,AUTOMOVIL,PARTICULAR,Conductor,Masculino,No,N/A,SOLO DAÑOS,Choque,No respetar prelacion,Tramo 372 Kilometro  12,VEREDA PALMAS,Rural,
2160866,04/23/2016,6:30 p.m.,sábado,MOTOCICLETA,PARTICULAR,Motociclista,Masculino,No,N/A,HERIDO,Choque,No respetar prelacion,Carrera 24 D Calle 40  Sur,EL SALADO,Urbana,
2160857,04/23/2016,9:15 p.m.,sábado,AUTOMOVIL,PARTICULAR,Conductor,Masculino,No,N/A,SOLO DAÑOS,Choque,No mantener distancia de seguridad,Calle 36 D Sur Carrera 27,VEREDA EL ESCOBERO,Urbana,"(6.162479576, -75.570222573)"
2160857,04/23/2016,9:15 p.m.,sábado,AUTOMOVIL,PARTICULAR,Conductor,Femenino,No,N/A,SOLO DAÑOS,Choque,No mantener distancia de seguridad,Calle 36 D Sur Carrera 27,VEREDA EL ESCOBERO,Urbana,"(6.162479576, -75.570222573)"
2160875,04/23/2016,3:20 p.m.,sábado,CAMPERO,PARTICULAR,Conductor,Masculino,No,N/A,SOLO DAÑOS,Choque,No mantener distancia de seguridad,Tramo 372 Kilometro  15,VEREDA PALMAS,Rural,
2160860,04/23/2016,2:30 p.m.,sábado,MOTOCICLETA,PARTICULAR,Motociclista,Masculino,No,N/A,SOLO DAÑOS,Choque,No mantener distancia de seguridad,Carrera 50 Calle 39 B Sur,LAS VEGAS,Urbana,
2160860,04/23/2016,2:30 p.m.,sábado,AUTOMOVIL,PARTICULAR,Conductor,Masculino,No,N/A,SOLO DAÑOS,Choque,No mantener distancia de seguridad,Carrera 50 Calle 39 B Sur,LAS VEGAS,Urbana,
2160875,04/23/2016,3:20 p.m.,sábado,AUTOMOVIL,PARTICULAR,Conductor,Masculino,No,N/A,SOLO DAÑOS,Choque,No mantener distancia de seguridad,Tramo 372 Kilometro  15,VEREDA PALMAS,Rural,
2160854,04/23/2016,2:30 p.m.,sábado,AUTOMOVIL,PARTICULAR,Conductor,Femenino,No,N/A,SOLO DAÑOS,Choque,No mantener distancia de seguridad,Carrera 50 Calle 37  Sur,LAS VEGAS,Urbana,
2160854,04/23/2016,2:30 p.m.,sábado,CAMIONETA,PARTICULAR,Conductor,Masculino,No,N/A,SOLO DAÑOS,Choque,No mantener distancia de seguridad,Carrera 50 Calle 37  Sur,LAS VEGAS,Urbana,
2160855,04/23/2016,11:50 a.m.,sábado,AUTOMOVIL,PARTICULAR,Conductor,Masculino,No,N/A,SOLO DAÑOS,Choque,Otra,Carrera 43 A Calle 25 AA Sur,LAS ORQUIDEAS,Urbana,"(6.181504184, -75.581741498)"
2160855,04/23/2016,11:50 a.m.,sábado,BUS,PUBLICO,Conductor,Masculino,No,N/A,SOLO DAÑOS,Choque,Otra,Carrera 43 A Calle 25 AA Sur,LAS ORQUIDEAS,Urbana,"(6.181504184, -75.581741498)"
2160875,04/23/2016,3:20 p.m.,sábado,AUTOMOVIL,PARTICULAR,Conductor,Femenino,No,N/A,SOLO DAÑOS,Choque,No mantener distancia de seguridad,Tramo 372 Kilometro  15,VEREDA PALMAS,Rural,
2160866,04/23/2016,6:30 p.m.,sábado,BICICLETA,PARTICULAR,Ciclista,Masculino,No,N/A,HERIDO,Choque,No respetar prelacion,Carrera 24 D Calle 40  Sur,EL SALADO,Urbana,
2160858,04/23/2016,3:00 p.m.,sábado,AUTOMOVIL,PARTICULAR,Conductor,Masculino,No,N/A,SOLO DAÑOS,Choque,No mantener distancia de seguridad,Calle 39  Sur Carrera 39,MESA,Urbana,"(6.166978259, -75.586044922)"
2160858,04/23/2016,3:00 p.m.,sábado,AUTOMOVIL,PUBLICO,Conductor,Masculino,No,N/A,SOLO DAÑOS,Choque,No mantener distancia de seguridad,Calle 39  Sur Carrera 39,MESA,Urbana,"(6.166978259, -75.586044922)"
2160849,04/22/2016,6:40 a.m.,viernes,AUTOMOVIL,PARTICULAR,Conductor,Femenino,No,N/A,SOLO DAÑOS,Choque,Desobedecer senales,Transversal 33  Sur Diagonal 32 D,LA MAGNOLIA,Urbana,"(6.174147159, -75.583711438)"
2160846,04/22/2016,6:20 p.m.,viernes,MOTOCICLETA,PARTICULAR,Motociclista,Masculino,No,N/A,HERIDO,Choque,Impericia en el manejo,Tramo 372 Kilometro  18,VEREDA PALMAS,Rural,
2160846,04/22/2016,6:20 p.m.,viernes,CAMIONETA,PARTICULAR,Conductor,Masculino,No,N/A,HERIDO,Choque,Impericia en el manejo,Tramo 372 Kilometro  18,VEREDA PALMAS,Rural,
2160847,04/22/2016,5:00 p.m.,viernes,MOTOCICLETA,PARTICULAR,Motociclista,Masculino,No,N/A,HERIDO,Choque,Adelantar cerrando,Transversal 36  Sur Diagonal 17 G,LA SEBASTIANA,Urbana,
2160847,04/22/2016,5:00 p.m.,viernes,MICROBUS,PUBLICO,Conductor,Masculino,No,N/A,HERIDO,Choque,Adelantar cerrando,Transversal 36  Sur Diagonal 17 G,LA SEBASTIANA,Urbana,
2160848,04/22/2016,4:25 p.m.,viernes,CAMIONETA,PARTICULAR,Conductor,Masculino,No,N/A,SOLO DAÑOS,Choque,No mantener distancia de seguridad,Carrera 50 Calle 27  Sur,LAS VEGAS,Urbana,
2160848,04/22/2016,4:25 p.m.,viernes,CAMPERO,PARTICULAR,Conductor,Masculino,No,N/A,SOLO DAÑOS,Choque,No mantener distancia de seguridad,Carrera 50 Calle 27  Sur,LAS VEGAS,Urbana,
2160848,04/22/2016,4:25 p.m.,viernes,CAMION,PUBLICO,Conductor,Masculino,No,N/A,SOLO DAÑOS,Choque,No mantener distancia de seguridad,Carrera 50 Calle 27  Sur,LAS VEGAS,Urbana,
2160849,04/22/2016,6:40 a.m.,viernes,AUTOMOVIL,PUBLICO,Conductor,Masculino,No,N/A,SOLO DAÑOS,Choque,Desobedecer senales,Transversal 33  Sur Diagonal 32 D,LA MAGNOLIA,Urbana,"(6.174147159, -75.583711438)"
2160851,04/21/2016,6:05 a.m.,jueves,MOTOCICLETA,PARTICULAR,Motociclista,Masculino,No,N/A,HERIDO,Choque,Adelantar por la derecha,Carrera 43 A Calle 35  Sur,ZONA CENTRO,Urbana,"(6.172381022, -75.58730875)"
2160853,04/21/2016,5:05 p.m.,jueves,BUS,PUBLICO,Conductor,Masculino,No,N/A,SOLO DAÑOS,Choque,Poner en marcha un vehiculo sin precauci,Tramo 372 Kilometro  12,VEREDA PALMAS,Rural,
2160853,04/21/2016,5:05 p.m.,jueves,CAMION,PARTICULAR,Conductor,Masculino,No,N/A,SOLO DAÑOS,Choque,Poner en marcha un vehiculo sin precauci,Tramo 372 Kilometro  12,VEREDA PALMAS,Rural,
2160843,04/21/2016,9:30 a.m.,jueves,CAMIONETA,PARTICULAR,Conductor,Masculino,No,N/A,SOLO DAÑOS,Choque,No mantener distancia de seguridad,Carrera 48 Calle 2 C Sur,LAS VEGAS,Urbana,
2160843,04/21/2016,9:30 a.m.,jueves,MICROBUS,PUBLICO,Conductor,Masculino,No,N/A,SOLO DAÑOS,Choque,No mantener distancia de seguridad,Carrera 48 Calle 2 C Sur,LAS VEGAS,Urbana,
2160842,04/21/2016,9:05 a.m.,jueves,AUTOMOVIL,PARTICULAR,Conductor,Masculino,No,N/A,SOLO DAÑOS,Choque,Adelantar cerrando,Carrera 50 Calle 25 A Sur,AVENIDA EL POBLADO,Urbana,"(6.186515998, -75.585125414)"
2160842,04/21/2016,9:05 a.m.,jueves,TRACTOCAMION,PUBLICO,Conductor,Masculino,No,N/A,SOLO DAÑOS,Choque,Adelantar cerrando,Carrera 50 Calle 25 A Sur,AVENIDA EL POBLADO,Urbana,"(6.186515998, -75.585125414)"
2160844,04/21/2016,7:20 a.m.,jueves,AUTOMOVIL,PARTICULAR,Conductor,Masculino,No,N/A,SOLO DAÑOS,Choque,No mantener distancia de seguridad,Carrera 43 A Calle 46 A Sur,N/R,Urbana,"(6.163261247, -75.596452832)"