RADICADO,FECHA,HORA,DÍA DE LA SEMANA,CLASE DE VEHICULO,TIPO DE SERVICIO,TIPO DE VICTIMA,SEXO,ESTADO DE BEODEZ,RESULTADO DE BEODEZ,GRAVEDAD,CLASE DE ACCIDENTE,CAUSA,DIRECCIÓN,BARRIO,AREA,Coordenadas
2160663,04/05/2016,12:30 p.m.,martes,MOTOCICLETA,PARTICULAR,Motociclista,Masculino,No,N/A,HERIDO,Choque,Adelantar cerrando,Carrera 30 Calle 39 A Sur,SAN JOSE,Urbana,"(6.163552912, -75.5816457)"
2160666,04/05/2016,11:00 a.m.,martes,AUTOMOVIL,PARTICULAR,Conductor,Masculino,No,N/A,SOLO DAÑOS,Choque,No respetar prelacion,Carrera 24 DD Calle 39  Sur,EL SALADO,Urbana,
2160666,04/05/2016,11:00 a.m.,martes,CAMION,PUBLICO,Conductor,Masculino,No,N/A,SOLO DAÑOS,Choque,No respetar prelacion,Carrera 24 DD Calle 39  Sur,EL SALADO,Urbana,
2160665,04/05/2016,10:00 a.m.,martes,CAMIONETA,PARTICULAR,Conductor,Femenino,No,N/A,SOLO DAÑOS,Choque,Exceso de velocidad,Carrera 42 B Calle 45  Sur,LA PAZ,Urbana,"(6.163500062, -75.593449568)"
2160664,04/05/2016,7:50 a.m.,martes,MOTOCICLETA,PARTICULAR,Motociclista,Masculino,No,N/A,SOLO DAÑOS,Choque,Adelantar en zona prohibida,Tramo 372 Kilometro  15,VEREDA PALMAS,Rural,
2160664,04/05/2016,7:50 a.m.,martes,CAMIONETA,PARTICULAR,Conductor,Femenino,No,N/A,SOLO DAÑOS,Choque,Adelantar en zona prohibida,Tramo 372 Kilometro  15,VEREDA PALMAS,Rural,
2160667,04/05/2016,7:30 a.m.,martes,AUTOMOVIL,PARTICULAR,Conductor,Femenino,No,N/A,SOLO DAÑOS,Choque,No respetar prelacion,Calle 24  Sur Carrera 38,N/R,Urbana,"(6.177798131, -75.5727217)"
2160667,04/05/2016,7:30 a.m.,martes,AUTOMOVIL,PARTICULAR,Conductor,Femenino,No,N/A,SOLO DAÑOS,Choque,No respetar prelacion,Calle 24  Sur Carrera 38,N/R,Urbana,"(6.177798131, -75.5727217)"
2160681,04/05/2016,6:25 a.m.,martes,MOTOCICLETA,PARTICULAR,Motociclista,Masculino,No,N/A,HERIDO,Choque,Transitar entre vehiculos,Carrera 50 Calle 27  Sur,LAS VEGAS,Urbana,
2160681,04/05/2016,6:25 a.m.,martes,AUTOMOVIL,PARTICULAR,Conductor,Femenino,No,N/A,HERIDO,Choque,Transitar entre vehiculos,Carrera 50 Calle 27  Sur,LAS VEGAS,Urbana,
2160671,04/04/2016,5:00 a.m.,lunes,MOTOCICLETA,PARTICULAR,Motociclista,Masculino,No,N/A,HERIDO,Choque,Semaforo en rojo,Carrera 43 A Calle 25 A Sur,N/R,Urbana,"(6.181504184, -75.581741498)"
2160671,04/04/2016,5:00 a.m.,lunes,BUS,PUBLICO,Conductor,Masculino,No,N/A,HERIDO,Choque,Semaforo en rojo,Carrera 43 A Calle 25 A Sur,N/R,Urbana,"(6.181504184, -75.581741498)"
2160677,04/04/2016,8:00 p.m.,lunes,MOTOCICLETA,PARTICULAR,Motociclista,Femenino,No,N/A,HERIDO,Choque,Adelantar cerrando,Calle 36 D Sur Carrera 27,N/R,Urbana,"(6.162479576, -75.570222573)"
2160672,04/04/2016,7:10 p.m.,lunes,MOTOCICLETA,PARTICULAR,Motociclista,Masculino,No,N/A,SOLO DAÑOS,Choque,Transitar entre vehiculos,Carrera 43 A Calle 29  Sur,SAN MARCOS,Urbana,"(6.177803112, -75.584555495)"
2160672,04/04/2016,7:10 p.m.,lunes,AUTOMOVIL,PARTICULAR,Conductor,Femenino,No,N/A,SOLO DAÑOS,Choque,Transitar entre vehiculos,Carrera 43 A Calle 29  Sur,SAN MARCOS,Urbana,"(6.177803112, -75.584555495)"
2160670,04/04/2016,5:30 p.m.,lunes,CAMIONETA,PARTICULAR,Conductor,Masculino,No,N/A,SOLO DAÑOS,Choque,Adelantar cerrando,Calle 25 A Sur Carrera 43 A,VILLA GRANDE,Urbana,"(6.181689385, -75.582417986)"
2160670,04/04/2016,5:30 p.m.,lunes,MICROBUS,PUBLICO,Conductor,Masculino,No,N/A,SOLO DAÑOS,Choque,Adelantar cerrando,Calle 25 A Sur Carrera 43 A,VILLA GRANDE,Urbana,"(6.181689385, -75.582417986)"
2161472,04/04/2016,3:20 p.m.,lunes,AUTOMOVIL,PUBLICO,Conductor,Masculino,No,N/A,HERIDO,Caida Ocupante,Otra,Calle 41 A Sur Carrera 26,SAN RAFAEL,Urbana,"(6.157546483, -75.583386351)"
2160654,04/04/2016,3:10 p.m.,lunes,MOTOCICLETA,PARTICULAR,Motociclista,Sin registro,No,N/A,HERIDO,Atropello,Otra,Calle 41 A Sur Carrera 27 A,SAN RAFAEL,Urbana,"(6.157635996, -75.583275604)"
2160658,04/04/2016,12:30 p.m.,lunes,CAMIONETA,PARTICULAR,Conductor,Masculino,No,N/A,SOLO DAÑOS,Choque,No mantener distancia de seguridad,Carrera 45 A Calle 36  Sur,EL PORTAL,Urbana,"(6.172729696, -75.589339581)"
2160658,04/04/2016,12:30 p.m.,lunes,AUTOMOVIL,PARTICULAR,Conductor,Masculino,No,N/A,SOLO DAÑOS,Choque,No mantener distancia de seguridad,Carrera 45 A Calle 36  Sur,EL PORTAL,Urbana,"(6.172729696, -75.589339581)"
2160697,04/04/2016,11:10 a.m.,lunes,AUTOMOVIL,PARTICULAR,Conductor,Femenino,No,N/A,SOLO DAÑOS,Choque,No respetar prelacion,Carrera 48 Calle 50  Sur,LAS VEGAS,Urbana,
2160697,04/04/2016,11:10 a.m.,lunes,CAMION,PARTICULAR,Conductor,Masculino,No,N/A,SOLO DAÑOS,Choque,No respetar prelacion,Carrera 48 Calle 50  Sur,LAS VEGAS,Urbana,
2160696,04/04/2016,8:15 a.m.,lunes,CAMIONETA,PUBLICO,Conductor,Masculino,No,N/A,SOLO DAÑOS,Choque,Poner en marcha un vehiculo sin precauci,Carrera 49 Calle 25  Sur,N/R,Urbana,"(6.18641241, -75.585062957)"
2160696,04/04/2016,8:15 a.m.,lunes,AUTOMOVIL,PUBLICO,Conductor,Masculino,No,N/A,SOLO DAÑOS,Choque,Poner en marcha un vehiculo sin precauci,Carrera 49 Calle 25  Sur,N/R,Urbana,"(6.18641241, -75.585062957)"
2160660,04/04/2016,7:30 a.m.,lunes,MOTOCICLETA,PARTICULAR,Motociclista,Femenino,No,N/A,HERIDO,Choque,Transitar entre vehiculos,Carrera 43 A Transversal 29,N/R,Urbana,"(6.177803112, -75.584555495)"
2160660,04/04/2016,7:30 a.m.,lunes,MOTOCICLETA,PARTICULAR,Motociclista,Masculino,No,N/A,HERIDO,Choque,Transitar entre vehiculos,Carrera 43 A Transversal 29,N/R,Urbana,"(6.177803112, -75.584555495)"
2160657,04/04/2016,7:20 a.m.,lunes,MOTOCICLETA,PARTICULAR,Motociclista,Masculino,No,N/A,SOLO DAÑOS,Choque,Transitar entre vehiculos,Carrera 48 Calle 40  Sur,LAS VEGAS,Urbana,"(6.168855316, -75.596887667)"
2160677,04/04/2016,8:00 p.m.,lunes,AUTOMOVIL,PARTICULAR,Conductor,Masculino,No,N/A,HERIDO,Choque,Adelantar cerrando,Calle 36 D Sur Carrera 27,N/R,Urbana,"(6.162479576, -75.570222573)"
2160657,04/04/2016,7:20 a.m.,lunes,CAMIONETA,PUBLICO,Conductor,Masculino,No,N/A,SOLO DAÑOS,Choque,Transitar entre vehiculos,Carrera 48 Calle 40  Sur,LAS VEGAS,Urbana,"(6.168855316, -75.596887667)"
2160656,04/04/2016,6:50 a.m.,lunes,AUTOMOVIL,PARTICULAR,Conductor,Femenino,No,N/A,HERIDO,Choque,No respetar prelacion,Carrera 32 B Calle 40 F Sur,N/R,Urbana,"(6.162538385, -75.584717885)"
2160656,04/04/2016,6:50 a.m.,lunes,MOTOCICLETA,PARTICULAR,Motociclista,Masculino,No,N/A,HERIDO,Choque,No respetar prelacion,Carrera 32 B Calle 40 F Sur,N/R,Urbana,"(6.162538385, -75.584717885)"
2160661,04/04/2016,6:20 a.m.,lunes,BICICLETA,PARTICULAR,Ciclista,Masculino,No,N/A,HERIDO,Choque,Desobedecer senales,Carrera 40 Calle 46 E Sur,EL TRIANON,Urbana,"(6.159856244, -75.592579737)"
2160661,04/04/2016,6:20 a.m.,lunes,AUTOMOVIL,PARTICULAR,Conductor,Masculino,No,N/A,HERIDO,Choque,Desobedecer senales,Carrera 40 Calle 46 E Sur,EL TRIANON,Urbana,"(6.159856244, -75.592579737)"
2160655,04/03/2016,2:50 p.m.,domingo,MOTOCICLETA,PARTICULAR,Motociclista,Masculino,No,N/A,HERIDO,Choque,Transitar entre vehiculos,Carrera 42 Calle 33 B Sur,ZONA CENTRO,Urbana,"(6.172431982, -75.585528606)"
2160613,04/03/2016,3:10 a.m.,domingo,MOTOCICLETA,PARTICULAR,Motociclista,Sin registro,No,N/A,HERIDO,Caida Ocupante,Embriaguez o droga,Carrera 40 Calle 48 B Sur,EL TRIANON,Urbana,"(6.158358186, -75.595261486)"
2160659,04/03/2016,9:00 p.m.,domingo,AUTOMOVIL,PARTICULAR,Conductor,Femenino,No,N/A,SOLO DAÑOS,Choque,Exceso de velocidad,Tramo 372 Kilometro  15,VEREDA PALMAS,Rural,
2160624,04/03/2016,7:00 p.m.,domingo,MOTOCICLETA,PARTICULAR,Motociclista,Masculino,No,N/A,HERIDO,Choque,Desobedecer senales,Carrera 42 B Calle 46 A Sur,LA PAZ,Urbana,"(6.162028226, -75.594495552)"
2160624,04/03/2016,7:00 p.m.,domingo,AUTOMOVIL,PARTICULAR,Conductor,Femenino,No,N/A,HERIDO,Choque,Desobedecer senales,Carrera 42 B Calle 46 A Sur,LA PAZ,Urbana,"(6.162028226, -75.594495552)"
2160655,04/03/2016,2:50 p.m.,domingo,AUTOMOVIL,PARTICULAR,Conductor,Femenino,No,N/A,HERIDO,Choque,Transitar entre vehiculos,Carrera 42 Calle 33 B Sur,ZONA CENTRO,Urbana,"(6.172431982, -75.585528606)"
2160648,04/02/2016,2:40 p.m.,sábado,AUTOMOVIL,PARTICULAR,Conductor,Femenino,No,N/A,SOLO DAÑOS,Choque,No mantener distancia de seguridad,Tramo 372 Kilometro  11,VEREDA PALMAS,Rural,
2160633,04/02/2016,11:30 p.m.,sábado,MOTOCICLETA,PARTICULAR,Motociclista,Masculino,Si,1,HERIDO,Choque,Embriaguez o droga,Carrera 43 A Calle 33 B Sur,AVENIDA EL POBLADO,Urbana,"(6.173325428, -75.586677202)"
2160633,04/02/2016,11:30 p.m.,sábado,AUTOMOVIL,PARTICULAR,Conductor,Masculino,No,N/A,HERIDO,Choque,Embriaguez o droga,Carrera 43 A Calle 33 B Sur,AVENIDA EL POBLADO,Urbana,"(6.173325428, -75.586677202)"
2160635,04/02/2016,11:00 p.m.,sábado,AUTOMOVIL,PARTICULAR,Conductor,Masculino,No,N/A,SOLO DAÑOS,Choque,Adelantar cerrando,Calle 36 D Sur Carrera 27 A,VEREDA EL ESCOBERO,Urbana,"(6.164831751, -75.574234965)"
2160635,04/02/2016,11:00 p.m.,sábado,AUTOMOVIL,PARTICULAR,Conductor,Masculino,No,N/A,SOLO DAÑOS,Choque,Adelantar cerrando,Calle 36 D Sur Carrera 27 A,VEREDA EL ESCOBERO,Urbana,"(6.164831751, -75.574234965)"
2160637,04/02/2016,3:30 p.m.,sábado,AUTOMOVIL,PARTICULAR,Conductor,Femenino,No,N/A,SOLO DAÑOS,Choque,Desobedecer senales,Calle 37  Sur Carrera 33,MESA,Urbana,"(6.167021726, -75.581684577)"
2160637,04/02/2016,3:30 p.m.,sábado,AUTOMOVIL,PUBLICO,Conductor,Masculino,No,N/A,SOLO DAÑOS,Choque,Desobedecer senales,Calle 37  Sur Carrera 33,MESA,Urbana,"(6.167021726, -75.581684577)"
2160645,04/02/2016,2:45 p.m.,sábado,AUTOMOVIL,PUBLICO,Conductor,Masculino,No,N/A,SOLO DAÑOS,Choque,Transitar entre vehiculos,Carrera 32 Calle 37  Sur,MESA,Urbana,"(6.1665774, -75.581163406)"
2160645,04/02/2016,2:45 p.m.,sábado,MOTOCICLETA,PARTICULAR,Motociclista,Masculino,No,N/A,SOLO DAÑOS,Choque,Transitar entre vehiculos,Carrera 32 Calle 37  Sur,MESA,Urbana,"(6.1665774, -75.581163406)"
2160648,04/02/2016,2:40 p.m.,sábado,MOTOCICLETA,PARTICULAR,Motociclista,Masculino,No,N/A,SOLO DAÑOS,Choque,No mantener distancia de seguridad,Tramo 372 Kilometro  11,VEREDA PALMAS,Rural,
2160649,04/02/2016,1:20 p.m.,sábado,AUTOMOVIL,PARTICULAR,Conductor,Femenino,No,N/A,SOLO DAÑOS,Choque,Adelantar cerrando,Carrera 50 Calle 37  Sur,LAS VEGAS,Urbana,
2160649,04/02/2016,1:20 p.m.,sábado,CAMIONETA,PUBLICO,Conductor,Masculino,No,N/A,SOLO DAÑOS,Choque,Adelantar cerrando,Carrera 50 Calle 37  Sur,LAS VEGAS,Urbana,
2160643,04/02/2016,12:00 p.m.,sábado,AUTOMOVIL,DIPLOMATICO,Conductor,Femenino,No,N/A,SOLO DAÑOS,Choque,No mantener distancia de seguridad,Calle 39  Sur Carrera 41,ZONA CENTRO,Urbana,"(6.167870042, -75.587448707)"
2160652,04/02/2016,10:30 a.m.,sábado,CAMIONETA,PARTICULAR,Conductor,Masculino,No,N/A,HERIDO,Atropello,Adelantar cerrando,Calle 39  Sur Carrera 39,MESA,Urbana,"(6.166978259, -75.586044922)"
2160652,04/02/2016,10:30 a.m.,sábado,MOTOCICLETA,PARTICULAR,Motociclista,Masculino,No,N/A,HERIDO,Atropello,Adelantar cerrando,Calle 39  Sur Carrera 39,MESA,Urbana,"(6.166978259, -75.586044922)"
2160642,04/02/2016,10:30 a.m.,sábado,MOTOCICLETA,PARTICULAR,Motociclista,Masculino,No,N/A,HERIDO,Atropello,Cruzar sin observar,Calle 46  Sur Carrera 46,PRIMAVERA,Urbana,"(6.164633401, -75.596689606)"
2160653,04/02/2016,7:20 a.m.,sábado,MOTOCICLETA,PARTICULAR,Motociclista,Masculino,No,N/A,HERIDO,Choque,Desobedecer senales,Tramo 372 Kilometro  7,VEREDA PALMAS,Rural,
2160653,04/02/2016,7:20 a.m.,sábado,MOTOCICLETA,PARTICULAR,Motociclista,Masculino,No,N/A,HERIDO,Choque,Desobedecer senales,Tramo 372 Kilometro  7,VEREDA PALMAS,Rural,
2160611,04/01/2016,3:10 p.m.,viernes,MOTOCICLETA,PARTICULAR,Motociclista,Masculino,No,N/A,HERIDO,Choque,Transitar entre vehiculos,Carrera 48 Calle 27 A Sur,LAS VEGAS,Urbana,"(6.181312425, -75.58688511)"
2160611,04/01/2016,3:10 p.m.,viernes,AUTOMOVIL,PARTICULAR,Conductor,Femenino,No,N/A,HERIDO,Choque,Transitar entre vehiculos,Carrera 48 Calle 27 A Sur,LAS VEGAS,Urbana,"(6.181312425, -75.58688511)"
2160636,04/01/2016,1:40 p.m.,viernes,MOTOCICLETA,PARTICULAR,Motociclista,Femenino,No,N/A,HERIDO,Choque,Transitar entre vehiculos,Carrera 43 A Calle 49  Sur,AVENIDA EL POBLADO,Urbana,"(6.160914202, -75.600022989)"
2160636,04/01/2016,1:40 p.m.,viernes,MOTOCICLETA,PARTICULAR,Motociclista,Masculino,No,N/A,HERIDO,Choque,Transitar entre vehiculos,Carrera 43 A Calle 49  Sur,AVENIDA EL POBLADO,Urbana,"(6.160914202, -75.600022989)"
2160640,04/01/2016,8:50 a.m.,viernes,BICICLETA,PARTICULAR,Ciclista,Masculino,No,N/A,SOLO DAÑOS,Choque,No mantener distancia de seguridad,Calle 37  Sur Carrera 39,ZONA CENTRO,Urbana,"(6.169035546, -75.584847552)"
2160640,04/01/2016,8:50 a.m.,viernes,AUTOMOVIL,PARTICULAR,Conductor,Masculino,No,N/A,SOLO DAÑOS,Choque,No mantener distancia de seguridad,Calle 37  Sur Carrera 39,ZONA CENTRO,Urbana,"(6.169035546, -75.584847552)"
2160638,04/01/2016,7:45 a.m.,viernes,CAMION,PARTICULAR,Conductor,Masculino,No,N/A,SOLO DAÑOS,Choque,No mantener distancia de seguridad,Carrera 43 A Calle 25  Sur,LAS ORQUIDEAS,Urbana,"(6.181616833, -75.581857267)"
2160638,04/01/2016,7:45 a.m.,viernes,MICROBUS,PUBLICO,Conductor,Masculino,No,N/A,SOLO DAÑOS,Choque,No mantener distancia de seguridad,Carrera 43 A Calle 25  Sur,LAS ORQUIDEAS,Urbana,"(6.181616833, -75.581857267)"
2160650,04/01/2016,7:05 a.m.,viernes,AUTOMOVIL,PARTICULAR,Conductor,Masculino,No,N/A,SOLO DAÑOS,Choque,No mantener distancia de seguridad,Carrera 50 Calle 30  Sur,LAS VEGAS,Urbana,
2160650,04/01/2016,7:05 a.m.,viernes,AUTOMOVIL,PARTICULAR,Conductor,Masculino,No,N/A,SOLO DAÑOS,Choque,No mantener distancia de seguridad,Carrera 50 Calle 30  Sur,LAS VEGAS,Urbana,
2160650,04/01/2016,7:05 a.m.,viernes,AUTOMOVIL,PARTICULAR,Conductor,Femenino,No,N/A,SOLO DAÑOS,Choque,No mantener distancia de seguridad,Carrera 50 Calle 30  Sur,LAS VEGAS,Urbana,
2160646,04/01/2016,7:00 a.m.,viernes,AUTOMOVIL,PARTICULAR,Conductor,Femenino,No,N/A,SOLO DAÑOS,Choque,Adelantar cerrando,Calle 21  Sur Carrera 43 A,AVENIDA EL POBLADO,Urbana,"(6.18399286, -75.579597643)"
2160646,04/01/2016,7:00 a.m.,viernes,BUS,PUBLICO,Conductor,Masculino,No,N/A,SOLO DAÑOS,Choque,Adelantar cerrando,Calle 21  Sur Carrera 43 A,AVENIDA EL POBLADO,Urbana,"(6.18399286, -75.579597643)"
2160651,04/01/2016,6:45 a.m.,viernes,CAMIONETA,PARTICULAR,Conductor,Masculino,No,N/A,SOLO DAÑOS,Choque,Desobedecer senales,Carrera 45 A Calle 30 A Sur,JARDINES,Urbana,"(6.177652627, -75.586690483)"
2160651,04/01/2016,6:45 a.m.,viernes,AUTOMOVIL,PARTICULAR,Conductor,Femenino,No,N/A,SOLO DAÑOS,Choque,Desobedecer senales,Carrera 45 A Calle 30 A Sur,JARDINES,Urbana,"(6.177652627, -75.586690483)"
2160614,04/01/2016,9:06 p.m.,viernes,AUTOMOVIL,PARTICULAR,Conductor,Masculino,No,N/A,HERIDO,Volcamiento,Exceso de velocidad,Tramo 372 Kilometro  13,VEREDA PALMAS,Rural,
2160634,04/01/2016,6:45 p.m.,viernes,AUTOMOVIL,PARTICULAR,Conductor,Masculino,No,N/A,SOLO DAÑOS,Choque,Exceso de velocidad,Tramo 372 Kilometro  14,VEREDA PALMAS,Rural,
2160647,04/01/2016,5:10 p.m.,viernes,CAMIONETA,PARTICULAR,Conductor,Femenino,No,N/A,SOLO DAÑOS,Choque,No respetar prelacion,Calle 40  Sur Carrera 24 D,EL SALADO,Urbana,"(6.147263187, -75.576335752)"
2160647,04/01/2016,5:10 p.m.,viernes,MICROBUS,PUBLICO,Conductor,Masculino,No,N/A,SOLO DAÑOS,Choque,No respetar prelacion,Calle 40  Sur Carrera 24 D,EL SALADO,Urbana,"(6.147263187, -75.576335752)"
2160641,04/01/2016,5:00 p.m.,viernes,AUTOMOVIL,PARTICULAR,Conductor,Femenino,No,N/A,SOLO DAÑOS,Choque,No mantener distancia de seguridad,Carrera 46 Calle 40  Sur,ALCALA,Urbana,"(6.168563384, -75.594058113)"
2160641,04/01/2016,5:00 p.m.,viernes,AUTOMOVIL,PARTICULAR,Conductor,Masculino,No,N/A,SOLO DAÑOS,Choque,No mantener distancia de seguridad,Carrera 46 Calle 40  Sur,ALCALA,Urbana,"(6.168563384, -75.594058113)"
2160639,04/01/2016,4:55 p.m.,viernes,CAMIONETA,PARTICULAR,Conductor,Femenino,No,N/A,SOLO DAÑOS,Choque,No respetar prelacion,Transversal 32  Sur Diagonal 33,LA MAGNOLIA,Urbana,"(6.175490465, -75.584928113)"
2160639,04/01/2016,4:55 p.m.,viernes,AUTOMOVIL,PARTICULAR,Conductor,Masculino,No,N/A,SOLO DAÑOS,Choque,No respetar prelacion,Transversal 32  Sur Diagonal 33,LA MAGNOLIA,Urbana,"(6.175490465, -75.584928113)"
2160623,03/31/2016,11:40 a.m.,jueves,AUTOMOVIL,PARTICULAR,Conductor,Masculino,No,N/A,SOLO DAÑOS,Choque,No respetar prelacion,Carrera 41 Calle 24  Sur,N/R,Urbana,"(6.179819678, -75.577141234)"
2160623,03/31/2016,11:40 a.m.,jueves,MOTOCICLETA,PARTICULAR,Motociclista,Masculino,No,N/A,SOLO DAÑOS,Choque,No respetar prelacion,Carrera 41 Calle 24  Sur,N/R,Urbana,"(6.179819678, -75.577141234)"
2160629,03/31/2016,9:30 a.m.,jueves,MOTOCICLETA,PARTICULAR,Motociclista,Masculino,No,N/A,SOLO DAÑOS,Choque,Otra,Diagonal 29 Transversal 26  Sur,ALTO DE MISAEL,Urbana,"(6.177775992, -75.578564767)"
2160629,03/31/2016,9:30 a.m.,jueves,CAMIONETA,PARTICULAR,Conductor,Masculino,No,N/A,SOLO DAÑOS,Choque,Otra,Diagonal 29 Transversal 26  Sur,ALTO DE MISAEL,Urbana,"(6.177775992, -75.578564767)"
2160621,03/31/2016,6:45 a.m.,jueves,BUSETA,PUBLICO,Conductor,Masculino,No,N/A,SOLO DAÑOS,Choque,Adelantar cerrando,Carrera 48 Calle 32 B Sur,LAS VEGAS,Urbana,"(6.176994311, -75.589841192)"
2160621,03/31/2016,6:45 a.m.,jueves,BUSETA,PUBLICO,Conductor,Masculino,No,N/A,SOLO DAÑOS,Choque,Adelantar cerrando,Carrera 48 Calle 32 B Sur,LAS VEGAS,Urbana,"(6.176994311, -75.589841192)"
2160618,03/31/2016,6:45 a.m.,jueves,MOTOCICLETA,PARTICULAR,Motociclista,Masculino,No,N/A,HERIDO,Choque,Transitar entre vehiculos,Carrera 50 Calle 37  Sur,LAS VEGAS,Urbana,
2160620,03/31/2016,5:45 a.m.,jueves,MOTOCICLETA,PARTICULAR,Motociclista,Masculino,No,N/A,HERIDO,Choque,Otra,Calle 45 A Sur Carrera 42,LA PAZ,Urbana,"(6.163477254, -75.593363846)"
2160620,03/31/2016,5:45 a.m.,jueves,BUS,PUBLICO,Conductor,Masculino,No,N/A,HERIDO,Choque,Otra,Calle 45 A Sur Carrera 42,LA PAZ,Urbana,"(6.163477254, -75.593363846)"
2160620,03/31/2016,5:45 a.m.,jueves,CAMPERO,PARTICULAR,Conductor,Femenino,No,N/A,HERIDO,Choque,Otra,Calle 45 A Sur Carrera 42,LA PAZ,Urbana,"(6.163477254, -75.593363846)"
2160616,03/31/2016,9:50 p.m.,jueves,AUTOMOVIL,PARTICULAR,Conductor,Femenino,No,N/A,SOLO DAÑOS,Choque,Otra,Calle 40 C Sur Carrera 41,EL DORADO,Urbana,"(6.164905473, -75.587149236)"
2160616,03/31/2016,9:50 p.m.,jueves,CAMIONETA,PARTICULAR,Conductor,Masculino,No,N/A,SOLO DAÑOS,Choque,Otra,Calle 40 C Sur Carrera 41,EL DORADO,Urbana,"(6.164905473, -75.587149236)"
2160615,03/31/2016,8:40 p.m.,jueves,MOTOCICLETA,DIPLOMATICO,Motociclista,Masculino,No,N/A,HERIDO,Atropello,Cruzar sin observar,Calle 46  Sur Carrera 46,PRIMAVERA,Urbana,"(6.164633401, -75.596689606)"
2160604,03/31/2016,6:10 p.m.,jueves,MOTOCICLETA,PARTICULAR,Motociclista,Masculino,No,N/A,HERIDO,Choque,Adelantar en zona prohibida,Calle 39  Sur Carrera 27 D,N/R,Urbana,"(6.160515341, -75.579104423)"
2160604,03/31/2016,6:10 p.m.,jueves,MOTOCICLETA,PARTICULAR,Motociclista,Masculino,No,N/A,HERIDO,Choque,Adelantar en zona prohibida,Calle 39  Sur Carrera 27 D,N/R,Urbana,"(6.160515341, -75.579104423)"
2160628,03/31/2016,6:05 p.m.,jueves,AUTOMOVIL,PARTICULAR,Conductor,Femenino,No,N/A,SOLO DAÑOS,Choque,No respetar prelacion,Diagonal 32 D Transversal 34 D Sur,LOS NARANJOS,Urbana,"(6.172908151, -75.583144415)"
2160628,03/31/2016,6:05 p.m.,jueves,BUS,PUBLICO,Conductor,Masculino,No,N/A,SOLO DAÑOS,Choque,No respetar prelacion,Diagonal 32 D Transversal 34 D Sur,LOS NARANJOS,Urbana,"(6.172908151, -75.583144415)"
2160630,03/31/2016,5:00 p.m.,jueves,AUTOMOVIL,PARTICULAR,Conductor,Femenino,No,N/A,SOLO DAÑOS,Choque,Otra,Tramo 372 Kilometro  17,VEREDA PALMAS,Rural,
2160630,03/31/2016,5:00 p.m.,jueves,CAMIONETA,PARTICULAR,Conductor,Masculino,No,N/A,SOLO DAÑOS,Choque,Otra,Tramo 372 Kilometro  17,VEREDA PALMAS,Rural,
2160627,03/31/2016,5:00 p.m.,jueves,AUTOMOVIL,PARTICULAR,Conductor,Femenino,No,N/A,SOLO DAÑOS,Choque,No mantener distancia de seguridad,Carrera 48 Calle 27 A Sur,LAS VEGAS,Urbana,"(6.181312425, -75.58688511)"
2160627,03/31/2016,5:00 p.m.,jueves,BUSETA,PUBLICO,Conductor,Masculino,No,N/A,SOLO DAÑOS,Choque,No mantener distancia de seguridad,Carrera 48 Calle 27 A Sur,LAS VEGAS,Urbana,"(6.181312425, -75.58688511)"
2160603,03/31/2016,5:00 p.m.,jueves,MOTOCICLETA,PARTICULAR,Motociclista,Masculino,No,N/A,SOLO DAÑOS,Choque,No mantener distancia de seguridad,Carrera 27 Calle 28  Sur,LA INMACULADA,Urbana,"(6.171086787, -75.569080997)"
2160603,03/31/2016,5:00 p.m.,jueves,AUTOMOVIL,PARTICULAR,Conductor,Masculino,No,N/A,SOLO DAÑOS,Choque,No mantener distancia de seguridad,Carrera 27 Calle 28  Sur,LA INMACULADA,Urbana,"(6.171086787, -75.569080997)"
2160626,03/31/2016,4:40 p.m.,jueves,AUTOMOVIL,PARTICULAR,Conductor,Masculino,No,N/A,SOLO DAÑOS,Choque,No respetar prelacion,Calle 25  Sur Carrera 42,N/R,Urbana,"(6.179561127, -75.579866326)"
2160626,03/31/2016,4:40 p.m.,jueves,AUTOMOVIL,PARTICULAR,Conductor,Femenino,No,N/A,SOLO DAÑOS,Choque,No respetar prelacion,Calle 25  Sur Carrera 42,N/R,Urbana,"(6.179561127, -75.579866326)"
2160605,03/31/2016,3:10 p.m.,jueves,CAMIONETA,PARTICULAR,Conductor,Masculino,No,N/A,SOLO DAÑOS,Choque,No mantener distancia de seguridad,Carrera 21 B Calle 27  Sur,N/R,Urbana,
2160605,03/31/2016,3:10 p.m.,jueves,MICROBUS,PUBLICO,Conductor,Masculino,No,N/A,SOLO DAÑOS,Choque,No mantener distancia de seguridad,Carrera 21 B Calle 27  Sur,N/R,Urbana,
2160601,03/31/2016,2:50 p.m.,jueves,MOTOCICLETA,PARTICULAR,Motociclista,Masculino,No,N/A,HERIDO,Choque,Semaforo en rojo,Carrera 43 A Calle 45  Sur,PRIMAVERA,Urbana,"(6.165116925, -75.594483161)"
2160617,03/31/2016,2:10 p.m.,jueves,MOTOCICLETA,PARTICULAR,Motociclista,Masculino,No,N/A,HERIDO,Choque,Desobedecer senales,Calle 36  Sur Carrera 25,EL CHOCHO,Urbana,"(6.167194335, -75.564826277)"
2160617,03/31/2016,2:10 p.m.,jueves,AUTOMOVIL,PARTICULAR,Conductor,Masculino,No,N/A,HERIDO,Choque,Desobedecer senales,Calle 36  Sur Carrera 25,EL CHOCHO,Urbana,"(6.167194335, -75.564826277)"
2160632,03/31/2016,2:00 p.m.,jueves,AUTOMOVIL,PARTICULAR,Conductor,Femenino,No,N/A,SOLO DAÑOS,Choque,Desobedecer senales,Transversal 32 C Sur Diagonal 32 B,LA MAGNOLIA,Urbana,"(6.174876615, -75.583170694)"