RADICADO,FECHA,HORA,DÍA DE LA SEMANA,CLASE DE VEHICULO,TIPO DE SERVICIO,TIPO DE VICTIMA,SEXO,ESTADO DE BEODEZ,RESULTADO DE BEODEZ,GRAVEDAD,CLASE DE ACCIDENTE,CAUSA,DIRECCIÓN,BARRIO,AREA,Coordenadas
2160541,03/24/2016,10:45 p.m.,jueves,CAMIONETA,PARTICULAR,Conductor,Masculino,No,N/A,SOLO DAÑOS,Choque,Adelantar en zona prohibida,Carrera 48 Calle 38  Sur,LAS VEGAS,Urbana,"(6.172747818, -75.592698171)"
2160541,03/24/2016,10:45 p.m.,jueves,MOTOCICLETA,PARTICULAR,Motociclista,Masculino,No,N/A,SOLO DAÑOS,Choque,Adelantar en zona prohibida,Carrera 48 Calle 38  Sur,LAS VEGAS,Urbana,"(6.172747818, -75.592698171)"
2160531,03/24/2016,6:40 p.m.,jueves,MOTOCICLETA,PARTICULAR,Motociclista,Masculino,No,N/A,HERIDO,Choque,Semaforo en rojo,Calle 39  Sur Carrera 40,MESA,Urbana,"(6.167409609, -75.586720978)"
2160531,03/24/2016,6:40 p.m.,jueves,MOTOCICLETA,PARTICULAR,Motociclista,Masculino,No,N/A,HERIDO,Choque,Semaforo en rojo,Calle 39  Sur Carrera 40,MESA,Urbana,"(6.167409609, -75.586720978)"
2160531,03/24/2016,6:40 p.m.,jueves,AUTOMOVIL,PARTICULAR,Conductor,Masculino,No,N/A,HERIDO,Choque,Semaforo en rojo,Calle 39  Sur Carrera 40,MESA,Urbana,"(6.167409609, -75.586720978)"
2160542,03/24/2016,4:00 p.m.,jueves,AUTOMOVIL,PARTICULAR,Conductor,Masculino,No,N/A,SOLO DAÑOS,Choque,Desobedecer senales,Transversal 33 A Sur Diagonal 31 B,LAS FLORES,Urbana,"(6.17392881, -75.579806927)"
2160542,03/24/2016,4:00 p.m.,jueves,AUTOMOVIL,PUBLICO,Conductor,Masculino,No,N/A,SOLO DAÑOS,Choque,Desobedecer senales,Transversal 33 A Sur Diagonal 31 B,LAS FLORES,Urbana,"(6.17392881, -75.579806927)"
2160535,03/24/2016,3:00 p.m.,jueves,BICICLETA,PARTICULAR,Ciclista,Masculino,No,N/A,SOLO DAÑOS,Choque,Otra,Carrera 41 Calle 38 A Sur,ZONA CENTRO,Urbana,"(6.168440346, -75.586988056)"
2160535,03/24/2016,3:00 p.m.,jueves,AUTOMOVIL,PARTICULAR,Conductor,Masculino,No,N/A,SOLO DAÑOS,Choque,Otra,Carrera 41 Calle 38 A Sur,ZONA CENTRO,Urbana,"(6.168440346, -75.586988056)"
2160536,03/24/2016,12:45 p.m.,jueves,AUTOMOVIL,PARTICULAR,Conductor,Masculino,No,N/A,SOLO DAÑOS,Choque,Otra,Carrera 49 Calle 23  Sur,LAS VEGAS,Urbana,
2160536,03/24/2016,12:45 p.m.,jueves,CAMIONETA,PARTICULAR,Conductor,Masculino,No,N/A,SOLO DAÑOS,Choque,Otra,Carrera 49 Calle 23  Sur,LAS VEGAS,Urbana,
2160538,03/24/2016,9:50 a.m.,jueves,AUTOMOVIL,PARTICULAR,Conductor,Femenino,No,N/A,HERIDO,Choque,Transitar entre vehiculos,Carrera 43 A Calle 32 A Sur,SAN MARCOS,Urbana,"(6.175019606, -75.585929167)"
2160538,03/24/2016,9:50 a.m.,jueves,MOTOCICLETA,PARTICULAR,Motociclista,Masculino,No,N/A,HERIDO,Choque,Transitar entre vehiculos,Carrera 43 A Calle 32 A Sur,SAN MARCOS,Urbana,"(6.175019606, -75.585929167)"
2160533,03/24/2016,12:00 a.m.,jueves,AUTOMOVIL,PARTICULAR,Conductor,Masculino,No,N/A,HERIDO,Choque,Semaforo en rojo,Transversal 34 D Sur Diagonal 31,LAS FLORES,Urbana,"(6.172106631, -75.579275117)"
2160537,03/23/2016,5:00 p.m.,miércoles,CAMIONETA,PARTICULAR,Conductor,Masculino,No,N/A,HERIDO,Choque,Desobedecer senales,Calle 38  Sur Carrera 46,ALCALA,Urbana,"(6.171966643, -75.591369743)"
2160530,03/23/2016,8:50 p.m.,miércoles,AUTOMOVIL,PARTICULAR,Conductor,Masculino,No,N/A,SOLO DAÑOS,Choque,No mantener distancia de seguridad,Carrera 48 Calle 25  Sur,LAS VEGAS,Urbana,"(6.185059174, -75.58329333)"
2160530,03/23/2016,8:50 p.m.,miércoles,AUTOMOVIL,PARTICULAR,Conductor,Femenino,No,N/A,SOLO DAÑOS,Choque,No mantener distancia de seguridad,Carrera 48 Calle 25  Sur,LAS VEGAS,Urbana,"(6.185059174, -75.58329333)"
2160529,03/23/2016,5:50 p.m.,miércoles,AUTOMOVIL,PARTICULAR,Conductor,Femenino,No,N/A,SOLO DAÑOS,Choque,Transitar entre vehiculos,Calle 39 D Sur Carrera 34 EE,EL SALADO,Urbana,
2160537,03/23/2016,5:00 p.m.,miércoles,MOTOCICLETA,PARTICULAR,Motociclista,Femenino,No,N/A,HERIDO,Choque,Desobedecer senales,Calle 38  Sur Carrera 46,ALCALA,Urbana,"(6.171966643, -75.591369743)"
2160528,03/23/2016,4:00 p.m.,miércoles,AUTOMOVIL,PARTICULAR,Conductor,Femenino,No,N/A,SOLO DAÑOS,Choque,Otra,Carrera 40 Calle 38 A Sur,ZONA CENTRO,Urbana,"(6.167977811, -75.586279404)"
2160528,03/23/2016,4:00 p.m.,miércoles,CAMION,PUBLICO,Conductor,Masculino,No,N/A,SOLO DAÑOS,Choque,Otra,Carrera 40 Calle 38 A Sur,ZONA CENTRO,Urbana,"(6.167977811, -75.586279404)"
2160526,03/23/2016,2:40 p.m.,miércoles,AUTOMOVIL,PARTICULAR,Conductor,Masculino,No,N/A,SOLO DAÑOS,Choque,Otra,Calle 39 A Sur Carrera 29 A,SAN JOSE,Urbana,"(6.163394225, -75.581281799)"
2160526,03/23/2016,2:40 p.m.,miércoles,AUTOMOVIL,PARTICULAR,Conductor,Masculino,No,N/A,SOLO DAÑOS,Choque,Otra,Calle 39 A Sur Carrera 29 A,SAN JOSE,Urbana,"(6.163394225, -75.581281799)"
2160562,03/23/2016,2:30 p.m.,miércoles,MOTOCICLETA,PARTICULAR,Motociclista,Masculino,No,N/A,SOLO DAÑOS,Choque,Adelantar en zona prohibida,Carrera 48 Calle 30  Sur,LAS VEGAS,Urbana,"(6.179366643, -75.588084104)"
2160562,03/23/2016,2:30 p.m.,miércoles,MOTOCICLETA,PARTICULAR,Motociclista,Masculino,No,N/A,SOLO DAÑOS,Choque,Adelantar en zona prohibida,Carrera 48 Calle 30  Sur,LAS VEGAS,Urbana,"(6.179366643, -75.588084104)"
2160555,03/23/2016,1:40 p.m.,miércoles,AUTOMOVIL,PARTICULAR,Conductor,Masculino,No,N/A,HERIDO,Atropello,Poner en marcha un vehiculo sin precauci,Carrera 49 Calle 39 A Sur,LAS VEGAS,Urbana,"(6.173609359, -75.597070569)"
2160555,03/23/2016,1:40 p.m.,miércoles,TRACTOCAMION,PUBLICO,Conductor,Masculino,No,N/A,HERIDO,Atropello,Poner en marcha un vehiculo sin precauci,Carrera 49 Calle 39 A Sur,LAS VEGAS,Urbana,"(6.173609359, -75.597070569)"
2160555,03/23/2016,1:40 p.m.,miércoles,BUS,PUBLICO,Conductor,Masculino,No,N/A,HERIDO,Atropello,Poner en marcha un vehiculo sin precauci,Carrera 49 Calle 39 A Sur,LAS VEGAS,Urbana,"(6.173609359, -75.597070569)"
2160570,03/23/2016,1:10 p.m.,miércoles,AUTOMOVIL,PARTICULAR,Conductor,Masculino,No,N/A,HERIDO,Atropello,Cruzar sin observar,Tramo 372 Kilometro  16,VEREDA PALMAS,Rural,
2160524,03/23/2016,1:00 p.m.,miércoles,MICROBUS,PUBLICO,Conductor,Masculino,No,N/A,SOLO DAÑOS,Choque,No mantener distancia de seguridad,Carrera 48 Calle 49  Sur,LAS VEGAS,Urbana,"(6.162978079, -75.602401613)"
2160524,03/23/2016,1:00 p.m.,miércoles,CAMIONETA,PARTICULAR,Conductor,Femenino,No,N/A,SOLO DAÑOS,Choque,No mantener distancia de seguridad,Carrera 48 Calle 49  Sur,LAS VEGAS,Urbana,"(6.162978079, -75.602401613)"
2160532,03/23/2016,11:15 a.m.,miércoles,AUTOMOVIL,PARTICULAR,Conductor,Masculino,No,N/A,SOLO DAÑOS,Choque,No mantener distancia de seguridad,Carrera 42 Calle 44  Sur,EL DORADO,Urbana,
2160532,03/23/2016,11:15 a.m.,miércoles,AUTOMOVIL,PARTICULAR,Conductor,Masculino,No,N/A,SOLO DAÑOS,Choque,No mantener distancia de seguridad,Carrera 42 Calle 44  Sur,EL DORADO,Urbana,
2160495,03/23/2016,9:50 a.m.,miércoles,MOTOCICLETA,PARTICULAR,Motociclista,Masculino,No,N/A,HERIDO,Choque,Otra,Transversal 34  Sur Diagonal 33,LA MAGNOLIA,Urbana,"(6.172688175, -75.583934203)"
2160495,03/23/2016,9:50 a.m.,miércoles,CAMIONETA,PARTICULAR,Conductor,Femenino,No,N/A,HERIDO,Choque,Otra,Transversal 34  Sur Diagonal 33,LA MAGNOLIA,Urbana,"(6.172688175, -75.583934203)"
2160549,03/23/2016,9:00 a.m.,miércoles,MICROBUS,PUBLICO,Conductor,Masculino,No,N/A,HERIDO,Choque,Desobedecer senales,Carrera 46 Calle 39  Sur,ALCALA,Urbana,"(6.170504216, -75.592518737)"
2160549,03/23/2016,9:00 a.m.,miércoles,MOTOCICLETA,PARTICULAR,Motociclista,Masculino,No,N/A,HERIDO,Choque,Desobedecer senales,Carrera 46 Calle 39  Sur,ALCALA,Urbana,"(6.170504216, -75.592518737)"
2160544,03/23/2016,8:00 a.m.,miércoles,MOTOCICLETA,PARTICULAR,Motociclista,Masculino,No,N/A,HERIDO,Choque,Semaforo en rojo,Calle 38  Sur Carrera 31,MESA,Urbana,"(6.165577674, -75.581121822)"
2160544,03/23/2016,8:00 a.m.,miércoles,CAMIONETA,PUBLICO,Conductor,Masculino,No,N/A,HERIDO,Choque,Semaforo en rojo,Calle 38  Sur Carrera 31,MESA,Urbana,"(6.165577674, -75.581121822)"
2160527,03/23/2016,6:45 a.m.,miércoles,CAMION,PARTICULAR,Conductor,Masculino,No,N/A,SOLO DAÑOS,Choque,Otra,Carrera 50 Calle 37  Sur,LAS VEGAS,Urbana,
2160527,03/23/2016,6:45 a.m.,miércoles,AUTOMOVIL,PARTICULAR,Conductor,Masculino,No,N/A,SOLO DAÑOS,Choque,Otra,Carrera 50 Calle 37  Sur,LAS VEGAS,Urbana,
2160545,03/22/2016,3:15 p.m.,martes,CAMIONETA,PARTICULAR,Conductor,Masculino,No,N/A,SOLO DAÑOS,Choque,No mantener distancia de seguridad,Carrera 50 Calle 25 AA Sur,LAS VEGAS,Urbana,"(6.18564452, -75.586338909)"
2160577,03/22/2016,7:15 p.m.,martes,MOTOCICLETA,PARTICULAR,Motociclista,Masculino,No,N/A,HERIDO,Choque,No respetar prelacion,Calle 41  Sur Carrera 24 B,LA MINA,Urbana,"(6.152747542, -75.584448201)"
2160577,03/22/2016,7:15 p.m.,martes,MOTOCICLETA,PARTICULAR,Motociclista,Masculino,No,N/A,HERIDO,Choque,No respetar prelacion,Calle 41  Sur Carrera 24 B,LA MINA,Urbana,"(6.152747542, -75.584448201)"
2160522,03/22/2016,5:35 p.m.,martes,MOTOCICLETA,PARTICULAR,Motociclista,Masculino,No,N/A,SOLO DAÑOS,Choque,Otra,Carrera 48 Calle 25 AA Sur,LAS VEGAS,Urbana,"(6.183765745, -75.584690349)"
2160522,03/22/2016,5:35 p.m.,martes,AUTOMOVIL,PARTICULAR,Conductor,Masculino,No,N/A,SOLO DAÑOS,Choque,Otra,Carrera 48 Calle 25 AA Sur,LAS VEGAS,Urbana,"(6.183765745, -75.584690349)"
2160516,03/22/2016,4:30 p.m.,martes,MOTOCICLETA,PARTICULAR,Motociclista,Masculino,No,N/A,HERIDO,Caida Ocupante,Exceso de velocidad,Calle 36 D Sur Carrera 23,VEREDA EL ESCOBERO,Urbana,"(6.162479576, -75.570222573)"
2160520,03/22/2016,3:20 p.m.,martes,AUTOMOVIL,PARTICULAR,Conductor,Femenino,No,N/A,SOLO DAÑOS,Choque,Adelantar cerrando,Calle 37  Sur Carrera 35,MESA,Urbana,"(6.167699744, -75.582707548)"
2160520,03/22/2016,3:20 p.m.,martes,MICROBUS,PUBLICO,Conductor,Masculino,No,N/A,SOLO DAÑOS,Choque,Adelantar cerrando,Calle 37  Sur Carrera 35,MESA,Urbana,"(6.167699744, -75.582707548)"
2160545,03/22/2016,3:15 p.m.,martes,CAMIONETA,PARTICULAR,Conductor,Masculino,No,N/A,SOLO DAÑOS,Choque,No mantener distancia de seguridad,Carrera 50 Calle 25 AA Sur,LAS VEGAS,Urbana,"(6.18564452, -75.586338909)"
2160545,03/22/2016,3:15 p.m.,martes,CAMION,PUBLICO,Conductor,Masculino,No,N/A,SOLO DAÑOS,Choque,No mantener distancia de seguridad,Carrera 50 Calle 25 AA Sur,LAS VEGAS,Urbana,"(6.18564452, -75.586338909)"
2160517,03/22/2016,2:30 p.m.,martes,CAMIONETA,PARTICULAR,Conductor,Masculino,No,N/A,SOLO DAÑOS,Choque,Desobedecer senales,Calle 37  Sur Carrera 37,MESA,Urbana,"(6.168351775, -75.583769107)"
2160517,03/22/2016,2:30 p.m.,martes,AUTOMOVIL,PARTICULAR,Conductor,Femenino,No,N/A,SOLO DAÑOS,Choque,Desobedecer senales,Calle 37  Sur Carrera 37,MESA,Urbana,"(6.168351775, -75.583769107)"
2160518,03/22/2016,1:00 p.m.,martes,CAMION,PUBLICO,Conductor,Masculino,No,N/A,SOLO DAÑOS,Choque,Subirse al anden o vias peatonales,Carrera 42 Calle 40 H Sur,EL DORADO,Urbana,"(6.165677086, -75.590828042)"
2160518,03/22/2016,1:00 p.m.,martes,CAMPERO,PARTICULAR,Conductor,Femenino,No,N/A,SOLO DAÑOS,Choque,Subirse al anden o vias peatonales,Carrera 42 Calle 40 H Sur,EL DORADO,Urbana,"(6.165677086, -75.590828042)"
2160519,03/22/2016,11:45 a.m.,martes,Sin registro,PUBLICO,Conductor,Masculino,No,N/A,SOLO DAÑOS,Choque,Otra,Tramo 181 Kilometro  17,N/R,Rural,
2160519,03/22/2016,11:45 a.m.,martes,BUS,PUBLICO,Conductor,Masculino,No,N/A,SOLO DAÑOS,Choque,Otra,Tramo 181 Kilometro  17,N/R,Rural,
2160572,03/22/2016,11:35 a.m.,martes,AUTOMOVIL,PARTICULAR,Conductor,Masculino,No,N/A,HERIDO,Volcamiento,Exceso de velocidad,Tramo 372 Kilometro  6,VEREDA PALMAS,Rural,
2160558,03/22/2016,8:30 a.m.,martes,AUTOMOVIL,PARTICULAR,Conductor,Masculino,No,N/A,HERIDO,Choque,Otra,Calle 31  Sur Carrera 45,JARDINES,Urbana,"(6.17732964, -75.587025837)"
2160558,03/22/2016,8:30 a.m.,martes,MOTOCICLETA,PARTICULAR,Motociclista,Masculino,No,N/A,HERIDO,Choque,Otra,Calle 31  Sur Carrera 45,JARDINES,Urbana,"(6.17732964, -75.587025837)"
2160521,03/22/2016,8:30 a.m.,martes,AUTOMOVIL,PARTICULAR,Conductor,Masculino,No,N/A,SOLO DAÑOS,Choque,Otra,Carrera 48 Calle 19  Sur,LAS VEGAS,Urbana,"(6.187349001, -75.581535682)"
2160521,03/22/2016,8:30 a.m.,martes,AUTOMOVIL,PARTICULAR,Conductor,Femenino,No,N/A,SOLO DAÑOS,Choque,Otra,Carrera 48 Calle 19  Sur,LAS VEGAS,Urbana,"(6.187349001, -75.581535682)"
2160563,03/22/2016,8:10 a.m.,martes,BICICLETA,PARTICULAR,Ciclista,Masculino,No,N/A,HERIDO,Choque,Desobedecer senales,Calle 38 A Sur Carrera 34,MESA,Urbana,"(6.165984351, -75.583069447)"
2160563,03/22/2016,8:10 a.m.,martes,AUTOMOVIL,PARTICULAR,Conductor,Masculino,No,N/A,HERIDO,Choque,Desobedecer senales,Calle 38 A Sur Carrera 34,MESA,Urbana,"(6.165984351, -75.583069447)"
2160525,03/22/2016,8:00 a.m.,martes,MOTOCICLETA,PARTICULAR,Motociclista,Masculino,No,N/A,SOLO DAÑOS,Choque,Otra,Carrera 48 Calle 39 A Sur,LAS VEGAS,Urbana,"(6.17097263, -75.594313255)"
2160525,03/22/2016,8:00 a.m.,martes,AUTOMOVIL,PARTICULAR,Conductor,Masculino,No,N/A,SOLO DAÑOS,Choque,Otra,Carrera 48 Calle 39 A Sur,LAS VEGAS,Urbana,"(6.17097263, -75.594313255)"
2160523,03/22/2016,7:00 a.m.,martes,AUTOMOVIL,PARTICULAR,Conductor,Femenino,No,N/A,SOLO DAÑOS,Choque,Otra,Carrera 50 Calle 37  Sur,LAS VEGAS,Urbana,
2160523,03/22/2016,7:00 a.m.,martes,TRACTOCAMION,PUBLICO,Conductor,Masculino,No,N/A,SOLO DAÑOS,Choque,Otra,Carrera 50 Calle 37  Sur,LAS VEGAS,Urbana,
2160515,03/21/2016,8:50 a.m.,lunes,CAMPERO,PARTICULAR,Conductor,Femenino,No,N/A,SOLO DAÑOS,Choque,Desobedecer senales,Diagonal 32 D Transversal 34,OBRERO,Urbana,"(6.172908151, -75.583144415)"
2160513,03/21/2016,2:00 p.m.,lunes,AUTOMOVIL,PUBLICO,Conductor,Masculino,No,N/A,SOLO DAÑOS,Choque,No mantener distancia de seguridad,Carrera 43 A Calle 21  Sur,N/R,Urbana,"(6.183599544, -75.579409862)"
2160513,03/21/2016,2:00 p.m.,lunes,AUTOMOVIL,PARTICULAR,Conductor,Masculino,No,N/A,SOLO DAÑOS,Choque,No mantener distancia de seguridad,Carrera 43 A Calle 21  Sur,N/R,Urbana,"(6.183599544, -75.579409862)"
2160514,03/21/2016,11:06 a.m.,lunes,AUTOMOVIL,PARTICULAR,Conductor,Masculino,No,N/A,SOLO DAÑOS,Choque,No respetar prelacion,Tramo 372 Kilometro  56,VEREDA PALMAS,Rural,
2160514,03/21/2016,11:06 a.m.,lunes,AUTOMOVIL,PARTICULAR,Conductor,Masculino,No,N/A,SOLO DAÑOS,Choque,No respetar prelacion,Tramo 372 Kilometro  56,VEREDA PALMAS,Rural,
2160515,03/21/2016,8:50 a.m.,lunes,MOTOCICLETA,PARTICULAR,Motociclista,Masculino,No,N/A,SOLO DAÑOS,Choque,Desobedecer senales,Diagonal 32 D Transversal 34,OBRERO,Urbana,"(6.172908151, -75.583144415)"
2160569,03/20/2016,8:10 p.m.,domingo,MICROBUS,PUBLICO,Conductor,Masculino,No,N/A,HERIDO,Choque,Adelantar en zona prohibida,Tramo 372 Kilometro  17,VEREDA PALMAS,Rural,
2160505,03/20/2016,4:30 p.m.,domingo,AUTOMOVIL,PUBLICO,Conductor,Masculino,No,N/A,SOLO DAÑOS,Choque,No mantener distancia de seguridad,Carrera 48 Calle 39  Sur,LAS VEGAS,Urbana,"(6.17163722, -75.593649993)"
2160505,03/20/2016,4:30 p.m.,domingo,CAMIONETA,OFICIAL,Conductor,Masculino,No,N/A,SOLO DAÑOS,Choque,No mantener distancia de seguridad,Carrera 48 Calle 39  Sur,LAS VEGAS,Urbana,"(6.17163722, -75.593649993)"
2160507,03/20/2016,3:45 p.m.,domingo,AUTOMOVIL,PARTICULAR,Conductor,Masculino,No,N/A,SOLO DAÑOS,Choque,Subirse al anden o vias peatonales,Calle 24  Sur Carrera 42 B,LAS ORQUIDEAS,Urbana,"(6.180703067, -75.579967069)"
2160507,03/20/2016,3:45 p.m.,domingo,AUTOMOVIL,PUBLICO,Conductor,Masculino,No,N/A,SOLO DAÑOS,Choque,Subirse al anden o vias peatonales,Calle 24  Sur Carrera 42 B,LAS ORQUIDEAS,Urbana,"(6.180703067, -75.579967069)"
2160509,03/20/2016,11:30 a.m.,domingo,CAMIONETA,PARTICULAR,Conductor,Masculino,No,N/A,SOLO DAÑOS,Choque,No mantener distancia de seguridad,Carrera 50 Calle 39 B Sur,N/R,Urbana,
2160506,03/20/2016,3:39 p.m.,domingo,MOTOCICLETA,PARTICULAR,Motociclista,Masculino,No,N/A,SOLO DAÑOS,Choque,Otra,Calle 38 A Sur Carrera 43 A,ZONA CENTRO,Urbana,"(6.169807343, -75.589125359)"
2160508,03/20/2016,1:45 p.m.,domingo,AUTOMOVIL,PARTICULAR,Conductor,Masculino,No,N/A,SOLO DAÑOS,Choque,Otra,Carrera 48 Calle 49  Sur,LAS VEGAS,Urbana,"(6.162978079, -75.602401613)"
2160506,03/20/2016,3:39 p.m.,domingo,MOTOCICLETA,PARTICULAR,Motociclista,Femenino,No,N/A,SOLO DAÑOS,Choque,Otra,Calle 38 A Sur Carrera 43 A,ZONA CENTRO,Urbana,"(6.169807343, -75.589125359)"
2160508,03/20/2016,1:45 p.m.,domingo,CAMPERO,PARTICULAR,Conductor,Masculino,No,N/A,SOLO DAÑOS,Choque,Otra,Carrera 48 Calle 49  Sur,LAS VEGAS,Urbana,"(6.162978079, -75.602401613)"
2160509,03/20/2016,11:30 a.m.,domingo,MOTOCICLETA,PARTICULAR,Motociclista,Masculino,No,N/A,SOLO DAÑOS,Choque,No mantener distancia de seguridad,Carrera 50 Calle 39 B Sur,N/R,Urbana,
2160504,03/20/2016,11:42 p.m.,domingo,MOTOCICLETA,PARTICULAR,Motociclista,Masculino,No,N/A,SOLO DAÑOS,Choque,Desobedecer senales,Carrera 43 Calle 33  Sur,N/R,Urbana,"(6.173540656, -75.585683369)"
2160504,03/20/2016,11:42 p.m.,domingo,AUTOMOVIL,PARTICULAR,Conductor,Masculino,No,N/A,SOLO DAÑOS,Choque,Desobedecer senales,Carrera 43 Calle 33  Sur,N/R,Urbana,"(6.173540656, -75.585683369)"
2160569,03/20/2016,8:10 p.m.,domingo,MOTOCICLETA,PARTICULAR,Motociclista,Masculino,No,N/A,HERIDO,Choque,Adelantar en zona prohibida,Tramo 372 Kilometro  17,VEREDA PALMAS,Rural,
2160503,03/19/2016,1:30 p.m.,sábado,CAMIONETA,PARTICULAR,Conductor,Masculino,No,N/A,SOLO DAÑOS,Choque,No mantener distancia de seguridad,Tramo 372 Kilometro  13,VEREDA PALMAS,Rural,
2160512,03/19/2016,10:00 p.m.,sábado,CAMPERO,PARTICULAR,Conductor,Masculino,No,N/A,SOLO DAÑOS,Choque,No respetar prelacion,Carrera 42 Calle 36  Sur,ZONA CENTRO,Urbana,"(6.170966181, -75.586463499)"
2160512,03/19/2016,10:00 p.m.,sábado,AUTOMOVIL,PARTICULAR,Conductor,Femenino,No,N/A,SOLO DAÑOS,Choque,No respetar prelacion,Carrera 42 Calle 36  Sur,ZONA CENTRO,Urbana,"(6.170966181, -75.586463499)"
2160511,03/19/2016,9:40 p.m.,sábado,AUTOMOVIL,PUBLICO,Conductor,Masculino,No,N/A,SOLO DAÑOS,Choque,No mantener distancia de seguridad,Transversal 32 A Sur Diagonal 31,N/R,Urbana,"(6.176205136, -75.581005959)"
2160511,03/19/2016,9:40 p.m.,sábado,CAMIONETA,PUBLICO,Conductor,Masculino,No,N/A,SOLO DAÑOS,Choque,No mantener distancia de seguridad,Transversal 32 A Sur Diagonal 31,N/R,Urbana,"(6.176205136, -75.581005959)"
2160496,03/19/2016,9:12 p.m.,sábado,MOTOCICLETA,PARTICULAR,Motociclista,Masculino,No,N/A,SOLO DAÑOS,Choque,Otra,Carrera 43 A Calle 21  Sur,N/R,Urbana,"(6.183599544, -75.579409862)"
2160496,03/19/2016,9:12 p.m.,sábado,AUTOMOVIL,PARTICULAR,Conductor,Sin registro,No,N/A,SOLO DAÑOS,Choque,Otra,Carrera 43 A Calle 21  Sur,N/R,Urbana,"(6.183599544, -75.579409862)"
2160496,03/19/2016,9:12 p.m.,sábado,CAMION,PUBLICO,Conductor,Masculino,No,N/A,SOLO DAÑOS,Choque,Otra,Carrera 43 A Calle 21  Sur,N/R,Urbana,"(6.183599544, -75.579409862)"
2160557,03/19/2016,8:00 p.m.,sábado,MOTOCICLETA,PARTICULAR,Motociclista,Masculino,No,N/A,HERIDO,Atropello,Semaforo en rojo,Calle 38 A Sur Carrera 42,ZONA CENTRO,Urbana,"(6.169022232, -75.587722385)"
2160551,03/19/2016,6:00 p.m.,sábado,MOTOCICLETA,PARTICULAR,Motociclista,Masculino,No,N/A,HERIDO,Choque,Desobedecer senales,Calle 40 F Sur Carrera 36,N/R,Urbana,"(6.16111564, -75.584770078)"
2160551,03/19/2016,6:00 p.m.,sábado,AUTOMOVIL,PUBLICO,Conductor,Masculino,No,N/A,HERIDO,Choque,Desobedecer senales,Calle 40 F Sur Carrera 36,N/R,Urbana,"(6.16111564, -75.584770078)"
2160500,03/19/2016,4:10 p.m.,sábado,AUTOMOVIL,PARTICULAR,Conductor,Masculino,No,N/A,SOLO DAÑOS,Choque,No mantener distancia de seguridad,Carrera 40 Calle 38 A Sur,ZONA CENTRO,Urbana,"(6.167977811, -75.586279404)"
2160510,03/19/2016,4:00 p.m.,sábado,MOTOCICLETA,PARTICULAR,Motociclista,Masculino,No,N/A,SOLO DAÑOS,Choque,Adelantar en zona prohibida,Tramo 372 Kilometro  7,VEREDA PALMAS,Rural,
2160510,03/19/2016,4:00 p.m.,sábado,AUTOMOVIL,PARTICULAR,Conductor,Femenino,No,N/A,SOLO DAÑOS,Choque,Adelantar en zona prohibida,Tramo 372 Kilometro  7,VEREDA PALMAS,Rural,
2160564,03/19/2016,3:37 p.m.,sábado,CAMION,OFICIAL,Conductor,Masculino,No,N/A,HERIDO,Choque,Semaforo en rojo,Calle 37  Sur Carrera 35,LOS NARANJOS,Urbana,"(6.167699744, -75.582707548)"
2160564,03/19/2016,3:37 p.m.,sábado,MOTOCICLETA,PARTICULAR,Motociclista,Masculino,No,N/A,HERIDO,Choque,Semaforo en rojo,Calle 37  Sur Carrera 35,LOS NARANJOS,Urbana,"(6.167699744, -75.582707548)"
2160561,03/19/2016,2:10 p.m.,sábado,AUTOMOVIL,PARTICULAR,Conductor,Femenino,No,N/A,SOLO DAÑOS,Choque,No mantener distancia de seguridad,Calle 38  Sur Carrera 31,MESA,Urbana,"(6.165577674, -75.581121822)"
2160561,03/19/2016,2:10 p.m.,sábado,CAMIONETA,PARTICULAR,Conductor,Femenino,No,N/A,SOLO DAÑOS,Choque,No mantener distancia de seguridad,Calle 38  Sur Carrera 31,MESA,Urbana,"(6.165577674, -75.581121822)"
2160498,03/19/2016,2:10 p.m.,sábado,AUTOMOVIL,PARTICULAR,Conductor,Femenino,No,N/A,SOLO DAÑOS,Choque,Otra,Transversal 34 B Sur Diagonal 32,OBRERO,Urbana,"(6.172661268, -75.581446894)"
2160498,03/19/2016,2:10 p.m.,sábado,MOTOCICLETA,PARTICULAR,Motociclista,Masculino,No,N/A,SOLO DAÑOS,Choque,Otra,Transversal 34 B Sur Diagonal 32,OBRERO,Urbana,"(6.172661268, -75.581446894)"
2160480,03/19/2016,1:45 p.m.,sábado,CAMION,PUBLICO,Conductor,Masculino,No,N/A,HERIDO,Choque,Otra,Carrera 33 Calle 39  Sur,MESA,Urbana,"(6.164867486, -75.582946666)"
2160480,03/19/2016,1:45 p.m.,sábado,MOTOCICLETA,PARTICULAR,Motociclista,Masculino,No,N/A,HERIDO,Choque,Otra,Carrera 33 Calle 39  Sur,MESA,Urbana,"(6.164867486, -75.582946666)"
2160499,03/19/2016,1:40 p.m.,sábado,AUTOMOVIL,PARTICULAR,Conductor,Femenino,No,N/A,SOLO DAÑOS,Choque,No respetar prelacion,Calle 39 D Sur Carrera 34 A,MESA,Urbana,
2160499,03/19/2016,1:40 p.m.,sábado,MOTOCICLETA,PARTICULAR,Motociclista,Femenino,No,N/A,SOLO DAÑOS,Choque,No respetar prelacion,Calle 39 D Sur Carrera 34 A,MESA,Urbana,
2160503,03/19/2016,1:30 p.m.,sábado,AUTOMOVIL,PARTICULAR,Conductor,Femenino,No,N/A,SOLO DAÑOS,Choque,No mantener distancia de seguridad,Tramo 372 Kilometro  13,VEREDA PALMAS,Rural,