RADICADO,FECHA,HORA,DÍA DE LA SEMANA,CLASE DE VEHICULO,TIPO DE SERVICIO,TIPO DE VICTIMA,SEXO,ESTADO DE BEODEZ,RESULTADO DE BEODEZ,GRAVEDAD,CLASE DE ACCIDENTE,CAUSA,DIRECCIÓN,BARRIO,AREA,Coordenadas
2160372,03/09/2016,7:45 a.m.,miércoles,AUTOMOVIL,PARTICULAR,Conductor,Femenino,No,N/A,SOLO DAÑOS,Choque,Adelantar cerrando,Carrera 46 Calle 22 A Sur,ZU├æIGA,Urbana,"(6.183646796, -75.582343052)"
2160377,03/09/2016,6:50 a.m.,miércoles,CAMIONETA,PUBLICO,Conductor,Masculino,No,N/A,SOLO DAÑOS,Choque,Otra,Diagonal 33 Transversal 34 DD Sur,LOS NARANJOS,Urbana,"(6.170034519, -75.582712453)"
2160377,03/09/2016,6:50 a.m.,miércoles,AUTOMOVIL,PARTICULAR,Conductor,Masculino,No,N/A,SOLO DAÑOS,Choque,Otra,Diagonal 33 Transversal 34 DD Sur,LOS NARANJOS,Urbana,"(6.170034519, -75.582712453)"
2160373,03/09/2016,6:45 a.m.,miércoles,CAMIONETA,PUBLICO,Conductor,Masculino,No,N/A,SOLO DAÑOS,Choque,Subirse al anden o vias peatonales,Carrera 40 A Calle 37  Sur,ZONA CENTRO,Urbana,"(6.169546916, -75.585857233)"
2160373,03/09/2016,6:45 a.m.,miércoles,CAMION,PUBLICO,Conductor,Masculino,No,N/A,SOLO DAÑOS,Choque,Subirse al anden o vias peatonales,Carrera 40 A Calle 37  Sur,ZONA CENTRO,Urbana,"(6.169546916, -75.585857233)"
2160379,03/09/2016,6:30 a.m.,miércoles,AUTOMOVIL,PARTICULAR,Conductor,Masculino,No,N/A,SOLO DAÑOS,Choque,No mantener distancia de seguridad,Calle 37  Sur Carrera 50,N/R,Urbana,
2160411,03/09/2016,8:40 p.m.,miércoles,CAMIONETA,PARTICULAR,Conductor,Femenino,No,N/A,SOLO DAÑOS,Choque,No respetar prelacion,Calle 21  Sur Carrera 40,N/R,Urbana,
2160379,03/09/2016,6:30 a.m.,miércoles,AUTOMOVIL,PARTICULAR,Conductor,Masculino,No,N/A,SOLO DAÑOS,Choque,No mantener distancia de seguridad,Calle 37  Sur Carrera 50,N/R,Urbana,
2160411,03/09/2016,8:40 p.m.,miércoles,AUTOMOVIL,PARTICULAR,Conductor,Masculino,No,N/A,SOLO DAÑOS,Choque,No respetar prelacion,Calle 21  Sur Carrera 40,N/R,Urbana,
2160387,03/09/2016,10:20 p.m.,miércoles,MOTOCICLETA,PARTICULAR,Motociclista,Masculino,No,N/A,SOLO DAÑOS,Choque,Otra,Calle 25  Sur Carrera 49,N/R,Urbana,
2160386,03/09/2016,4:40 p.m.,miércoles,CAMION,PUBLICO,Conductor,Masculino,No,N/A,SOLO DAÑOS,Choque,No respetar prelacion,Calle 30  Sur Carrera 50,LAS VEGAS,Urbana,
2160386,03/09/2016,4:40 p.m.,miércoles,CAMION,PUBLICO,Conductor,Masculino,No,N/A,SOLO DAÑOS,Choque,No respetar prelacion,Calle 30  Sur Carrera 50,LAS VEGAS,Urbana,
2160387,03/09/2016,10:20 p.m.,miércoles,AUTOMOVIL,PARTICULAR,Conductor,Masculino,No,N/A,SOLO DAÑOS,Choque,Otra,Calle 25  Sur Carrera 49,N/R,Urbana,
2160374,03/09/2016,6:10 a.m.,miércoles,AUTOMOVIL,PARTICULAR,Conductor,Femenino,No,N/A,SOLO DAÑOS,Choque,Adelantar cerrando,Carrera 49 Calle 25 AA Sur,LAS VEGAS,Urbana,"(6.18641241, -75.585062957)"
2160374,03/09/2016,6:10 a.m.,miércoles,CAMION,PUBLICO,Conductor,Masculino,No,N/A,SOLO DAÑOS,Choque,Adelantar cerrando,Carrera 49 Calle 25 AA Sur,LAS VEGAS,Urbana,"(6.18641241, -75.585062957)"
2160371,03/09/2016,8:10 p.m.,miércoles,MOTOCICLETA,PARTICULAR,Motociclista,Masculino,No,N/A,SOLO DAÑOS,Choque,No mantener distancia de seguridad,Carrera 27 G Calle 36 D Sur,VEREDA EL ESCOBERO,Urbana,"(6.166212839, -75.576914109)"
2160371,03/09/2016,8:10 p.m.,miércoles,AUTOMOVIL,PARTICULAR,Conductor,Masculino,No,N/A,SOLO DAÑOS,Choque,No mantener distancia de seguridad,Carrera 27 G Calle 36 D Sur,VEREDA EL ESCOBERO,Urbana,"(6.166212839, -75.576914109)"
2160376,03/09/2016,7:30 p.m.,miércoles,MOTOCICLETA,PARTICULAR,Motociclista,Masculino,No,N/A,HERIDO,Choque,Exceso de velocidad,Carrera 48 Calle 50  Sur,LAS VEGAS,Urbana,
2160375,03/09/2016,6:20 p.m.,miércoles,AUTOMOVIL,PARTICULAR,Conductor,Masculino,No,N/A,SOLO DAÑOS,Choque,Desobedecer senales,Calle 34  Sur Carrera 46,ALCALA,Urbana,"(6.174946606, -75.589963425)"
2160375,03/09/2016,6:20 p.m.,miércoles,MOTOCICLETA,DIPLOMATICO,Motociclista,Masculino,No,N/A,SOLO DAÑOS,Choque,Desobedecer senales,Calle 34  Sur Carrera 46,ALCALA,Urbana,"(6.174946606, -75.589963425)"
2160351,03/08/2016,6:20 a.m.,martes,BUSETA,PUBLICO,Conductor,Masculino,No,N/A,SOLO DAÑOS,Choque,Adelantar cerrando,Carrera 48 Calle 40  Sur,LAS VEGAS,Urbana,"(6.168855316, -75.596887667)"
2160369,03/08/2016,5:20 p.m.,martes,MOTOCICLETA,PARTICULAR,Motociclista,Masculino,No,N/A,HERIDO,Choque,No mantener distancia de seguridad,Carrera 43 A Calle 23  Sur,ZU├æIGA,Urbana,"(6.182555831, -75.580177931)"
2160369,03/08/2016,5:20 p.m.,martes,MOTOCICLETA,PARTICULAR,Motociclista,Femenino,No,N/A,HERIDO,Choque,No mantener distancia de seguridad,Carrera 43 A Calle 23  Sur,ZU├æIGA,Urbana,"(6.182555831, -75.580177931)"
2160367,03/08/2016,5:00 p.m.,martes,MOTOCICLETA,PARTICULAR,Motociclista,Masculino,No,N/A,SOLO DAÑOS,Choque,Otra,Carrera 42 Calle 38 A Sur,ZONA CENTRO,Urbana,"(6.168903475, -75.587695784)"
2160367,03/08/2016,5:00 p.m.,martes,MOTOCICLETA,PARTICULAR,Motociclista,Masculino,No,N/A,SOLO DAÑOS,Choque,Otra,Carrera 42 Calle 38 A Sur,ZONA CENTRO,Urbana,"(6.168903475, -75.587695784)"
2160367,03/08/2016,5:00 p.m.,martes,AUTOMOVIL,DIPLOMATICO,Conductor,Masculino,No,N/A,SOLO DAÑOS,Choque,Otra,Carrera 42 Calle 38 A Sur,ZONA CENTRO,Urbana,"(6.168903475, -75.587695784)"
2160358,03/08/2016,2:50 p.m.,martes,CAMIONETA,PARTICULAR,Conductor,Femenino,No,N/A,SOLO DAÑOS,Choque,Otra,Carrera 40 A Calle 40 DD Sur,EL DORADO,Urbana,"(6.165262871, -75.588962253)"
2160358,03/08/2016,2:50 p.m.,martes,CAMIONETA,PARTICULAR,Conductor,Masculino,No,N/A,SOLO DAÑOS,Choque,Otra,Carrera 40 A Calle 40 DD Sur,EL DORADO,Urbana,"(6.165262871, -75.588962253)"
2160353,03/08/2016,2:30 p.m.,martes,MOTOCICLETA,PARTICULAR,Motociclista,Masculino,No,N/A,SOLO DAÑOS,Choque,Exceso de velocidad,Carrera 50 Calle 26  Sur,LAS VEGAS,Urbana,"(6.184812544, -75.586911093)"
2160362,03/08/2016,2:20 p.m.,martes,MOTOCICLETA,PARTICULAR,Motociclista,Femenino,No,N/A,HERIDO,Choque,Transitar entre vehiculos,Calle 40  Sur Carrera 43,ALCALA,Urbana,"(6.167965983, -75.590242146)"
2160362,03/08/2016,2:20 p.m.,martes,AUTOMOVIL,PUBLICO,Conductor,Masculino,No,N/A,HERIDO,Choque,Transitar entre vehiculos,Calle 40  Sur Carrera 43,ALCALA,Urbana,"(6.167965983, -75.590242146)"
2160357,03/08/2016,1:00 p.m.,martes,AUTOMOVIL,PARTICULAR,Conductor,Masculino,No,N/A,SOLO DAÑOS,Choque,Adelantar cerrando,Carrera 48 Calle 26  Sur,LAS VEGAS,Urbana,"(6.183318111, -75.585537184)"
2160357,03/08/2016,1:00 p.m.,martes,AUTOMOVIL,PARTICULAR,Conductor,Masculino,No,N/A,SOLO DAÑOS,Choque,Adelantar cerrando,Carrera 48 Calle 26  Sur,LAS VEGAS,Urbana,"(6.183318111, -75.585537184)"
2160343,03/08/2016,10:30 a.m.,martes,CAMIONETA,PARTICULAR,Conductor,Masculino,No,N/A,SOLO DAÑOS,Choque,Otra,Calle 36  Sur Carrera 23,EL CHOCHO,Urbana,"(6.167434238, -75.562958954)"
2160370,03/08/2016,7:55 a.m.,martes,AUTOMOVIL,PARTICULAR,Conductor,Masculino,No,N/A,HERIDO,Choque,No mantener distancia de seguridad,Calle 33 B Sur Carrera 43 A,SAN MARCOS,Urbana,"(6.173429457, -75.586716615)"
2160370,03/08/2016,7:55 a.m.,martes,MOTOCICLETA,PARTICULAR,Motociclista,Masculino,No,N/A,HERIDO,Choque,No mantener distancia de seguridad,Calle 33 B Sur Carrera 43 A,SAN MARCOS,Urbana,"(6.173429457, -75.586716615)"
2160342,03/08/2016,7:45 a.m.,martes,MOTOCICLETA,PARTICULAR,Motociclista,Masculino,No,N/A,SOLO DAÑOS,Choque,No mantener distancia de seguridad,Carrera 50 Calle 26  Sur,LAS VEGAS,Urbana,"(6.184812544, -75.586911093)"
2160342,03/08/2016,7:45 a.m.,martes,MOTOCICLETA,PARTICULAR,Motociclista,Masculino,No,N/A,SOLO DAÑOS,Choque,No mantener distancia de seguridad,Carrera 50 Calle 26  Sur,LAS VEGAS,Urbana,"(6.184812544, -75.586911093)"
2160356,03/08/2016,6:35 a.m.,martes,AUTOMOVIL,PARTICULAR,Conductor,Masculino,No,N/A,SOLO DAÑOS,Choque,Adelantar cerrando,Carrera 49 Calle 39  Sur,LAS VEGAS,Urbana,"(6.173609359, -75.597070569)"
2160356,03/08/2016,6:35 a.m.,martes,Sin registro,PUBLICO,Conductor,Masculino,No,N/A,SOLO DAÑOS,Choque,Adelantar cerrando,Carrera 49 Calle 39  Sur,LAS VEGAS,Urbana,"(6.173609359, -75.597070569)"
2160351,03/08/2016,6:20 a.m.,martes,CAMPERO,PARTICULAR,Conductor,Masculino,No,N/A,SOLO DAÑOS,Choque,Adelantar cerrando,Carrera 48 Calle 40  Sur,LAS VEGAS,Urbana,"(6.168855316, -75.596887667)"
2160349,03/07/2016,9:50 p.m.,lunes,MOTOCICLETA,PARTICULAR,Motociclista,Femenino,No,N/A,HERIDO,Choque,No mantener distancia de seguridad,Carrera 48 Calle 40  Sur,ALCALA,Urbana,"(6.168855316, -75.596887667)"
2160349,03/07/2016,9:50 p.m.,lunes,CAMION,PUBLICO,Conductor,Masculino,No,N/A,HERIDO,Choque,No mantener distancia de seguridad,Carrera 48 Calle 40  Sur,ALCALA,Urbana,"(6.168855316, -75.596887667)"
2160365,03/07/2016,7:20 p.m.,lunes,BICICLETA,PARTICULAR,Ciclista,Masculino,No,N/A,HERIDO,Choque,Adelantar cerrando,Carrera 43 A Calle 45  Sur,AVENIDA EL POBLADO,Urbana,"(6.165116925, -75.594483161)"
2160365,03/07/2016,7:20 p.m.,lunes,MOTOCICLETA,PARTICULAR,Motociclista,Masculino,No,N/A,HERIDO,Choque,Adelantar cerrando,Carrera 43 A Calle 45  Sur,AVENIDA EL POBLADO,Urbana,"(6.165116925, -75.594483161)"
2160352,03/07/2016,6:50 p.m.,lunes,AUTOMOVIL,PUBLICO,Conductor,Masculino,No,N/A,SOLO DAÑOS,Choque,Desobedecer senales,Calle 40 F Sur Carrera 40 A,EL DORADO,Urbana,"(6.164811069, -75.58956509)"
2160352,03/07/2016,6:50 p.m.,lunes,AUTOMOVIL,PARTICULAR,Conductor,Masculino,No,N/A,SOLO DAÑOS,Choque,Desobedecer senales,Calle 40 F Sur Carrera 40 A,EL DORADO,Urbana,"(6.164811069, -75.58956509)"
2160368,03/07/2016,4:00 p.m.,lunes,AUTOMOVIL,PARTICULAR,Conductor,Masculino,No,N/A,HERIDO,Choque,No mantener distancia de seguridad,Carrera 43 A Calle 39  Sur,ZONA CENTRO,Urbana,"(6.169011071, -75.589484903)"
2160368,03/07/2016,4:00 p.m.,lunes,MOTOCICLETA,PARTICULAR,Motociclista,Masculino,No,N/A,HERIDO,Choque,No mantener distancia de seguridad,Carrera 43 A Calle 39  Sur,ZONA CENTRO,Urbana,"(6.169011071, -75.589484903)"
2160338,03/07/2016,4:00 p.m.,lunes,AUTOMOVIL,PARTICULAR,Conductor,Femenino,No,N/A,SOLO DAÑOS,Choque,Adelantar en zona prohibida,Calle 39  Sur Carrera 34,MESA,Urbana,"(6.16529284, -75.583477961)"
2160338,03/07/2016,4:00 p.m.,lunes,MOTOCICLETA,PARTICULAR,Motociclista,Masculino,No,N/A,SOLO DAÑOS,Choque,Adelantar en zona prohibida,Calle 39  Sur Carrera 34,MESA,Urbana,"(6.16529284, -75.583477961)"
2160331,03/07/2016,3:30 p.m.,lunes,BUS,PUBLICO,Conductor,Masculino,No,N/A,SOLO DAÑOS,Choque,No mantener distancia de seguridad,Calle 40  Sur Carrera 46,ALCALA,Urbana,"(6.169002847, -75.593900174)"
2160331,03/07/2016,3:30 p.m.,lunes,MICROBUS,PUBLICO,Conductor,Masculino,No,N/A,SOLO DAÑOS,Choque,No mantener distancia de seguridad,Calle 40  Sur Carrera 46,ALCALA,Urbana,"(6.169002847, -75.593900174)"
2160359,03/07/2016,2:40 p.m.,lunes,CAMIONETA,PUBLICO,Conductor,Masculino,No,N/A,SOLO DAÑOS,Choque,Poner en marcha un vehiculo sin precauci,Carrera 48 A Calle 26  Sur,N/R,Urbana,
2160359,03/07/2016,2:40 p.m.,lunes,AUTOMOVIL,PARTICULAR,Conductor,Masculino,No,N/A,SOLO DAÑOS,Choque,Poner en marcha un vehiculo sin precauci,Carrera 48 A Calle 26  Sur,N/R,Urbana,
2160364,03/07/2016,2:20 p.m.,lunes,MOTOCICLETA,PARTICULAR,Motociclista,Masculino,No,N/A,HERIDO,Choque,Transitar entre vehiculos,Carrera 50 Calle 36  Sur,LAS VEGAS,Urbana,
2160364,03/07/2016,2:20 p.m.,lunes,AUTOMOVIL,PUBLICO,Conductor,Masculino,No,N/A,HERIDO,Choque,Transitar entre vehiculos,Carrera 50 Calle 36  Sur,LAS VEGAS,Urbana,
2160366,03/07/2016,2:10 p.m.,lunes,BUS,PUBLICO,Conductor,Masculino,No,N/A,SOLO DAÑOS,Choque,No mantener distancia de seguridad,Carrera 43 A Calle 46  Sur,AVENIDA EL POBLADO,Urbana,"(6.164030981, -75.595992633)"
2160366,03/07/2016,2:10 p.m.,lunes,AUTOMOVIL,PARTICULAR,Conductor,Femenino,No,N/A,SOLO DAÑOS,Choque,No mantener distancia de seguridad,Carrera 43 A Calle 46  Sur,AVENIDA EL POBLADO,Urbana,"(6.164030981, -75.595992633)"
2160339,03/07/2016,1:20 p.m.,lunes,AUTOMOVIL,PARTICULAR,Conductor,Masculino,No,N/A,SOLO DAÑOS,Choque,Otra,Calle 46  Sur Carrera 45,PRIMAVERA,Urbana,
2160340,03/07/2016,12:10 p.m.,lunes,AUTOMOVIL,PARTICULAR,Conductor,Femenino,Si,3,SOLO DAÑOS,Choque,Embriaguez o droga,Carrera 40 Calle 48 B Sur,EL SALADO,Urbana,"(6.158358186, -75.595261486)"
2160340,03/07/2016,12:10 p.m.,lunes,MOTOCICLETA,PARTICULAR,Motociclista,Masculino,No,N/A,SOLO DAÑOS,Choque,Embriaguez o droga,Carrera 40 Calle 48 B Sur,EL SALADO,Urbana,"(6.158358186, -75.595261486)"
2160360,03/07/2016,10:50 a.m.,lunes,AUTOMOVIL,PARTICULAR,Conductor,Masculino,No,N/A,HERIDO,Choque,No respetar prelacion,Carrera 48 Calle 30  Sur,EL PORTAL,Urbana,"(6.179366643, -75.588084104)"
2160360,03/07/2016,10:50 a.m.,lunes,AUTOMOVIL,PARTICULAR,Conductor,Masculino,No,N/A,HERIDO,Choque,No respetar prelacion,Carrera 48 Calle 30  Sur,EL PORTAL,Urbana,"(6.179366643, -75.588084104)"
2160360,03/07/2016,10:50 a.m.,lunes,BUSETA,PUBLICO,Conductor,Masculino,No,N/A,HERIDO,Choque,No respetar prelacion,Carrera 48 Calle 30  Sur,EL PORTAL,Urbana,"(6.179366643, -75.588084104)"
2160329,03/07/2016,10:40 a.m.,lunes,CAMION,PUBLICO,Conductor,Masculino,No,N/A,SOLO DAÑOS,Choque,Otra,Carrera 48 Calle 29  Sur,LAS VEGAS,Urbana,"(6.180442532, -75.587813535)"
2160329,03/07/2016,10:40 a.m.,lunes,AUTOMOVIL,PARTICULAR,Conductor,Masculino,No,N/A,SOLO DAÑOS,Choque,Otra,Carrera 48 Calle 29  Sur,LAS VEGAS,Urbana,"(6.180442532, -75.587813535)"
2160328,03/07/2016,7:20 a.m.,lunes,AUTOMOVIL,PARTICULAR,Conductor,Masculino,No,N/A,SOLO DAÑOS,Choque,Otra,Diagonal 30 Transversal 34 D Sur,LA PRADERA,Urbana,"(6.1718058, -75.578268528)"
2160328,03/07/2016,7:20 a.m.,lunes,AUTOMOVIL,PARTICULAR,Conductor,Masculino,No,N/A,SOLO DAÑOS,Choque,Otra,Diagonal 30 Transversal 34 D Sur,LA PRADERA,Urbana,"(6.1718058, -75.578268528)"
2160328,03/07/2016,7:20 a.m.,lunes,CAMION,PUBLICO,Conductor,Masculino,No,N/A,SOLO DAÑOS,Choque,Otra,Diagonal 30 Transversal 34 D Sur,LA PRADERA,Urbana,"(6.1718058, -75.578268528)"
2160327,03/07/2016,6:50 a.m.,lunes,AUTOMOVIL,PARTICULAR,Conductor,Femenino,No,N/A,SOLO DAÑOS,Choque,Otra,Tramo 372 Kilometro  8,VEREDA PALMAS,Rural,
2160327,03/07/2016,6:50 a.m.,lunes,BUSETA,PUBLICO,Conductor,Masculino,No,N/A,SOLO DAÑOS,Choque,Otra,Tramo 372 Kilometro  8,VEREDA PALMAS,Rural,
2160326,03/07/2016,6:30 a.m.,lunes,AUTOMOVIL,PARTICULAR,Conductor,Masculino,No,N/A,SOLO DAÑOS,Choque,No mantener distancia de seguridad,Carrera 50 Calle 32 B Sur,LAS VEGAS,Urbana,"(6.178248378, -75.591688281)"
2160326,03/07/2016,6:30 a.m.,lunes,AUTOMOVIL,PARTICULAR,Conductor,Masculino,No,N/A,SOLO DAÑOS,Choque,No mantener distancia de seguridad,Carrera 50 Calle 32 B Sur,LAS VEGAS,Urbana,"(6.178248378, -75.591688281)"
2160348,03/07/2016,5:50 a.m.,lunes,AUTOMOVIL,PARTICULAR,Conductor,Masculino,No,N/A,HERIDO,Choque,Exceso de velocidad,Carrera 43 A Calle 45  Sur,LA PAZ,Urbana,"(6.165116925, -75.594483161)"
2160348,03/07/2016,5:50 a.m.,lunes,MOTOCICLETA,PARTICULAR,Motociclista,Masculino,No,N/A,HERIDO,Choque,Transitar entre vehiculos,Carrera 43 A Calle 45  Sur,LA PAZ,Urbana,"(6.165116925, -75.594483161)"
2160348,03/07/2016,5:50 a.m.,lunes,MOTOCICLETA,PARTICULAR,Motociclista,Masculino,No,N/A,HERIDO,Choque,Exceso de velocidad,Carrera 43 A Calle 45  Sur,LA PAZ,Urbana,"(6.165116925, -75.594483161)"
2160348,03/07/2016,5:50 a.m.,lunes,AUTOMOVIL,PARTICULAR,Conductor,Masculino,No,N/A,HERIDO,Choque,Transitar entre vehiculos,Carrera 43 A Calle 45  Sur,LA PAZ,Urbana,"(6.165116925, -75.594483161)"
2160299,03/07/2016,1:32 a.m.,lunes,MOTOCICLETA,PARTICULAR,Motociclista,Masculino,No,N/A,MUERTO,Otro,Otra,Carrera 48 Calle 38  Sur,LAS VEGAS,Urbana,"(6.172747818, -75.592698171)"
2160333,03/06/2016,2:40 p.m.,domingo,MOTOCICLETA,PARTICULAR,Motociclista,Masculino,No,N/A,HERIDO,Caida Ocupante,Otra,Carrera 41 A Calle 46 A Sur,LAS ANTILLAS,Urbana,"(6.160561141, -75.593784031)"
2160319,03/06/2016,1:40 a.m.,domingo,MOTOCICLETA,PARTICULAR,Motociclista,Masculino,No,N/A,SOLO DAÑOS,Choque,Otra,Carrera 42 B Calle 46 A Sur,LA PAZ,Urbana,"(6.162028226, -75.594495552)"
2160363,03/06/2016,3:30 p.m.,domingo,CAMIONETA,PARTICULAR,Conductor,Masculino,No,N/A,HERIDO,Choque,Exceso de velocidad,Calle 36 D Sur Carrera 27 A,VEREDA EL ESCOBERO,Urbana,"(6.164831751, -75.574234965)"
2160363,03/06/2016,3:30 p.m.,domingo,MOTOCICLETA,PARTICULAR,Motociclista,Masculino,No,N/A,HERIDO,Choque,Exceso de velocidad,Calle 36 D Sur Carrera 27 A,VEREDA EL ESCOBERO,Urbana,"(6.164831751, -75.574234965)"
2160319,03/06/2016,1:40 a.m.,domingo,AUTOMOVIL,PARTICULAR,Conductor,Masculino,Si,2,SOLO DAÑOS,Choque,Otra,Carrera 42 B Calle 46 A Sur,LA PAZ,Urbana,"(6.162028226, -75.594495552)"
2160320,03/06/2016,11:50 a.m.,domingo,AUTOMOVIL,PARTICULAR,Conductor,Femenino,No,N/A,SOLO DAÑOS,Choque,Exceso de velocidad,Carrera 44 A Calle 31  Sur,SAN MARCOS,Urbana,"(6.176811812, -75.586177575)"
2160316,03/06/2016,4:00 a.m.,domingo,AUTOMOVIL,PARTICULAR,Conductor,Masculino,Si,2,HERIDO,Volcamiento,Embriaguez o droga,Tramo 371 Kilometro  2,VEREDA EL ESCOBERO,Rural,
2160344,03/05/2016,4:40 p.m.,sábado,AUTOMOVIL,PARTICULAR,Conductor,Femenino,No,N/A,HERIDO,Choque,Adelantar en zona prohibida,Transversal 35 D Sur Diagonal 33,MESA,Urbana,"(6.168481044, -75.581672767)"
2160355,03/05/2016,12:00 p.m.,sábado,BUS,PUBLICO,Conductor,Masculino,No,N/A,HERIDO,Choque,Otra,Carrera 46 Calle 25  Sur,VILLA GRANDE,Urbana,"(6.182810585, -75.583034405)"
2160355,03/05/2016,12:00 p.m.,sábado,BICICLETA,PARTICULAR,Ciclista,Masculino,No,N/A,HERIDO,Choque,Otra,Carrera 46 Calle 25  Sur,VILLA GRANDE,Urbana,"(6.182810585, -75.583034405)"
2160355,03/05/2016,12:00 p.m.,sábado,AUTOMOVIL,PARTICULAR,Conductor,Masculino,No,N/A,HERIDO,Choque,Otra,Carrera 46 Calle 25  Sur,VILLA GRANDE,Urbana,"(6.182810585, -75.583034405)"
2160324,03/05/2016,11:50 a.m.,sábado,CAMIONETA,PARTICULAR,Conductor,Femenino,No,N/A,SOLO DAÑOS,Choque,No mantener distancia de seguridad,Tramo 371 Kilometro  13,VEREDA EL ESCOBERO,Rural,
2160324,03/05/2016,11:50 a.m.,sábado,CAMPERO,PARTICULAR,Conductor,Masculino,No,N/A,SOLO DAÑOS,Choque,No mantener distancia de seguridad,Tramo 371 Kilometro  13,VEREDA EL ESCOBERO,Rural,
2160350,03/05/2016,9:05 p.m.,sábado,CAMPERO,PARTICULAR,Conductor,Masculino,No,N/A,SOLO DAÑOS,Choque,No mantener distancia de seguridad,Carrera 48 Calle 37  Sur,GLORIETA PELDAR,Urbana,"(6.172859211, -75.592769925)"
2160341,03/05/2016,11:30 a.m.,sábado,AUTOMOVIL,PUBLICO,Conductor,Masculino,No,N/A,SOLO DAÑOS,Choque,Adelantar cerrando,Calle 37  Sur Carrera 42,MESA,Urbana,"(6.17029993, -75.586935484)"
2160317,03/05/2016,10:10 a.m.,sábado,CAMIONETA,PARTICULAR,Conductor,Masculino,No,N/A,SOLO DAÑOS,Choque,Otra,Transversal 32 Calle 32 D Sur,LA MAGNOLIA,Urbana,"(6.175708497, -75.584289613)"
2160317,03/05/2016,10:10 a.m.,sábado,MOTOCICLETA,PARTICULAR,Motociclista,Masculino,No,N/A,SOLO DAÑOS,Choque,Otra,Transversal 32 Calle 32 D Sur,LA MAGNOLIA,Urbana,"(6.175708497, -75.584289613)"
2160335,03/05/2016,9:50 a.m.,sábado,AUTOMOVIL,PARTICULAR,Conductor,Femenino,No,N/A,SOLO DAÑOS,Choque,Exceso de velocidad,Carrera 42 A Calle 40 A Sur,EL DORADO,Urbana,"(6.167103716, -75.589490904)"
2160335,03/05/2016,9:50 a.m.,sábado,AUTOMOVIL,PARTICULAR,Conductor,Masculino,No,N/A,SOLO DAÑOS,Choque,Exceso de velocidad,Carrera 42 A Calle 40 A Sur,EL DORADO,Urbana,"(6.167103716, -75.589490904)"
2160309,03/05/2016,7:50 a.m.,sábado,CAMION,PUBLICO,Conductor,Masculino,No,N/A,SOLO DAÑOS,Choque,Otra,Carrera 43 A Calle 29  Sur,AVENIDA EL POBLADO,Urbana,"(6.177803112, -75.584555495)"
2160309,03/05/2016,7:50 a.m.,sábado,BUS,PUBLICO,Conductor,Masculino,No,N/A,SOLO DAÑOS,Choque,Otra,Carrera 43 A Calle 29  Sur,AVENIDA EL POBLADO,Urbana,"(6.177803112, -75.584555495)"
2160307,03/05/2016,7:45 a.m.,sábado,CAMIONETA,PARTICULAR,Conductor,Masculino,No,N/A,SOLO DAÑOS,Choque,Desobedecer senales,Carrera 41 Calle 24  Sur,N/R,Urbana,"(6.179819678, -75.577141234)"
2160307,03/05/2016,7:45 a.m.,sábado,AUTOMOVIL,PARTICULAR,Conductor,Masculino,No,N/A,SOLO DAÑOS,Choque,Desobedecer senales,Carrera 41 Calle 24  Sur,N/R,Urbana,"(6.179819678, -75.577141234)"
2160361,03/05/2016,5:18 a.m.,sábado,MOTOCICLETA,PARTICULAR,Motociclista,Masculino,Si,3,HERIDO,Choque,Embriaguez o droga,Carrera 48 Calle 40  Sur,LAS VEGAS,Urbana,"(6.168855316, -75.596887667)"
2160323,03/05/2016,1:20 a.m.,sábado,AUTOMOVIL,PARTICULAR,Conductor,Masculino,No,N/A,SOLO DAÑOS,Choque,Semaforo en rojo,Carrera 43 A Sur Calle 21  Sur,AVENIDA EL POBLADO,Urbana,"(6.183599544, -75.579409862)"
2160323,03/05/2016,1:20 a.m.,sábado,AUTOMOVIL,PUBLICO,Conductor,Masculino,No,N/A,SOLO DAÑOS,Choque,Semaforo en rojo,Carrera 43 A Sur Calle 21  Sur,AVENIDA EL POBLADO,Urbana,"(6.183599544, -75.579409862)"
2160341,03/05/2016,11:30 a.m.,sábado,AUTOMOVIL,PARTICULAR,Conductor,Masculino,No,N/A,SOLO DAÑOS,Choque,Adelantar cerrando,Calle 37  Sur Carrera 42,MESA,Urbana,"(6.17029993, -75.586935484)"
2160354,03/05/2016,7:45 p.m.,sábado,MOTOCICLETA,PARTICULAR,Motociclista,Masculino,No,N/A,HERIDO,Atropello,Semaforo en rojo,Calle 33 B Sur Carrera 43,ZONA CENTRO,Urbana,"(6.172981087, -75.586076226)"
2160315,03/05/2016,7:41 p.m.,sábado,MOTOCICLETA,PARTICULAR,Motociclista,Masculino,Si,2,HERIDO,Choque,Embriaguez o droga,Carrera 48 Calle 46  Sur,LAS VEGAS,Urbana,"(6.166195386, -75.599285489)"
2160315,03/05/2016,7:41 p.m.,sábado,MOTOCICLETA,PARTICULAR,Motociclista,Masculino,No,N/A,HERIDO,Choque,Embriaguez o droga,Carrera 48 Calle 46  Sur,LAS VEGAS,Urbana,"(6.166195386, -75.599285489)"
2160347,03/05/2016,6:00 p.m.,sábado,MOTOCICLETA,PARTICULAR,Motociclista,Masculino,No,N/A,HERIDO,Choque,Desobedecer senales,Calle 39  Sur Carrera 27 B,N/R,Urbana,"(6.159217585, -75.578834618)"
2160347,03/05/2016,6:00 p.m.,sábado,MOTOCICLETA,DIPLOMATICO,Motociclista,Masculino,No,N/A,HERIDO,Choque,Desobedecer senales,Calle 39  Sur Carrera 27 B,N/R,Urbana,"(6.159217585, -75.578834618)"